:100000000010002011110000D1590000D559000046
:1000100039B90200D9590000E159000039B902008C
:1000200039B9020039B9020039B9020039B9020000
:10003000E55900008887030039B9020039B9020088
:1000400039B902007D47010039B9020039B902000F
:10005000BD3F0100690C0300650C03009D470100D2
:100060005D0C0300F9190000591B000039B90200AA
:10007000C50D000091B4020039B9020039B902007F
:1000800039B9020039B90200751B000039B9020004
:1000900039B9020039B9020039B9020039B9020090
:1000A00039B9020039B9020039B9020039B9020080
:1000B000D1470100610C03001D6C00000D480100D8
:1000C00039B90200356B010039B9020039B90200B3
:1000D00039B9020039B9020039B9020039B9020050
:1000E00039B9020039B9020039B9020039B9020040
:1000F00039B9020039B9020039B9020039B9020030
:1001000039B9020039B9020039B902000000000013
:10011000013800D0FCE770472DE9F04F93B0CDE9EE
:100120000A329DED1C7BDDE91E530E9353EC172B19
:10013000CDE90801104619468DED067B209E2AF078
:1001400037FD80B1DDE90601C94B4FF0FF322AF0DF
:1001500057FD40B9DDE906014FF0FF326FF480131F
:100160002AF030FD80B10E9B2096CDE91E539DED07
:10017000067BDDE90A32DDE908018DED1C7B13B059
:10018000BDE8F04F00F08CB9DDE906010022002344
:100190002AF018FD002800F03681DDE906A303F1FE
:1001A000004BCBF30A5016F48063A0F2FF3008BF77
:1001B00006250F932AF02AFA9DA3D3E900232AF0FB
:1001C0008FFA9DA3D3E900232AF0D4F8CBF31304CC
:1001D000894644F07F518046A64B0022504641F4A8
:1001E00040112AF0C5F896A3D3E900232AF078FA43
:1001F00002460B46404649462AF0BCF82AF00AFD62
:1002000004462AF003FA90A3D3E9002380468946E6
:100210002AF066FA984B00222AF0ACF82AF0FAFC91
:100220008BA3D3E900230746494640462AF058FAF3
:100230008046384689462AF0E9F987A3D3E90023A6
:100240002AF04EFA02460B46404649462AF090F8FC
:1002500002460B46CDE90C232AF042FADDE90C23D5
:1002600080468946104619462AF084F8834BCDE92A
:1002700010010022404649462AF05CFB804B0022D8
:100280002AF078F802460B46404649462AF052FBCF
:100290007C4B00222AF06EF802460B464046494647
:1002A0002AF048FBDDE90C238046894600204FF008
:1002B00080412AF05DF802460B46404649462AF046
:1002C00059F802460B46DDE910012AF033FB07F22C
:1002D000FF376D4B00222AF04DF800223B052AF033
:1002E000FFF952465B46804689462AF089FC002881
:1002F00040F08C80CDE90C8904F16303C72B34BF37
:100300000427052731051ED555A3D3E90023504600
:1003100059462AF06BFC002800F0828052A3D3E9F2
:100320000023504659462AF04DFC002878D0A542BB
:10033000C8BF2C1B4FF00007CCBF04F1FF350025D0
:1003400046F480663C460E9B9F4234BFA3EB0708F1
:100350004FF0000816F0020903D0002F18BF4FF02D
:1003600000083CB150465946DDE90C232AF0E2FA78
:1003700082468B46DDE90601002200232AF022FC9A
:1003800010B10BF100439B4626F40063CDE90383D3
:10039000CDE900ABDDE90A32DDE90801029500F0A4
:1003A0007FF802465FB316F0200F00F10105DDE98A
:1003B00009130CBF65204520089EB047052305930F
:1003C00000220A23002CCDE9023207F1FF374FEA61
:1003D000D473B8BF644201932A46DDE908010A9B41
:1003E000049700942FF03EFD0246B9F1000F06D0AD
:1003F0000B9BC41A0B9B1A190E9BA34246D810469E
:1004000013B0BDE8F08FDDE906ABCAE61C4B002255
:10041000404649462AF08EFA013CCDE90C016BE7D3
:10042000002D90D00F9B002B8DD0013D8BE700BF9E
:10043000FB799F501344D33FB3C8608B288AC63FD3
:1004400061436F63A787D23F71A379094F930A4035
:100450001655B5BBB16B0240EF39FAFE422EE63FAE
:100460002D431CEBE2361A3F0000000080842E4131
:10047000FFFFEF7F0000F83F0000E03F00002C404E
:1004800000002440000018400000F03FDDE909139F
:10049000089D2020A8470134ACE700BF0000000001
:1004A0002DE9F04F97B0DDE920ABCDE90501CDE9AD
:1004B0000723504652465B465946DDE92257249EA3
:1004C0002AF076FB70B90323CDE922762193B44B51
:1004D0002093DDE90501DDE9072317B0BDE8F04F02
:1004E0002FF0E0BB4FF0FF326FF4801350465946B7
:1004F0002AF068FB28B104232193CDE92276A94B89
:10050000E6E7A94B4FF0FF32504659462AF078FBF8
:1005100068B1A64A06F00403002B08BF0322A44BCF
:100520001CBF13460422CDE922762192D0E798A37E
:10053000D3E90023504659462AF062FB38B996A306
:10054000D3E90023504659462AF03CFB68B1DDE967
:100550000723DDE90501CDE92376CDE920AB22951E
:1005600017B0BDE8F04FFFF7D7BD0022002350467B
:1005700059462AF027FB002800F09A805B46524635
:100580000020002129F0F4FE012382468B460993C6
:1005900016F4806400F08E80092D40F28E800EAB40
:1005A000A5F10902002430210134202C03F8011B9D
:1005B000A5EB040901D09442F6D1594650462AF0E1
:1005C00029FB7C4B03EBC90393ED007B05468DEDC6
:1005D0000A7B2AF01BF802460B465046594629F082
:1005E000C7FEDDE90A232AF07BF802460B46CDE977
:1005F0000C232AF037FB804629F0F8FF02460B4611
:10060000DDE90C0129F0B4FE02460B46CDE90C23CE
:10061000694B00222AF0F4FA002851D008F10108B1
:10062000404629F0E3FF02460B46DDE90A012AF0C5
:10063000D3FA10B101354FF00008B9F1000F50D1D5
:10064000284629F0E3FF02460B465046594629F05A
:100650008FFE594B0022804689462AF0B3FA30B10A
:10066000554B0022404649462AF0CAFA10B1E80725
:1006700000D501350EAB1A190A21202C0AD095FBA2
:10068000F1F001FB1055303502F8015B01340546ED
:100690000028F2D106F00302012A5FD1002F5DD0BD
:1006A000099A12B916F00C0F00D0013F302244E035
:1006B00009906DE74FF006097FE7A94600247CE723
:1006C000DDE90C013C4B00222AF07CFA0028B4D171
:1006D000B8F1000F02D018F0010FAED008F10108F8
:1006E000ABE70EAB23440A21202C0DD0B8FBF1F070
:1006F00001FB10823032B8F1090F03F8012B09F128
:10070000FF3904F1010411D8A1440EAA3021202C94
:10071000B0D0A14504F101030AD11C4609F15803E8
:100720000DEB03092E2309F8203CA3E78046DBE705
:10073000A1541C46EBE71A550134A7420ED9202CD0
:10074000F9D1CDE90034CDE90276DDE90723DDE911
:1007500005012FF0A7FA17B0BDE8F08F202CF0D0DC
:10076000099A3AB104F158026A442D2102F8201C7A
:100770000134E6E7710704D504F158026A442B21DD
:10078000F4E73207DDD504F158026A442021EDE791
:100790000000000065CDCD410000000065CDCDC159
:1007A000DBD50300DFD50300FFFFEF7FD2D50300C9
:1007B000D7D50300E8D503000000E03F00000000AB
:1007C00070B58EB02C22002103A833F0F1FB642316
:1007D0004FF00232CDE9052308930B238DF8343016
:1007E000514B1B880121D8078DF8101000F196801D
:1007F000084616F0ADFB4D4B4D494E484E4C0A2273
:100800001A704FF42873ADF8123015F061FC2060B7
:1008100020B94A4840F25B2104F0D8FF2068052146
:1008200030F06CFC20B1454840F26B2104F0CEFF63
:10083000206800F0D3FA424B2068196830F097F82E
:1008400017F068FA0C256843099017F063FA6843BB
:1008500007900DEB0501206810F088FF20B13748A4
:100860004FF4207104F0B2FF36492068002230F0C6
:1008700009F920B1314840F2822104F0A7FF324E3D
:10088000324D96F9000040F203532B807F284FF041
:100890000503AB7001D116F0B9FC3378EB7017F09B
:1008A00039FA00EB80008000A88017F033FA0023AB
:1008B000C000E880AB604FF0FF3019A3D3E90023FC
:1008C0004FF0FF3116F000FD2149206830F0EBFCBD
:1008D000206802A930F0B0F820B1184840F2BB21DE
:1008E00004F074FF042220680DEB020130F02DF8B3
:1008F000042804D0114840F2BE2104F067FF01A98A
:10090000012030F004FE05F0A7F8012017F0A0FC4C
:100910002BF044FC17F0C6FC16F09EFB0EB070BD29
:100920000A0020FF42030000A44200206645002088
:10093000796F0100D8120020C439002062F403004E
:10094000781100207445002028160020B8390020B6
:10095000197101000348044B834202D0034B03B1D9
:100960001847704778160020781600200000000015
:100970000548064B1B1AD90F01EBA301491002D001
:10098000034B03B1184770477816002078160020F3
:100990000000000010B5064C237843B9FFF7DAFFDA
:1009A000044B13B10448AFF300800123237010BD42
:1009B000244300200000000028F8030008B5054B80
:1009C0001BB105490548AFF30080BDE80840FFF7BB
:1009D000CFBF00BF000000006819002028F8030006
:1009E000A3F5803A704700BF174B002B08BF134B8D
:1009F0009D46FFF7F5FF00218B460F461348144A2A
:100A0000121A33F0D5FA0E4B002B00D098470D4B3D
:100A1000002B00D098470020002104000D000D4855
:100A2000002802D00C48AFF300802AF081FC20009F
:100A300029002AF0EDFC2AF0ADFA00BF0000080002
:100A400000000000000000000010002078160020C8
:100A5000CC450020000000000000000008B503485D
:100A60002BF044F8BDE8084009F080BF607B03002C
:100A700013B50B4B0190044600930A4A0A4B01211F
:100A8000042008F0DBFF44B908482BF029F8084897
:100A900002B0BDE810402BF026B802B010BD00BF78
:100AA0005FD003008540030080400300487B0300C3
:100AB000607B030006291FB516D1AAB9402B13D1BC
:100AC000012300930DF10F032DF054FF024688B966
:100AD0009DF80F3053B14FF6FF73084819462BF0BD
:100AE000DCF806482AF0FCFF04B010BD03482AF0E9
:100AF000FAFFF9E701482AF0F9FFF5E7787B0300F0
:100B000008B5042201230E21092002F001FA012375
:100B100000210422082002F0FBF906482AF0E3FF36
:100B200005482AF0E0FFBDE808400449044808F001
:100B3000CDBC00BF607B0300487B03005D0A000062
:100B40008019002010B504462AF03DFF70B1084B13
:100B50009C4203D10748FF212CF0BAFC064B9C4273
:100B600004D1BDE8104005482AF0C0BF10BD00BF49
:100B7000307B030080190020187B0300787B030082
:100B800008B504482AF0AFFFBDE8084002482AF043
:100B9000A7BF00BF607B0300487B030030B50A4C51
:100BA0000A4B22680A4D1A6085B00A4B2B600A4B2B
:100BB000019304F05DF82B68029001A9206803936B
:100BC0002BF0E1FC05B030BDA41000207C270020F4
:100BD00078270020981000207D7A0300014B1868C8
:100BE0002BF0E5BCA410002038B5084D04F040F807
:100BF0002B680446D3F8B00204F02EF828682BF0D6
:100C0000E9FC2046BDE8384004F026B8A4100020D6
:100C100038B501F017FC0E480E4C012101F09CF88C
:100C200001221146002001F071FB0225012211462C
:100C3000C4F88050002001F069FB0122C4F8845000
:100C40001146002001F062FBC4F88850002038BD36
:100C500030253E0000400E4008B5224B01225A6468
:100C600002F0CEFBA0B9204B4AF6E852C3F890211F
:100C7000D3F8982142F00402C3F89821C3F89001F8
:100C8000194AD2F8643143F40053C2F8643101E0E8
:100C90000128F5D0154A136A23F4441343F488134A
:100CA0001362A2F58042136843F48073136003F06B
:100CB000B5FF00F089F903F04FFF03F09BFF03F04D
:100CC00061FFFFF7A5FF2BF0E9FF00F06FF900F0DF
:100CD000B9FA04F0B1FA00F05BFFBDE8084005F096
:100CE00009B900BF00000E4000300E4000400E4029
:100CF00030B5204D0FCD97B00FAC0FC495E807006D
:100D00001D4B84E807001D4ACDE903234FF0807393
:100D1000059303F1022306934FF0F0511E23CDE912
:100D200007130E2200210DF12E0033F041F9144B70
:100D30004FF44020CDE909030C238DF82C300D230E
:100D40008DF82D300F4B0C9320230D9301238DF83C
:100D500039300D4B00930FAA03AB09A90B4804F0DF
:100D600097F9002104464FF4E1302AF0D7FD2046E0
:100D700017B030BDFC7A03000042040000000140BF
:100D80001C000140254300205C1C0020B01C0020FA
:100D9000012905D8034B1B68186808B1436A184736
:100DA000704700BFA810002008B50449044805F0AA
:100DB0004FF9BDE80840FFF79BBF00BFAC10002013
:100DC000D41C002001482CF0FFB800BFB01C00204C
:100DD000014B1A6A18681047B01C002008B510F0C3
:100DE000F3FC024B00221A7008BD00BF45430020EF
:100DF00008B504482AF0E2FDBDE8084002482AF0A0
:100E0000DDBD00BF307B0300187B030008B504483C
:100E10002AF063FEBDE8084002482AF05EBE00BF2B
:100E2000607B0300487B030001482AF056BE00BFE8
:100E3000787B03001FB50849034602AA08680979B0
:100E400002908DF80C10009205210022012007F07D
:100E500055FC05B05DF804FB987B03001FB50849FD
:100E6000034602AA0868097902908DF80C100092D6
:100E700005214222012007F041FC05B05DF804FB8A
:100E80009E7B03001FB50849034602AA086809793A
:100E900002908DF80C10009205214022012007F0ED
:100EA0002DFC05B05DF804FB987B03001FB50949D4
:100EB000034603AA08888978ADF80C008DF80E1057
:100EC000009206214222012007F018FC05B05DF8CF
:100ED00004FB00BFA47B03001FB5094903AA034616
:100EE000009208888978ADF80C0005228DF80E1064
:100EF0000120114607F002FC05B05DF804FB00BFBD
:100F0000A87B03000A4601492AF04DBC668703000E
:100F10000A4601492AF047BC638703000A46014993
:100F20002AF041BC608703000A4601492AF03BBC15
:100F30005D8703000A4601492AF035BC5A87030041
:100F40000A4601492AF02FBC578703000A46014987
:100F50002AF029BC528703000A4601492AF023BC23
:100F60004D8703000A4601492AF01DBC488703004B
:100F70000A4601492AF017BC438703000A46014983
:100F80002AF011BC3E8703000A4601492AF00BBC37
:100F9000338703000A4601492AF005BC2C87030069
:100FA0000A4601492AF0FFBB2787030008B5054818
:100FB000012100F0D1FE2AF033FABDE8084000F02C
:100FC0001DB800BF00350A000148012100F0C4BE71
:100FD00000350A0007B508202AF068FD064B0222FA
:100FE0006846CDE900232AF05DFC082003B05DF8D7
:100FF00004EB2AF066BD00BF006A18102DE9F0432B
:101000003B4D3C4FDFF80091DFF800810FCD89B0F8
:1010100001AC0FC495E80700374D84E80700374856
:10102000012100F099FE38460121012400F094FED0
:10103000334B039301A928468DF812402BF05EF83C
:101040002346042200210A2001F062FF22460023E9
:1010500002210A2001F05CFF23460422072105201B
:1010600001F056FF0422214623460A2001F050FFDA
:10107000244BAB670B236B6702264FF4487006F0D6
:101080008FF8C9F8EC61142006F08AF8C8F8EC6112
:10109000232006F085F8C9F8EC61B92128462BF029
:1010A0006CF800231A461946C8F8EC610A2001F0D2
:1010B0002FFF00231A4631460A2001F029FF23465C
:1010C00000220721052001F023FF234600222146AC
:1010D0000A2001F01DFF284602F0EAF90021A96765
:1010E0003846696700F038FE09B0BDE8F08300BFFC
:1010F0006C870300006204000008014000350A000C
:1011000000127A001E1D001200A0004400A000463C
:1011100008B500F083F8124B12498B4212D3124BE0
:10112000124900208B4218D3FFF75EFC186850F874
:101130002240586840F82240013298688242F5D334
:101140000C33EAE70022F8E71C6844F82200013279
:101150005C68A242F8D30833E4E70022F8E700BF56
:1011600030F803003CF803003CF803003CF80300AF
:101170000048704700F04902104AD2F8943003F05A
:101180000703023B032B13D8DFE803F00C14020E15
:101190000B4B1B68D2F80001C0F304200130B3FBF5
:1011A000F0F07047074BF4E7074B1B685B08F1E76B
:1011B000054BEEE74FF40043ECE700BF00400E4064
:1011C000481100204C1100204011002008B5FFF705
:1011D000D3FF054BD3F80831C3F308230133B0FB29
:1011E000F3F0024B186008BD00400E40441100208F
:1011F000014B1868704700BF4C110020054B186068
:10120000054BD3F8943003F00703022B01D1FFF70D
:10121000DDBF70474C11002000400E40044B054AD2
:101220009A60D3F8882042F47002C3F8882070478F
:1012300000ED00E000000000014B1868704700BF9F
:10124000481100200F4BD3F82838A3F17E62A2F595
:101250008432B2F5104F10B511D219680A4A914282
:101260000DD10A4C227812F0FD0F01D0002010BDE4
:10127000DB6998470028FAD101232370F6E74FF481
:101280008170F4E70000E10F07B0CD5E4643002017
:1012900070B5D0B1C9B10E4E431E013913F8014FDC
:1012A000325D02F00302012A11F8012FB55C05F04E
:1012B0000305204608BF04F12000012D08BF20329D
:1012C000801A01D1002CE9D170BD0120FCE700BFDC
:1012D00025F7030037B5046801210546124800F0E0
:1012E0003BFD002361792079012201F011FE617933
:1012F00020792AF06DFBB0FA80F35B092370A379A3
:10130000022B0ED100F0CCFB084960792A4600F090
:10131000F1FB0123617902462079CDE9003301F028
:10132000B3FD002003B030BD00350A00EBB9020068
:1013300008B52948012100F00FFD012304220221F4
:10134000052001F0E5FD002001F092FD234B012274
:10135000C3F810281146042000F0D8FF204800F000
:101360004DFE204BD3F8F02042F00102C3F8F020EC
:10137000D3F8FC2042F08072C3F8FC20A3F55D4353
:10138000194A1A6000F5D520184B00F2FC40B0FB5A
:10139000F3F0174B013802221861C3F8F0204FF424
:1013A0008072C3F804234FF06043124AC3F8B02F91
:1013B000114AC3F8802ED3F8002E42F48072C3F88D
:1013C000002EFF2283F82020D3F8002E22F4807212
:1013D000C3F8002E002008BD00350A00008014422A
:1013E00006000E0000ED00E0FF030040F8590D007C
:1013F000000004E055CEACC5090001004FF0604389
:1014000030B5D3F8802ED20715D501240B4D84407A
:10141000D5F8FC2042F08072C5F8FC20D3F8002EED
:101420002243C3F8002E53F82020002AF0D003F8FE
:101430002010002030BD1120FCE700BF00ED00E0CF
:101440002DE9F0414A4B036004464A4B436088B0A3
:101450004948012100F080FC2369484A93422ED07C
:101460002AD8A2F5005293422BD0454D02F5806256
:10147000934218BF11252846012100F06DFC414B15
:1014800020694FF40072CDE90123002303933B4B05
:101490009842A36902D03C4A904214D1012B17D83C
:1014A0003548002100F058FC2846002100F054FC8B
:1014B000012008B0BDE8F081334A344DD8E7344DFF
:1014C000D9E7344DD7E7023B4FF6FD729342E7D898
:1014D000A37B217A003B18BF012301AA8DF80E30AF
:1014E0002AF0A0FD2C48012100F036FCA37BA17A54
:1014F000607A042201F00CFDD4F81080277AE67A95
:10150000FF002AF021FCD8F83420BE401F235640AB
:10151000BB4033405340C8F834302AF019FC6369AB
:1015200033B1284600F06AFD6369B0FBF3F3013B79
:10153000A2692569013AB3FBF2F35343934238BFE2
:101540001346EB610D2200210DF1110032F030FD48
:10155000012304A928468DF810302AF032FD2046D8
:10156000A1892AF0D9FA2AF0CFFA0020A1E700BF1A
:1015700019BB0200F3BA02004041050000A001407F
:10158000001204000001030000A401400032040026
:10159000002204000002040000350A0010B50121F9
:1015A0000446094800F0D8FB0848012100F0D4FBAC
:1015B000A37820786178B3FA83F35B09042201F001
:1015C000A7FC002010BD00BF4041050000350A0007
:1015D0002DE9F04F9A46554B85B01B78DDF83C90CD
:1015E0009DF844B0DDF8508006460F461546002BA6
:1015F00000F09680072A00F295800E9B002B00F0E9
:101600009180B9F1000F00F08D80129BB3F5006F4F
:1016100000F38880012803D1109B002B00F082800A
:10162000434B03EB05131B7B002B7DD0414C102259
:101630000021684632F0BCFC04EB451410229FBB2D
:101640003946204632F0B4FC43F210036380BBF10C
:10165000000F03D1E37843F00303E370354A0E9B98
:10166000CDF800A002EB451CCCE90193129B581E5B
:101670009DF84C30690103F00303C0F30A009B0698
:1016800043EA001E53582C4818404EEA0003012E2E
:10169000535017D0B8F1000F2ED19CF8023068F3E8
:1016A00004138CF8023027E00021204632F080FC41
:1016B0004FF444736380BBF1000FCFD1E37843F064
:1016C0003003CAE71323CCF80C309CE80F000CF170
:1016D000100E8EE80F00DCF81C20109BCCF81430A4
:1016E0006FF0030161F39F02012FCCF81C2003D19E
:1016F000CCF81890CCF804300D4A290102EB051300
:1017000042F80180159A5A60002728462246694609
:101710009F605E7301F080FC384605B0BDE8F08F35
:101720000648FAE70648F8E70648F6E74743002088
:10173000DC1D0020DC1C00200F80FFF3028000F085
:10174000018000F0078000F038B5124B1B78054689
:10175000DBB1E0B12AF003FB0F4A00231146147BF2
:1017600054B92B601A0101EB031301258C501D7332
:101770002AF0FBFA204638BD0133082B02F1100293
:10178000EDD12AF0F2FA0548F5E70548F3E70548F8
:10179000F1E700BF47430020DC1D0020048000F07B
:1017A000028000F0018000F038B52AF0D8FA0C4A27
:1017B00005460023147B6CB90133082B02F110029B
:1017C000F8D101F0DFFB074B28461C702AF0CDFA58
:1017D000204603E028462AF0C8FA034838BD00BF77
:1017E000DC1D002047430020058000F00D4B1B78D6
:1017F00010B5044693B1072812D82AF0B0FA0A4B64
:1018000003EB04131A7B2AB100241C732AF0ADFAEF
:10181000204610BD2AF0A9FA0448FAE70448F8E780
:101820000448F6E747430020DC1D0020068000F056
:10183000028000F0018000F013B5164B186801908B
:1018400000238DF804302AF08AFA134B1C7824B157
:101850002AF08BFA114802B010BD01221A702AF04A
:1018600084FA0F4B1C731C7783F82C4083F83C40A0
:1018700083F84C4083F85C4083F86C4083F87C40EC
:1018800004230DEB03008DF8073001F09BFB20468D
:10189000E1E700BFD887030047430020038000F042
:1018A000DC1D00200A4A127808B55AB107280BD867
:1018B000084A02EB00131B7B43B1002101F078FBC7
:1018C000002008BD0448FCE70448FAE70448F8E7AC
:1018D00047430020DC1D0020028000F0018000F062
:1018E000078000F00A4A127808B55AB107280BD8C9
:1018F000084A02EB00131B7B43B1012101F058FBA6
:10190000002008BD0448FCE70448FAE70448F8E76B
:1019100047430020DC1D0020028000F0018000F021
:10192000078000F00A4A127808B552B107280AD891
:10193000084A02EB00131B7B3BB101F0BDFB00200A
:1019400008BD0548FCE70548FAE70548F8E700BF89
:1019500047430020DC1D0020028000F0018000F0E1
:10196000078000F00D4B1B7893B1072812D889B17E
:101970000B4B03EB00131B7B73B10A4B1A6E012355
:101980008340134214BF012300230B7000207047D3
:101990000548704705487047054870474743002091
:1019A000DC1D002000200E40028000F0018000F0CD
:1019B000078000F00B4A127810B50C4662B1072878
:1019C0000CD859B1084A02EB00131B7B43B101F05C
:1019D00089FB2070002010BD0448FCE70448FAE7AA
:1019E0000448F8E747430020DC1D0020028000F097
:1019F000018000F0078000F02DE9F041DFF86480FD
:101A0000D8F86070D8F86C301F4000D5FEE7134C52
:101A100001260025374218D02368C8F86860A3B1B2
:101A2000A16862680131A16028469847637B012B59
:101A30000BD150B90A4B03EB45131A7B60F34102FB
:101A40001A731A7F60F341021A770135082D4FEAA5
:101A5000460604F11004DDD1BDE8F081DC1D002054
:101A6000DC1C002000200E4070B50C4E0446012501
:101A700004B970BD94FAA4F0B0FA80F006EB00123D
:101A800005FA00F324EA03045368002BF0D0117B1D
:101A900011B191689847EBE79847E9E75C1E002091
:101AA00008B5122000F086FD28B1084B4FF48022C3
:101AB000C3F880211A600A2000F07CFD28B1034B96
:101AC0004FF48062C3F880211A6008BD00E100E095
:101AD00038B505460C462AF042F9054B03EB0513D1
:101AE00000225C601A73BDE838402AF03EB900BF9E
:101AF0005C1E0020F8B505460E4617462AF02FF961
:101B0000134BD3F8282422FA05F3DB0705F0FC0178
:101B10002C4612D500230133DBB2042B04D1FF2461
:101B20002AF023F92046F8BDEC1804F003040C4415
:101B300022FA04FC1CF0010FEDD1FF2CF0D0054B74
:101B400003EB04130122C3E901671A73E8E700BF3E
:101B500000A000405C1E0020054BD3F82804D3F8F9
:101B60001C24104000F05530C3F82404FFF77CBF5C
:101B700000A00040054BD3F82804D3F81C241040E3
:101B800000F0AA30C3F82404FFF76EBF00A00040A5
:101B9000024B1968024B18680FF084B950110020ED
:101BA0007011002070B59400224605460E462AF0BA
:101BB00006FA431C0AD058B922463146284632F06C
:101BC000CDF90028034808BF002070BD0248FCE79B
:101BD0000248FAE710E000F021E000F024E000F015
:101BE00010B5044601F02EFB431C10D088B901F05B
:101BF0000FFC20F0030023462044984201D100202E
:101C000010BD53F8042B0132F7D00348F8E703481E
:101C1000F6E70348F4E700BF0EE000F021E000F033
:101C200024E000F008B52AF08FF8014B186008BDD9
:101C30004C270020014B18682AF08AB84C27002056
:101C40000C4B984205D90C4B984210D80122012325
:101C500001E00022134609490B640949D1F800311B
:101C600023F0807343EA0263C1F800317047022217
:101C7000EDE700BF0048E8010090D0030000C84332
:101C800000400E400F4B5B680F4B30B500221C46E6
:101C9000C9B21D798D4202D11D6885420DD2013233
:101CA000052A03F10803F4D10321064A536823F0FF
:101CB000407343EA0163536030BD04EBC2046179B1
:101CC000F3E700BF00000E401C88030038B5074C46
:101CD00041F67133256C2364FFF74AFAADB2002157
:101CE000FFF7D0FF0DB10023236438BD00000E4084
:101CF000044BDB6B5B0604D4034AD2F8C830002BDC
:101D0000FBD1704700300E400000C64308B5FFF716
:101D1000EFFF024B5868C0F3014008BD00300E4091
:101D2000044BD3F84421D20703D4D3F84021104206
:101D3000FBD1704700400E4038B5064C256C41F68B
:101D400071332364ADB2FFF79DFF0DB1002323640F
:101D500038BD00BF00000E4038B5C0F30323013B7F
:101D6000092B11D8DFE803F0052710102B221D10D6
:101D70001511154DC0F3043405F1424505F58015E4
:101D800004EBC5008000016038BD104DC0F3043481
:101D9000F2E70F4DC0F304344FF48030FFF7C0FF7B
:101DA000EAE7C0F304340B4D1020F7E7C0F3043426
:101DB000094D0120F2E7094DC0F30434DCE7084D7A
:101DC000C0F30434D8E700BF00400E4050410E403D
:101DD000F0400E40E8400E40E0400E40C0400E4053
:101DE000B0400E40C0F30313013B092B2AD8DFE8B3
:101DF00003F0050B0F1929291F23374B274BD3F865
:101E00000001C0F304207047244BD3F81401F8E715
:101E1000224BD3F80031C3F3006301330120984013
:101E2000013870471D4BD3F80C01C0F308207047F0
:101E30001A4BD3F80801F8E7194B984204D0194B14
:101E4000984207D000207047144BD3F8203103F09C
:101E50000F03E3E7114BD3F82031C3F30113DDE7A0
:101E6000114B98420CD003F5B01303F58053984200
:101E7000E8D10A4BD3F82831C3F301230433CDE76B
:101E8000064BD3F82831E8E7084B9842DAD1034BE8
:101E9000D3F8300100F00300704700BF00400E404F
:101EA0008006160080162E0090171A00A009140054
:101EB00000F00F000138072850D8DFE800F00415C3
:101EC000244F34384F402B4BD3F8943003F00703A2
:101ED000023B052B06D8DFE803F049243F03054306
:101EE0000B20704705207047224BD3F8800000F08C
:101EF000070002283DD0042836D0012808BF03205F
:101F000018BF012070471B4BD3F8843003F0070340
:101F1000013B032B03D8DFE803F0041F2527012032
:101F2000704703207047134BD3F88800DFE7114B4D
:101F30001B6F13F0010F0CBF0720092070470D4BDA
:101F4000D3F85C3103F03003202B0FD0302B0FD0AF
:101F5000102B08BF0720D3E70220704700207047EE
:101F60000C207047062070470A20704704207047F5
:101F70000820704700400E4008B50146FFF798FF63
:101F80001A4B994211D01A4B994212D0194B9942CF
:101F900004D1194BD3F8800000F007000138032862
:101FA00021D8DFE800F00A0E1612134BD3F8840094
:101FB000F2E7114BD3F88800EEE7BDE8084029F0BE
:101FC000BCBCBDE80840FFF737B9BDE8084029F0C0
:101FD000B7BCFFF7D1F8084BD3F80031C3F3006367
:101FE0000133D84008BD0020FCE700BF03002000FB
:101FF0000500240002001E0000400E4000F478138B
:10200000B3F5B01F10B5044674D025D8B3F5402FF2
:102010005ED010D8B3F5802F49D005D83BB1B3F5C9
:10202000003F4FD0002010BDB3F5202FFAD1BDE8FE
:102030001040FFF7A1B8B3F5801F00F08480B3F51E
:10204000A01F4DD0B3F5602FECD14A48FFF730FF09
:10205000072878D00928E9E7B3F5381F53D013D8FB
:10206000B3F5001F58D00AD8B3F5D01F56D0B3F53A
:10207000F01FD7D14048BDE81040FFF77DBFB3F552
:10208000101FCFD13D48F6E7B3F5481F4DD0B3F54B
:10209000781F65D0B3F5401FC4D13948FFF76CFFF6
:1020A000384BD3F82831C3F30123043320E0FFF782
:1020B00063F8344BD3F80C31C3F308230133B0FB7E
:1020C000F3F0B0E7FFF758F82E4BD3F80831F3E7F9
:1020D000FFF752F82B4BD3F81431C3F30423EDE789
:1020E0002648FFF749FF274BD3F8303103F00303AD
:1020F000D84098E72048FFF73FFF224BD3F8203124
:1021000003F00F03F4E71C48FFF736FF1D4BD3F82D
:102110002031C3F30113EBE71948ACE71848FFF788
:102120002BFF184BD3F82831F3E71748FFF7C0FE11
:10213000072808D0082809D004287FF473AFBDE829
:102140001040FFF755B8114B18686CE7FFF714F80B
:102150000C4BD3F80031C3F3042303FB000062E708
:10216000FFF70AF80146204629F0E9FDB1FBF0F03F
:1021700059E700BF06000E0002001E000500240003
:102180000300200000400E40B8003200741100200F
:1021900010B5FFF79BFD094B07225A67FEF7ECFFCE
:1021A000FFF74EFDFFF712F80446FFF7AFFD0146BB
:1021B0002046BDE81040FFF7BFBD00BF00400E4005
:1021C000014B1880704700BF96150020014B188006
:1021D000704700BF9415002010B5042813D8DFE81D
:1021E00000F047032F132100294AC1F30801D2F858
:1021F0006838002BFBD1274A136A23F4FF7323F0BE
:1022000001030B43136210BD214A01F07F01D2F894
:102210006038002BFBD11F4A136923F07F030B4367
:102220001361F0E71A4A01F07F01D2F86438002BFD
:10223000FBD1184A936923F07F030B439361E2E7D4
:10224000144AD2F89030536A23F0300343F010035D
:102250005362146B104BC1F3C31003300F2803EA11
:10226000040328BF0F200B4343EA00731363CAE73C
:102270004F29074A28BF4F21D2F87438002BFBD1D1
:10228000044A936B23F07F030B439363BBE700BFC8
:102290000020C84300400E4000F8FF0F104A536A68
:1022A00013F0300F18D0202913D0302914D0002972
:1022B0000C4B08BF4FF44003D2F8901033EA0101F1
:1022C000FAD15B0246BFD2F8A000C0F38020012003
:1022D00070474FF40003EFE74FF44003ECE700BF13
:1022E00000400E40FF33E10702280AD129B1064B16
:1022F0004FF48060C3F8A800596612B10220FFF7BE
:10230000CDBF0120704700BF00400E400428F8B543
:1023100048D8304B13F800C02F4B1D5C2F4B33F8BF
:1023200010702F4B33F810402E4B002940D002285C
:1023300039D15C6A14F0300F35D12B4CE46B5C6AF8
:10234000E40705D55E6A26F0300646F010065E62A8
:10235000264C244B25441F66AD002B68002BFCD077
:1023600002B36444A4002368002BFCD0022819D1D6
:10237000C1B11C4D696A11F0010116D00122202162
:10238000FFF7B2FFD5F89C60012200210220FFF781
:10239000BDFFC6F30A010220FFF71EFF2F66236868
:1023A000002BFCD0F8BD0021D2E7FFF777FFE9E76B
:1023B00001211C66A940D3F890000842FBD1002AF5
:1023C000F0D00123074903FA0CF3D1F890201A4208
:1023D000FBD1E7E717880300128803000888030091
:1023E000FE87030000400E4000300E408004F210D3
:1023F00010B50246B8B901221146FFF787FFFFF773
:1024000065FC0F4B04225A67FEF7B6FEFFF718FC77
:10241000FEF7DCFE0446FFF779FC01462046BDE8E6
:102420001040FFF789BC012807D10146FFF76EFF76
:10243000FFF74CFC024B0322E5E7FFF747FCE3E71D
:1024400000400E4038B5FEF7D3FE0021044600F0F0
:10245000B7FA1248FFF7F4FB012211460220FFF7FA
:1024600055FFFFF733FC0CB1FFF742FC0C4B022287
:102470005A67FEF781FEFFF7E3FBFEF7A7FE05466E
:10248000FFF744FC01462846FFF756FC2CB92046CE
:102490000121BDE8384000F093BA38BD0148E80199
:1024A00000400E40012210B511460320FFF72EFF19
:1024B000FFF70CFC084B05225A67FEF75DFEFFF79D
:1024C000BFFBFEF783FE0446FFF720FC01462046D3
:1024D000BDE81040FFF730BC00400E4010B5044688
:1024E0001120FFF7E5FC002101220220FFF70EFF7B
:1024F000184A217C536A23F00103022908BF43F0E4
:1025000001035362144B2178C3F8A014637AA188A5
:1025100043EAC123D362136BA07A217A03F07F636D
:102520000343E08843EAC02343EAC11303310F2980
:1025300028BF0F2143EA01731363A37B617B1B0157
:1025400043EA0133E17B0B43217B43EA01435363BD
:1025500010BD00BF00400E400000C84338B50E4D0E
:102560000E4C01461120FFF7A3FCAA6B4B781440D8
:102570000A78144344EAC3248B7844EA0364CB7892
:1025800044EA0324AB6BA34205D000210122084694
:10259000FFF7BCFEAC6338BD00400E4080E4FFF89E
:1025A000034B5868C0F30800003818BF012070477B
:1025B00000ED00E04209054B53F8223000F01F0007
:1025C00023FA00F0C04300F00100704700E100E092
:1025D000034BD86B80F04000C0F38010704700BF01
:1025E00000300E4042EA0322B2F5007F10B5194CCC
:1025F00029D00AD8B2F5807F22D040F201139A4246
:1026000015D062B9D4F81C320BE0B2F5407F1DD072
:1026100040F201339A4210D0D4F8283201E0D4F8C5
:102620002432C3F30722DBB203600A6010BDD4F882
:1026300024321A0EC3F30743F6E7D4F82832F8E73A
:10264000D4F81C32F5E7D4F82032EAE7D4F8203287
:10265000EFE700BF0081E00F08B5FFF7B9FF20B139
:10266000024AD2F8C830002BFBD108BD0000C64397
:1026700008B5FFF7ADFF80B1FFF7EEFF074B196814
:102680005A68C1F30121C2F3014291421A688CBF1A
:1026900042F0100222F010021A6008BD00300E4015
:1026A000064B1B68DB0608D5054B1B69C3F30443C7
:1026B000082B02BF034B044A1A60704700300E40DB
:1026C00000400E4040110020C0EA210170B5FFF724
:1026D0007FFF38B12D4B1A781023C2F102029340CC
:1026E0002B4A13612B492C4DD1F8804145F60E033E
:1026F000C1F880312B6823F0AA03DB05DB0D0B66E4
:10270000FFF7AAFF224B1B68D80604F0010415D579
:10271000D1F84031DA01FBD4204B1B680B61204B10
:102720001B78052B0AD11F4B1E68FFF795FF184B2E
:1027300059683046C1F30141FFF7FEFA184B1B7888
:10274000023B0A2B0AD8DFE803F00615170909092E
:102750000909091A1D000020FFF74AFE2B68DB0754
:102760005EBF0C4B02221A661CB10A4B0022C3F852
:10277000802170BD0120EFE7FFF764FEEEE7FFF771
:1027800091FEEBE7FFF704FDE8E700BF48430020B8
:1027900000300E4000400E405427002050270020FB
:1027A000494300204011002010B50B4C0B4BD4F8CE
:1027B00090201A601120FFF77BFB094B1870FFF780
:1027C0004BFF084B084A5B68C3F301431370074B88
:1027D00022691A6010BD00BF00400E40542700203F
:1027E0004943002000300E4048430020502700207D
:1027F000064942780B6823F4407343EA0223022A15
:102800000B6004BF024B5B6A704700BF00300E4094
:1028100000400E4010B5044608B1FFF7C5FFFFF7B2
:1028200027FF144A136943F00403136129F0B1FB35
:1028300029F0B0FB104B114AC3F8242403F55923A7
:102840001B68DB060ED529F07FFA31F005FC29F074
:102850007FFA29F0A0FB03F0C7FD2CB1BDE81040C2
:10286000FFF734BF30BFF4E7FFF71AFFBDE81040B1
:10287000FEF7ACBC00ED00E000A000400000FFFF50
:1028800010B5044608B1FFF78FFFFFF7F1FE1A4BB2
:10289000D3F8802145F60E01D207C3F8801148BF56
:1028A00000224FF42071196648BFC3F88021134AF3
:1028B000136943F004031361114B124AC3F8242433
:1028C00029F067FB104B1B68DB060CD529F03CFA9E
:1028D00031F0C2FB29F03CFA03F086FD2CB1BDE8D3
:1028E0001040FFF7F3BE30BFF6E7FFF7D9FEBDE8B3
:1028F0001040FEF76BBC00BF00400E4000ED00E052
:1029000000A000400000FFFF00300E400E4A037997
:10291000916921F03F010B43017843EA810341783B
:1029200043EA4103817843EAC103C178012908BF22
:1029300043F0010393611368417923F4403343EA80
:1029400001431360704700BF00300E402DE9F04195
:1029500004460D46FFF73CFE60B3DFF86080FFF7EA
:102960007BFED8F80430C3F301439C4222D0124BC3
:10297000D3F80031FEF700FC022C07464FF010069A
:1029800009D12146FFF7D8F9C8F8106095B1BDE824
:10299000F041FFF761BEC4F102039E40C8F8106029
:1029A0000DB1FFF759FE2CB921463846BDE8F0417C
:1029B000FFF7C2B9BDE8F08100400E4000300E4084
:1029C00038B505460C46FFF703FEB8B145B90C4BC8
:1029D000D3F80051FEF7D0FBC5F3042505FB000535
:1029E000084B1B7821463BB1074B9D4204D802207F
:1029F000BDE83840FFF7AABF0020F9E738BD00BFA7
:102A000000400E404A430020002D3101034B027864
:102A10001A7001210020FFF7D3BF00BF4A430020F6
:102A2000234B4AF6E85210B5596B5A639A6FD20796
:102A3000FCD41B6C13F0030306D01E4A01249842F9
:102A4000C2F8B44A1AD110BDA0B1431E012B17D849
:102A5000174A4FF40023D362936FDB07FCD4136C47
:102A600023F0030343F001031364114A536A1C0368
:102A7000FCD505E00F4BC3F8B40AE4E7032BE4D020
:102A80000B4B9A6FD207FCD41A6C22F0030202435C
:102A90001A649A6F12F00102FBD10038054C18BF7E
:102AA00001200129C4F8B40A08BF5A63CBE700BF6C
:102AB00000300E400000C6432DE9F04F00238BB0DC
:102AC000CDE90433CDE90633CDE90833A0F5E16360
:102AD000B3F5966F05460191934603D900200BB0DC
:102AE000BDE8F08F624BDFF88C81D3F81842B0F567
:102AF000E16F15BF4FEA146AC4F3072AC4F3074411
:102B0000E4B20694CDF824A0D8F84C60C6F3017660
:102B10008CBF01220022334607A904A815BF4FF439
:102B2000E1674FF496674FF496694FF41679039274
:102B3000FFF758FDD8F8EC30039AC3F3012308A936
:102B400005A80293FFF74EFDA5EB070CAAEB0402C4
:102B50000CFB02F2B2FBF9F214445445079F0498AF
:102B6000089A0599BAD8A2EB010E0CFB0EFEBEFB2B
:102B7000F9FE11EB0E012CBF4FF0010E4FF0000ECD
:102B80008A42ABD3BEF1000FA8D13A1A0CFB02F275
:102B9000B2FBF9F280182CBF0122002287429DD39C
:102BA000002A9BD1029BBBF1000F0FD0D8F85C200C
:102BB000B5F5E16722F4FE4218BF012722F00202B8
:102BC00042EA470242EA0422C8F85C20019A0AB9A4
:102BD000012084E7264A022ED2F830223ED0032E6E
:102BE0003FD0012E14BFD2B2C2F30722120312F457
:102BF000702F7FF473AF1F4EF46E24F470442243A1
:102C0000F2661B4A022BD2F830222CD0032B2DD097
:102C1000012B14BFD2B2C2F30722120312F4702F99
:102C20007FF45CAF134CD4F8EC3023F470431343BF
:102C3000C4F8EC30636E884238BF084623F4FF7353
:102C4000E72823F0010328BFE720B5F5E16F18BF9F
:102C500043F0010343EA40036366B9E7C2F3074266
:102C6000C4E7120EC2E7C2F30742D6E7120ED4E75A
:102C70000081E00F00300E402F4B1A6FD96C11F01D
:102C8000010F02F0060242D0002A40D013284FD98B
:102C9000143813288CBF102308232749013BCA6C22
:102CA000180322F47F4240EA03231343CB64234BEF
:102CB000CA6C1B88C2F303222833013202EB820064
:102CC00003EB5303B3FBF0F3C86C013B072B28BFA6
:102CD000072320F0EE6040EA036343F48013CB64E3
:102CE000174BB3F90030002B10DB2833500800EBF2
:102CF000420203EB5303B3FBF2F30A6D072B28BF29
:102D0000072322F0700242EA03130B657047D96C67
:102D100001F00101114304D1092809D90A38092811
:102D2000B8E7DB6C13F00103B7D01AB92728B1E775
:102D30000423B2E70023B0E700300E40BC3C002083
:102D4000B83C0020064A074BD3F88039136F23F0B4
:102D5000070303431367044B1888FFF78DBF00BFB9
:102D600000300E400000C643BA3C0020394B02221E
:102D70002DE9F0419A639B6B03F00F0393420446E5
:102D800003D000252846BDE8F081C288B0F808804D
:102D90008588B0F90C6047784A2A4ED9B2F5FA7F97
:102DA0004DD340F6C3139A428CBF4FF040524FF0C0
:102DB00000522849CB6C23F0405323F00103002E2E
:102DC000A8BF43F001031343CB64D1F8EC3043F4C4
:102DD0004073C1F8EC30204B1D80CB6E43F0807304
:102DE000CB661E4BD3F8800900B10420FFF7AAFF81
:102DF0001B4BA3F800801B4B28461E80FFF73CFFAF
:102E0000A37BFBB1012B21D0012260881146FFF783
:102E100053FE05460028B4D00E4AD36B43F48063BA
:102E2000D3633846FFF7FCFDA37AA3F12002534297
:102E300053410A4AC2F89437A4E70022B9E74FF099
:102E40008052B6E7034B084A9A65DDE7014B074A13
:102E5000FAE700BF00300E40BA3C00200000C64335
:102E6000BC3C0020B83C002077402057372110B7E9
:102E7000044AD2F8443423F003030343C2F8443431
:102E8000704700BF00A00040072AF8B501F0030614
:102E900014461F464FF00F011FD8950000FA05F2A7
:102EA000A940154829F07CF80321144806FA05F2D8
:102EB000A94029F075F812499DF81830114A2144AB
:102EC00089000F60C1F880300123A340C2F8243488
:102ED0009DF81C30C1F80033F8BDA2F10805AD0023
:102EE00000FA05F2A940084829F05AF803210748DA
:102EF00006FA05F2A940DCE700A4004008A400405F
:102F00008020851000A0004004A400400CA40040D4
:102F100000EB4000F8B50D461F46040116463AB1D5
:102F2000154801238B402044C7B100F1C060036005
:102F3000072D4FF00F0114D8AB00104806FA03F22A
:102F40009940204429F02CF83EB90B4A0123AB40AC
:102F5000224477B102F1C0621360F8BD00F18060D5
:102F6000E5E7A5F108039B00054806FA03F299403E
:102F7000E7E702F18062EFE70CA0004004A0004008
:102F800008A00040084B4FF40072C3F88020BFF344
:102F90004F8FBFF36F8F054B0021D9664FF4AA40C6
:102FA0001962FEF7D9BE00BF00E100E000200E402C
:102FB000034B03449B0081F001011960704700BF7F
:102FC000A001F11010B5044601214FF4AA40FEF70C
:102FD000C3FEB4F8013022785BBA9BB243EA0263C5
:102FE0000B4A136000231362D36253634FF0004314
:102FF000D3664FF0FF339366064A4FF40071C2F870
:103000008011E3785B01DBB282F80933116010BDF7
:1030100000200E4000E100E0F8B5254D8F7AD1F890
:1030200000C0C3B201269E404FF0300ECB7A0EFB9B
:1030300000500C461B05097BAE6643EA0743C0F807
:1030400080C094F80DC0C0F888C043EA415322F014
:103050000302C0F88430C0F8982028F080FEEB6EA0
:103060003343EB66237A13B16B6B33436B63637A41
:1030700013B1EB6A3343EB6223792A6823B1DB4354
:103080001B0263F47F431A4063790BB142EA0322C7
:10309000A3790BB122EA0302E3791343044A1360D4
:1030A000044B9E62D663BDE8F84028F05EBE00BFC8
:1030B00000200E4000200E4410B5C0B20124844010
:1030C00028F04DFE054AD36E23EA0403D366044B71
:1030D0001C62BDE8104028F048BE00BF00200E4032
:1030E00000200E4410B5C0B20124844028F037FE01
:1030F000074B1A6A224208D19B6A9C430CBF0124E9
:10310000002428F032FE204610BD0024F9E700BF5D
:1031100000200E40054B5A685B68054B41F6713242
:103120001A649A6822F001029A60704700300E40DB
:1031300000000E40034B9A6822F001029A600022C0
:103140001A64704700000E40094A0A4BD969C90742
:1031500005D512B96FF002007047013AF6E7002A70
:10316000F8D001221861DA60D86940F38000704716
:103170008096980000000E4070B509B9002070BD1F
:103180000E4A0023082550F8234094610C4CD5606A
:103190000133D669F60705D514B96FF00200EEE7E2
:1031A000013CF6E7002CF8D0D469A40702D4994278
:1031B000E9D1E3E76FF00100E1E700BF00000E4056
:1031C000809698002DE9F8431C4B0D4641F671316D
:1031D0001E6C19641A49804648684968996841F02C
:1031E0000101B6B2996097084FF00009B94501D3C3
:1031F000002005E008EB89042046FFF7A5FF48B151
:103200000E4B9A6822F001029A600EB100221A64F5
:10321000BDE8F883C4F30A01C1F500618908A7EB92
:103220000903994228BF19462846FFF7A5FF002841
:10323000E6D1894405EB8105D8E700BF00000E40C8
:1032400000300E40234B41F671311A6C10B51964F1
:1032500021494C684968996841F001019960012150
:103260001861D960D9694C0792B209D5996821F0E3
:10327000010199600AB100221A644FF0FF3010BDBD
:103280000221D9601549D869C00700D569B9D86944
:1032900010F002000BD0996821F0010199600AB189
:1032A00000221A646FF00100E9E70139EBE741B948
:1032B000986820F00100986002B119646FF0020074
:1032C000DDE7996821F0010199600AB90020D6E78D
:1032D0001864FBE700000E4000300E408096980016
:1032E000014B01229A60704700500E40134B144965
:1032F000F0B500225D68134E1046D6F8E8714C68B0
:103300000B687F070BD4B3F5006F06D012D8B3F566
:10331000007F02D0B3F5806F01D144F480742B425A
:1033200002D02C4208BF18430132092A01F10801DA
:10333000E3D1F0BDB3F5803FEEE700BF00500E4093
:10334000448803000040E00F8B784A789B0143EAF1
:1033500082030A781343CA7843EA02130A7943EADC
:10336000C2234A7943EA02338A79043043EA42436A
:103370000001014A1350704700200440014B1860BF
:10338000704700BF00008442437882789B0043EA84
:10339000021302781343C27843EA4213027943EAE4
:1033A0000223427943EA0233827943EAC233C27983
:1033B00043EA0243027A43EA4243014A13607047F8
:1033C000002004400D4AD2F8E430D2F8E0109B000F
:1033D00003F03C03C1F381110B438370D2F8E0305A
:1033E00003F03F034370D2F8E830D2F8EC2003F04A
:1033F000F003C2F3031213430370704700FF0FE0A2
:10340000024BD3F8FC00000E704700BF0081E00FB4
:10341000044BD3F8E4301B0E0A3303F01F030120E2
:10342000984070470081E00F70B5054616461C466F
:1034300019B91448FEF7E2FD0146402C1BD003D811
:10344000DCB1202C1BD070BD602CFCD1042303FB0D
:1034500006F2530803EB4113B3FBF2F30A4A203B95
:1034600002EAC3032A6822F060022A602A68144331
:103470002C606B61E7E70623E9E71023E7E7082301
:10348000E5E700BF40410500F8FF7F0038B505467D
:10349000144619B90548FEF7B1FD0146013964002B
:1034A000B1FBF4F10902696138BD00BF404105007C
:1034B00040F6AA63C36041F2050200230360426044
:1034C000104A83604361C36482640F4A036690427A
:1034D00043678367C3670DD002F5806290420BD0CB
:1034E00002F58062904205D002F58062904203D0DE
:1034F000836570470365FBE7036583650023C36548
:10350000704700BFF9FF01000000014038B50446D4
:103510002DF03EFA0FCC044D0FC594E80F0085E85E
:103520000F00002038BD00BF5827002047F6FF736A
:103530009A42F0B572D0062972D83A4B5B5C022BE6
:103540006ED8394D05EBC304DF00A17815F8333090
:10355000012938BF0121012B13D1E0780025401A41
:10356000A84202D80844C0B2F0BD431BA0EB5303ED
:10357000666836F913609642CCBF03F1FF301D46F2
:10358000EEE760680028EFD0B0F90040944204DB19
:10359000B0F902409442B8BF14468388FF2B04BFA1
:1035A000B0F90620B0F908C03D440FBF012600263F
:1035B000C8224FF0280C131B93FBFCF333446E78A6
:1035C0001BB29E4201DD002B01DA731E1BB20133D8
:1035D0009BB24FF47A7C071D5D1E2DB24FEAC50EDB
:1035E00000EBC5059E42EA88AD6814FB025222EA50
:1035F000E27202F15C02B2FBFCF205DD37F83350F7
:10360000954203F10103E7D200EB0E039888904244
:1036100028BF1046884238BF0846A4E7FF20A3E72A
:103620000020A1E78C880300582700200629F0B568
:1036300061D8324B595C02295DD8314B13F8310007
:10364000012816D103EBC1039C78D8785B68012C64
:10365000214638BF0121904294BFC1EB0001C1EB6C
:103660000201CAB2001B8242C8BF002233F9120015
:10367000F0BD002A3DD003EBC103596800293AD0C0
:103680009878904202D3B1F90200F1E7DC78B1F901
:1036900000009442ECD95C788B88A3F1FF06013CD2
:1036A000734201F10405E4B2734101F10C07DEB28B
:1036B000B44216D805EBC3034FF47A75B3F9024050
:1036C0005B686A43D21A04EBD47302EB630292FB89
:1036D000F4F29042CCDBB1F902009042C8DC10B2A7
:1036E000C6E737F833C0944503F10106E2D3334609
:1036F000DDE70448BCE70448BAE700BF8C88030054
:10370000582700200CFEFFFF0080FFFF08B504488B
:10371000FFF7FCFEBDE8084001202DF05EB900BFB8
:10372000948803007FB5094B09490222CDE90123A2
:103730004FF08373CDE903134FF0FF300D2301A940
:1037400005932DF086F907B05DF804FB006A1800B8
:1037500006010C00024B03480122C3F80026704703
:103760000010C84300000F40094B98420ED003F5EB
:103770008063984209D10122064B03EBC2035A68C9
:10378000054B13449B0000221A6070470022F3E7A8
:1037900000000F40048A03008005F21010B50446B3
:1037A0002369DB07FCD404F1800028F025FB014BE2
:1037B000236510BD510545012DE9F043064689B04A
:1037C000174698460C4600294DD1FFF7C3FF014626
:1037D0000446304628F0EFFC4FF0010996F86C5093
:1037E00006F15C01C5F10F06C5F10E03F6B22A46DB
:1037F0000DF1010001358DF8003030F0FFFB32464D
:1038000000210DEB050030F0D3FBC6F110000123C1
:103810003246002168448DF80F3030F0C9FB28F0A3
:1038200093FA04F1800605466946304628F0E4FA2A
:103830000E4B23652369DB07FCD404A9304628F02E
:10384000F8FA284628F084FA424604A9384630F0AF
:10385000D5FBB9F1000F02D02046FFF785FF00200D
:1038600009B0BDE8F0834FF00009B7E7055101004A
:103870002DE9F04F89B00546DDF8489016461F4601
:103880000C4639BBFFF766FF01460446284628F080
:1038900092FC4FF0010B6B6C33446B6428F054FACC
:1038A0008246D6B9504628F053FABBF1000F0ED02D
:1038B00028F04AFA05F14C01064604F1840028F08C
:1038C000B8FA304628F044FA2046FFF74DFF09B019
:1038D000BDE8F08F4FF0000BDDE72B79102EB046DE
:1038E00028BF4FF01008012B0DD11022002168468F
:1038F00030F05EFB39464246684630F07FFB694651
:103900002046FFF74BFF394604F18C0028F074FA8B
:10391000124B2365012363652369DB07FCD404A9EB
:1039200004F1800028F085FA04A94246484630F0A8
:1039300065FB297961B91022684630F039FB4946A8
:103940004246684630F05AFB69462046FFF726FF9C
:10395000C1444744A6EB0806A3E700BF4805590346
:1039600070B5048804F4E043B3F5005F05461ED14A
:10397000C4F30223042B1AD181F0AA6383F4807369
:1039800033F47E13204821F47E1618D081F0AA6308
:1039900083F4007333F47E1311D0864230D1B4F532
:1039A000105F0CBF6FF086006FF0850070BDB4F53E
:1039B000105F25D1144B21F47E119942F1E7864224
:1039C0004FEA1143C1F305411AD1B4F5105F17D185
:1039D00004390C2911D813F001000ED1073A062A38
:1039E0000BD86B88C02B0BD0B3F5807FDED0802B3B
:1039F0000CBF00206FF08600D8E76FF08600D5E797
:103A00006FF08500D2E700BF000140052DE9F04FBF
:103A1000A7B0DDE93475DDF8D880DDF8EC900892C8
:103A200006461C468A4629B96FF08602104627B022
:103A3000BDE8F08F0028F7D0309B002BF4D0329BEC
:103A400013B9339B002BEFD1002F7DD1002DEBD18B
:103A5000389B002BE8D0B9F1000FE5D03A9B002B42
:103A6000E2D0399B002BDFD0338803F4E042B2F57B
:103A7000005F74D1C3F30222042A70D184F0AA63D8
:103A800083F4807333F47E1306D084F0AA6383F446
:103A9000007333F47E136BD1C4F30543319AC9F834
:103AA0000030214630460993FFF75AFF02460028AE
:103AB000BCD17288089BB3EBD20F4FEAD20BB3D3C1
:103AC000379B9D425FD83A9A099B93425BD8474502
:103AD00008D27B19984505D239462A46404630F02F
:103AE0004DFA4746702200210AA830F061FA5A4682
:103AF00051460DF12D00CDF850B030F07FFA234B38
:103B000024F47E149C423BD13388B3F5105F37D147
:103B1000D9F800300693399B0397CDE90483339B92
:103B20000293329B0193319B00932A46309B0121E3
:103B30000AA828F05BFC0246E0B9389B1D607021A2
:103B40000AA828F04BFC71E7002D81D0B8F1000FD6
:103B50003FF46AAF379B002B7FF47AAF64E742F201
:103B60000402934204D184F0052383F4801390E788
:103B7000002393E7389900230B60C9F80030DEE793
:103B80006FF08502DBE76FF089024FE70001400527
:103B90002DE9F04FABB0DDE938A4DDE93B6589469E
:103BA000099298460746002800F0A280002900F0FC
:103BB0009F80349B002B00F09B80369B1BB9379B6A
:103BC000002B40F09580BAF1000F02D1002C40F09C
:103BD0008F801DB93D9B002B40F08A803E9B002BBF
:103BE00000F086803A9B002B00F08280359A414697
:103BF0003846FFF7B5FE0246002866D17A88099B51
:103C0000B3EBD20F4FEAD20B72D33D9B9C4272D8DA
:103C1000AA4509D20AEB0402954205D25146224632
:103C2000284630F0ABF9AA46702200210EA830F0E9
:103C3000BFF95A4649460DF13D00CDF860B030F06D
:103C4000DDF92E4A28F47E1800219045CDE90A11AD
:103C5000CDE90C1149D13A88B2F5105F45D1379BB7
:103C60000293369B01930AAF359B00932246CDE920
:103C70000457349B0696CDF80CA00EA828F0B6FB8E
:103C80000246C8B93A9B384603EB060C90469C4561
:103C90001FD11EB13146384628F0A0FBB8F1000F05
:103CA00020D03E9A002313601CB12146284628F0FC
:103CB00095FB6FF0940204E01EB13146384628F0BF
:103CC0008DFB70210EA828F089FB10462BB0BDE8B3
:103CD000F08F10F8011B13F801EB81EA0E0148EA9E
:103CE0000108D4E73E9B1C60EBE76FF08502E8E734
:103CF0006FF08602E9E76FF08902E6E70001400510
:103D00002DE9F04F8FB09846DDF86CA004909346F3
:103D10000023B8F1000F16D0D8F800401029CDE9E3
:103D20000633CDE908330CBF082310230293002586
:103D30005D450AD3B8F1000F01D0C8F8004000205B
:103D40000FB0BDE8F08F4446E8E75CB1199B1A9AC2
:103D50001B5D525D013453400AF8053004F00F0436
:103D60000135E5E7FFF7F6FC4FF44043446003609C
:103D7000064627F0E9FF029A04990746304628F0E4
:103D80008DF806F1840318461899019328F034F849
:103D90003846ABEB050727F0DBFF27F00F0706F1EE
:103DA000A0032F440593AAF11009BD4234D11A9BF8
:103DB0003B440AAD03F1100C186859682A4603C247
:103DC000083363451546F7D10F2F0ED90AEB0703C9
:103DD00006AD103B0DF1280C2A4603CA6245186057
:103DE0005960154603F10803F6D106F180035744E4
:103DF0000AEB0B0903934F4536D127F0A5FF18991D
:103E00000546019828F015F8284627F0A1FF30460E
:103E1000FFF7AAFC5D468BE727F096FF224B039045
:103E200033653369DA07FCD41A9B0598591927F0D2
:103E3000E3FF0F2D0ED90DF1180C09EB05020DF162
:103E4000280E634603CB7345106051609C4602F117
:103E50000802F6D106A906F1800027F0EAFF0398D0
:103E600027F076FF1035A0E774B927F06DFF0E4BF1
:103E7000336505463369DB07FCD40398199927F0AD
:103E8000D8FF284627F064FF04F138030DEB030246
:103E9000199B12F8102C1B5D0134534007F8013BAD
:103EA00004F00F04A7E700BF480503012DE9F74F11
:103EB000DDF848A0DDE90E74DDE9106883461D4693
:103EC000894621B96FF0860003B0BDE8F08F002A63
:103ED000F8D00FB9002CF5D116B9B8F1000FF1D117
:103EE000BAF1000FEED02E4B9D4215D00BD82D4BC2
:103EF00025F4807199420FD003F580639D420BD069
:103F00006FF08500E0E7284B9D4205D025F4007155
:103F1000A3F580739942F2E7BBF80030B3F5105F68
:103F2000EED1BBF80230B2EBD30FE9D3802B02D035
:103F3000B3F5807FE4D124B3B7420AD23B199E4245
:103F400007D24445BED839462246304630F016F8EE
:103F50003746164BBBF802B09D424FEADB0BCFD180
:103F60004445AFD814F00F05ACD17319009301226A
:103F70007B195946484628F072FA30B91035AC42E0
:103F8000F3D8CAF8004000209EE7424600213046A0
:103F900030F00EF80023CAF800306FF0920093E77B
:103FA0000010C004004040040012C004004440045B
:103FB0002DE9F04F91B0DDE91A4ADDE91C56DDF834
:103FC000789007469B46884629B96FF08608404698
:103FD00011B0BDE8F08F002AF7D014B9BAF1000F84
:103FE000F3D10DB9002EF0D1B9F1000FEDD0574B40
:103FF0009B4515D00BD8564B2BF4807199420FD0AE
:1040000003F580639B450BD06FF08508DFE7514BCC
:104010009B4505D02BF40071A3F580739942F2E71C
:104020003B88B3F5105FEFD17B88B2EBD30FEBD3B6
:10403000802B02D0B3F5807FE6D1BAF1000F04D116
:10404000C9F800A04FF00008C1E7AC420BD204EB66
:104050000A039D4207D2B245B7D8214652462846A8
:104060002FF08CFF2C46394B7F889B454FEAD707B2
:1040700058D003F540739B4521D0374B9B45C3D1A6
:10408000B245A2D81AF00F0B9FD140463B4608AA72
:10409000394628F01EFA8046002898D105EB0B031C
:1040A0000093002204EB0B03394608A828F0D7F947
:1040B000804670BB0BF1100BDA45EFD8C0E7AAF1D0
:1040C0000D0AB2453FD801238DF810300DF11102D1
:1040D000234604F10C0153F8040B42F8040B8B4205
:1040E000F9D11B7813704FF48073ADF81E300D3486
:1040F00004ABCDE900334046CDE9024500235246EA
:104100003946FFF7FDFDC9F800A0804600283FF4BE
:104110005EAF3246002128462FF04AFF0023C9F83F
:10412000003054E7AAF1100AB2453FF64EAF04AA98
:1041300004F1100C20686168134603C30834644519
:104140001A46F7D1D4E76FF0890840E70010C004A1
:10415000004040040012C0040044400410B54FF475
:104160002F72044600212FF023FF8023C4F88C30E7
:10417000054BC4F88430012384F8883004F19C0096
:10418000BDE8104027F0DFBB148A030010B5D0F85B
:10419000A0400A4684B928F0A7FB044610B90024C1
:1041A000204610BD2D2896BF064B074953F8201016
:1041B000064828F0E0FCF3E7D0F8A4101046A0472A
:1041C000EDE700BFBC8A0300178A030067B0030055
:1041D000F8B590F88060044616B100263046F8BD68
:1041E00028F0B3F90028F8D1012384F8803094F83E
:1041F000883033B1D4F88410194884F8886028F0E6
:10420000BAFC4FF0FF37D4F8B402421C1CD0C4F8FB
:10421000B47210F0FF0520D0204628F093F929460B
:10422000204600F0AFFB0028EDD0204628F098F99A
:1042300094F888306BB1D4F88410094828F09BFCBE
:10424000002384F8883004E028F07AFC431CE0D195
:104250000126002384F88030C0E70126D3E700BFA1
:10426000FEAC0300F8B50B78302B04460D4616461D
:1042700004D14B7803F0DF03582B11D0284F6A1E6E
:1042800012F8011F002935D128460A2227F040F8EC
:10429000202C03460D4632D1B1FA81F040091BE0D3
:1042A0004A1C1F4912F8013F93B928462FF0B4FE6B
:1042B0001C4B2340032BA0F1020012D10134A410A7
:1042C00084420AD1A87837288CBF0020012003E05F
:1042D000CB5C13F04400E5D1F8BDCCBF0120002039
:1042E000FAE7002CB8BF0334B0EBA40FD4BF012011
:1042F0000020F1E77B5C13F00400C1D1ECE726B1AC
:10430000084302D0013B61F100050122A240013ABD
:104310001A40002D08BF9A420CBF01200020DBE7A5
:1043200025F7030003000080F0B503787B2B0146DE
:1043300017D10D4F06460224002216F8015F7D2D8D
:1043400005D10B5D6BB9D24302F0010008E07B5D43
:1043500013F0440002D001320134EEE7202DFBD0EF
:10436000F0BD0020FCE700BF25F7030070B506464E
:104370000D462FF051FE0446304628F0FCFB044E5B
:10438000AC4200D370BD304628F0F5FB0134F7E7AE
:1043900060A403002DE9F84F044602216048FFF7AE
:1043A000E5FF1E212068FFF7E1FF6368586828F0E9
:1043B000E2FB5C4828F0DFFB67683B7BFD2B12D8F3
:1043C000D7F80880DFF85891DFF8B4A1DFF870B1B2
:1043D00040462FF021FE0C3706464FF0FF3417F809
:1043E000013BFF2B01D1BDE8F88F212B14D8212BE5
:1043F00014D8DFE803F0178C8884807C787413135A
:10440000131313131313706C6864605C5854131304
:10441000131313131313504CFE2B34D006B1013475
:10442000414D02E006B10134404D02214846FFF7FC
:104430009DFF1E214846FFF799FF504628F09BFB41
:10444000594628462FF0D0FD3949002818BF294683
:10445000384828F090FB3B78202B02D12B2028F005
:104460007EFB354828F087FB4EB118F804301F2B2F
:1044700005D018F804001F2801D0B4424BDB2948AE
:1044800028F079FBABE706B101342C4DCDE706B13E
:1044900001342B4DC9E7002EA1D001349FE706B1AE
:1044A0000134284DC1E706B10134274DBDE706B1FF
:1044B0000134264DB9E706B10134254DB5E706B103
:1044C0000134244DB1E706B10134234DADE706B107
:1044D0000134224DA9E706B10134214DA5E706B10B
:1044E0000134204DA1E706B101341F4D9DE706B10F
:1044F00001341E4D99E706B101341D4D95E706B113
:1045000001341C4D91E706B101341B4D8DE706B116
:1045100001341A4D89E728F022FB0134A9E700BFD6
:10452000A37B0300DC8F0300818B03007B8B0300E4
:10453000D28B0300FEAC0300EF9E03000DBB030013
:10454000898B0300928B0300998B0300A48B0300DB
:10455000AE8B0300B88B0300A38B0300AD8B03006D
:10456000B78B0300C08B0300C48B0300CC8B03000C
:10457000758B03007C8B0300CB8B0300748B0300D3
:10458000BAB303002DE9F04F9BB005468B4600926D
:1045900004932FF041FD249F049B059000241C6090
:1045A0000AAA3C6009A9284628F006FB064658B925
:1045B0000A982FF031FD049B1860D5F89C300393C6
:1045C0003446B146039B1BB920461BB0BDE8F08FB3
:1045D000039B9B680193002B69D02E4416F8013B86
:1045E000202B12D000260C23019A734302EB030AFE
:1045F000D3580293002B55D0DDF82480C84551DBF9
:104600009AF808302BB1721C35E03B6801333B60EF
:10461000E4E73B68D5F894200299D21A049B1A600B
:104620001AAB03EB890353F8403C069318462FF06E
:10463000C7FC07900028E6D102982FF0EDFCDAF8CD
:104640000410079AD7F800A00346087BFE2816D16D
:1046500008F1FF38C8452ED00B68069802920193E6
:104660002FF0DAFC0AF10103029A0344E95C21B15C
:104670003B6009F101091646B5E70133F6E7D5F8C5
:104680009420A2EB0A029A42BDDC584606932FF012
:10469000C3FC069B03447B2B1DD91F4A0099584637
:1046A00027F078F9059A2B462A449A422AD1039B8F
:1046B0001B68039386E7D5F89420A2EB0A029A427E
:1046C000E3DDD1F8008058F80C2B82B9059B3B60E4
:1046D000049B1A60E6E7029A0099584627F05AF9B7
:1046E0000E4A00995846013427F054F98BE7009997
:1046F000584627F04FF9094A0099584627F04AF9D9
:104700000134E0E713F8011B0029CED14FF020015E
:1047100003F8011CC9E700BFD48B030060A40300A9
:104720002DE9F04786B0DDE90EA800241C6006469E
:1047300089468AF800401168154888F800401746F5
:104740001D468DF81740FCF7A3FD18B92B680133FF
:104750002B600124D6F89C60002036B914B10123E7
:1047600088F8003006B0BDE8F087B06868B14B4605
:10477000CDE902A8CDE900750DF11702002128F05E
:1047800052F89DF81730002BE8D13668E5E700BFF6
:10479000D98B03002DE9F0430026ADF5457D044695
:1047A0007C22314605A802AF04962FF001FC009749
:1047B00003AB802204A92046FFF7E4FE01283ED186
:1047C00004A82FF029FC03993B68A0EB01080B44D7
:1047D000234428EAE878054604A8014442461846DE
:1047E0002FF00CFC00F80860D4F89060039B396847
:1047F000D4F890201944B14212DCD4F89410E81A8D
:104800000244C4F89020014404AAC4F89410D418B7
:1048100025182B1B002B0DDC0DF5457DBDE8F08325
:10482000A05C28F09CF9D4F890300133C4F89030A3
:104830000136DBE714F8010B28F091F9E9E7EBDD2D
:1048400024AD8022314628462FF0B2FB44AB4FF412
:104850000072314618462FF0ABFB0DF110090346EC
:104860004A464FF00108314612F8016B002E49D13B
:1048700004A843F828102FF0CFFB2946334619F837
:10488000016B0DF5887C5CF8042B824243D1013327
:10489000984501F8016BF2DAD4F89060039BB342BB
:1048A00042DC364A3648234604A928F064F92846F3
:1048B0002FF0B2FB039B3F6806461F44F61AE0192F
:1048C0001D4426EAE67204F198031744984204EB6B
:1048D00007014ED204F1900399424AD96A1E811908
:1048E0000B1A002B39DD12F8013F00F8013BD4F818
:1048F00090300133C4F89030D4F894300133C4F8C8
:104900009430EDE7202E01F1010104BF43F8281097
:1049100008F10108A8E70DF1100E7244D25CB24212
:10492000B1D00022EA54B7E7D4F89030E05C28F028
:1049300016F9D4F890300133C4F890300136ADE761
:10494000D4F890200132C4F89020D4F89420013299
:10495000C4F89420013B002BF2DC0023E3552E44E5
:10496000731B002B7FF758AF15F8010B28F0F7F8F1
:10497000F6E729462FF042FB3346ECE7148A0300A2
:10498000DE8B03002DE9F843D0E9245604460F4698
:10499000002294F89830012B07D10A2F07D1002369
:1049A00084F898300020BDE8F88300F29F801B2F28
:1049B00001D10223F4E70D2F0DD1012384F89830A3
:1049C0000D2028F0CCF80A2028F0C9F80023C4E90B
:1049D00024330120E7E74FF00008082F84F898807F
:1049E00034D1454530DDB5420FD1384628F0B7F80F
:1049F000013D202028F0B3F8384628F0B0F804F83C
:104A00000580013EC4E92456CCE7FBDA05F1FF3905
:104A1000384628F0A4F804EB0903A6EB0902611953
:104A200018462FF0ABFA04F806800146484828F0F3
:104A3000A2F8013E35464D4501DC4D46E2E708202F
:104A400028F08DF8013DF6E7ACD0DBE77F2F1CD1D5
:104A5000002EA7DDB542A5DA6319691C2144721B3B
:104A600018462FF08BFA04F806800146394828F0E2
:104A700082F80820013E28F072F8B542F9D1D4F846
:104A80009430013BC4F894308CE70A2F98D0092F5A
:104A900003D12046FFF77EFE84E7D4F88C30013B3B
:104AA000B3427FF77FAFB54204EB050805F101097A
:104AB0000CDB88F80070D4F89430C4F8909001337F
:104AC000C4F89430384628F04AF86BE7721B414628
:104AD00004EB09002FF052FA404628F04CF8082069
:104AE000013E28F03CF8B542F9DDE2E7022B06D1A1
:104AF0005B2F01D1032353E784F8982049E7032B68
:104B00007FF450AF413F84F89820032F3FF64AAF1F
:104B1000DFE807F002070A160121204627F0D0FF40
:104B200040E74FF0FF31F8E7B542BFF63BAF605DBD
:104B300028F015F8D4F890300133C4F8903031E7FC
:104B4000002D7FF72FAF013DC4F890500820BAE741
:104B5000E78B0300D49F03007FB5094B6A4603F13E
:104B60001006154618685968144603C40833B34242
:104B70002246F7D12846FEF7F9F8002004B070BDB0
:104B8000EC8B030070B5184B86B001AA03F1100638
:104B9000154618685968144603C40833B3422246C0
:104BA000F7D11B882380114BD3F8B420120316D5FC
:104BB000A3F500434FF6FF721B88934208BF4FF4E2
:104BC000A6730B48ADF80A30FCF718FB2846FDF732
:104BD00085FC3220FDF7FAFA002006B070BDD3F84C
:104BE000B830C3F30803ECE7FC8B03000081E00F4F
:104BF00000F0490207B5084B18680190202301A86E
:104C00008DF80430FDF7AAFC3220FDF7D9FA002018
:104C100003B05DF804FB00BF0E8C030010B50C4818
:104C20000C4C6FF00403A02113F0800F03F101027C
:104C300007D12344332A83F800131346F4D100200C
:104C400010BD03F00F03043B034419761346EBE752
:104C500000ED00E000E100E010B5044627F074F834
:104C6000024B1C6027F074F8002010BD8027002044
:104C700010B527F069F8034B1C6827F069F8204647
:104C800010BD00BF8027002038B50C4615460146F0
:104C900010B9FFF7EDFF01462B46224603480AF004
:104CA000CFFF0028D4BF3720002038BD21CD02001F
:104CB00030B5144687B00546104628F063F863699E
:104CC00083423CBFD4E903315B181B1A02467BB117
:104CD0000F4903910021CDE9013101230494009390
:104CE000D4E90013284626F0DFFF002007B030BDCE
:104CF0000122627694F82D20002AF6D084F835300F
:104D00001321E36920469847636A20469847ECE7F9
:104D1000B14C00002DE9F04788B004460F46164616
:104D2000984627F01CF88146002E7BD0237E03F0A6
:104D3000FF02002B00F0A380204628F023F86569CD
:104D4000A84205D1637ED4E9033213445D1B01E020
:104D5000F9D9451BB54228BF354627F000F894F82D
:104D60002D308246002B6ED161692A4638462FF0DD
:104D700045F963692B4463612E4621E0037803F013
:104D8000FD0111295CD1216B814205D1A3F11101F3
:104D90004B424B4184F83430013E6369216B8B42B6
:104DA00003F1010308BF2363636101329542606927
:104DB000E4D1D4E90323216B1344994200D1226347
:104DC000D4E903236169207A134499424FF0000526
:104DD00008BF62616576FCF765FD204627F0D2FFCB
:104DE0006369834232D194F82D302576E568656198
:104DF00003B12563636A20469847224B039300233F
:104E0000049402932369019301230093636821684A
:104E1000207A2A4626F048FF207AFCF763FD5046A8
:104E200026F0A3FF4846C8F8006026F09EFFD8F899
:104E30000030002B0CBF1B20002008B0BDE8F0871D
:104E400007F8013BA9E72E460022AFE701232376AE
:104E5000207A0DF11E01FCF7ADFD9DF81E30002BF0
:104E6000DAD00DF11F01207AFCF77CFD9DF81F10B0
:104E70000029D1D1207A2246FFF71AFFCCE7164647
:104E8000D0E700BFB14C0000002807DB044A41090D
:104E9000012300F01F00834042F82130704700BF1B
:104EA00000E100E0002808DB4309044900F01F008E
:104EB00001226033824041F82320704700E100E086
:104EC00070B504460568FFF7D3FE844202D1002086
:104ED000FFF7C2FE95F936603046FFF7E3FF002E7C
:104EE0000CDB7309194906F01F0620330122B2407A
:104EF00041F82320BFF34F8FBFF36F8F95F93760D1
:104F00003046FFF7CFFF002E0CDB73090F4906F088
:104F10001F0620330122B24041F82320BFF34F8FF8
:104F2000BFF36F8F287AFCF7FDFC287AFCF75EFC54
:104F3000FCF73AFC0023C4E90033C4E90433A3605E
:104F40002846AB6ABDE87040184700BF00E100E0AA
:104F50002DE9F0430C461546064687B04022002155
:104F600020461F462FF024F8002395E803002A6905
:104F70002376EB68E360C4E904232A7D84F82C20BF
:104F8000AA7D2363012384F8343084F835300E9BE6
:104F9000236284E803000F9B6362109B84F82D203A
:104FA000E761A3622B7A84F836306B7A84F8373065
:104FB0002D4B73602D4BB3602D4B33612D4B346003
:104FC00073612D4BF360FCF737FC38B12B4B9842E3
:104FD00004D01024204607B0BDE8F083002104F17E
:104FE0000800FCF7B1FB07460028F2D1244B3362DE
:104FF0004FF00108234B84F83C80B361224BF361EE
:105000009DF8483084F83B309DF8443084F83A30BD
:10501000697D84F8390084F83880204627F0C3FE83
:1050200095F909904846FFF73DFF4846FFF72CFFEA
:10503000164B0494CDE902732369CDE900836368BC
:10504000E2682168207A26F02FFE04460028C0D1AD
:1050500095F908502846FFF725FF2846FFF714FF6B
:105060003046FFF7F9FDB5E7F7CD0200154D00001A
:1050700073CD020079CD0200C14E0000038000F024
:105080004DCD0200A7CD02007FCD0200B14C000043
:105090002DE9F04186B01C46524B0C9D0293524BB9
:1050A00001930126514B0093CDE90366504B904686
:1050B0000A462946FFF74CFF0746002856D12368C9
:1050C0002B6463686B64637A85F84930237A85F8CA
:1050D0004830E37A85F84B30A37A85F84A30637B11
:1050E00085F84D30237B85F84C30E37B85F84F30D5
:1050F000A37B85F84E303F483146FCF72DFE3E48F5
:105100003146FCF729FE617A207A33460422FDF706
:10511000FFFE33460222E17AA07AFDF7F9FE6068CD
:105120003146FCF719FE88F800704146206826F0E9
:10513000A7FF2268536F43F003035367936F617CAB
:1051400023F4F85323F01F0343EA0123A17C0B430C
:1051500093670323536785F8507098F81920202A25
:1051600028D007D8E2B1102A38D02327384606B015
:10517000BDE8F081302AF8D185F8503002220023B2
:10518000617B207BFDF7C4FE2368E27CDA675A6E00
:1051900042F004025A665A6F42F010025A6766B92A
:1051A0002A6C2068D36C43F00403D364052126F0F5
:1051B00060FFDBE7022385F85030E17BA07B002312
:1051C0000422FDF7A5FE2368217DDA6F42EA012261
:1051D000DA675A6F42F020025A67E1E733463E46EB
:1051E000CAE700BF23CF020017CF0200AFCF0200F3
:1051F000A3CF02004041050000350A0007B501F0C9
:1052000019FB6A4601F07CFB18B10448522100F0FA
:10521000DDFADDE9000103B05DF804FB128C030048
:1052200008B501F03BFA18B102487A2100F0CEFA35
:10523000002008BD128C030008B500F025FA0D4AC5
:10524000536A43F4E0235362EFF308830A4A043BB2
:105250004FF0CD31934209D2084B01221A61FFF77A
:10526000DFFFBDE808400648FEF750B943F80419CF
:10527000F0E700BF00ED00E00000002000300E402D
:105280004C89030007B504220DEB020100202BF02E
:105290005CFB042804D0054840F2671100F096FA40
:1052A000019800F0D9FB03B05DF804FB128C0300F9
:1052B00010B50A0A41400748C9B2082301F00104A9
:1052C000490804B14140013B13F0FF03F6D181EAE4
:1052D000020010BD2083B8ED2DE9F843134C144EA5
:1052E000DFF85480134FDFF85490002523780BB972
:1052F000BDE8F88356F8043B22464146002027F0DB
:1053000018FD227823460134002AFAD15B7853B184
:1053100005F00303032B0CBF39464946002027F054
:1053200008FD0135E2E73946F8E700BF7291030056
:1053300000100020DB8F0300588C03004BBC0300DF
:105340006B4B1B8840F6052293422DE9F0410ED8A5
:10535000B3F5206F0DD840F20252934218D040F2BC
:105360000172934220D040F2015293420AD0BDE82C
:10537000F081A3F602235F4C032B1ED8DFE803F075
:10538000376396B25C490020BDE8F04127F0D1BCFC
:105390005A49002027F0CDFC564B1A6C5849BDE8FD
:1053A000F041002027F0C5BC524A5649BDE8F04103
:1053B000D2E92423002027F0BCBC5349002027F069
:1053C000B8FC94F868309E0703D55049002027F0B8
:1053D000B0FC94F86B305D0603D54D49002027F0F2
:1053E000A8FC94F96B30002BC1DA4A49CBE74A4953
:1053F000002027F09EFC94F86430980704D0226CBB
:105400003F49002027F095FC94F96430002B04DA22
:10541000226F4249002027F08CFC414FDFF80C81BD
:1054200000250126626E06FA05F3134207D057F8ED
:10543000252013781BB14146002027F07AFC013566
:10544000082DEFD193E73749002027F072FC2C4953
:10545000226C002027F06DFC94F86530590703D5C5
:105460003149002027F065FC94F96530002B04DAFF
:10547000226F2A49002027F05CFC294E2B4F08257B
:10548000636EEB40DA0707D556F8252013781BB179
:105490003946002027F04DFC0135102DF0D194F84D
:1054A000640000287FF463AF21496DE721491C4E59
:1054B0001E4F002027F03DFC226C1149002027F0F0
:1054C00038FC1025636EEB40DB0707D556F8252026
:1054D00013781BB13946002027F02BFC01351A2D1B
:1054E000F0D144E71449002027F023FC226C55E753
:1054F000BE3C002000100020628C0300A08C030042
:10550000D18C0300EC8C0300088D0300218D030077
:105510005C8D0300908D0300CD8D0300F38D03009F
:10552000CC9803001A8E0300328E0300118E030004
:10553000798E0300AA8E0300C48E03002DE9F04F7C
:10554000424CD4E90D32D4E9121B580748BF00265B
:10555000D4F83CA05DBFD4F850803D4EDFF81C91DC
:10556000DFF81C915ABF8B469246B04613F0080FE5
:10557000384B394A394918BF1A46B6EB080718BFE5
:105580007D0885B01BBF642303FB0B553D46B5FB6F
:10559000F7F54B4618BFADB2CDE9016ACDF80080F2
:1055A0000020BFB227F0C5FBCDE900972C492B4660
:1055B0001FFA8BF2002027F0BCFBB24501D8C24590
:1055C00004D228494A46002027F0B3FBD4E9170348
:1055D000184338D02449254FDFF8A880002027F051
:1055E000A8FB00250126E26D06FA05F3134207D059
:1055F00057F8252013781BB14146002027F099FB6E
:105600000135202DEFD11A4FDFF8788000250126D3
:10561000226E06FA05F3134207D057F825201378B7
:105620001BB14146002027F084FB0135122DEFD13C
:105630001049002027F07DFB0E49002005B0BDE891
:10564000F04F27F076BB0C49F4E700BF00100020B4
:1056500000100020EB8E0300F28E0300FA8E030090
:105660002C8F0300668F0300858F030004980300CE
:1056700084980300DC8F0300B58F0300E68E0300DF
:1056800016BD0300FDAC030010B5FDF72FFE044668
:10569000FDF726FEE30721D401221046114600FA49
:1056A00001F3234002F101021AD0214B33F81130EB
:1056B0002049062B19D040F20722934212D14FF015
:1056C00000524FF20F00548884420BD11088984248
:1056D00008D14CF23C335380088010BD0021E4E730
:1056E000112ADBD1134A138012E04FF000534FF21E
:1056F0000F025888904218D11B88B3F5406F28BF1D
:105700004FF4C0630B804FF000534CF23C325A8090
:10571000084B1A8840F201739A4201BF064A074BB0
:10572000D2E90001C3E90001D7E74FF4C063E9E71C
:1057300050910300BE3C00209010002084270020E0
:10574000014B1888704700BFBE3C0020014B1888F1
:10575000000A7047BE3C0020044B05481B881A0A0B
:10576000B3F5406F38BF00EB82007047BE3C0020AD
:1057700020910300044B1888044B020AC0B253F86E
:10578000223003EB80007047BE3C0020F090030005
:1057900010B5044626F0DFFA4FF000534FF20F0227
:1057A0001C805A80BFF35F8FBFF34F8F0549064BB4
:1057B000CA6802F4E0621343CB60BFF34F8F00BFAF
:1057C000FDE700BF00ED00E00400FA0538B504462F
:1057D0000D462BF02EFE08492B462246002027F0CE
:1057E000A8FA27F087FC26F0B6FA29462046BDE83D
:1057F000384027F065BC00BFCB8F03006B4A6C4B71
:105800002DE9F04155685D65516A996569496A4CB1
:10581000D1F80002D865D1F804121966916A596668
:10582000D16A9966116BD966516B1967D26B586B47
:105830005A67D3E90E1210F0040F18BF11465F4AE1
:105840001A6500209142D8645DD301F12000A04286
:1058500059D888691864C5F30805CE695E64062DB9
:1058600055D1574DA84252D3564DA8424FD2058824
:105870004DF6426085424AD11868C3F890005868D6
:10588000C3F8940040F20170A242154605D22E687A
:10589000B6F1CD3F02F10402F6D00022C3E91E2288
:1058A000C3E92022C3E92222641BDFF814C1424D60
:1058B000DFF810E19C648D422CD8D3E91EC7D3E9F0
:1058C0002065D3E922414FF0000E013AD2B2FF2AFF
:1058D0003BD1BEF1000F05D0C3E91EC7C3E9206567
:1058E000C3E92241B3F85430C3F30803DA1E0F2A88
:1058F00052D8DFE802F03458414451515151514ED1
:105900005151515151380021C3E910112B494FF425
:105910002060B9E755F8044D6445CCD37445CAD22C
:10592000E607C8D5284F002657F8048FA045C2D0F7
:105930000136062EF8D132B1013AD2B202F11E067A
:1059400043F82640B7E70522F8E7E0464FF0010E9E
:10595000BC4637462E4625460C464146B5E740F63E
:105960000120BDE8F081194BDB6913F0020F40F212
:10597000025318BF1846F4E740F60320F1E740F25F
:10598000017240F60423B0F5206F14BF104618468C
:10599000E7E740F60520E4E7013B40F60722412B0C
:1059A00098BF1046DDE740F60220DAE700ED00E0A0
:1059B0000010002000E100E00010002000000020A6
:1059C0000C0100004040030074100020002005403E
:1059D00000F00CB800F00AB800F008B800F006B803
:1059E00000F004B800F002B800F000B872B61EF083
:1059F000080F09D01EF0040F0DD0DFF850E0AEE81C
:105A0000FF1F6FF002000CE0DFF840E0AEE8FF1F80
:105A10006FF00E0005E0DFF834E0AEE8FF1F6FF036
:105A200006006946EFF309828EE8070086460848BB
:105A3000084C854501D3A54501D384F30888FFF7B9
:105A4000DDFE84F30888FFF7A3FE000000100020AD
:105A5000400000200010002083B24BF6EF62002BC4
:105A600008BF1346044A000C13804FF6CE2308BF2C
:105A70001846024B188070479A1500209815002090
:105A80000B4BB3F900201888002AB8BF80F06200E1
:105A900042001A80074AB2F9001013880029BCBFDF
:105AA00083F4805383F00B035900118058407047F2
:105AB0009A1500209815002008B501F00DF960B185
:105AC0000A4B0344072B0DD8072B0BD8DFE803F054
:105AD0000C060A080A0A0A04C12008BDC320FCE714
:105AE000C420FAE7C520F8E7C220F6E7FF1FFF0F42
:105AF000F0B551B1002807DA2D23B0F1004F137033
:105B000000D04042012100E0002100250E4F2C462C
:105B100057F8046B002301E0801B6346864203F1C3
:105B2000010CF9D913F0FF0300D125B14D1C30331E
:105B30005354E9B201250134E4B2092CE8D13030E4
:105B40005054481CC0B2F0BD3C9903002DE9F04F01
:105B5000002495B021468046164603A844220294AC
:105B60009A462EF025FAA146274602AC2546317802
:105B700059B9641BE4B2224629460020C0470028D8
:105B800040F08F803819C0B28CE0252918D0B9F1C7
:105B9000000F19D104F8011B12AB9C42C0F0D38056
:105BA000641BE4B2294622460020C0470146002873
:105BB00077D13C4448222846E7B22EF0F9F9C1E0FB
:105BC000B9F1000F00D101363278622A47D021D8CE
:105BD000252A3ED004D8002ACBD04FF00009DBE7BD
:105BE000392A15D82F2AF8D9717801F0DF01582900
:105BF00040F0D880322A06F1010940F0C0802046EA
:105C00003AF8041B042227F07CFA04464E46E4E7E7
:105C1000582A15E0632A6BD0A2F1640C5FFA8CFC61
:105C2000BCF1140FD9D8614B012101FA0CF010EA34
:105C3000030940F08A8010F4104060D1BCF1140FC9
:105C4000CBD120461AF8041B022227F05AFA044648
:105C5000C3E7214601F8022B62700C46BDE7DAF873
:105C600000300193DAF8043000934FF000090DF191
:105C7000480B009B994502D10AF1080AADE7019B48
:105C8000204613F80910022227F03BFA5845044633
:105C900012D3441BE4B2294622460020C0470146E5
:105CA00018B1002015B0BDE8F08F482228462EF02C
:105CB0007FF93C44E7B22C46009B5A1E4A4584BFFC
:105CC000202204F8012B5C450FD3641BE4B2294663
:105CD00022460020C04701460028E2D1482228463B
:105CE0002EF066F93C44E7B22C4609F10109C0E701
:105CF000534653F8042B04F8012B9A466DE7641BB6
:105D0000E4B22246294648465AF804BBC047002858
:105D1000C7D13C44482249462846E4B22EF048F90F
:105D20005FFA89F34F461BF8030009F101090028C7
:105D3000F6D1FFB23A465946C0470028B1D13C449B
:105D4000E7B281462C46013611E76C2ADAF80000EA
:105D50000AF104090FD17378752B01D0642B04D19B
:105D6000B3F1750118BF012101362246FFF7C0FECD
:105D7000CA46044431E7752A08BF0021F5E7342AF2
:105D800010D15646042256F804AB20464FEA1A4179
:105D900027F0B7F91FFA8AF1042227F0B2F9B246C8
:105DA000044633E74FF00109F6E600BF01010200A7
:105DB00008B5054813460A460021FFF7C7FEB0FAAA
:105DC00080F0400908BD00BFF7D00200054B1A78EB
:105DD0002AB95B78002B0CBF0320022070470120FA
:105DE000704700BF544300200329F8B598BF134BF8
:105DF000054698BF5C5C0E4688BF0024032805D882
:105E0000DFE800F002080B0E44F002040C4B1F68A0
:105E10004FB9F8BD44F00804F8E744F02004F5E772
:105E200044F08004F2E77B681A68144203D05B6890
:105E30003146284698473F68EAE700BF609903006B
:105E4000B827002038B5104D2B78ABB10F4C237814
:105E50001BB127F077F900232370002027F073F996
:105E60000B4C50B100F0DEFA002320782B7001219A
:105E7000FFF7BAFF0123237038BD064B01221A70C9
:105E8000054B22781A70F7E7504300204E4300205C
:105E900056430020514300205243002010B525F006
:105EA00053FF064B1B7804461BB1BDE8104025F09C
:105EB0004FBFFFF7C7FF2046F7E700BF4D43002065
:105EC000094A137830B101331370084B1B78012B4A
:105ED00003D87047013B13707047054B1B780BB913
:105EE000FFF7B0BF704700BF544300205643002067
:105EF0005143002070B5144E25F026FF3378054637
:105F0000ABB900F0CBFB044620B1284625F020FFBA
:105F1000204670BDAFF300800C4825F014FD00F062
:105F20009BFE0B4B1C6000F09FFC0A4B186000F0BE
:105F3000EFF927F00AF9084B18600123284633705F
:105F4000002425F005FFE3E757430020B827002091
:105F50008C270020B4270020902700202DE9F8434B
:105F6000284A0138135C39B1274F397801330129A8
:105F7000135404D8BDE8F883013B1354FAE7FFF744
:105F800025FF0128044635D8DFF8888025F0DCFE9F
:105F900098F80030054613B31C4E33781BB9012224
:105FA00032701B4A1370DFF8709099F8003023B1FB
:105FB00027F0C8F8002389F80030284625F0C8FEED
:105FC000012027F0C0F825F0BFFE337805461BB14D
:105FD00000F028FA00233370002388F800302846A8
:105FE00025F0B6FE38788442C4D02146FFF7FCFE87
:105FF0003C70BFE70329F5D10228F3D100F05EFA27
:10600000F0E700BF54430020564300204D430020DA
:1060100051430020504300204E43002038B525F066
:1060200093FE094B1B78012B054604D825F090FE02
:106030000024204638BD054B1C6800F031FA0444AA
:10604000284625F085FEF4E7564300208C270020E3
:1060500038B54160044625F077FE214605460448E0
:1060600025F074FC2846BDE8384025F071BE00BF1D
:10607000B8270020054B1B68584300F57420044BDB
:1060800000F23F20B0FBF3F0704700BFB4270020C0
:1060900040420F002DE9FF47EFF3108772B6AFF3D0
:1060A000008025F0FBF9002871D0714EDFF8E48103
:1060B000337823B10020FFF703FF00233370FFF78D
:1060C00085FE0446002869D0841EE4B2012C6CD9F8
:1060D000FFF77CFE0128674CDFF8BC91054600F213
:1060E0008E802078A84205D099F80030002B00F06F
:1060F000B2802570207800F0BDF999F8003013B116
:106100005D4B1B782370AFF3008007B962B6EFF3E5
:10611000108772B6594B1A7852B100221A70564B3A
:1061200020781B78984203D101212170FFF75CFE93
:10613000534800F0EDFA25F0C5F905460028B7D11F
:10614000DFF8588198F80030A3B189F80000DFF833
:10615000409199F800301BB126F0F4FF89F8005007
:10616000002026F0F0FF002879D000F05BF9002332
:1061700088F80030337823B10020FFF7A1FE002318
:10618000337020780021FFF72FFE00232370AFF338
:10619000008007B962B604B0BDE8F0873378002B01
:1061A00096D0FFF78DFE347092E703A9002000F02F
:1061B000FDFA044600288BD1D8F80030039A9A42A1
:1061C00005D80120FFF77CFE0123337080E72D4BBB
:1061D0001D6800F065F9039B05449D42F1D200F073
:1061E00083F982000399264842F0020292B2CDE977
:1061F00000422346244A491B26F0ABFF68E7DFF83C
:106200009CA09AF80030CBB926F099FF20788542FF
:1062100003D099F80030D3B125709AF80030002BE4
:106220007FF468AF194B1B7823B926F08AFF184B0F
:1062300001221A7001238AF800305BE7207885423A
:106240003FF458AF99F80030002B7FF452AF294645
:10625000FFF7CAFDE0E72946FFF7C6FD49E7012041
:1062600000F008F907B962B6EFF3108772B677E766
:106270004F43002056430020524300204B43002050
:10628000942700208C2700209D5E000053430020AF
:106290004E4300209027002051430020504300200F
:1062A00010B525F051FD054B00221C781A7025F021
:1062B0004FFD00F0F1FB2043C0B210BD4C43002065
:1062C00073B5114E3378834204460ED000230F4D30
:1062D000ADF8043058B101A8FCF78AFA1E20FFF788
:1062E000C9FE2B681B1A2B60347002B070BD0223EC
:1062F00001A88DF80530FCF77BFA1E20FFF7BAFEE7
:106300002B680344EFE700BFDA150020C027002008
:1063100073B52D4C002501A8636A636A8DF804509B
:10632000FCF774FB2846FFF7CBFFD4F8903003F05E
:106330000403AB42254B14BF01222A461A70D4F83D
:106340009030234CC3F30033237005D04FF4167004
:10635000FFF790FE1F4B186023781F4DEBB1112003
:10636000FBF74CFE1849D1F80031C3F3042303FBBB
:10637000000292B14C6C194EC4F30B44002301345B
:106380001946501E04EB8404E4FB060124F08AFC49
:10639000FFF770FE2B6803442B60114B1B68012034
:1063A000C3F303239840C0F1010000EB8000643088
:1063B000FFF760FE2B6803442B60034BD3F890205B
:1063C000084B1A6002B070BD00400E405A430020D6
:1063D00058430020C8270020C027002040420F005B
:1063E00000200440BC27002008B50B4B1B7893B15C
:1063F000022000F003FC70B100F008FA58B100224E
:1064000001210220FBF782FF26F0E6FE034B186015
:10641000034B01221A7008BD5A430020C4270020F4
:106420005943002038B50E4C0E4D23782BB92B78EC
:106430001BB126F0D1FE0C4B186025F0AFFD2B7878
:106440006BB10A4AD2F890301B07FBD526F0C4FE88
:10645000054B1B68C01A064B18600023237038BD1B
:10646000594300205A430020C427002000400E401A
:10647000C827002002280AD003280BD001280CD1FD
:10648000064A136923F00403136130BF70470020EC
:10649000FCF7C0B90020FCF7F3B9704700ED00E04D
:1064A000044B1B680BB103EBD303034A1068184479
:1064B000704700BFC8270020C0270020084B45F6C2
:1064C0000E02D3F88011C3F88021064A126802F444
:1064D000A0721A66CA0744BF0022C3F88021704721
:1064E00000400E40BC270020014B1878704700BFC9
:1064F0005A43002038B500F01FFB094C094B1A68BD
:1065000023680025C31A2AB123B15169994203D3E4
:10651000C91A5161206038BD55615B1A9268F2E773
:10652000D0270020D4270020C38870B504460D462C
:106530003BB9FFF773FD8542064602D226F0F3FD14
:1065400035460E4965610B688BB90C60A3600DE0A0
:10655000AD1A9A68656118466AB113465A69AA422B
:10656000F6D930B18460521BA3605A6170BD00201F
:10657000F4E70C60F7E79C60A260F7E7D4270020FF
:1065800038B5134D2B685B6993B1124A1468022029
:106590001C4400F005FB204600F0D4FA0E492A689E
:1065A00000230B70D088800709D501230B7038BDFC
:1065B000022000F0F5FA022000F018FBEEE79268E6
:1065C000002AF4D050690344012BEBD9EFE700BF58
:1065D000D4270020D02700205C43002070B5164649
:1065E0009DF814200271049A0260C0E9033600226B
:1065F000BDF81830826004460D46C380EEB900F045
:106600009BFA2844A0619DB12E4625F09DFB0546CE
:10661000FFF770FF31462046FFF786FF104B1B68DF
:10662000A34201D1FFF7ACFF284625F091FB02E021
:10663000E36865617BB9002070BD00F07DFA3044ED
:10664000A061002DE0D1E3686561002BDDD02168F9
:1066500020469847D9E7216820469847EBE700BFD6
:10666000D42700200C490B6800227BB183420AD159
:1066700083687AB1936083681BB15A6941690A449F
:106680005A61002070471A469B68EEE70028EFD059
:10669000022070470B60EEE7D427002070B5154E3E
:1066A00025F05DFB34780546FCB9134B1C60134B99
:1066B0001C60134B1C8000F0FBF9012000F070FA05
:1066C00000F0C4FA0F4B0246186020B9284625F0A6
:1066D0004CFB232070BD23460B4840F2E73124F0E9
:1066E000E1FA0A4B186001233370284625F03DFB80
:1066F0000020EFE75D430020D4270020D0270020B2
:10670000C03C0020D827002018FCFFFFCC27002029
:1067100070B5044640B325F017FB144E0546FFF74D
:10672000E9FE3068A04209D02046FFF79BFF0446EF
:10673000B0B1284625F00CFB204670BDFFF792FF54
:1067400004460028F5D133683BB9022000F036FA40
:10675000284625F0FDFA0024EEE7FFF711FFF7E7E2
:106760003368002BF4D1F0E72224E5E7D42700209A
:1067700038B50C460546A8B1A1B100230B7025F031
:10678000EEFA094B1B68012133B925F0EEFA00201F
:1067900038BD9D4204D121702278002AF9D0F4E757
:1067A0009B68F1E72220F3E7D4270020F8B50646DE
:1067B0000F4625F0D4FA134B1B680446002523B975
:1067C000204625F0D2FA1B2011E05A691544DA88D8
:1067D000B2420DD10C4E00F0AFF93368C01AA84296
:1067E0000AD3002320463B6025F0BFFA0020F8BD05
:1067F000FF2EEFD09B68E2E700F09EF933682B4450
:106800001B1AEFE7D4270020D027002008B5074B3C
:10681000187848B126F0E0FC054B1B689B69C01A4C
:1068200002288CBF0020012008BD00BF5C4300206F
:10683000D427002070B525F092FA064600F07CF9C6
:10684000084B1D8804460120ADB200F0D7F918B1FD
:1068500000F072F901350446304625F086FA2046EC
:10686000294670BDC03C0020014B1868704700BF2E
:10687000D8270020F8B50C4B1B68834205460E460E
:106880000FD30A4B00241F6840F2E73021464FF433
:106890007A720023E5FB070124F004FA30602046F9
:1068A000F8BD2120FCE700BFCC270020D82700201E
:1068B000014B1868704700BFCC2700200F4B1A68A7
:1068C00010B59AB1531E4FF47A711342A0FB010127
:1068D0000ED1B2FA82F2C2F11F04531CE040D2433F
:1068E00001FA03F3184321FA02F20243104610BDE5
:1068F000002324F0D7F90246F8E700BFD82700208C
:1069000038B5154B8342154B8B41144621D3144B9C
:106910001A68F2B14FF47A75A0FB050305FB01314B
:10692000531E134211D1B2FA82F2C2F11F05531C59
:1069300001FA03F3D243E84021FA02F2184310436C
:10694000E940C4E90001002038BD002324F0AAF981
:10695000F7E72120F8E700BFEFA7C64B37894100D2
:10696000D8270020C2072DE9F84304460BD5474A33
:10697000138801339BB21380FFF7BCFD444B1B68A7
:106980000BB1FFF7FDFDA3077DD525F0E8F905461E
:10699000FFF7B0FD4FF000083D4F46463C680CB194
:1069A00063698BB13B4B0022012E1A7003D118F0A2
:1069B000020F18BF1E70002C61D0FFF7E1FD2846C2
:1069C000BDE8F84325F0D1B923465A693AB91A7996
:1069D0002179914288BF1C469B68002BF5D128463F
:1069E00025F0C3F92569DDB100F0A6F8A269A0EB96
:1069F00002084FEAE873A84573F1000311DB23692D
:106A00001344A361E368B4F80680013613B121682A
:106A10002046984725F0A3F90546FFF76BFDBDE733
:106A2000A84625F09CF981462046FFF71BFE484604
:106A300025F09BF92369002BE4D0A38BB5EB080567
:106A400033B1E28B13449BB2B3F57A7F0FD2E38369
:106A500025F085F9294680462046FFF765FDA369A4
:106A600022691344A361404625F07FF9CAE7A3F5E4
:106A70007A73E383A369013B013DA361E8E7022048
:106A800000F09CF89BE7BDE8F88300BFC03C002005
:106A9000D42700205B43002010B525F060F9034B9C
:106AA0001C7825F062F9204610BD00BF5B43002032
:106AB00010B51D4B86B01868596803AA03C2197A2D
:106AC000D3F8090011700190B3F80D201748DB7B53
:106AD000ADF8082001218DF80A300024FBF73CF9BD
:106AE00003A88DF80C408DF81040FCF74DFC01A96F
:106AF00001208DF80440FCF727FC0D4A536A23F46B
:106B0000FF6323F00703536240F2FF731362012017
:106B10009460FCF733FC074B4FF08042C3F88021B0
:106B20001A6006B010BD00BF64990300A0091400EC
:106B30000020044000E100E0014B9868704700BF6E
:106B40000020044010B5044625F0FEF8124A936870
:106B5000516D9269520704D4CA1A032A01D8994286
:106B60000DD1E21A022A98BFDC1C0B4BB4F1FF3F97
:106B700038BF013C5C655A6A42F004025A6225F053
:106B8000E7F8064A137833B103490B6D43F002036B
:106B90000B650023137010BD00200440DB1500209E
:106BA0008207054A00F00103516A48BF43F004031D
:106BB0000B435362704700BF00200440820700F07F
:106BC000010309D5074A0121117007490A6D22F016
:106BD000030243F004030A6503494A6A22EA0303F5
:106BE0004B627047DB15002000200440830742BF42
:106BF000014B0422DA61704700200440064B012853
:106C00009B6904D0022805D1C3F38000704703F0CC
:106C100001007047002070470020044010B525F0A7
:106C20009EF8094A93690446590703F0010003F0EE
:106C3000070348BF40F002001362FFF793FE2046AF
:106C4000BDE8104025F091B8002004400148FBF752
:106C5000D5B900BFA00914000A4BD3F8883003F05F
:106C60000703013B012B10B50BD825F06DF801216E
:106C700004460220FFF772F92046BDE8104025F0D7
:106C800067B810BD00400E4021282DE9F3410546AC
:106C900004D82C46204602B0BDE8F0810B4E0C4FC4
:106CA000DFF8308000240023CDF8008038681A46D1
:106CB000194629F0B0FC8442EBD2222CE9D056F8D8
:106CC000043BAB42E6D00134EDE700BF689C030013
:106CD00070110020FFFF0F002DE9F04F644E654D4D
:106CE0003168286889B00AF0DDF80446002827D00A
:106CF00033689A69D3E900011268904733689B6949
:106D000004A89B68984733689B690220DB68984712
:106D10000024326805985368B3FBF0F3E7B2BB4236
:106D2000916904F101044DD8CB680020984733687D
:106D30009B695B689847316828680AF0B3F8044695
:106D4000DFF84C914C4FDFF84C81DFF84CA1002666
:106D5000F4B94A4B28689B5D002B00F08380D7F87C
:106D600000B002AB03AA59460AF0DEFA504507D03C
:106D700070B9039B012B0BD0286859460AF018FB09
:106D8000D9F8003028681A6859460AF0FDF9044617
:106D90000136222E09F1040907F1040708F1010860
:106DA000D6D1374AB4FA84F35B0913702B681B7C85
:106DB00023B134484FF48B71FEF708FD204609B02B
:106DC000BDE8F08F12680B6907FB00209847A0E729
:106DD0003B6803AA194402AB01910AF0A5FA504599
:106DE000019903462ED028682BB30BF1010B009BB1
:106DF00028685FFA8BF19942EAD3234B9B5D002B05
:106E0000C6D0DDF800B028685FFA8BF37E2BBFD8C0
:106E1000396802AB594403AA00910AF085FA50453B
:106E2000B6D0009928680AF0C3FA0BF1010B0446AA
:106E30000028E8D0ACE7039B7BB998F80020029BC0
:106E40009A42D2D098F80030D9F8002028680AF089
:106E500003F90028C9D00446CFE701910AF0A8FA47
:106E60000199EFE7094B9B5D0093A346BFE700BF85
:106E70005011002070110020689C0300449C030006
:106E80005E430020F09C0300229C0300DE9B030075
:106E900074990300009C03000BE000F0F8B50D4668
:106EA00016461F46FFF7F0FE212804461CD8174B54
:106EB0001B780BB3164B1868164B53F82410164B5F
:106EC0001B5D3BB132460AF0ABF90446A0B126F097
:106ED000A7F912E07F2D08BF00253B46324651FA44
:106EE00085F10AF003F9F0E7FF2808D981B23B46A3
:106EF000EAB2304626F0F3F800242046F8BD0748F1
:106F00004FF4A671FEF762FCF6E700BF5E43002077
:106F100070110020689C0300449C0300F09C030057
:106F2000F8B50D4616461F46FFF7AEFE212804466B
:106F30001CD8164B1B7803B3154B1868154B53F828
:106F40002410154B1B5D3BB132680AF01DF9044655
:106F500098B126F065F911E07F2D08BF00253B466A
:106F6000324651FA85F10AF077F8F0E7FF2807D9A1
:106F70003A46314680B226F0BBF800242046F8BDE0
:106F800006484FF4C371FEF721FCF6E75E4300208C
:106F900070110020689C0300449C0300F09C0300D7
:106FA00010B5FFF771FE0A4B1B7813B90024204679
:106FB00010BD084B53F82010074B002218680AF048
:106FC0006DF904460028F1D026F02AF9EFE700BF5A
:106FD0005E430020689C03007011002073B51646C4
:106FE0001D46002B73D04BF23463984210D1082D0C
:106FF00028BF082537492A4630462CF0FFFF36497E
:107000002A4630462CF0AAFF30B3002002B070BDF3
:10701000C9B27F2980B208BF0021984218D17F22CF
:1070200041F202016846082326F059F82A4908224D
:1070300068462CF093FF30B908237F2241F2F0110B
:10704000684626F04CF86B4603CB30607160DCE795
:1070500041F2F01398421ED1204B701ED3F8F0106D
:10706000D3F8F4202C1F2B46013B9C4200F8011F53
:107070004FEA11210CD1002CC7D00423D9B2072923
:10708000F2544FEA1222C0D001339D42F6D1BCE740
:10709000002BE9D1B9E700F47043B3F5805F0AD162
:1070A000C0F30B0404F17E642A4605FB014130461F
:1070B0002CF0A4FFA9E700F46043B3F5005FA4D16E
:1070C000C0F30B0404F17E6404F58044ECE7212056
:1070D0009CE700BF0200E00F889D03000081E00FE5
:1070E0002DE9F8431646C20704460F4604D52A4840
:1070F00040F2D311FEF76AFBF30704D526484FF49C
:10710000EA71FEF763FB04F47043B3F5805F24D1AA
:10711000C4F30B04214A04F17E64731E234493429A
:1071200015D82546DFF8709005EB0608A84529D14B
:1071300056B172083946204626F08AF820B1164822
:107140004FF40271FEF742FB0020BDE8F8831248BD
:1071500040F2D911FEF73AFBE3E704F46043B3F5DC
:10716000005F06D1C4F30B0404F17E6404F580448F
:10717000D7E709484FF4F071FEF728FB6FF00F05D1
:107180000024CFE715F8013BFF2BCFD04FF4F5716A
:107190004846FEF71BFBC9E7399D0300FF07E00FD8
:1071A00010B50446FAF712F80B4BA0F57A729A4222
:1071B00010D84FF47A735C43B0FBF3F0074BB3FB8A
:1071C000F0F3B4FBF3F0032804D9BDE810408008C5
:1071D000F8F79EBF10BD00BFFFC99A3B40420F00A9
:1071E00010B513F0CBF929F03CFCBDE81040034684
:1071F000024A0121022002F021BC00BF9A9D030037
:1072000013B5D0E9023253F822301C7820462AF018
:107210007EFD044A009023460121022002F00EFC6C
:1072200002B010BDAE9D0300014B187827F0E2BC00
:107230005F4300202DE9F04F8FB0FF2308A88DF8A1
:10724000133026F02BFFB34A08AB0021022002F0D6
:10725000F5FBB14A41F249030121022002F0EEFBA5
:1072600006A805F03DFC08A90DF1130027F0DCF895
:107270000220AA4A002102F0E1FB002027F0ECFCEA
:1072800010B106A806F02CFB9DF92A30A44A009301
:1072900001219DF82B30022002F0D0FB2AF03EFDA8
:1072A000831EDBB2FC2B05462DD89E4A9E4E9F4F77
:1072B000DFF8E0820121022002F0C0FB0124234616
:1072C00032460021022002F0B9FB05A9E0B213F01A
:1072D00031F800F0FD02912A034600F0A780002853
:1072E00040F0AA809DF9143001939DF81630009368
:1072F0008F4A9DF815300121022002F09FFB0134D6
:10730000E3B29D42DBD8BDF8284027F04DF8894A0A
:10731000009023460021022002F090FB0220864AC2
:10732000002102F08BFB002027F096FC10B108A88A
:1073300006F0D6FA814A0121022002F07FFB19F003
:107340006FFA044619F066FA23467D4A009001213F
:10735000022002F073FB05F0C9FB7A4A00210220EB
:1073600002F06CFB9DF81330FF2B6BD0764A0021A6
:10737000022002F063FB714ADFF81C820121022027
:1073800002F05CFB27F05CF8704A03460121022002
:1073900002F054FB12F06AFF6D4A034600210220FE
:1073A00002F04CFB27F052F8044627F055F8694AE2
:1073B000009023460121022002F040FB25F09AFEB6
:1073C00005F0DEFB644A03460121022002F036FB91
:1073D000002505F0D5FBECB2A04239D825F08AFE95
:1073E000012319465D4A5E4C022002F027FB002073
:1073F00027F000FC5B4B00935B4A00230121022035
:1074000002F01CFB236863B11B78584A012102205B
:1074100002F014FB2368564A5B780121022002F037
:107420000DFB27F0EDFB0FB0BDE8F08F3A460121D0
:10743000022002F003FB62E742460121022002F033
:10744000FDFA5CE74B4A0021022002F0F7FA92E7CE
:10745000494B4A4F03EB04162046D6F8089005F036
:107460000DFD8246204605F091FB00280CBFC34667
:10747000BB46204605F002FD07F006FA002808BFCB
:107480004746CDE900B73E4ADFF810B15346002128
:10749000022002F0D3FAB3790293B3880193738880
:1074A0000093337B374A0121022002F0C7FA0026FD
:1074B00099F80430F4B2A34203D825F01BFE01353D
:1074C00087E7D9F8007014235C4307EB040A3A5BA2
:1074D0009AF90C3000922C4A32EA230228BF5A460D
:1074E00013460220294A002102F0A8FA002027F0C2
:1074F000B3FB38B150463C5B26F0F2FF0146204614
:1075000007F00EFA224A0121022002F097FA013612
:10751000CEE700BFEF9D0300FE9D03001A9E03000F
:10752000469E0300219E0300379E03005B9E0300DE
:107530003E9E0300729E0300929E0300678203003A
:107540009B9E0300BD9E0300E7A00300C89E0300AE
:10755000DC9E0300F29E0300019F0300789F03005E
:10756000002A0020909F0300849F03009E9F030039
:10757000B29F0300818B0300E4290020C69D030015
:107580000C9F03002C9F0300E39D0300609F0300FA
:10759000A37B0300669E0300CE9D0300D79D0300DE
:1075A0002DE9F743134EDFF85C80002505F0E8FA7B
:1075B000ECB2A04202D803B0BDE8F0832701204618
:1075C00016F8079005F0E2FA0B4A002808BF424679
:1075D0004B46002100920220084A02F02FFAF05D8B
:1075E00026F042FF064A0121022002F027FA013567
:1075F000DCE700BFE4290020C6D30300CD9F0300D1
:10760000A37B0300D0D3030008B583685A681178C0
:10761000C26853F82230A1F16502514251411878F5
:1076200005F02EFD30B9BDE80840034A01210220D3
:1076300002F004BA08BD00BFD89F0300024A00212F
:10764000022002F0FBB900BFF29F0300024A0021B2
:10765000022002F0F3B900BF20A0030010B586B0ED
:1076600004461822002168462CF0A2FC684627F048
:107670005FFAD4E9022052F8203002EB80021B7836
:107680008DF80B30516891F900108DF80A1091684F
:107690000988ADF808106168091A032907DDD26866
:1076A000127803F01F0343EA42138DF80B3068464B
:1076B00004F0E0FE034A03460021022002F0BEF976
:1076C00006B010BD3CA0030007B52AF09EFE054B96
:1076D0000090054A0021022002F0B0F903B05DF8E5
:1076E00004FB00BFBD41030049A0030007B5D0E97A
:1076F000023253F8221003EB820308785B681968A2
:10770000094B002908BF1946003818BF0120A222E2
:1077100014F064FF054B0090054A0121042002F09B
:107720008DF903B05DF804FB00F8FF071EC70300E6
:1077300054A0030013B5D0E9023203EB820153F8E1
:107740002230D1E90114187822780968003818BF6E
:1077500001202AF0D7FD044B0090044A01210420A7
:1077600002F06CF902B010BD5EA0030073A003002C
:1077700008B50D4A0123002127F023FC0A4827F011
:10778000FCF90020094906F039F9002027F064FAD5
:1077900010B1054806F0A4F8BDE80840044A0121EC
:1077A000042002F04BB900BFA14400207BA00300DD
:1077B000A37B030010B526F055FE034630B1BDE8AB
:1077C0001040064A0121042002F038B9BDE81040FB
:1077D000034A0121042002F031B900BF89A003004F
:1077E0009AA0030010B527F0CAF9BDE8104003467F
:1077F000024A0121022002F021B900BFA5A0030026
:1078000010B527F08BF9BDE810400346024A01216C
:10781000022002F013B900BFBBA0030037B5D0E9C6
:10782000023253F822301D78012404FA05F10023B6
:10783000FE224FF6FF701DF09FFF044A00902B467A
:107840002146042002F0FAF803B030BDCFA00300B7
:10785000D0E9023253F822301B7823B1034A0121C8
:10786000022002F0EBB8024A13707047EEA003004A
:107870005F43002007B5684605F032F926F094FD15
:10788000094A03460121022002F0D8F8684606F0B2
:1078900027F826F08BFD054A03460121022002F05D
:1078A000CDF803B05DF804FB04A103001EA10300A2
:1078B00037B5D0E90245406854F8253004EB85041B
:1078C000401B032819786368C8BFE0681A78A3686A
:1078D000C8BF007893F90030D8BF00200090012085
:1078E0002AF0D0F938B9094A0121022003B0BDE8D5
:1078F000304002F0A3B8064B01900093054A064BB6
:107900000121022002F09AF803B030BD2FA103003C
:1079100037A103004BA103006744030007B5012012
:107920002AF0B2F948B90090094B0A4A0121022015
:1079300002F084F803B05DF804FB054B019000935E
:10794000054A064B0121022002F078F8F2E700BF59
:1079500037A1030062A103004BA103007744030099
:1079600008B5D0E9023253F82230187816F014FB2B
:1079700030B9044ABDE808400121042002F05EB895
:10798000014AF7E777A1030093A1030008B5D0E906
:10799000023253F82230188816F0F8FA30B9044A47
:1079A000BDE808400121042002F048B8014AF7E789
:1079B000B2A10300E2A1030073B5037813F0050F31
:1079C00004460ED04588062D17D18368184A5B6897
:1079D0001B780193838800930121164B042002F049
:1079E0002DF82378012B20D0124B134A01210420BB
:1079F00002B0BDE8704002F021B835B983880F4A63
:107A00000121042002F01AF8EBE7012DE9D1866884
:107A10000B49002005F0F2FF304605F061FF094AEE
:107A20002946042002F00AF8DBE702B070BD00BF6F
:107A300018A203000FA203006AA2030035A20300EC
:107A400052A20300A37B03002DE9F04F374DDFF86E
:107A5000F8900FCD8FB009AC0FC42B68344A236067
:107A60000121022001F0EAFF0026344626F0ECFC5A
:107A7000F5B2A8420BD826F0E7FC2E4A0090234628
:107A80000121022001F0DAFF0FB0BDE8F08F05A957
:107A900028462BF080FB0346002841D19DF8143086
:107AA000032B39D904238DF81430234A2B460021A7
:107AB000022001F0C3FF9DF814300EAA02EB8303ED
:107AC000002153F8143C4A46022001F0B7FF284633
:107AD0009DF821A09DF815B09DF81870BDF816808E
:107AE0001CF0B2FECDE900B7CDE90280134A0220B6
:107AF0005346002101F0A2FF01340020E4B227F038
:107B0000ABF818B10DF1190005F0EAFE0C4A00219E
:107B1000022001F093FF01E0002BC6D10136A5E75A
:107B2000084A0021022001F089FFF7E7F4A30300CF
:107B30007CA20300EEA20300399E0300A9A2030069
:107B4000DC8F0300D0A20300FEAC0300C368826890
:107B5000013BDBB2022052F823301B78652B064B29
:107B60000BBF064A002201211A701ABF0121044AE4
:107B7000197001F063BF00BFFD15002005A30300CD
:107B800013A30300D0E9023253F822301A88014BC4
:107B90001A8070479C15002007B5D0E9023103EB2D
:107BA000810253F82130526819880548054B128824
:107BB00000930088012306F0A1FB03B05DF804FBED
:107BC0009C150020B9790000C3688268013BDBB2D4
:107BD00052F823305B78A3F1660253425341014AC5
:107BE000137070470016002030B5D0E9023253F808
:107BF000223089B01D780123194602AA044627F0D5
:107C0000E0F90123009310230DEB0302204602212B
:107C100027F0B8F904AA02A9284627F027FE002871
:107C20004FF0000014BFB324002427F015F818B15A
:107C30000548214604F000FC044A0121042001F01B
:107C4000FDFE09B030BD00BF22A30300A37B0300EB
:107C500070B58EB00026122309AA022100960546AF
:107C600027F090F905AA014609A804F0DDF90446B9
:107C700098B1BD2805D1154A0121042001F0DEFE8E
:107C800009E0022801D1124AF6E70346114A012110
:107C9000042001F0D3FE0EB070BD0123194603AAE3
:107CA000284627F08EF9224605A903A827F0F6FDFD
:107CB0000028304618BF182426F0CEFF18B1064819
:107CC000214604F0B9FB054AD6E700BF2FA3030005
:107CD00052A303008DA30300ACA30300A37B030006
:107CE000D0E90232F0B553F8221003EB820387B0DB
:107CF0009B680E781F780546384626F08DFF0446AF
:107D000008BBD5E90221012319448DF8083052F847
:107D1000210002EB810200888DF809709268ADF8AD
:107D20000A0012788DF80C2004210DF10D0228466E
:107D300027F047F902A930468DF815401CF0D2FD16
:107D4000044626F05DFF044A0094334601210420D6
:107D500001F074FE07B0F0BDC1A303002DE9F041AE
:107D6000284A294E294FDFF8B4808EB00121022025
:107D700001F064FE05AB01AA09A9002027F0D1FE9D
:107D8000002504461CB128460EB0BDE8F081022053
:107D90002B463246214601F051FE204626F05CFF7C
:107DA00010B10AA805F09CFD9DF830303A4600213C
:107DB000022001F043FE079B42460021022001F011
:107DC0003DFEBDF82030124A0021022001F036FEAF
:107DD000BDF814300F4A0021022001F02FFE0135BA
:107DE00001A826F034FFEDB20B4A0121022001F078
:107DF00025FE05AB01AA09A9284627F092FE0446F4
:107E0000C0E700BF08A403004EA4030056A403006B
:107E100028A103006BA40300A37B030062A403005A
:107E20002DE9F04F064699B0C0B926F00BFB074686
:107E30000EA827F08DFA404ADFF80481DFF804919C
:107E4000DFF804A10121022001F0F8FD00252C46F5
:107E5000BC4205D3284619B0BDE8F08F0127E7E7FB
:107E600013A827F075FA002E4BD04FF0020B06A98D
:107E700013A88DF84CB027F0D2FC0446002859D145
:107E800002A913A827F0B8FD9DF859302B4A43F0FA
:107E90000103214658468DF8593001F0CFFDFE24EC
:107EA0009DF859300AA943F0010313A88DF8593001
:107EB00027F0A2FD002026F0CFFE10B114A805F097
:107EC0000FFD0C9B42460021022001F0B7FDBDF8DA
:107ED000282012F4007F14BF41234C2312F0100F0E
:107EE0000CBF6E227922009200214A46022001F046
:107EF000A5FD06A826F0ABFE0135EDB20134E4B2D3
:107F0000A6E70AAB06AA13A9204627F098FD002889
:107F1000F4D102A913A827F06FFD9DF8593043F062
:107F200001038DF85930524623463146022001F0B4
:107F300085FDB5E7FE24E1E775A40300AAA40300CC
:107F400062A40300B1A403004EA4030030B599B0AD
:107F50000EA827F0FDF9012413A88DF8384019F078
:107F60007DFAC0B9BDF84C1011EA040513D1454A99
:107F70002146022001F062FD434A2946022001F019
:107F80005DFD404A2146022001F058FD3D4A214650
:107F9000022001F053FD06A90EA827F040FC20B1F5
:107FA0001022FF2106A82CF003F804A827F0E6FB16
:107FB000059B364A00930121354B022001F03EFD1E
:107FC0009DF81230334A00930121314B022001F019
:107FD00035FD2F4B304A0021022001F02FFD06A86D
:107FE00026F035FE13A827F0B3F902230AA913A837
:107FF0008DF84C3027F000FD00283FD10B9B0093FB
:10800000264A274B0121022001F018FD244B254A66
:108010000121022001F012FD0120FFF701FF204B9A
:10802000214A0121022001F009FD0020FFF7F8FE9E
:10803000044626F007FA234600901C4A012102203C
:1080400001F0FCFC1A4B184A0121022001F0F6FC59
:10805000FFF784FE1749184A02280346174828BF2D
:108060000A460849009228BF0146CDE90131144A69
:108070000121022001F0E2FC19B030BD4FF0FF33C6
:10808000BDE700BFA37B0300C4A4030002A5030057
:10809000FAA4030012A5030023A5030028A50300EA
:1080A00028BD030038A503003FA5030048A5030031
:1080B0005CA50300C0A403000C470300FFAC030051
:1080C0006AA50300D0E9023210B553F822301C78BB
:1080D000201E18BF012015F011F9054A054B06496D
:1080E000002C18BF1A460020BDE8104005F06CBCFB
:1080F00097A5030092A50300A0A50300D0E90232D2
:1081000053F8223003491A88034B00201A8005F0E7
:108110005BBC00BFE1A50300B8150020D0E9023226
:1081200053F822100878044903EB820308705B6857
:108130001A78024B1A707047B7440020B6440020EA
:1081400037B5044612F092F8014638B10D4A0E498F
:10815000002003B0BDE8304005F036BCE368A268FB
:108160000A48013BDBB252F82330094A1D7801234B
:1081700000936C2D08BF02461023204626F002FF14
:1081800003B030BD2FA6030037A60300EC15002076
:10819000DC15002013B583689A681278672A22D10B
:1081A00001A819F05BF90446A8B9BDF804201749E5
:1081B00005F00AFCBDF80430DA070AD413F0020F08
:1081C000134B144A18BF1A461349002005F0FCFB54
:1081D00019E0124AF8E702461149002005F0F4FBC5
:1081E00010492246F1E7C26853F8220003EB8203EC
:1081F00000685B6801A91B68ADF8043019F0FEF84F
:1082000004460028ECD102B010BD00BF6FA60300E9
:1082100062A603004DA6030088A6030052A6030031
:108220009AA60300C6A60300034A04491388C8544B
:1082300001331380704700BFD03C0020654300200D
:1082400073B5164D164E2B78164A13F0040F4FF0E7
:1082500001040CBF02230423147032880192EB5CEA
:108260000093114B114A5B882146022001F0E6FB86
:108270000F4A0021022001F0E1FB0E4B00933288EF
:1082800029462346022001F023FC0B4A2146022006
:1082900002B0BDE8704001F0D1BB00BF65430020D3
:1082A000D03C002064430020C23C0020D5A603003F
:1082B000FAA603001CA70300A37B0300134B70B5B1
:1082C00016464FF48A52DA805980114B114D1B88A3
:1082D0001A1E18BF012240EA82000F4A1278003AA3
:1082E00018BF012240EA0210287063B16B701B0AAC
:1082F000AB70032406F034FB631C2855EE54074B87
:1083000002341C8070BD0124F4E700BFC23C002091
:10831000CE3C00206543002063430020D03C002079
:1083200038B5D1E9023253F822300C4619880D4B8A
:10833000024605461878FFF7C1FFE368A2680133DB
:1083400052F82330188824F0F7FF4DB1E368A26893
:10835000023352F823301878BDE83840FFF764BF85
:1083600038BD00BF60430020F0B5054685B0EB681E
:10837000AA68264E264F0233084652F823301C784E
:108380002946FFF7CDFF204626F096F878B3204621
:1083900026F09EF803AA441C0321284624F0D7F8AF
:1083A00032880399E4B2C2F152031B1B9BB28B4289
:1083B00022443CBFC2F152030393012303210093E3
:1083C0003A449DF80C30284626F0DCFD039A3388A9
:1083D000022C08BF0F48FA5404BF110AC1541344B9
:1083E0001C44348005B0BDE8F040FFF729BF2046AB
:1083F00004F084FB328801230093044603463A4488
:108400000321284626F0BEFD3388E9E7D03C002052
:10841000654300206643002007B505230093054A05
:10842000054B0121022001F009FB03B05DF804EBCC
:10843000FFF78CBD0AA7030003A7030013B504468A
:1084400027F0F3FB38B1CDE90040044B044A012189
:10845000022001F0F3FA02B010BD00BF2FA6030006
:1084600021A70300194B1B7837B53BB9184A0121E6
:10847000022003B0BDE8304001F0E0BAD0E902329A
:1084800053F82230134C1D7863880093124A2B4610
:108490000121022001F0D2FA104B25711B78104DFA
:1084A00063B1104A0121022001F0C8FA0E4A29885E
:1084B000204603B0BDE8304025F039BD0A4A29887E
:1084C000204603B0BDE8304025F0E5BD6443002000
:1084D00038A70300C23C002046A7030061430020E8
:1084E000D03C00205DA7030065430020D0E90232A4
:1084F00053F8221003EB8203F0B55A680C78168803
:108500009A68DB6817881D78344A354B8FB0CDE9FF
:10851000016700940021022001F090FA8DB37923C5
:10852000304A0121022001F089FA40230DF11302A3
:10853000029205AD23220192204600953A4631462B
:1085400026F00AFA044600283FD19DF8130025F0D2
:10855000B9FF0646E8B1284626F03CFB2128224B0D
:108560000093A8BF2120234682B20DF115010220FD
:1085700001F0AEFA1D4A0121022001F05FFA0FB0AE
:10858000F0BD6E23174A0121022001F057FA802323
:10859000CCE79DF8130025F09BFF60B1284626F03C
:1085A0001EFB2128104B0093A8BF2120334682B226
:1085B0000DF11601DBE79DF8130004F09FFA0C4B58
:1085C0000093024601232946D1E70090094B0A4A4D
:1085D0000121022001F032FAD1E700BF77A70300A2
:1085E00016BE03009CA70300A3A70300A37B030000
:1085F0001CA70300BAAE0300A6A70300D0E902320D
:1086000053F8221003EB82032DE9F04F5A680F78DC
:10861000B2F800809A68B2F80090DA681B6992F8A4
:1086200000A01D78314A324B91B00021CDE901897B
:1086300004460097022001F001FABAF1000F14BFBE
:1086400079236E232B4A0095012102200DF11C0B8A
:1086500001F0F4F92322002158462BF0A9FC28460A
:1086600025F030FF064610B3002300930DF11D02E4
:1086700021230521204626F085FC8DF81C00BAF147
:10868000000F0CBF802340234A464146CDE900B588
:10869000384626F02EF90146154803F0CDFE164A5D
:1086A0000121022001F0CAF911B0BDE8F08F28467F
:1086B00025F00EFF60B1009621230DF11E02052169
:1086C000204626F05FFC8DF81D608DF81C00D6E773
:1086D0000590284604F012FA059A009203465A467D
:1086E0000521204626F04EFCC9E700BF77A703000E
:1086F00009BE0300B7A70300A37B03002DE9FF47D2
:108700005F681C46DB680025FF1A0395FFF7D6FD5E
:10871000FFB2A846EBB29F4245D90C9B13F8083034
:10872000A3F12102D1B2072925D9A3F131001328E1
:108730000BD8DFE800F0515A637D383838380A0A20
:108740000A0A0A0A0A0A0A0AAA9008F10108142B5E
:108750005FFA88F825D833B3013B132B23D8DFE821
:1087600003F03B444D2722222222222222222222CF
:1087700022223B444D67232A15D8DFE802F02D362C
:108780003F191414141414141414141414142D363E
:108790003F59141414141414141414141414866C5F
:1087A000866C2329E7D9FFF74BFD04B0BDE8F087BD
:1087B000E368A2682B444FF0040952F823301E6886
:1087C000F0B209F1FF39FFF72FFD19F0FF094FEA69
:1087D0001626F5D101359DE7E368A2682B4452F8CF
:1087E00023301878FFF720FDF4E7E368A2682B44F4
:1087F00052F82330188824F09FFDEBE7E368A26865
:108800002B4452F823301E68B6F1807F09D2F0B2B3
:10881000FFF70AFDC6F30720FFF706FDC6F3074082
:10882000E0E7274A2B460121082001F007F9BAE7C3
:10883000E368A2682B444FF0040952F823301E6805
:10884000F0B209F1FF39FFF7EFFC19F0FF094FEA29
:108850001626F5D1BEE71B4E03AA2946204623F073
:1088600076FE3388184ADDF80C90002102EB030CE9
:10887000CAB2914501F1010102D84B443380A9E706
:1088800010F802A00CF802A0F2E70E4EDFF838A0B4
:108890003288C2F151039BB2FF2B28BFFF23002176
:1088A00001320091DBB2524469B2204626F046FB09
:1088B00033880AF803000133184430808AE700BF88
:1088C000D0A70300D03C002065430020094B1B7853
:1088D00023B1094A0121082001F0B0B8D0E90232E1
:1088E00053F82230054A1B8813800121044A0820CE
:1088F00001F0A4B864430020F6A70300CE3C00209A
:1089000038A80300D0E9023253F82230054A1B7818
:10891000003B18BF012313700121034A082001F016
:108920008DB800BF624300205EA80300D0E9023288
:1089300053F82230034A1B7813700121024A0820A1
:1089400001F07CB8634300208DA80300D0E9023217
:1089500010B553F8223019880C4B044613221878AE
:10896000FFF7ACFCE368A268013352F823301878B3
:10897000FFF75AFCE368A268023352F823301878F4
:10898000FFF752FCBDE81040FFF75ABC60430020DF
:10899000D0E9023210B553F8223019880C4B044646
:1089A00011221878FFF78AFCE368A268013352F8B5
:1089B00023301878FFF738FCE368A268023352F8D6
:1089C00023301878FFF730FCBDE81040FFF738BCC3
:1089D00060430020D0E9023253F82230034A1B786A
:1089E000003B18BF0123DB00137070476043002079
:1089F000D0E9023210B553F8223019880E4B0446E4
:108A000006221878FFF75AFC0120FFF70DFCE368F7
:108A1000A268034452F82330188824F08DFCE368E0
:108A2000A268023352F82330188824F085FCBDE890
:108A30001040FFF705BC00BF60430020D0E90232C0
:108A400001322DE9F04153F8221003EB82038EB07E
:108A50005A680D8817889A6853F8043C1478187877
:108A6000002C0DF113034FF0210805AE0293CDF851
:108A700004800CBF8023402300963A46294625F007
:108A80006BFF034638B1194A0121082000F0D6FFD8
:108A90000EB0BDE8F081201E18BF01200A22294631
:108AA000C000FFF70BFC384624F046FC9DF813008D
:108AB000FFF7BAFB9DF813004246314625F0D7FC7C
:108AC000044628B10A4F3D88C5F15203984202DDA1
:108AD000084A2346D8E70246074831462844254439
:108AE0002BF08CFA3D80FFF7ABFBD1E7C3A8030066
:108AF000D03C0020DFA8030065430020D0E902320B
:108B000010B553F8223019880C4B04460822187807
:108B1000FFF7D4FBE368A268023352F823301878D9
:108B2000FFF782FBE368A268013352F8233018880C
:108B300024F002FCBDE81040FFF782BB6043002038
:108B4000D0E90232023273B553F8221003EB8203EC
:108B50000C7853F8042C53F8083C16881988234BDA
:108B6000054606221878FFF7A9FB0020FFF75CFBFB
:108B7000304624F0E1FB2046FFF756FBEB68AA687D
:108B8000033352F82330188824F0D6FBEB68AA6828
:108B9000043352F82330188824F0CEFB204606F028
:108BA000D1F8E8B9204603F0A9FF05210446019059
:108BB00001AA284623F0CBFC019B9C42014606D02B
:108BC000224631460A4807F019F802B070BD094D37
:108BD00009482E882246304434442BF0CFF92C80AB
:108BE00002B0BDE87040FFF72BBB00BF6043002020
:108BF0000BA90300D03C002065430020D0E90232DD
:108C000073B553F82230114D1A88114B4FF48A5125
:108C1000D9805A80002300932A465223012126F04E
:108C2000B1F92B7813F0040F0A4B1B7804460CBFE4
:108C30000126032613B105F093FEA855064B1C80B0
:108C400002B0BDE87040FFF7FBBA00BF65430020EB
:108C5000C23C002062430020D03C0020D0E9023218
:108C600053F82230034A1B78003B18BF01231370CE
:108C7000704700BF6143002010B50C4608B904F0EE
:108C80000BFE024B18715C7110BD00BFC23C00208E
:108C90002DE9F341D0E90253024655F823105268FA
:108CA0000C882A4E05EB8301D21A013BDBB2022A63
:108CB0004868C8BF8A6855F8238033780078CCBFED
:108CC0001178FF213BB9224A0121022002B0BDE800
:108CD000F04100F0B3BEFFF7CFFF1E4F1E4D25F051
:108CE00063FB3B88009301462B461C48224625F037
:108CF00029FFB0B998F804303A885F2B14D117498E
:108D00002B46204625F00CF928B10346144A0121D0
:108D1000022000F093FE134A00231380124A33709E
:108D2000137002B0BDE8F0814FF6FB739C4205D989
:108D30000A492B46204625F045F9E5E713460095FC
:108D4000064A214625F068F9DEE700BF64430020AB
:108D500056A90300D03C002065430020C23C0020FF
:108D60005DA90300CE3C00206343002010B5002223
:108D700004460A211046FFF7A1FA002024F0DCFA8D
:108D8000044B01221A70FFF75BFA2046BDE8104041
:108D9000FFF77EBF9F44002038B51C4615460123CF
:108DA000224626F00EF928B92146284611F008FC83
:108DB000044610B90024204638BD034A012104208E
:108DC00000F03CFEF7E700BF84A903002DE9F04363
:108DD00015461F46D0E902230C4652F8231002EB39
:108DE00083020E88936893F80080D3688BB0B3F841
:108DF0000090324606AB0121FFF7CEFFF0B90DF12E
:108E0000200CF4B12A8801234021CDE90471CDE979
:108E100002C2CDE9009306AA43462221304626F03D
:108E200007F90B4B0B4A00930B4B0190002C08BF2A
:108E300013460121094A042000F000FE0BB0BDE8F2
:108E4000F08328686968624603C203232246DBE791
:108E5000DBA90300C2A90300C7820300CAA903005B
:108E600007B501236A46002126F0ABF8034968469E
:108E700005F0C0FA03B05DF804FB00BFB97900004B
:108E8000D0E9023253F822300149188805F084BA3B
:108E9000B9790000D0E9023210B503EB820153F832
:108EA00022304968188809784FF48A5226F0B0F8C1
:108EB000BDE810400346024A0121042000F0BEBD77
:108EC000E5A90300D0E9023253F8223010B5188822
:108ED0004FF48A52022126F08DF8BDE81040034677
:108EE000024A0121042000F0A9BD00BFFEA9030031
:108EF000D0E902322DE9F04353F8221003EB82034C
:108F00000E885A6817789A68DB6892F80090B3F870
:108F100000808BB006AB324604210446FFF73CFFCD
:108F200028BB08AD01232A460521204626F049F832
:108F300038B904200F4A012100F080FD284603F0D3
:108F4000CFFD4FF48A53CDE904930023CDE90253BA
:108F50000323CDE9008306AA3B462121304626F0B3
:108F600067F8054A03460121042000F067FD0BB0B5
:108F7000BDE8F08315AA030044AA030038B5D0E980
:108F8000024303F18043023B0F4954F823000222BD
:108F90009D002AF0E3FF60B90C4B0D491A78042AB2
:108FA0000BD82C44A068008821F8120001321A70F6
:108FB00038BD084B08491A78F1E7BDE83840074A40
:108FC0000121042000F03ABDE88E0300B8430020E0
:108FD000DC3C0020B7430020D23C002056AA03000E
:108FE00008B5C3688068084903F18043023B022248
:108FF00050F823002AF0B2FF10B9044B187008BDD6
:10900000034B00221A70FAE7E88E0300B8430020F1
:10901000B743002037B5D0E9023153F82120157845
:109020004268521A012A4FEA810410DD234429467E
:109030005B681C78204625F05BFFD0B1164A00958E
:1090400023460121042000F0F9FC03B030BD6C0977
:1090500044F0180405F01F052946204625F048FF76
:109060000028EBD10121A9400023FE2241EAC4617E
:1090700005E00121A940002CF4D12346FE224FF641
:10908000FF701CF079FB054A03460121042003B060
:10909000BDE8304000F0D2BC6CAA03008CAA0300EB
:1090A00070B5D0E9021551F8253001EB8501044671
:1090B00018884B681A788B68052A1B8802D85E1EB0
:1090C000072E0BD90D4A0121042000F0B7FCBDE8A2
:1090D00070400B4A0121042000F0B0BC6468641B9E
:1090E000032CCABFC968074909681CF045FBBDE8E5
:1090F000704002460449002004F080BCAAAA030084
:10910000CAAA030000F8FF07E7AA030008B5D0E9E0
:10911000023253F8220003EB8203FF2259680388CE
:1091200009684FF6FF701CF027FBBDE808400246B7
:109130000149002004F062BCF8AA030008B5D0E998
:10914000023253F8223005211888402225F052FFC0
:10915000BDE8084002460249002004F04FBC00BFB1
:1091600017AB030008B5D0E9023203EB820148686F
:1091700053F82210027809884023312025F08DFF12
:10918000BDE8084002460249002004F037BC00BF99
:1091900036AB030008B5D0E9023203EB8201486820
:1091A00053F82210027809884023332025F075FFF8
:1091B000BDE8084002460249002004F01FBC00BF81
:1091C0004EAB03001FB5D0E9023253F8221003EB77
:1091D00082030C889B680C491A7808684968003A31
:1091E00018BF012202AB03C3D20102A940232046CB
:1091F00025F062FF054B0090054A0121042000F094
:109200001DFC04B010BD00BFE9AB0300DBA90300E7
:109210006AAB030007B5D0E9023253F822300321CC
:109220001888402225F0E6FE044B0090044A0121F4
:10923000042000F003FC03B05DF804FBDBA903008D
:1092400077AB0300C36837B50533826852F8233023
:1092500004211D786A460123044625F0B2FE38B980
:109260000420074A012100F0E9FB684603F038FCBE
:109270002B466A4600212046FFF7A8FD03B030BD0B
:109280008FAB030007B5D0E9023203EB82014868D7
:1092900053F82210027809884023322025F0FDFE81
:1092A000044B0090044A0121042000F0C7FB03B0E6
:1092B0005DF804FBDBA90300C0AB03001FB5D0E9D8
:1092C000023203EB820153F822304968188809887A
:1092D0000A4A4FF48A530293094B0193094B0093B6
:1092E000094B12781B7824F09DF8084A03460121A7
:1092F000042005B05DF804EB00F0A0BBB8430020EB
:10930000D23C0020DC3C0020B7430020D3AB03005C
:10931000836970B513F00106044603F0020509D114
:10932000EDB9C3695BB310F035FEE3692046BDE8D3
:10933000704018471DB11B489B21FCF747FAA069F4
:10934000C0F3810025F056FCE3691BB91548A32141
:10935000FCF73CFA204610F01DFE4DB916E0C3F3B1
:10936000072025F059FCE369B3B1204610F012FE46
:10937000E369607E9847BDE8704025F041BC09482C
:10938000A321FCF723FA204610F004FEE3692046EF
:109390009847002EEFD170BD0248A321FCF716FAC2
:1093A000E3E700BFF1AB030008B510F0F1FF28B10F
:1093B000BDE8084002483F21FCF708BA08BD00BFDD
:1093C000F1AB03002DE9F84FFF2B9DF82870DFF873
:1093D00068B0DFF868A00446884691461D464FF005
:1093E000000612D1C0E900BAC0E9066206618660D3
:1093F000C160FF2F07D0A36943F0020323F47F432A
:1094000043EA0723A361BDE8F88FFF2F03D0094883
:10941000BE21FCF7DBF9AD0045F00105EDB2C4E972
:1094200000BA2661A660C4F81C90C4F80C80A5613F
:10943000DFE700BFF1AB0300DC2700201193000041
:1094400010B5064C0460064CC2610023C0E901431C
:1094500003610123C160836110BD00BFDC270020D0
:1094600011930000826938B502F00203D207044666
:109470000D4620D553B9FF2921D1A36913F00C0F54
:1094800017D01148FC21FCF7A1F912E00E48ED219C
:10949000FCF79CF9FF2DF0D0284625F08AF8FF282C
:1094A000054603D10848F521FCF790F92DB204EBED
:1094B0004514204638BDFF29FBD0002BECD10248D3
:1094C000F221FCF783F9E7E7F1AB03000023054A3B
:1094D0000361C0E906310260C360034A034B426086
:1094E00083607047DC27002011930000299E010053
:1094F000014828F08CBB00BFDC270020014828F081
:1095000092BB00BFDC27002013B5164828F054FB9F
:10951000F7F7F6FA22F057F922F06AF922F06BF920
:10952000FCF70EF90446FCF725F90F4A0090234694
:109530000121042000F082FAFCF708F9012383409E
:1095400040F2A17213420BD00020FBF7F7FF00207E
:10955000FBF7F6FE002002B0BDE81040FBF7BCBEF2
:1095600002B010BDDC27002047AC0300022808B57C
:1095700003D123F077FD014B186008BD0C280020B3
:1095800008B508F08FFA074B0120187023F0C3FFCD
:10959000022023F0C0FFBDE8084003490348FCF760
:1095A00057BD00BFBA4300207C11002010280020C6
:1095B000014B1870704700BFB943002038B50E4BFF
:1095C0001C786CB9204638BD24F0F2FE04280FD078
:1095D00024F0EEFE054625F013FB052D0AD0F1E739
:1095E000002025F007FB28B924F0E2FE0228EBD189
:1095F00025F006FB0024E5E7FC15002008B5074B25
:109600001B780BB1002008BDFFF7D8FF0028F9D167
:1096100003F08CF9023818BF0120F4E7B9430020A9
:1096200070B510F01DFF0446FFF7E8FF14F0070FB8
:10963000204D0CD158B110F013FF10BB4FF0FF3488
:10964000FFF756FF844228BF0446042C1DD82B7810
:1096500023B9012023F05FFF01232B7023F069FF62
:10966000044628B32B781BB91348F921FCF7AEF850
:1096700010F00EFE0446FFF73BFF844228BF04466D
:1096800016E010F005FE0446DAE7204623F053FF0B
:109690000028DCD02B785BB122F056FB0021064677
:1096A0000120FCF75BFC304622F052FB00232B70BC
:1096B000204670BDBA43002067AC03001FB5FFF71A
:1096C000AFFF0446FDF7F4F8A04228BF204688B15A
:1096D00003A9FDF7CFF8034638B9CDE90000064AE3
:1096E0000399064823F035FD18B105489221FCF78F
:1096F0006DF8012004B010BD15D50200EC27002044
:1097000067AC03000D4B0E4A1B7870B50D4D0E4C27
:109710000121002B0CBF2B462346022000F08EF9BE
:109720000A4B0B4A1B780121002B0CBF2B4623460A
:109730000220BDE8704000F081B900BFFC15002098
:10974000C3AC0300C0AC0300BCAC0300B9430020B1
:10975000E2AC030010B5D0E9023253F822301B7896
:10976000002B14BF012400244FF0020014BF054A4F
:10977000054A012100F062F92046BDE81040FFF7DC
:1097800017BF00BF01AD03001EAD0300D0E90232D8
:1097900053F82230034A1B78003B18BF0123137093
:1097A000704700BFFC15002010B50A4C0A49002084
:1097B00004F00AF923681B68587924F02DFF236808
:1097C0001B68587924F090F9002025F0DCFA01207C
:1097D00010BD00BFC42A00203DAD03002DE9F341B8
:1097E0000C4E0D4DDFF838800C4F002456F8043B2A
:1097F0000BB9D8F8003035F8022B009239462246D2
:109800000020013404F0E0F8292CEFD102B0BDE8CB
:10981000F08100BF88110020BC3D002060AD030036
:109820008411002007B5D0E9023253F822301A78AB
:10983000282A0DD8084B53F822300BB9074B1B6868
:10984000074931F8121000910020064904F0BCF8D5
:1098500003B05DF804FB00BF8811002084110020D4
:10986000BC3D002060AD030038B5D0E9023253F8AA
:10987000221003EB82030C785B6805491D880020E9
:1098800004F0A2F829462046BDE8384000F0BAB8F6
:109890006BAD03002DE9F3410C4E0D4DDFF8388020
:1098A0000C4F002456F8043B0BB9D8F8003035F8BB
:1098B000022B0092394622460020013404F084F83D
:1098C000292CEFD102B0BDE8F08100BF8811002043
:1098D0006A3D002060AD0300841100202DE9F341B2
:1098E00002AB03E906000446904610F039FC054639
:1098F000204610F045FC384F9DF80060374BFDB115
:10990000202C98F8002033F8141037F8140008D9E8
:10991000814253D34FF6FF7291421DD102B0BDE890
:10992000F081012A32D802EB42122D4822444FF630
:10993000FF7530F81210A94202D0013120F8121040
:1099400033F8141037F81400814237D34FF6FF7202
:1099500091424FF0010502D0013123F8141004F0B8
:10996000FD02092A2CD19A8AB98A32448A42B4BFAC
:109970009A82998233F814308342CFD3002DCDD10F
:10998000204602B0BDE8F04124F0BEB8022AD7D18B
:10999000134A32F814104FF6FF70814204F121008F
:1099A0001CBF013122F8141032F810104FF6FF7569
:1099B000A9421CBF013122F81010C1E70025CBE7F6
:1099C0001D2CD7D15A8F91198142BDBF02F1FF32B0
:1099D000B6185E875887CDE76A3D0020BC3D002061
:1099E000E63C00200248522200212AF0E1BA00BFE2
:1099F000BC3D002002485222FF212AF0D9BA00BF04
:109A00006A3D0020014B23F8101070476A3D00208A
:109A100008280ED84FF48B73C340DB0709D5064ADC
:109A2000136819B1034313600020704723EA000351
:109A3000F9E72120704700BF301200200CB408283D
:109A400013B50C4611D84FF48B73C340DB070CD50C
:109A5000084B1B68184208D005A90498019106F02C
:109A6000E1F814B1044826F098FA02B0BDE81040BD
:109A700002B070473012002053B00300034610B507
:109A8000D3E9023253F822301C780846211E18BF51
:109A90000121FFF7BDFF014650B9094A094B0220D9
:109AA000002C08BF1346BDE81040074AFFF7C6BFA9
:109AB000BDE81040054A00210220FFF7BFBF00BFEC
:109AC000CE9D0300C69D030055B003006BB003009C
:109AD0002DE9F041DFF8308005461F460C468E1810
:109AE000B44201D1BDE8F08114F8013B069A00218F
:109AF0002846FFF7A3FF002FF2D042460021284658
:109B0000FFF79CFFECE700BF60A4030030B50C4DED
:109B100085B000246946E0B229F03DFB50B99DF8BC
:109B20000030032B06D1BDF805309DF801202946F1
:109B300003F04AFF01340A2CECD105B030BD00BF60
:109B40007CB0030008B50020034903F03DFFBDE8E9
:109B50000840FF2000F006BB8BB003002DE9F04F5A
:109B600085B007460D46904624F00AF8044640B1F9
:109B700038464246294623F0EDFF002005B0BDE8F7
:109B8000F08F4FEA15294FF0030A5FFA84FB69460C
:109B9000584629F000FB9DF8002040EA020616F026
:109BA000FF0612D1694658468DF800A08DF8055081
:109BB0008DF806908DF801701AF094FE0246002888
:109BC000D6D00649304603F0FFFE01340A2CDCD122
:109BD0000020034903F0F8FE8920CFE7A0B003007E
:109BE000C5B003001FB5002304468DF80F3023F0E5
:109BF000B2FF28B19DF80F3063F07F038DF80F306E
:109C0000182301930DF10F03009300224023042138
:109C1000204624F06EFE024618B10349002003F0EE
:109C2000D3FE04B010BD00BFE0B003001FB502A911
:109C3000F7F78CF9044680BBBDF80820184903F0FB
:109C4000DDFE2046039903F03BFE1649204603F053
:109C5000BBFEBDF80810144C4B1E9BB24FF6F672BB
:109C6000934218D82368039A1B685879FFF776FF48
:109C700023681B79012B0BD8BDF808300022CDE9F1
:109C800000030421094B092003F0A0FD25F078F81A
:109C9000012004B010BD8720EAE70020F9E700BFEB
:109CA000FDB00300AA7B0300C42A002004BC03000B
:109CB00070B500248AB005460D22214606A80594F9
:109CC0002AF076F9284604A9F7F728F9054600286E
:109CD0003AD11E4EBDF810201D4903F075FE3268C2
:109CE0001379012B29D8BDF810104B1E9BB24FF6EB
:109CF000F670834205AC23D81368587923F040FFEF
:109D000000B33368BDF810101B682246587923F061
:109D100020FFBDF810300294CDE9005301220D4B15
:109D20000421092003F052FD25F02AF8034620B152
:109D3000094A0A49002003F047FE01200AB070BD1D
:109D40008725E6E78B25E4E72046F7E7C42A0020CD
:109D500013B1030027B103002BB1030036B1030098
:109D60002DE9F04391B005A9F7F71AF90446002848
:109D700040F0C3809DF814206149624E03F03EFE1E
:109D800025469DF81420EBB29A4247D85E49002040
:109D900003F01AFE9DF81450002D40F08C805B4FAC
:109DA0002C462E4607A9F0B229F0F5F9C8B99DF85E
:109DB0001C30032B15D13B689DF81D201B685B7977
:109DC0009A420ED105F140036B449DF8212003F81F
:109DD000142C02359DF8222003F8132C0134EDB227
:109DE000E4B201360A2EDDD19DF814300BB1002CFF
:109DF00066D00BABCDE90143FF2300930222444B15
:109E000003950421092003F0E1FC24F0B9FF034687
:109E1000002867D1012011B0BDE8F08306986B00DF
:109E200003F4FF7302220021184424F0CDFE3146D2
:109E30000246002003F0E2FD0135A2E70698730018
:109E400003F4FF7302220021184424F0BDFE002712
:109E5000804607A9F8B229F09EF910BB9DF81C3086
:109E6000032B1ED1D9F800309DF81D201B685B79AB
:109E70009A4216D19DF821105FFA88F3994210D1C9
:109E80009DF82230C8F307229A420AD105F1400317
:109E90006B440235013403F8141C03F8132CEDB2A3
:109EA000E4B201370A2FD4D101369DF81420F3B261
:109EB0009A42C3D898E70025DFF850902E46F4E781
:109EC0008B2024F060FF03460028A3D09DF81400E7
:109ED000104A1149002818BF0A461049002003F013
:109EE00073FD97E79DF814202AB10B4A0949002C0D
:109EF00018BF0A46F1E7074AEFE700208BE700BFEB
:109F00008EB10300ABB10300A37B0300C42A002081
:109F1000B4B103005FB103007DB10300B8B1030029
:109F20002DE9F04188B002A9F6F7FEFF04460028AB
:109F300065D1BDF808203349DFF8DC8003F044FD2B
:109F4000BDF808506B1E9BB24FF6F672934252D882
:109F5000D8F800301B685E792946304623F010FEA1
:109F600000284AD0E7B203A9384629F014F928B9E5
:109F700003AA2946304623F0F0FD18B901340A2C13
:109F8000F0D1FF2738461AF085FC044660BB014635
:109F900003900D2204A82AF00BF803AA29463046A4
:109FA00023F0D8FDD8F800301A79012A18D81B6898
:109FB000BDF80810587901F09FFCBDF80830032265
:109FC000CDE900430421104B092003F0FFFB24F0EE
:109FD000D7FE034620B10D4A0D49002003F0F4FCE2
:109FE000012008B0BDE8F08102460A49002003F0D4
:109FF000EBFC0124D6E78724D4E78B24D2E70020AA
:10A00000EFE700BFD8B1030004BC030013B20300A4
:10A0100036B10300EEB10300C42A00202DE9F0435D
:10A02000DFF8B0802749D8F800301B688BB00020DB
:10A030005E7903F0C9FC002501275FFA85F901A9C3
:10A04000484629F0A8F8044690B99DF80430032B3F
:10A050000ED19DF80530B3420AD148461AF01AFCD9
:10A060000146F0B102461849204603F0ADFC2746F0
:10A0700001350A2DE1D1D8F800301B68002158794C
:10A0800001F03AFC87F0010024F07DFE034620B188
:10A090000E4A0F49002003F097FC01200BB0BDE8E9
:10A0A000F08305900D2206A829F082FFBDF8094033
:10A0B0003046214605AA23F04DFD2146304601F0E9
:10A0C0001BFCD5E720B20300EEB103007DB1030015
:10A0D000B8B10300C42A002037B56946F6F73CFF43
:10A0E0000446002832D1BDF800201949194D03F06B
:10A0F00085FC0199204603F0E3FB2046164903F056
:10A1000063FC2B681B68587924F017FE70B1BDF80A
:10A1100000104B1E9BB24FF6F67293420ED82B687E
:10A12000019A1B685879FFF719FD0446204624F070
:10A130002AFE034620B9012003B030BD8724F5E78D
:10A14000064A0749002003F03FFCF4E70020F3E74C
:10A1500034B20300C42A0020AA7B03007DB10300AF
:10A16000B8B103007FB505460024E6B26946304623
:10A1700029F011F8A8B99DF80030032B11D19DF8F2
:10A180000130AB4204D0FF2D0BD19DF80D3043B907
:10A1900030461AF07FFB024618B10449002003F054
:10A1A00013FC01340A2CE0D104B070BDEEB1030001
:10A1B0002DE9F0410E4E0F4FDFF83C80002402F0F5
:10A1C000DFFCE5B2A84201D8BDE8F081284602F0E4
:10A1D00055FE054624F0B1FD2A4600280CBF334643
:10A1E0003B464146002003F0EFFB0134E7E700BFA8
:10A1F0005CB2030057B2030062B2030030B585B011
:10A2000002230025CDE90135009140232A46032190
:10A2100024F0A2FB044620B102460349284603F07D
:10A22000D3FB204605B030BD83B203001FB5212308
:10A2300001930DF10E03ADF80E10009300224023A0
:10A24000032124F056FB044620B1024603490020B6
:10A2500003F0BAFB204604B010BD00BFA1B203005A
:10A2600073B50321044624F0D1F9FF2805461DD01B
:10A270000DF106012046FFF7C1FF134EC0B916F8D5
:10A28000253053B9012306F8253006EB8503BDF8C8
:10A2900006105980204623F0ADFCBDF806303BB1D6
:10A2A0004FF47A720321204623F073FF02B070BD91
:10A2B0000023204606F8253023F09DFC032120468C
:10A2C00023F07BFFF2E700BF0E3E002013B501A98B
:10A2D000F6F71EFE0446C8B9BDF804200C4903F089
:10A2E00073FB0C4BBDF804101B681B685879FFF713
:10A2F0009DFF24F048FD034610B9012002B010BDB7
:10A30000054A0649204603F05FFBF6E70020F5E723
:10A31000BFB20300C42A002043430300DAB20300A3
:10A320001FB51749002003F04FFB164B1B681B6835
:10A330000DF10E015879FFF761FF044610B9BDF821
:10A340000E3063B9204624F01EFD034620B10E4AAC
:10A350000E49002003F038FB012004B010BD024676
:10A36000009303210A4B092003F030FA24F008FD82
:10A3700003460028F0D0074A04492046EAE700BF18
:10A3800005B30300C42A002043430300DAB20300EC
:10A3900005BC0300F67C0300034B1B6818780128FA
:10A3A00008BF0220704700BF002A0020D0E9023217
:10A3B00053F822301A78024B1A7000F0D7BA00BF57
:10A3C000BB43002070B5D0E902456B1EDBB21D49CE
:10A3D00054F82300032229F0C1FD54F8253004EB82
:10A3E0008504197863681A78A2F10B030F2B05D93D
:10A3F0001549BDE87040002003F0E6BA01290FD1ED
:10A40000124C9140236840B90B43114A2360BDE8C8
:10A4100070401049002003F0D7BA23EA0103F4E7A3
:10A4200002290CD10C49012303FA02F20B6818B976
:10A4300013430A4A0B60EAE723EA0203F9E70A46F4
:10A440000749D6E7C27C030017B303003812002087
:10A450002DB3030035B303003412002047B30300CB
:10A4600051B3030007B5D0E9023103EB810253F881
:10A4700021300B491B785268012B0A4B126808BF28
:10A480000B464FF000001A600092074A074B08493C
:10A4900018BF1346074A03F097FA03B05DF804FBB0
:10A4A00038120020341200206CB3030064B30300A0
:10A4B00076B3030074B8030038B5254A254B264C03
:10A4C0002649274D002003F07FFA2649002003F09B
:10A4D0007BFA22682449002003F090FA2068234C7C
:10A4E00003F04CFA2146002003F06EFA2A68204956
:10A4F000002003F083FA286803F040FA2146002088
:10A5000003F062FA1B4B1C491A781C4B002053F8CD
:10A51000223003F059FA00F027F9194902460020C9
:10A5200003F052FA174B18491A78002003F04CFA3E
:10A53000164B17491A78002003F046FA23F038FF2B
:10A54000BDE8384002461349002003F03DBA00BF81
:10A5500074B803008FB303003812002096B30300D1
:10A56000341200209EB30300ACB3030067820300E3
:10A57000BCB30300D7430020CCB303003C1200203F
:10A58000DDB30300CD430020F1B30300CC43002032
:10A5900003B4030015B4030007B500F08FF8054BB2
:10A5A0000090054A0549002003F00EFA03B05DF85B
:10A5B00004FB00BF29B4030074B803002EB40300E9
:10A5C0000149002003F000BA3BB4030001480FF03A
:10A5D00039B800BF123E0020F8B50C4F0C4E0D4D9F
:10A5E0000D4A0E490446002003F0EEF93B78297825
:10A5F00032782046F6F73CFA00233B7033702B701C
:10A60000BDE8F8400648FF2122F06ABFD74300208A
:10A61000CC430020CD43002074B80300DAB403001B
:10A620001828002037B51948FF2122F059FF184B90
:10A630001B7813F0200013D001F044FB27F0E5FE57
:10A640000020144B144A154903F0BEF90120FFF70E
:10A65000C3FF4FF4806003B0BDE8304024F089BAF6
:10A6600013F0100404D003B0BDE8304001F032BB59
:10A670000121B42001F0A0FF094B00900546064AD5
:10A680000849204603F0A0F92846E0E718280020F2
:10A69000D7430020F1B4030074B803001AB50300D7
:10A6A00021B503003AB50300024A03480021FEF732
:10A6B000C7BE00BF25A600001828002008B5054B1E
:10A6C0001B7823B19420FFF787FF002008BD70207E
:10A6D000FCE700BFD743002037B51E4C2378DB06CC
:10A6E00005462FD500901C4B1C4A1D49002003F045
:10A6F0006BF91E2D10D0652D0ED0032D24D123789B
:10A70000184843F0200341F28832FF21237003B040
:10A71000BDE8304022F0D3BE237823F0200323701D
:10A72000FBF7AEF94FF4FA63B0FBF3F202FB130050
:10A73000C21892B20B48FF2122F0C1FE237823F009
:10A740001003237003B030BD27F05FFEAE20FFF78B
:10A7500043FFF3E7D743002047B5030074B8030075
:10A760003AB5030018280020014B187A704700BF43
:10A770003828002070B5424E3378DD1F012B8EB093
:10A78000EDB258D0042B56D0032B41F6041255D00D
:10A79000991F4B424B415B0013433A48ADF80C30D4
:10A7A00023F054FA48B9384B364A03F1100153F8F4
:10A7B000040B42F8040B8B42F9D13378032B3FD0C2
:10A7C000062B3DD0314B0DF10E0203F1100153F871
:10A7D000040B42F8040B8B42F9D103A819F04AF993
:10A7E000B728044610D1012D36D8294A294900201E
:10A7F00003F0EAF8BDF80C3003A823F40053ADF8D9
:10A800000C3019F037F904467CBB302019F00CF8F5
:10A81000044650BB23F0B9FA012D26D81E4A106811
:10A82000516801AB03C322461C4901A825F036F844
:10A83000F0B1182419E043F60412A9E70223ABE7AC
:10A84000104A0DF10E0302F1100152F8040B43F807
:10A85000040B8A42F9D1C0E73378012B01D0042BD5
:10A8600003D10F49002003F0AFF820460EB070BDB1
:10A870000449224601A825F011F80028D9D1F4E7AF
:10A88000D7430020BC4300200CB603001DB60300D4
:10A8900074B803006BB503002EB6030064B8030060
:10A8A000BEB5030030B5044687B0252012F0E4FDA4
:10A8B0001C220021144829F07BFB144B1878FFF769
:10A8C0006BFD022814BF0123042303208DF80830F8
:10A8D00027F0ECF904238DF8103002A80C4B0593F7
:10A8E000039400F059FB0B4B0B4A19680B4B009477
:10A8F000A14218BF13460546094A0A49002003F041
:10A9000063F8284607B030BD38280020D743002020
:10A91000A9AB0000381200206CB3030064B303003D
:10A9200074B8030037B6030008B50E490A78531C03
:10A93000DBB2072B0B7001D0092B04D19420FFF759
:10A940004BFE942008BD02F0FB02032A07D1064B00
:10A9500018680028F2D0FFF7A5FF3D20F2E700209D
:10A96000F0E700BFD74300203412002073B51C4C21
:10A970001C4E23683268134330D01B4B1B6833B323
:10A980001A4D2B781BBB23F013FDD8B94FF4806010
:10A9900024F0A8F824688CB101232B7001F092F9FF
:10A9A0002046FFF77FFF0446114B124A12490094DC
:10A9B000002003F009F8204602B070BD042334687B
:10A9C0002B70EBE70121B42001F0F6FDEBE7094A1B
:10A9D0000A49002002F0F8FF7024E5E77024EAE756
:10A9E0003812002034120020002A0020D743002013
:10A9F0007EB6030074B803002EB4030064B60300EF
:10AA00002DE9F341374C3849227AA388002002F01F
:10AA1000DBFF2268207A22FA00F010F0010002D158
:10AA2000324902F0D1FF324D287838B131493248ED
:10AA3000082229F093FA003818BF01202F4E2D4F1D
:10AA400006F10E0807E008223946404629F086FA4A
:10AA5000003818BF0120227A2368D340DB0700D5D5
:10AA600060B1304612F0D4FC00282DD12B78002B99
:10AA7000E9D1227A2368D340DA07F2D5237A00930A
:10AA8000A3881F4A1F49002002F09EFF1E4B187822
:10AA9000FFF782FC01230322184911F0DFFE1B4A55
:10AAA000137801331370044610B902B0BDE8F08189
:10AAB000134A17492346002002F086FF204602B0C1
:10AAC000BDE8F041FFF788BD1249002002F07CFF8D
:10AAD000FFF72AFF0028E8D102B0BDE8F04100F0FE
:10AAE0001BB800BF3828002084B60300B4B60300AA
:10AAF000D6430020CE4300204A2800203C280020D6
:10AB000074B8030080B70300D7430020CC43002073
:10AB100023B703004AB7030070B51B4C1B4B2278C8
:10AB20001B4953F822301B4A1A4D1B4E002002F0DD
:10AB30004BFFFFF71FFE034683B92378032B19D879
:10AB4000D3B1164B16481B6840F8043B12F03EFC8C
:10AB5000A0B1BDE870400120FFF73EBD2A46314656
:10AB6000002002F031FFFFF7DFFE58B9FFF702FEC9
:10AB70000346E1E7072BE4D00A4BE3E7BDE870406A
:10AB8000FFF73EBF70BD00BFD74300203C1200203E
:10AB90009FB7030074B80300ACB70300381200205D
:10ABA000382800203412002070B51A4C237883B363
:10ABB000838913F4407F2CD0056835B12A461649A5
:10ABC000BDE87040002002F0FFBE12F04FFC134EB3
:10ABD000134A307003461349284602F0F5FE3378D5
:10ABE0001BB1BDE87040FFF797BF2378062B06D84E
:10ABF000032B06D9BDE87040AB20FFF7EDBC082B56
:10AC0000F8D004232370084BBDE870401868FFF7A4
:10AC100049BE70BDD7430020D5B70300CD43002007
:10AC200074B8030000B803003412002030B5434D5F
:10AC3000434A4449034687B00446002002F0C4FE5C
:10AC40002B782BBB01A824F083FB022301A88DF8ED
:10AC5000043024F053FDB0B93B4901A824F0B5FD00
:10AC600088B1902C0FD1FAF70BFF47F23153B0FBAC
:10AC7000F3F202FB130000F51C50103080B201F01B
:10AC800029F807B030BD912CFBD101F05DF8F8E751
:10AC9000902C2AD12A4A2D49002002F095FE2B78CB
:10ACA000032B11D0062B0FD0294B1B78DA070BD4BE
:10ACB00001A818F0DBFD18B9BDF804309B0703D4D8
:10ACC0002B7843F010032B70FAF7DAFE4FF4FA6397
:10ACD000B0FBF3F202FB1300C2181E4892B2FF2130
:10ACE00007B0BDE8304022F0EABB0FF0C7FA0446D7
:10ACF0000028C6D12B78013B072B19D8104A1649DA
:10AD000002F062FE154812F083FB60B11449204640
:10AD100002F05AFEFFF708FE0028B2D107B0BDE8E6
:10AD20003040FFF7F9BE07B0BDE83040FFF768BE1E
:10AD3000AE2007B0BDE83040FFF74EBCD74300203F
:10AD400074B8030024B8030064B8030039B80300E2
:10AD5000BB430020182800204CB803003C280020EA
:10AD60004AB703002DE9F0410B4686B004460E4673
:10AD700017463A490246002002F026FE4FF000082E
:10AD80000123CDE901380DF116030093424640231B
:10AD90000621204623F0E0FD054640B10246304939
:10ADA000404602F011FE284606B0BDE8F0819DF84D
:10ADB00016202AB936B92B49002002F005FEF2E729
:10ADC000012EF8D082F0010327498DF817300020BA
:10ADD00002F0FAFD9DF817300DF1170633B310237A
:10ADE000CDE90063002240230621204623F081FDA7
:10ADF000064630B11D493246002002F0E5FD3546D9
:10AE0000D1E74FB90821204623F0F1FB20B19DF88E
:10AE10001710204623F0B9FE0521204623F0E7FB5A
:10AE20000028C0D0204600F095F9BCE74FB90821B2
:10AE3000204623F0DCFB20B19DF81710204623F0BC
:10AE4000A4FE1023CDE90063002240230621204602
:10AE500023F04FFD06460028DED0CBE73CBA0300C6
:10AE600054BA03006BBA03008BBA0300A7BA0300FD
:10AE700008B5064B1B681B68002258791146FFF77E
:10AE800071FF23F080FF012008BD00BFC42A00200D
:10AE900008B5064B1B681B68002258790121FFF793
:10AEA00061FF23F070FF012008BD00BFC42A00200D
:10AEB00008B5064B1B681B68002258790221FFF772
:10AEC00051FF23F060FF012008BD00BFC42A00200D
:10AED0001FB50F4C2478C4B142EA03229DF8183004
:10AEE0008DF8051042EA43220A4BADF80C201A787F
:10AEF000094B8DF8061003EB0213079900908DF8AB
:10AF00000400DB6802916846984704B010BD00BF9A
:10AF1000D8430020DA4300205428002073B51A4D8E
:10AF20001A48FF2122F0DCFA2B7853B3184C194E43
:10AF30002378180106EB0313305C1A7A59680FF076
:10AF4000D3FD4D281DD0E0B1227801230021CDE9A9
:10AF500000311201C0B2B25CFFF7BAFF23780B4890
:10AF600001330A22DBB2B3FBF2F102FB113323708F
:10AF70002B78FF21013B2B7002B0BDE8704022F01E
:10AF8000A7BA02B070BD00BFD8430020F42800204B
:10AF9000DA43002054280020F8B5104F3E780A2EDE
:10AFA0001AD00FC8DFF840C00D4D9CF8004005EBEB
:10AFB0000415013485E80F00E4B20A230948B4FB04
:10AFC000F3F2013603FB1244FF218CF800403E707F
:10AFD00022F07EFA0020F8BD0120FCE7D8430020D3
:10AFE00054280020F4280020D9430020024A0348B6
:10AFF0000021FEF725BA00BF1DAF0000F428002095
:10B0000037B5134D00232A78CDE900330C461201E1
:10B01000104901238A5C01462046FFF759FFA4B975
:10B020000D490A788AB12B7801330A20DBB2013A44
:10B03000B3FBF0F400FB143308480A70FF212B70B7
:10B0400003B0BDE8304022F043BA03B030BD00BFCA
:10B05000DA43002054280020D8430020F4280020A0
:10B0600008B50020034902F0AFFCBDE80840FF200E
:10B0700000F06EBABEBA030037B51D469DF81C300D
:10B080000093069B23F045FC044630B10090044A2F
:10B0900004492B46002002F097FC204603B030BD47
:10B0A000D3BA0300D8BA03001FB5202301930DF1D2
:10B0B0000F038DF80F1000930022034B0521FFF7BB
:10B0C000DBFF05B05DF804FBEBBA030038B5074DB4
:10B0D00004460123284620217F2221F0F3FF29780E
:10B0E0002046BDE83840FFF7DFBF00BFDB4300204C
:10B0F00010B586B0202301930DF10F038DF80F10CA
:10B10000ADF80C20009301220F4B8DF8172005217C
:10B110000446FFF7B1FFA8B92123019303AB0093C5
:10B1200002220A4B05212046FFF7A6FF50B9102343
:10B1300001930DF1170300930322054B05212046CF
:10B14000FFF79AFF06B010BDF7BA030005BB030076
:10B1500013BB03001FB500238DF80F30102301939C
:10B160000DF10F0300930322034B0521FFF784FF2A
:10B1700005B05DF804FB00BF13BB030070B5204CA5
:10B18000204E214D204686B001237F22202121F030
:10B1900099FF22781D490323002002F015FC0024AA
:10B1A0000C230DEB0300E2B2212121F08BFF22469C
:10B1B0003146002002F022FC9DF80C20BAB1BDF807
:10B1C000123001939DF81030114900930020BDF812
:10B1D0000E3002F013FC9DF814200E49002002F0FE
:10B1E0000DFC9DF816200C49002002F007FC2946B2
:10B1F0000020013402F0E8FB032CD1D106B070BD71
:10B20000DB43002042BB0300A37B03001FBB030002
:10B2100047BB0300D9C9030060BA0300F0B589B089
:10B2200004A9F5F7A5FE0446002878D13D499DF80C
:10B230001230BDF810203C4E02F0C6FBBDF81010D5
:10B2400031B133681B68587922F0AFFC00284CD02C
:10B250000025EFB20C233A46212105A821F032FF48
:10B2600033689DF814201B685B799A4238D1BDF889
:10B270001620BDF810309A4232D19DF818209DF862
:10B2800012309A422CD1294D002339468DF81430C2
:10B2900005AA0C23212021F01EFF01237F2220215B
:10B2A000284621F00FFF2B78013B2B702A46012303
:10B2B0007F21202021F00FFF33681B685F79202158
:10B2C000284601237F2221F0FDFE29783846FFF72A
:10B2D000EBFE33681B79012B09D9012009B0F0BDC1
:10B2E0000135032DB5D18B24F3E78524F1E79DF8D3
:10B2F00012300293BDF810300222CDE9004305213F
:10B300000B4B092002F062FA23F03AFD03460028B5
:10B31000E3D0084A0849002002F056FBDDE7002090
:10B32000DCE700BF64BB0300C42A0020DB4300202D
:10B3300080BB030084BB030091BB0300F0B587B062
:10B3400002A9F5F7F7FD044600286ED13849BDF88B
:10B350000820384D02F038FBBDF8081031B12B68D9
:10B360001B68587922F021FC002847D000260C23C6
:10B37000F7B23A460DEB0300212121F0A3FE2B6822
:10B380009DF80C201B685B799A421FD1BDF80E20F6
:10B39000BDF808309A4219D1002339468DF80C3097
:10B3A000254F0C230DEB0302212021F094FE0123F5
:10B3B0007F222021384621F085FE3B78013B3B70FF
:10B3C0003A4601237F21202021F085FE0136032EFD
:10B3D000CDD12B68184E1B685F79202130460123A0
:10B3E0007F2221F06FFE31783846FFF75DFE2B6833
:10B3F0001B79012B04D9012007B0F0BD8524F6E7A5
:10B40000BDF808300322CDE9004305210B4B09208C
:10B4100002F0DCF923F0B4FC03460028EBD0084A24
:10B420000849002002F0D0FAE5E70020E4E700BF79
:10B43000BABB0300C42A0020DB43002004BC030085
:10B44000D4BB030091BB0300F0B58BB005A9F5F7A1
:10B4500077FD044600286CD13749BDF81420374DDC
:10B4600002F0B2FABDF8141039B12B681B68587994
:10B4700022F09BFB002808BF8524314E01237F2248
:10B480002021304621F01EFEBDF81430029333789F
:10B49000C3F10303CDE9004306222A4B052109200D
:10B4A00002F094F934B12B681B79012B30D90120BB
:10B4B0000BB0F0BD26460C23F2B2212107A821F0E3
:10B4C00001FE2B689DF81C201B685B799A420ED107
:10B4D000BDF81E20BDF814309A4208D104F12803AB
:10B4E0006B449DF8202003F8102C0134E4B201369F
:10B4F000032EE0D1204602F0B1F906AF0026F3B2E8
:10B500009C4210D82B681B79012B01D9002CCED07E
:10B5100023F036FC03460028C9D00B4A0B49002013
:10B5200002F052FAC3E717F8010B02F097F901365F
:10B53000E5E70020BCE700BFE6BB0300C42A00200B
:10B54000DB43002003BC030007BC030091BB0300E6
:10B55000F0B5054685B00024E6B201A80C233246BA
:10B56000212121F0AFFD9DF8040050B1A8421CD16B
:10B5700000238DF8043001AA0C233146212021F04C
:10B58000AAFD0134032CE7D1154A002401237F21B1
:10B590002020147021F09FFDFF2D1FD0214628464A
:10B5A00005B0BDE8F040FFF77FBDFF2DE9D123F0E6
:10B5B00029FB0028DCD0E4E707EB05131E7B2EB93E
:10B5C000284601F05BFC3146FFF76EFD013401F0C7
:10B5D000D7FAE5B2A842EFD805B0F0BD014FF6E7C3
:10B5E000DB430020E42900202DE9F04F8BB0848953
:10B5F000DDF8509090F814A006461F46C37C0493D3
:10B6000048460D46904623F0E5FA063C3368049917
:10B61000704E714A93F805B0A4EB0A04402918BF94
:10B6200032462B466D49241ACDE90087002002F0EE
:10B63000E5F94946002002F043F96949002002F08B
:10B64000DDF9A4B2002315991846224602F02AF922
:10B650003146002002F0B8F9002D6DD14FF0000AFC
:10B66000FF265FFA8AF90C234A46212107A821F018
:10B6700029FD9DF81C305B4507D1BDF81E20AA426C
:10B6800003D19DF8202042457DD0FF2E02D1002B12
:10B6900008BF4E460AF1010ABAF1030FE1D1FF2EAD
:10B6A00000F09580D14632460C23212107A821F0D5
:10B6B00009FD049B402B01BF0A22B7FBF2F202EB0B
:10B6C0008203A7EB430306BFDBB21746002300212A
:10B6D000ADF822708DF824308DF825104FF0010A56
:10B6E000A14252D3B1451FD03E4C8DF81CB001236E
:10B6F0007F2220212046ADF81E508DF8208021F0B9
:10B70000E1FC237801332370224601237F2120208E
:10B7100021F0E1FC2021204601237F2221F0D2FCF0
:10B7200021785846FFF7C0FC0C2307AA3146212098
:10B7300021F0D1FC002306E02946584622F035FAD4
:10B7400000288BD18523284A12681279012A16D83D
:10B75000049A0093A2F140014A424A41234B9201CC
:10B760000521CDE90158092002F030F823F008FB4B
:10B77000034620B11E4A1F49002002F025F901208E
:10B780000BB0BDE8F08F4E468DE78F1CA74201DB62
:10B790008023D8E715980591224623F015FABFB209
:10B7A000159B0599DB5D033189B2002B98D00B44C2
:10B7B0009C42EDDB062808D1159A8DF825A0525C35
:10B7C000003A18BF01228DF8262099B288E7892314
:10B7D000B9E700BFA37B03001CBC030025BC03002A
:10B7E0004ABC0300DB430020C42A002080BB0300C6
:10B7F0004EBC030091BB03002DE9F0410368C77CF8
:10B8000093F8058088B00C46154600920B46334AE3
:10B8100033490020412F08BF0A46324902F0D4F8CC
:10B82000BCB900260C23F2B2212105A821F04AFC64
:10B830009DF81430434507D1BDF81630A34203D11B
:10B840009DF81830AB4247D00136032EEAD18B2643
:10B8500006E02146404622F0A8F90028E1D18526DD
:10B86000412F0CBF41220122CDE901451E4B00961C
:10B870000521092001F0AAFFE6B9412FBDF81A0001
:10B8800001BF9DF81C3000EB800003EB400398B231
:10B8900023F07CF9002001F0E1FF9DF81D304BB151
:10B8A000062023F073F9012001F0D8FF9DF81E0057
:10B8B00001F0D4FF0D4B1B681B79012B08D823F036
:10B8C0005FFA034620B10A4A0A49002002F07CF8D8
:10B8D000012008B0BDE8F0810026C1E7A37B03008A
:10B8E0001CBC030058BC030080BB0300C42A00201A
:10B8F00074BC030091BB03002DE9FF4106460F46CF
:10B900000025ECB20C232246212101A821F0DAFB0C
:10B910009DF80430B3422DD1BDF80630BB4229D189
:10B9200000232146164CADF806308DF8043001AAEC
:10B930000C23212021F0CFFB01237F222021204650
:10B9400021F0C0FB2378013B2370224601237F2195
:10B95000202021F0C0FB0B4B1B681B6893F805806F
:10B960002021204601237F2221F0ACFB2178404694
:10B97000FFF79AFB0135032DC3D104B0BDE8F08178
:10B98000DB430020C42A00202DE9F043044687B0A1
:10B9900090460E4619B122F008F900287FD04FF0EA
:10B9A0000009FF250C235FFA89F70DEB03003A46E7
:10B9B000212121F087FB9DF80C30A34207D1BDF86F
:10B9C0000E20B24203D19DF81020424565D0FF2DD4
:10B9D00002D1002B08BF3D4609F10109B9F1030F5F
:10B9E000E0D1FF2D5DD04F460C230DEB03002A461E
:10B9F000212121F067FB0621204622F0F8FD814637
:10BA000080B10123009300220DF116030621204688
:10BA100022F0B0FF40B10090234B244A244900207B
:10BA200001F0D2FF4FF00009AF428DF8159024D0FD
:10BA3000204F8DF80C400023ADF812308DF81430F3
:10BA40007F22012320213846ADF80E608DF810804A
:10BA500021F038FB3B7801333B703A4601237F21CC
:10BA6000202021F038FB2021384601237F2221F0BD
:10BA700029FB39782046FFF717FB0C230DEB030257
:10BA80002946212021F027FB324641462046FFF778
:10BA90002FFB002007B0BDE8F0833D46A4E78520DA
:10BAA000F8E78920F6E700BF7FBC030016BE03005D
:10BAB000D8BA0300DB43002030B587B005A9F5F7FD
:10BAC0005DFA044678BB194D9DF81630BDF8142078
:10BAD000174901F079FF2B689DF816201B68BDF807
:10BAE00014105879FFF750FF2B681B79012B02D9EE
:10BAF000012007B030BD9DF816300293BDF8143018
:10BB00000422CDE9000305210A4B092001F05EFE65
:10BB100023F036F903460028EAD0074A07492046B1
:10BB200001F052FFE4E70020E3E700BFC42A002051
:10BB300086BC030080BB0300A1BC030091BB0300D3
:10BB4000F0B5044687B017460D4611B122F02DF826
:10BB500070B300260C230DEB0300F2B2212121F07B
:10BB6000B1FA9DF80C30A3421DD1BDF80E30AB42A6
:10BB700019D19DF81030BB4215D19DF8153053B145
:10BB8000102301930DF1160300930022094B0621A7
:10BB90002046FFF771FA2A4639462046FFF7A8FAF1
:10BBA000002007B0F0BD0136032ED3D18B20F8E77B
:10BBB0008520F6E77FBC03002DE9F04188B003A99A
:10BBC000057D0446F5F7E6F9002843D1A389334EF5
:10BBD000BDF80C20324904359D42A4BF4FF6FF73D7
:10BBE000ADF81030BDF81030009300209DF80E30F5
:10BBF00001F0EAFE3368BDF80C501B689DF80E801A
:10BC00005F79BDB900240C23E2B2212105A821F0FF
:10BC100059FA9DF81430BB4207D1BDF81630AB423B
:10BC200003D19DF81830434516D00134032CEAD1D6
:10BC30008B2306E02946384621F0B7FF0028E1D1E2
:10BC400085238DF80B301DE0164A1749002001F0BE
:10BC5000BBFE1EE000201DE00123BDF810108DF892
:10BC60000B300DF10B0205A822F027F850B933680C
:10BC70009DF80E201B68BDF80C105879FFF760FF87
:10BC80008DF80B009DF80B0023F07DF8034600288B
:10BC9000DAD1012008B0BDE8F08100BFC42A00203D
:10BCA000ADBC03007DB10300D0BC030008B5032088
:10BCB00016F098FF10B9024B01221A7008BD00BFA0
:10BCC000DC430020024B002218781A70704700BF36
:10BCD000DC4300200246FF21014821F0F0BB00BFF9
:10BCE00014290020114B37B51D78BDB9FF2110482C
:10BCF00021F0F6FBFFF7DAFF0E4B009004460E4AE8
:10BD00000E49284601F060FE44B10D4B1B78DB065E
:10BD100004D526F07AFB204621F09AFF094B1868DB
:10BD200003B0BDE83040FFF7D5BF00BFDC430020C3
:10BD300014290020F0BC03001EBD03003AB5030027
:10BD4000D7430020601200200148FF2121F0C8BB2A
:10BD50001429002070B5194E337805460C4663B39C
:10BD6000174A1849002001F049FE032C01D0652C28
:10BD70001FD11549002001F041FE22461349002041
:10BD800001F022FE1249002001F038FE012329466D
:10BD90000822002001F086FD00200E4901F014FE6B
:10BDA000032C84BF002333702046BDE87040FEF7AB
:10BDB00093BC012CE1D00849DCE770BDDC430020D6
:10BDC0001EBD03009AB3030031BD0300B6C80300D3
:10BDD0004FBD0300A37B030047BD0300014B186068
:10BDE000704700BF60120020024A03480021FDF79F
:10BDF00027BB00BFE5BC000014290020F8B5084BA4
:10BE0000084E1D68084F0024E3B29D4204F101046E
:10BE100000D8F8BD56F82300394620F058FDF3E766
:10BE2000947A0300987A03002411002020B10023A3
:10BE30000380024821F054BB704700BF3429002022
:10BE400007B501230093044A0448FF230021FDF7AE
:10BE5000B9FA03B05DF804FBC1BF0000342900202B
:10BE60003F4B73B51B681B685E790446032130465F
:10BE700022F0CCFB0546FF2D01A920460BD1F5F79A
:10BE800041F8012838BF0120C4B2204622F07BFFD0
:10BE9000012002B070BDF5F735F804460028F4D152
:10BEA0009DF805309DF804202E4901F08DFD2E4AA5
:10BEB00012F8353093B102EBC5039978FE2903D00F
:10BEC000FF2904D00124E0E701225A70DDE728B2FF
:10BED000314602EBC000FFF7A9FFD6E79DF804301A
:10BEE0000B2B30D80B2BEDD801A151F823F000BF5C
:10BEF0005BBF000021BF000053BF0000C5BE0000B3
:10BF0000C5BE0000C5BE0000C5BE0000C5BE000025
:10BF1000C5BE0000C5BE0000C5BE000057BF000082
:10BF2000042002EBC5010871012022F835008B7056
:10BF30004FF480629DF80530CB70CA800B483146C3
:10BF400021F0BDFAA1E70233DBB2022B28BF0124A6
:10BF50009BE70620E5E70820E3E70220E1E700BFD2
:10BF6000C42A002082C60300143E00203429002089
:10BF700038B50321054622F049FBFF280CD00F4BB2
:10BF800003EBC00422794AB900B203EBC000294692
:10BF9000BDE83840FFF74ABF0020F8E7002021F055
:10BFA00078F8002021F075F8002021F072F80020C8
:10BFB00021F06FF82379013B237138BD143E002036
:10BFC0002DE9F0410321054622F020FBFF2804461D
:10BFD00024D0DFF8508008EBC00306B29B78022B18
:10BFE00008EBC6064FEAC00701D90B2B06D128463D
:10BFF000FFF7BEFF08EB07035A782AB129463046FF
:10C00000BDE8F041FFF712BF18F8342032B12946DD
:10C01000DA880348BDE8F04121F051BABDE8F0816B
:10C0200034290020143E00202DE9F743254B0193CD
:10C030000D461646044650B14AB101AA042312F82F
:10C04000011BA94235D0013B13F0FF03F7D10220B9
:10C0500003B0BDE8F08317F8010F90FAA0F0000ECE
:10C0600021F01FF8014608EB07039945F3DCCAB23B
:10C07000C1F30F2392FAA2F293FAA3F3120E1B0E4E
:10C0800003EB02236219DB4312F8020C99B2DBB214
:10C0900098420CD112F8013CB3EB112F07D1324674
:10C0A0002146284603B0BDE8F04326F0F5BCBD208C
:10C0B000CEE7671E4FF6FF71A5F10209C4F1010832
:10C0C000D1E700BF080A0E122DE9F04186B01546EF
:10C0D0000F469846064622F091FD184B03A81C789F
:10C0E00017F0C4FB15F0FD0F26D0F8B9BDF80C30E1
:10C0F0009B071BD5032D08BF03242B464246394618
:10C100003046009422F03DFD0D4B0E4A53F824308A
:10C1100052F825200C49CDE90046002001F054FCDE
:10C1200022F06EFD204606B0BDE8F081032DE4D17B
:10C13000042C08BF0024E0E70324DEE7DD430020F1
:10C1400088C7030078C70300AFC60300014B18700F
:10C15000704700BFDE430020024B186800B1406802
:10C16000704700BF641200200B4B1B6870B504467B
:10C1700000257BB11E88002107E05A6802EB011000
:10C18000013145B9021B554255418AB29642F4D855
:10C190009B68EEE7184670BD641200202DE9F04F51
:10C1A00093B01E469DF874300593022E4FF00003A5
:10C1B000DDF87090DDF880A0ADF81E3007468846A7
:10C1C000144640F2B48099F800305A072AD5042E5C
:10C1D00040F2AD8099F804B0594B002533F8352072
:10C1E000002A00F0AA8001350A2DF7D1BAF1000F1C
:10C1F00040F0A180FF25002320798DF81D3008AA8A
:10C200000DF11D0122F092FC78B1BDF82C309DF8A3
:10C210001D00238022F0EEFC8DF81C00A0B113B0AD
:10C22000BDE8F08F99F802B0D6E7207922F0C1F985
:10C2300000287ED1207922F0EFFC8DF81C00002828
:10C24000EDD1404B5B88238062884FF6FF73002F4F
:10C2500008BF4346CDE9002300212388059A5846AC
:10C2600002F060FC18B1E38843F02003E380059BF3
:10C27000CDF83C9007A90DA8CDE90DA4ADF84080FC
:10C28000ADF842608DF844708DF8453022F060FCC6
:10C2900010B19DF81C00C2E7484602F08FFBA01DBC
:10C2A00002F07AFB22464146384622F072FDB04247
:10C2B00008D274238DF81C30BAF1000F32D122F06D
:10C2C0009FFCE6E79DF87C300393BDF8783002933D
:10C2D0000DF11E03CDE900932246F3B241463846E4
:10C2E00021F087FF8DF81C00BAF1000F0FD070B954
:10C2F000BDF81E203AB1092D05D8134B03EBC5013B
:10C3000043F835A08A80112022F0ECFBD7E7BA2849
:10C3100008D1E388DB06D2D5002301208DF81C303C
:10C32000FFF714FF9DF81C30002BC8D1EBE701206C
:10C3300075E7A32073E7B42071E7EDB25BE700BFB8
:10C3400058290020E4290020542900209D2837B5D1
:10C3500004462AD8902812D856D122F025F82B4B23
:10C3600000902B4A2B49002001F02EFB902C29D164
:10C370000DF0C2FE03B0BDE8304022F0F4BB00F186
:10C380006F03DBB201259D4015F0A90528D19D283A
:10C3900033D09C2838D122F065F81F490246284640
:10C3A00003B0BDE8304001F00FBBBC28D5D007D8A2
:10C3B0005534E4B2042C27D8184B154A184914E018
:10C3C000BF28C9E7174B184A1849BC2C08BF1A46A2
:10C3D000002001F0F9FA22F0C5FB22F0C4FBC9E706
:10C3E0009128E9D1094B0A4A1149002001F0ECFAE1
:10C3F00003B0BDE8304022F0B4BC0E49284603B07B
:10C40000BDE8304001F0E0BA03B030BDA1C7030081
:10C4100003A70300AAC70300F1C70300E0C7030096
:10C42000E8C70300A37B03009CC70300B7C7030052
:10C43000D7C703000EC8030007B5094A0346108892
:10C4400031B9084A084903B05DF804EB01F0D6BAE7
:10C450000091064A064901F0D1FA03B05DF804FBE9
:10C460002E3E002016AE03001AB50300BAAE03003C
:10C4700023C803000D4B1B6837B504469BB11D78DC
:10C4800003890093C37A0A4A0A49012D4FF000003C
:10C4900008BF022501F098FA2146284603B0BDE8FE
:10C4A000304025F054BF702003B030BD002A00207A
:10C4B000804003004DC8030010B5002022F09AFB15
:10C4C0000D4B1B688BB15A78052A08D88AB91446D7
:10C4D00010460EF0E3F820460DF078FE05E0FF2A46
:10C4E00007D00649002001F06FFABDE8104022F0A5
:10C4F00087BB05240222EBE7002A00209DC8030029
:10C5000013B5124C002022F075FB23689BB101A8E3
:10C5100021F094FF78B923681A789DF804309A4284
:10C5200009D0D91E032906D9D11E012903D9012A10
:10C5300007D1022B05D1032301A8ADF8043010F078
:10C5400099FA02B0BDE8104022F05ABB002A002040
:10C550000023044A194601330A2B918042F8081B34
:10C56000F9D17047542900207FB50E4605460FF0DB
:10C570001BFF0F49044603462A46002001F024FA17
:10C5800096B10C4B1A889B788DF80E300323ADF8CA
:10C590000C200093002203AB36214FF6FC708DF87F
:10C5A0000D5022F03CFE0446204604B070BD00BF92
:10C5B000BCC80300D4CA0300FF2810B50C4604D140
:10C5C0000020044901F000FAFE202146BDE8104099
:10C5D000FFF7CABFD3C80300F8B51F460B8806464D
:10C5E0000C461546002B5DD14A88B1F9021000298E
:10C5F000B8BF6B782C49002001F0E6F96288132A55
:10C600001DD002F5FF417F3189B205291FD8A2F55F
:10C610000042013A052A1AD8DFE802F0153B190357
:10C620003809224A2249002001F0CEF90FE0214AC0
:10C630001F49002001F0E2F92A791F49F3E7B5F814
:10C6400001201E49EFE71E49002001F0BDF93B46DD
:10C650002A46214630461FF01AF970B93B462A4651
:10C66000214630461FF015F9628848F221039A42AC
:10C6700003D16978304622F062FA6388B3F5004F3F
:10C6800002D9082022F075FA0120F8BD2A790D4957
:10C69000C9E70D4A0649002001F0B0F9B5F80120BC
:10C6A0000A49C0E70020F0E70EC9030033C90300C0
:10C6B0003AC903004BC9030051C903005FC9030015
:10C6C00076C9030090C90300B2C90300B7C90300CB
:10C6D000F0B585B004AB03E90300184A9DF80D607E
:10C6E0009DF80E7000231C46D9B202EBC1004568CC
:10C6F000EDB99DF80C3000939DF80A209DF80B30A1
:10C700000F49284601F07AF926B10E4932462846EB
:10C7100001F074F90C4ABDF808300C49002C18BF20
:10C720002246002005B0BDE8F04001F04DB912F8F6
:10C7300031100133B94208BF2C46D5E78CCA03003B
:10C74000C8C90300D9C9030085AD0300DDC90300D2
:10C750002DE9F04F85B08046BDF838700F9DBDF8CB
:10C7600040B0894614461E46002B2FD0454A464904
:10C77000002001F043F92388002B74D040F2091205
:10C78000934272D0414A4249B3F5827F18BF0A46AC
:10C7900001976188009100203E4901F02FF923881C
:10C7A00083B1022F0ED92B783B493C4A13F0010F7D
:10C7B00008BF0A4659074CBF2B79AB78384900208F
:10C7C00001F01CF93749002001F0FEF8364900233A
:10C7D00031F833205A454AD1344A52F833A0002365
:10C7E00031F8330058454FEAC30246D12F490020A3
:10C7F0000A4441F83300908046B9238833B9B4F92C
:10C800000230002B02DB082022F06CF9012022F01C
:10C81000B0F99DB12A78D30710D512F0040004D0E6
:10C820003A460121284622F0CFF9CDE90160009572
:10C830003B4622464946404621F015FFBAF1000F1B
:10C8400006D0CDE900563B46224649464046D047F1
:10C85000CDE900563B4622464946404621F071FC50
:10C8600005B0BDE8F08F124A92E7124A90E7013313
:10C870000A2BADD14FF0000AB1E701330A2BAFD13B
:10C88000BAE700BF2FA6030004CA0300F2C90300E1
:10C8900086AD03000ECA0300FDC90300F5C90300FD
:10C8A0003DCA0300A37B030058290020542900201F
:10C8B000EBC90300EFC903000D4BF0B50D4E1F8807
:10C8C000054600234FF00C0CDCB2BC4201D3002023
:10C8D000F0BD0CFB04F43019345DAC4205D1448842
:10C8E0008C4202D104799442F2D00133ECE700BFCC
:10C8F0009E1500207412002013B50124074A084831
:10C900000094FF230021FCF75DFD064A06480094D1
:10C91000FF230021FCF756FD02B010BDFDDB020035
:10C92000C4290020C5B70200A42900202DE9F8433E
:10C930000D4B0E4F1E78DFF8388000244FF00C09A5
:10C940003A88E5B2954202D33046BDE8F88309FB48
:10C950000585FF21A86820F0CAFD18B9AB799E4271
:10C9600038BF1E460134EBE7DF4300209E15002050
:10C9700074120020F8B506460C4622F0D5F805469C
:10C98000B0B9304621F015FE98B90B4B1F7B87B923
:10C990005A8822809A8862809B79237101213046CF
:10C9A00000F072FA39466071304600F06DFAA071FD
:10C9B00001252846F8BD00BFE429002070B50446D3
:10C9C0000E46154621F0F5FD10B14FF6FF7070BD13
:10C9D000084B1A7B002AF8D146B901222946204685
:10C9E00000F074FA0028F0D00088F0E7012EECD1B6
:10C9F000F4E700BFE429002013B5FF230DF1070180
:10CA000004468DF8073022F08DF818B19DF8070024
:10CA100002B010BD074B03EB04131B7B0BB1FF20CF
:10CA2000F6E7204600F0B2F80028F8D0204600F0E3
:10CA300025FAEDE7E429002010B5F8F787FE044653
:10CA4000F8F78AFE224603461049002000F0BCFF9A
:10CA500000F018FFFFF77CFD00F07CF8022108468B
:10CA600002F036FAFFF728FD094B41F249021A801D
:10CA7000084A52231380084A4FF40040138024F0E0
:10CA8000D6FCBDE81040002025F041B9D7CA03000C
:10CA9000CE150020CA150020C815002038B505465F
:10CAA00022F063F880B9284617F0F4FE044618B166
:10CAB000752814BF88248D24044923462A46002063
:10CAC00000F082FF204638BD8D24FBE7EDCA03004D
:10CAD0000249102309887F2220F001BB989D0300A2
:10CAE0000149082227F04ABA74450020024B186811
:10CAF0005968FFF7EDBD00BF5EF50300064A01234C
:10CB0000D15C814202D1054AD05C704702335D2B73
:10CB1000F6D10020704700BF02CB030003CB030017
:10CB200070B50A4B1D780A4B04460022D0B28542EC
:10CB300001D8FF2070BD1E78A64204D10029F9D08B
:10CB40005E7BF607F6D401321033EFE7E0430020B6
:10CB5000E4290020074B01221A70074B4FF4827121
:10CB60001A7059809A714FF48071044A99809A60C2
:10CB700099817047E0430020E429002068CB03003E
:10CB8000014B1878704700BFE0430020034B03EBD4
:10CB90000013587B00F00100704700BFE42900201B
:10CBA0002DE9F04F8DB0DFF81C8202939DF85830CC
:10CBB0000793804B06911B7808EB03130546164636
:10CBC0000A934FF000090A9B984501D1862068E03E
:10CBD0002B780393039A98F80030D8F808A0934272
:10CBE00040F0E08098F80D30DC0709D59AF8043061
:10CBF00009934FF0000B099A5FFA8BF3934202D32B
:10CC000008F11008DFE7DAF80070142303FB0B7754
:10CC10002946384621F06FFC002800F0BE803B8991
:10CC20000893002308999AB2914202D80BF1010BA4
:10CC3000E1E70C225A430B937B6804929C1821462F
:10CC40002A463846059321F06DFC22790B9B00287B
:10CC500000F09A80069B03B11C60900624D4564BCA
:10CC600009EB03080BE01A79910642BFDA78904489
:10CC70001FFA88F80C339C42F5D8504B9844079B18
:10CC800063B32146384621F02DFCDDE90413B5F8E5
:10CC900002905B5A02464946039821F028FF38B9B2
:10CCA0007E200DB0BDE8F08F454B4FF00008E2E765
:10CCB0002379DA0639D44346B0461E46029AA37851
:10CCC000002A43D1E278A3F14101012940D8013A79
:10CCD000D2B24146304622F088F800E00EB900207A
:10CCE000DFE72146384621F0FDFBDDE90413B5F806
:10CCF00002905B5A02464946039821F0F6FE00284E
:10CD0000CED02379DB06D9D52146384621F0EAFB7F
:10CD100095F80080E2786D880346CDE900622946E7
:10CD20002246404621F0F6FEBBE72146384621F078
:10CD3000D9FB95F800806D88169603462246294651
:10CD400040460DB0BDE8F04F21F0E6BE029ABAE7CA
:10CD5000433B012B06D8023A92B24146304622F0BC
:10CD60005CF8BCE7079BE2781BB9029B0BB19342CE
:10CD70001ED341463046B8F1000F02D127F018F912
:10CD8000ADE727F0FBF8AAE712F0300F02BFE27818
:10CD90004A441FFA82F9013344E77B894B441FFA66
:10CDA00083F943E7BAF806304B441FFA83F927E7C3
:10CDB000892076E7E04300203B440020E143002047
:10CDC000D4CB0300E429002008B50021FFF7A8FE1A
:10CDD000FF281BBF044B03EB00130846587B18BF0A
:10CDE00000F0010008BD00BFE429002070B50C462A
:10CDF00015461E4621F0DDFB40B9054833462A465C
:10CE000021468068BDE8704021F0A0BB002070BDC5
:10CE1000E429002070B50C4615461E4621F0F3FBB0
:10CE200040B9054833462A4621468068BDE870402F
:10CE300021F08CBB002070BDE429002070B50023D8
:10CE400006460C461546FFF7D1FF78B1094B187816
:10CE500058B1094B187886420AD000232A46214649
:10CE6000FFF7D8FF003818BF012070BDFF20FCE796
:10CE70000020FAE7E0430020E4290020014B0001F4
:10CE8000185C7047E429002070B50C4621F091FB36
:10CE9000C0B90D4B9A682AB1157903461426D9B248
:10CEA000A94200D370BD116806FB0311097B34B998
:10CEB00011F0800F1CBF0130C0B20133EFE711F059
:10CEC000400FF7E70020EDE7E4290020F8B50D4614
:10CED000164621F06EFB034640B90E4A9268177958
:10CEE00004464FF0140CE1B2B94201D30020F8BD62
:10CEF00010680CFB0400017B46B911F0800F03D0D1
:10CF00009D42F4D00133DBB20134ECE711F0400F65
:10CF1000F5E700BFE42900202DE9F04F3F4BDFF893
:10CF2000008193F800A089B006460024544506D23B
:10CF3000FF2E28D0304621F03CFB044640B309B018
:10CF4000BDE8F08F1B68142202FB05352B89B3F571
:10CF5000967F01D920F0CEF800274FF00C0B2A89DC
:10CF6000BBB29A421CD809F10109029B43445FFA03
:10CF700089F59B681A79AA42E4D8FF2EDFD10134E3
:10CF8000E4B25445DBD208EB04131B7B002B41D1E8
:10CF90002301029308EB04134FF000090393E4E725
:10CFA000BBB268680BFB03FE00EB0E010A79D306E7
:10CFB00028D4039B93F800C08DF814C012F0400FE2
:10CFC000B5F800C030F80E30ADF816C0284614BFD2
:10CFD0004FF0800C4FF0400CADF81A308DF818C0AF
:10CFE00021F080FA5207CB78ADF81C000CD5022B4B
:10CFF0008A6800D91268012300930023194605A806
:10D00000FFF7CEFD0137AAE7022B8CBF8A6801F13A
:10D010000802F0E70134E4B288E700BFE0430020F3
:10D02000E429002070B50A4A068806231488B44211
:10D0300008D19578047B2C403F2C03D90D4201D0B8
:10D04000506870BD013B02F10802EFD11846F8E7C5
:10D0500044CD030070B5084D084E00242B78E0B293
:10D06000834200D870BD06EB0010437BDB0701D57F
:10D0700021F07DFB0134F1E7E0430020E4290020AA
:10D08000F8B50C4600210546FFF74AFDFF2827D0DA
:10D09000144A02EB0016737B03F001012CB143F03C
:10D0A0000103737331B10120F8BD74730029FAD004
:10D0B00014270FE000B202EB001021F058FBF2E75A
:10D0C00011687B43CA182846127BC95AD20921F03D
:10D0D00068F80134B2681179E3B29942F0D8E2E716
:10D0E0000846E1E7E4290020F0B59646497D00B303
:10D0F00021B3012918BF04210026194F34463246B6
:10D100004FF6FF703D8875450DD197F803C01CEAB6
:10D11000010F08D0BD789D4205D38AB1A54202D83F
:10D120001CF0100F15D101361D2E07F10407E9D1AF
:10D13000F0BD002914BF04210821DDE70221DBE74F
:10D140000CF0100CBCF1000F1EBF2C460122002079
:10D15000E9E7A54201D30028E5D02C460020E2E70C
:10D16000D0CC03002DE9F04F0A9FBDF824E09DF8D4
:10D170002C809DF830904C7D78B39CB3012C18BF67
:10D1800004241A48002500F1740C068896421ED12A
:10D1900090F803B01BEA040F19D08678464516D3E1
:10D1A0001BF0100F91F80FA004D0BAF1000F0ED0B1
:10D1B000B1F810A0BAF1000F09D1A94514D0AE45BD
:10D1C00012D95E553E88013501363E80ADB204303D
:10D1D0006045DAD10120BDE8F08F002C14BF042493
:10D1E0000824CEE70224CCE70020F4E7D0CC0300EB
:10D1F0002DE9F04FB1F57C4F85B0CDE9023228BF63
:10D200002B4B01904FF0000428BFB3F800A000940E
:10D210000E4638BF4FF0010AA1464FF6FF7854453D
:10D2200003D3404605B0BDE8F08FB6F57C4F0CD374
:10D23000204B029A019803EB840331465B88FFF789
:10D24000D5FD0546F0B1002718E0029A0198314655
:10D2500021F0D6F9F5E70C23BCB25C43D5F804B055
:10D26000039B3BF8040098420BEB040105D3009BA1
:10D270005BB9284621F036F9A0B901372A89BCB23A
:10D28000A242E8D80134A4B2C9E74845F5D82846F7
:10D2900021F028F90028F0D03BF80410494501D3CB
:10D2A0008045EAD901233BF8049000938046E4E7E7
:10D2B00060CB030062CB03002DE9F04F8FB098469E
:10D2C0009DF8703005930023BDF860A08DF82C0008
:10D2D000ADF82E10ADF8322005460E4617460093E5
:10D2E0001A4608A90BA8199C9DF868B09DF86C9087
:10D2F00008938DF83080ADF834A0FFF751FC089802
:10D3000050B9CDE90067594A59492B4600F05CFBFA
:10D3100086200FB0BDE8F08FB9F1000F14D18378EB
:10D320005B4506D04846514A524900F04DFB8D20DE
:10D33000EFE7037913F0010306D118464B4A4E4933
:10D3400000F042FB8820E4E703795B0731D583686E
:10D350005A689B6809920A93807821F0C3FD089A65
:10D3600092F80390B9F1020F034613D807904A468A
:10D37000214609A821F072FD079B06904A462146E6
:10D380000AA821F06BFD069B012B01D0013010D1C2
:10D390008720BEE706904A460998214621F05EFDA7
:10D3A0000128F5D0069B0A984A46214621F056FDF1
:10D3B000ECE7059B002B51D1089B4FF6FF72987844
:10D3C000214621F054F800284DD05FFA80F9CDE9CC
:10D3D0000294CDE900AB43463A463146284621F057
:10D3E000AFFB002895D1CDE90294CDE900AB4346CF
:10D3F0003A463146284621F094F9002889D1012384
:10D400000093059B224619460BA8FFF7C9FB00288D
:10D410007FF47FAF089B32462946204621F006F96B
:10D4200043463A4631462846CDE901B4CDF800A03E
:10D4300021F0A2FB43463A4631462846CDE9029404
:10D44000CDE900ABF3F736FBCDF800A043463A46F2
:10D450003146284621F03DF900205AE707490020CF
:10D4600000F0B2FAF8E7012053E700BF74CD0300E3
:10D4700080CD0300A8CD0300BCCD0300D0CD0300B8
:10D4800070B586B000258DF81030BDF828308DF8C5
:10D490000C00ADF80E10ADF81220ADF814300B9A58
:10D4A000BDF83030009502A903A80D9E0295FFF744
:10D4B00077FB044630B916B1029B9B783370204647
:10D4C00006B070BD8928FAD10249284600F07CFADE
:10D4D000F5E700BFEDCD03002DE9F04F4FF0000A56
:10D4E00091B0FFF74DFB5FFA8AF6B04202D811B057
:10D4F000BDE8F08F5B4B5C49360100209A5D00F07F
:10D5000063FA5A49002000F05FFA00230593554B57
:10D510009DF8144033449B681A79A24202D80AF15C
:10D52000010ADEE71B68142202FB04344FF00009F5
:10D5300022891FFA89F39A4202D8059B0133E5E755
:10D54000D4F804B00C231FFA89F803FB08F80BEB9E
:10D5500008051FF0CFFD2B794549228813F0400FB5
:10D560003BF8083000934FF00000424B18BF0B46C9
:10D57000414900F043FA2946204620F0B3FF074610
:10D5800000283CD13D4900F039FA2979DFF814C16F
:10D590003B48AA78EB7811F0010F08BF604611F004
:10D5A000020F32D1DFF800C111F0100F354918BF5A
:10D5B0006146CDE900013449002000F01FFA2B79C3
:10D5C0003BF808202188274813F0400F4FF0000B4C
:10D5D0004FF021030DF11C08CDE9023BCDE90078A5
:10D5E0000CBF40238023805DFFF74AFF86280ED1C1
:10D5F0002649002000F0E8F909F1010998E7024600
:10D600002349002000F0FAF9BFE72249D1E7A878C2
:10D6100020F058FFD8B1404621F0DCFA421C92B20B
:10D6200001234146002000F03DF92088394601F0F1
:10D6300059F94FF6FF73984207D0174B174903EB80
:10D64000C00300205A6800F0BFF91549D1E7A87857
:10D6500020F03EFF20B1404621F0C1FA821CDEE7F7
:10D66000EA78DDE7E42900203FCE03004BCE03003B
:10D6700017CE03001CCE03008BCE03009DCE03000B
:10D6800021CE030027CE0300A2CE0300BACE0300B2
:10D69000F7D203002FCE03005CD30300E8CA0300D7
:10D6A000A37B030024CE030037CE03002DE9F04F07
:10D6B0008FB00446BDF86480BDF860B0B8F1040FC7
:10D6C0000F4615469A4635D9CDE9013B00920B46E7
:10D6D00002463049002000F077F921260DF11303AE
:10D6E0000DF1140903932046CDE900B90296534683
:10D6F0002A463946FFF7C4FE044638BB9DF813A0FE
:10D7000032464946504620F0B2FE064628469EB1B3
:10D71000A8F10408B0450FD3DFF888B021F036FA3D
:10D72000BBF80030B21CC3F152039A4219DB8920C6
:10D7300000F094F8892405E021F028FA8924204695
:10D7400000F08CF820460FB0BDE8F08F0090124931
:10D750002B463A46002000F037F9284621F016FA09
:10D76000EDE7204600F07AF8504600F077F8BBF875
:10D7700000800A48324649464044B04426F03EFC08
:10D78000ABF80080064900962B463A46204600F04A
:10D790001BF9D7E7C6CE0300FACE03004D440020A4
:10D7A0001DCF03001E3E002010B5044C206004482D
:10D7B000018004490A60044A136010BDFC2900205E
:10D7C0001C3E0020F8290020F429002008B410B5E0
:10D7D00087B009AB0C4653F8041B0092CDE9011346
:10D7E00002460B490B48059309880068002321F085
:10D7F000CFF8094B1B681880084B1B684FF48A52FE
:10D800005C80DA8007B0BDE8104001B0704700BF0F
:10D810001C3E0020FC290020F8290020F4290020CB
:10D82000094B10B500241C7020F0BEFD074B52229E
:10D8300018802146064826F0BBFB064B1C80064B91
:10D840001C605C609C6010BDA9440020203E00204C
:10D850004D4400201E3E0020223E002007490B8838
:10D86000512B9FBF064AD054581C80B29DBF0880E0
:10D8700000F1FF3080180020704700BF1E3E0020DE
:10D880004D440020024B034A1A600020704700BF3D
:10D89000002A002066CB0300014B1878704700BFB8
:10D8A000E429002030B4044D044C002B0CBF2B465F
:10D8B000234630BC21F0B8B900D0030047CF0300A5
:10D8C00070B5054608460C4621F084F9611C0246F5
:10D8D000024B2846BDE8704021F0A6B9A3A703007B
:10D8E00000B589B003780693437805938378049351
:10D8F000C378039303790293437901938379009367
:10D90000C3790448044900883E2200F077F809B042
:10D910005DF804FB2E3E00204BCF03002DE9F047BD
:10D92000DFF84C80DFF84CA0DFF84C9005460E463F
:10D9300017460024AC4201D1BDE8F087B8F80000DA
:10D9400006EBC4015346082221F06EF90134B8F801
:10D9500000003FB9044AA54208BF4A46034900F007
:10D960004DF8E7E74A46F9E7A37B0300A8B70300B1
:10D970002E3E002047CF0300DB8F03002DE9F0414E
:10D980000E4E0446308821F067F9A8B10C4FDFF83D
:10D9900034800025E3070AD518B93088414600F0E5
:10D9A0002DF830882A46394600F028F80020013545
:10D9B0001B2D4FEA5404EDD1BDE8F0812E3E00202E
:10D9C000FE9E03004BBC03000EB417B505AA044627
:10D9D00052F8041B01920120F8F7EAF9054A0121E7
:10D9E0000220FCF72BF8044B1C8003B0BDE810406C
:10D9F00003B07047DB8F03002E3E00200EB417B536
:10DA000005AA044652F8041B01920120F8F7D0F948
:10DA1000034B1C8003B0BDE8104003B0704700BF4B
:10DA20002E3E002013B503680446587900F02CFF01
:10DA300080B923685A88032A0CD0E17C5B79CDE950
:10DA400000211449144AFFF7BFFF0121204621F0AD
:10DA50009DF91BE0637D012B0AD0637D33B92368F8
:10DA6000228A5988587920F0B0FD48B9C321EDE7E2
:10DA70002368228A5988587920F0B0FD0028ECD01C
:10DA8000204621F0EBF801460028DFD1012002B04A
:10DA900010BD00BF60CF03007C430300002970B5B8
:10DAA0000F49104E1D46104B14460CBF6E227922B2
:10DAB000002808BF0B460D490020FFF79FFF2544B3
:10DAC000AC4205D1BDE8704009490020FFF77CBF9A
:10DAD00014F8012B31460020FFF790FFF0E700BF5C
:10DAE00094CF0300D1CF03008ACF03009DCF030062
:10DAF000D8B403002DE9F04F427D036890F81490EC
:10DB000090F813B0866885895F88002A8BB014BFAF
:10DB100080224022044658790592C84600F0B4FE9F
:10DB200098B9BBF1050F05D86FF02D0343FA0BF33D
:10DB3000DB070AD5032F08D0AF490020FFF744FFC9
:10DB40000121204621F022F97CE0E37B73BB607D5C
:10DB5000AA4AB0FA80F040091380C000FFF77EFEA9
:10DB6000E37B93B3208A21F011F88246A07CFFF773
:10DB700075FEBBF1160F00F2B281DFE81BF0280042
:10DB8000B6017D006700EA017D00AA01F301B20140
:10DB9000FC0105020E024D012502B001B001B001E9
:10DBA0003802820238029F024D012502238A002B8F
:10DBB00000F09581607D914BB0FA80F04009002221
:10DBC000C0001A8040F00400C8E79A46CEE78C4AAD
:10DBD0008C49DFF828A23B460020FFF7F5FE012024
:10DBE000FFF73CFE08F10209A94529D841462A461B
:10DBF000304620F0E9FF236880465879BAF80030B3
:10DC0000C3F152039BB20193238A00934246059BC2
:10DC100039461DF03FFE10B11FFA89F8E2E723688C
:10DC20005879BAF80030C3F152039BB20193238AAA
:10DC300000934246059B3946FFF738FD8928EBD112
:10DC400021F09EF801200BB0BDE8F08F0420FFF713
:10DC500005FEEB1E4FF0000A0893089B984550D331
:10DC6000BAF1000FECD1E37B94F81480002B634BE6
:10DC70000CBF022204221A800420FFF7EFFD0023CC
:10DC80000693994608F1030A554540F2A1802A46B9
:10DC90004146304620F098FF06EB0803EA1E9B78C9
:10DCA0000790B244A2EB080292B25146184609937B
:10DCB00020F0DDFB089000287BD02268099B50797A
:10DCC000079ACDE901A3238A00933946059B20F0EA
:10DCD000E4FD079B4C4982463A460020FFF78EFE42
:10DCE000BAF1000F55D1069B48490133DBB25046CB
:10DCF0000693FFF769FE089B033343441FFA83F83A
:10DD0000C0E72A464146304620F05EFF06EB080396
:10DD100008F1030193F80290089B0690A3EB080218
:10DD2000314492B24846099120F0A1FB079068B3B4
:10DD3000236809995879CDF808900191238A0093B6
:10DD40003946DDE9053220F0F4FD8146C0B1484690
:10DD5000FFF784FD069820F019FF069B2A493A46F2
:10DD60000020FFF731FE2A494A460020FFF72CFE2B
:10DD70000AF1010AB9F1800F5FFA8AFA3FF470AF35
:10DD8000079B033343441FFA83F866E74FF080098B
:10DD9000DDE75046FFF762FD079820F0F7FE09F136
:10DDA00001091B49524600205FFA89F9FFF70CFE72
:10DDB000A1E78720FFF752FD079820F0E7FE09F161
:10DDC00001091349089887225FFA89F9FFF7FCFDDA
:10DDD000BBF1050F3FF436AFB9F1000F7FF430AF60
:10DDE000069B2BB90B491846FFF7EEFD8021A8E6EC
:10DDF0004846FFF733FD23E7CE9D03001E3E00207B
:10DE0000D7CF030020D00300E1CF030044CF0300AD
:10DE1000FBCF030003D00300BBF1150F00974CD0DC
:10DE20000020B54BB54AB649FFF7CEFD0D20FFF7F0
:10DE300015FD2A464946304620F0C6FEB144BBF1E6
:10DE40000C0F99F8026005463FD1192E28BF1926FC
:10DE5000E37BBBB1B4F810804FF6FF73984511D146
:10DE60002068059B40792A463946FFF7C1F94045AD
:10DE700008D0BAF1000F05D020828AF80000000A0D
:10DE80008AF801009F4B0020B3F80080FFF7E6FC02
:10DE90002368ABF1150C5879DCF1000343EB0C035C
:10DEA000CDE90163238A00932A46059B394620F079
:10DEB00081FC954B03F80800C2E60020934B8F4A83
:10DEC0008F49FFF781FD1620B1E7132E28BF1326D7
:10DED000BEE7204620F012FE00287FF4B3AE812179
:10DEE0002FE6204620F03AFEF6E70A2F06EB090857
:10DEF000A5EB090A22D1DFF818B29BF80030EBB18C
:10DF0000E37BDBB9BAF1080F18D12A4649463046FF
:10DF100020F05AFE90B998F802307BB998F80320A7
:10DF2000E22A0BD12A4609F104013046059320F07C
:10DF300048FE20F0FEFE059B8BF800301FFA8AF2A7
:10DF4000414638461DF0A8FC00287FF47BAE002136
:10DF5000F7E5A5EB090292B206EB0901384620F07D
:10DF600012FEF1E7A5EB090292B206EB0901384671
:10DF700020F0C6FDE8E7A5EB090292B206EB090125
:10DF8000384620F0EDFDDFE7A5EB090292B206EB83
:10DF9000090138461DF082FCD6E716F809502368BF
:10DFA00009F10109587916F80960238A0193059B44
:10DFB00000932A463946334620F039FB324629463B
:10DFC000384620F09FFD3DE609F1010216F80910E0
:10DFD000AB1AABF1160568426841003900909BB25C
:10DFE000324418BF0121384620F08EFDACE716F808
:10DFF0000950B144BBF1110F99F801603BD11220D7
:10E00000FFF72CFC4FF00008E37BB3B1B4F810909D
:10E010004FF6FF73994510D12B463A4621464046AC
:10E02000FFF762F8484508D0BAF1000F05D020820A
:10E030008AF80000000A8AF80100DFF8C890DFF8CB
:10E04000C8B0B9F800A0CDF80490CAF1510292B25C
:10E050000AF1010300925B44CDE902563A4621469B
:10E060004046FFF77FF8B9F800300BF80A0001339B
:10E07000A9F80030E4E51420FFF7F0FB4FF00108A9
:10E08000C2E709F101039D4234D316F809801E440A
:10E09000B8F10008A5EB030318BF4FF001089DB2CB
:10E0A0002B46324641460020FFF7F8FC0095218AB6
:10E0B00033464246384620F02BFD45E709F101037F
:10E0C0009D4217D316F80980ED1AB8F1000818BF61
:10E0D0004FF001081E44ADB22B46324641460120A6
:10E0E000FFF7DCFC0095218A33464246384620F093
:10E0F0000DFD29E70020A6E5A37B030014D0030053
:10E100001ED003001E3E00204D4400202DD00300F1
:10E110009F44002038B54FF6FB750446A9429DF890
:10E120001000626098BF43F40043012121702381F5
:10E13000A0720A4A0A4902230020FFF745FCE07A50
:10E14000084B40F6CA0203EB4010FF211FF0B7F95D
:10E15000BDE83840042020F0C5BC00BF32D0030029
:10E160003DD00300442A002030B5054685B028B9CB
:10E170001D4905B0BDE83040FFF726BC0024007BF8
:10E1800020F038FD194A1A492C702046FFF71CFC74
:10E19000184BE87AFF2103EB40101FF0A1F9164B52
:10E1A000204602019A5C22B901300428F9D120F0FE
:10E1B000E0FC696899B1B5F908302A899B1303F02E
:10E1C00002038DF80430C2F30E03ADF806304FF6AB
:10E1D000FF73ADF808300023039301A8884705B00A
:10E1E000BDE8304020F00CBD68D0030032D0030001
:10E1F0009AD00300442A0020042A0020094803780A
:10E2000073B9094A1946D3720133042B1173117083
:10E2100051601181917202F11002F4D10123037057
:10E22000704700BFA0440020042A002008B5FFF773
:10E23000E5FF064900231A0101EB03108A5C1AB1BD
:10E240000133042BF7D1002008BD00BF042A0020B1
:10E2500070B506460D46FFF7D1FF0A48002300EBD4
:10E260000514A17AB14205D1217819B12B4400EBF4
:10E27000031070BD0133042B04F11004F1D1002010
:10E28000F7E700BF042A002010B50446FFF7B6FFE9
:10E290000E4B9C4212D003F12002944210D003F1A5
:10E2A000400294420ED060339C420DD103230848B3
:10E2B00000EB0310BDE81040FFF756BF0023F6E760
:10E2C0000123F4E70223F2E70020F3E7442A0020C9
:10E2D000042A002070B5074D074E00242846324618
:10E2E00000210134FBF7ACF8042C05F12005F5D131
:10E2F00070BD00BF442A002089E200002DE9F341EF
:10E3000005460C4617469846FFF790FF064640B96B
:10E310001C4A1D49FFF758FB7024204602B0BDE897
:10E32000F0814FF6FB739D420AD94FF6FD739D4273
:10E3300004D0144A15490020FFF746FB4FF6FD753F
:10E34000434621463A46284620F0C9FC044600F0E0
:10E350001DFE804634B10B4A0D4923460020FFF7CD
:10E3600033FBDAE73B462046064A0A49FFF72CFB17
:10E37000089ACDF80080062329463046FFF7CAFEEA
:10E38000CBE700BF32D00300A7D00300D1D00300F9
:10E3900006D103002DD10300F7B506460F46FFF75F
:10E3A00045FF054638B9104A1049FFF70DFB7024A8
:10E3B000204603B0F0BD002240231146304625F030
:10E3C0000DF8044617F006FC34B1074A0849234605
:10E3D0000020FFF7F9FAEBE7009001233A463146B7
:10E3E0002846FFF797FEE3E732D00300A7D00300EB
:10E3F00054D1030073B504460E46FFF717FF0546D8
:10E4000038B9104A1049FFF7DFFA7024204602B0ED
:10E4100070BD00222046114624F0E8FF044617F0A4
:10E42000D9FB34B1074A094923460020FFF7CCFA4B
:10E43000ECE70090234632464FF6FC712846FFF782
:10E4400069FEE3E732D00300A7D0030080D10300C8
:10E450002DE9F043884610789FB0002114461D46F0
:10E46000FFF7F6FE0646002800F001810778002F2E
:10E470007ED0B8F80010002940F0F9800389B8F880
:10E48000022043F40040824240F0F180617800298C
:10E490006ED1A2F50042062A00F2E980DFE812F010
:10E4A000A400A400E700E7000700BB006C00E388BD
:10E4B000E17AADF824302389ADF8263063798DF800
:10E4C00028308B1D0D3D14F813208DF8141015F015
:10E4D00001058DF81C2046D10BA8069004F10C0C08
:10E4E00080465FFA85FE8E450CF1020C09D21CF8BD
:10E4F000019C1CF802EC0EEB092E28F802EB01350A
:10E50000EFE75B00013300EB41000A4403F0FF0337
:10E510000890D2B28A420FD01EA800EB4105E01845
:10E52000013190F801C0E05C023300EB0C2025F8CB
:10E530004C0CC9B2DBB2EDE7B6F908203389002AEA
:10E54000B4BF03220122C3F30E038DF80820ADF8F7
:10E550000A306288ADF80C2005AB049302A930465E
:10E5600020F0A8FB04E0434A43490020FFF72CFABF
:10E5700038461FB0BDE8F083042D02D83D4A3F491C
:10E58000F3E72379B4F80280053DADB29D4202D095
:10E59000384A3B49E9E73B4A3B4B3C49CDF80080D0
:10E5A000002D18BF13460020324AFFF70DFA05343C
:10E5B0008DF81450B6F90830069485B1002BACBF25
:10E5C000012303238DF82C303389ADF83080C3F359
:10E5D0000E03ADF82E3005AB0D930BA9BFE7002B52
:10E5E000ACBF06230523EDE70B2DC7D9D4F80200F5
:10E5F000D4F8061005AA03C213F4004F14BF032277
:10E6000004228DF82C20C3F30E036289ADF830206C
:10E61000ADF82E30DFE7042DB0D96388ADF8303087
:10E6200023790533DBB29D4206D0124A1849009582
:10E630000020FFF7C9F99BE70E4A16490020FFF7B3
:10E64000C3F93389B6F90820C3F30E03ADF82E30B1
:10E6500005AB002A0D9304F10503B4BF0322012288
:10E66000069323798DF82C208DF81430B5E7002718
:10E670007EE700BF32D00300ABD10300D3D103004B
:10E68000E7D10300A37B03009BA503000ED2030088
:10E690002AD203006BD20300334BB0FBF3F2F0B588
:10E6A00003FB12004FF46165B0FBF5F3DCB205FB30
:10E6B00013033C25B3FBF5F3DBB24B71A0EB041065
:10E6C000C3EB0313A0EB83004FF4FA630B8040F21B
:10E6D00001134B80254E887101230C7100201F46C9
:10E6E0006425904229D091F802C043B1BCF1020FD9
:10E6F00005D14FF01D0E06E04FF0010C002306EB94
:10E700000C0414F801ECCC78744513BF01340CF1FF
:10E71000010C0124E4B208BF81F802C0CC708C78EF
:10E720000D2C00F10100DCD10B888F7001339BB2FE
:10E730009C070B8002D08242DED1F0BDB3FBF5F422
:10E7400005FB1434A4B224B18242F6D001239C46C6
:10E75000D5E74FF4C874B3FBF4FC04FB1C339BB245
:10E76000B3FA83F35B09BCE780510100A6D2030032
:10E7700010B588B006A90446FFF78EFF9DF81E303D
:10E7800003939DF81D3002939DF81C3001930748B8
:10E79000BDF81830009304949DF81B309DF81A20A2
:10E7A00003490088FFF710F908B010BD2E3E002085
:10E7B00084D2030008B50268154B1188198051886E
:10E7C000598051791971117959714FF48A51D98051
:10E7D000D28812F0200F0CBF0A464FF48B52DA8019
:10E7E00081690C4A137831B90B49C088088023F03D
:10E7F0000203137008BD43F002031370074B152288
:10E800000131184625F0BAFB002200F8012CF1E78F
:10E81000223E0020A9440020203E0020313E00205E
:10E8200010B5174C236858791FF0C3FE00BB154B79
:10E83000227F197B91421BD15A88236819888A420A
:10E8400005D04FF6FF70814212D1120410D4227904
:10E85000023A012A06D9A37B63B9BDE810400848F3
:10E86000FFF748B9198958791FF09FF90028F2D1AC
:10E87000002010BDBDE810400148FFF7D3B800BF2D
:10E88000C82A0020E429002008B51FF092FE10B924
:10E89000024B187808BD0020FCE700BFAE44002002
:10E8A00008B5002020F0A6F9FF201FF0B2FE20F0EE
:10E8B000A7F9FEF765F901210246064825F078FB25
:10E8C000054B064A06485221FEF76EFFBDE8084098
:10E8D000FEF7C0BBAE440020223E00201E3E0020BA
:10E8E0004D440020F0B50D4F044600224FF6FF7551
:10E8F00090B2034637F83060AE4201D12846F0BDF1
:10E90000A64209D1B4F57C4FF9D307EBC3035B886A
:10E910008B42F4D00029F2D00132E9E75CD3030046
:10E9200010B50446FFF7DEFF094A034610884FF68C
:10E93000FF72934217BF074A0749084902EBC30316
:10E940000CBF22465A68BDE81040FFF757B800BF19
:10E950002E3E00205CD30300B2D20300E8CA0300BD
:10E96000034B18780130C0B2187000F07F00704778
:10E97000FE150020044A137818B143F00103137008
:10E98000704703F0FE03FAE7A9440020014B18701A
:10E99000704700BFAC44002038B1074B1B78012BF7
:10E9A00004D1038843F0400303807047022BFCD15D
:10E9B000038823F04003F7E7AC44002068B1074A1E
:10E9C0001378012B07D1064B1B781370037843F0A3
:10E9D0001003037001E0022BF8D07047AB44002015
:10E9E000AA44002073B5244E3378D907024640D498
:10E9F0002249096881B10868C1888D0641BF204C51
:10EA0000E18841F02001E180C1884C0641BF1C48EB
:10EA1000C18841F04001C1801A4D1B49287809780E
:10EA200040074CBFE9706970184913F00204098867
:10EA300009D0144A164820F07EF8337823F00203F8
:10EA4000337002B070BD134B18884FF6FB739842B9
:10EA500008D8CDE900520B46094A014620461FF06E
:10EA6000B8FAEEE70092074B0A4605491FF098FAFC
:10EA7000E7E70020E5E700BFA9440020C42A002002
:10EA8000223E00204D440020FF1500201E3E0020A5
:10EA9000303E0020203E002070B50379012B044653
:10EAA0000D46164631D883681B78DB0600D561B366
:10EAB000A37B13B9E37C0B2B27D0154B00221A80C4
:10EAC000637DB3FA83F35B09D800E37BABB9FEF750
:10EAD000C5FEA07CFEF7C2FE0B20FEF7BFFEE07C69
:10EAE000FEF7BCFE2846FEF7B9FE2046FFF762FEA1
:10EAF0003046BDE87040FFF775BF40F00400FEF7F8
:10EB0000ADFE208A20F042F8E3E7002070BD00BF90
:10EB10001E3E0020024B0A4601461868FFF7BCBFA4
:10EB2000C42A0020F0B4054618460F4B0F4E1B7840
:10EB3000012B0C46BDF8101001D0377827B1002307
:10EB400033700020F0BC70470CB9002AF9D143B1F2
:10EB50004FF65743994204D02B462246F0BC1FF093
:10EB6000CBBF0120EEE700BF00160020AD4400201F
:10EB70002DE9F04F664E674C8446964698460F4600
:10EB80000FCE25460FC596E80F0085B085E80F002B
:10EB9000DDF83C90BDF838300093CDE90194434650
:10EBA00072463946604600F0DBF8DFF89081064691
:10EBB00070B90025FEF734FE16220021564825F0D4
:10EBC000F7F900232846C8F8003005B0BDE8F08FFB
:10EBD000524BA27C1A70524BC8F800401B78002B95
:10EBE00036D020F0A8F84F4902460020FEF706FF75
:10EBF00022684D495379528800920020A289FEF77D
:10EC0000FDFE002020F028F820B12368218A5888D2
:10EC1000FFF786FEE37B23B1228A44490020FEF7FA
:10EC2000EDFEA36842491A78E37C0093A37C0020A0
:10EC3000FEF7E4FE207DA289A168121A0144012397
:10EC4000002092B2FEF72EFE3A490020FEF7BCFEED
:10EC50003048FFF7AFFD2F481CF017FE054630BBCC
:10EC6000B9F1000F25D12168E0880B880190BA1E08
:10EC700049880091032A8CBF00220122E07C0121F7
:10EC8000FFF750FF38B923685B79FF2B3AD0FFF7C5
:10EC9000C7FD05468EE72368DB889A06F3D4264C29
:10ECA0001C480121217020F071F884F8009035464D
:10ECB00080E7B9F814309B07E5D47AE75846FEF7A9
:10ECC000DDF882465846FDF761FF88B12368228A45
:10ECD000598850461FF070FC50B13846FFF76AFD66
:10ECE000236889F804A083F805A0FFF799FD00B90F
:10ECF000284601360546FDF743FF5FFA86FB584577
:10ED0000DCD857E7034FDFF838900026F3E700BF61
:10ED10002CD30300C82A0020303E0020FF1500201D
:10ED2000FD150020CAD20300D2D20300F0D20300A6
:10ED3000FBD2030067820300AD440020C42A0020F8
:10ED4000223E0020054A0023D15C814202D31A44AE
:10ED5000507870470233DBB2F6E700BF19D30300E7
:10ED600073B51546089C2E7816F0040F0CBF0326C9
:10ED700005269E421A4608D9224A234900960020B9
:10ED8000FEF722FE002002B070BDBDF818302171E0
:10ED90002060E380A560A2812B7803F00103A373B8
:10EDA0002B7803F00403002B14BF01210021E17331
:10EDB0002978C1F3C00161754FF00101217518D0A8
:10EDC00028461FF001FF237D208202332375227D18
:10EDD000531CDBB22375A95CA1740232D2B2227536
:10EDE000EB5CE374A3899A4205D900920749054A6E
:10EDF000C5E72382EBE7079BA3610023237701206C
:10EE0000C1E700BF2FA603008CD30300A8D30300E3
:10EE10002DE9F341244E254FDFF8B0800024E0B205
:10EE20000BF07EF9FF2805460ED1214A2346012129
:10EE30000220FAF703FE307801341EF030F9152C69
:10EE4000EDD102B0BDE8F081020657F8243010D5AC
:10EE5000184A00920121184A0220FAF7EFFD84B9FE
:10EE6000EB074CBF154A164A01210220FAF7E6FDCE
:10EE7000E1E7114ACDF8008001210220FAF7DEFD1A
:10EE8000D9E7032CECD00A2CD5D10E4B0E4A15F045
:10EE9000010F18BF1A4601210220FAF7CFFD307882
:10EEA0001EF0FDF80B24BAE70116002018D5030068
:10EEB000D9D30300A37B030001D4030016D40300BD
:10EEC0002CD40300C4D30300CED303009BA50300BE
:10EED000034B1870034B1970034B00221A707047D4
:10EEE000B0440020B1440020AF4400202DE9F74F8A
:10EEF000DFF89080224F98F800303C7805460E46A7
:10EF0000002B3AD04FF6FB73984236D8DFF878A042
:10EF10004FF0000B98F800309AF800005FFA8BF978
:10EF20004B450ED948446946C0B215F05DFE082233
:10EF30003146684625F012F80BF1010B0028E9D1A3
:10EF40004C463B78A34208D198F80020631CDBB202
:10EF50009A423B7004BF00233B709AF800301C4477
:10EF6000E4B23146204615F033FF30B92946204639
:10EF700003B0BDE8F04F15F023BE03B0BDE8F08F3D
:10EF8000AF440020B1440020B0440020024B187868
:10EF900000F07F00704700BFB2440020034B187898
:10EFA0000130C0B2187000F07F007047B2440020FA
:10EFB00030B585B00024ADF80A20021D92B2012AB6
:10EFC0001D46ADF80840ADF80610ADF8044003D971
:10EFD0004FF6FF72904207D1064A2B46127801A9DC
:10EFE00023F092FF05B030BD014601AA204612F081
:10EFF00045FCF7E70216002000487047A8410020B2
:10F00000014B1878704700BF19160020014B188873
:10F01000704700BFA6150020014B1878704700BF4D
:10F0200012160020014B1878704700BF0916002007
:10F03000014B1878704700BF0C16002008B5084B2C
:10F0400000221A605A60F6F71BFD064B1870F6F79F
:10F0500017FD054B1870054B1A78054B1A7008BD43
:10F06000D63A0020FC440020FB4400200A16002071
:10F07000FA44002000B5002193B008466A4609F022
:10F08000C9FD0146C8B90E4B0E4A09930E4B0A93AF
:10F090000D920E4B0E4A0B930E920E4B0E4A0C9392
:10F0A000CDE90F230D4B11936A460AF093F800380F
:10F0B00018BF012013B05DF804FB0120FAE700BF80
:10F0C000AB1D030095E40100371F0300FBD70200CE
:10F0D000FDAD0100B51F03006DFB0100FDDE010069
:10F0E000074B1878112803D8064B0341DA0704D5DB
:10F0F000A0F143035842584170470120704700BFB8
:10F10000FE440020CBFFFDFF08B5064B1B78013BFA
:10F11000022B05D80020FFF7E3FF0138C0B208BD7D
:10F12000FF20FCE7FF4400202DE9F74F414B0193FE
:10F13000414B424A1B78DFF84491DFF84481DFF805
:10F1400044E1DFF844C13E4F3E4E3F4D3F49404809
:10F1500002EB431A019B524503F1200309F12009F8
:10F1600008F120080EF1200E0CF1200C07F1200709
:10F1700006F1200605F1200501930FD1354B334DE3
:10F180001C78354E354B324F00221146D0B28442A6
:10F1900003F1200346D803B0BDE8F08F304B314C6B
:10F1A0005360002349E907432F4CDFF8E0B01160BA
:10F1B00048E907432D4C13614EE907432C4C49F8AD
:10F1C000201C4CE907432B4C48F8201C47E9074317
:10F1D000294C4EF8201CC2E9023049E9050348E9F0
:10F1E00005034EE905034CE9050347E905034CF81F
:10F1F000201C47F8201C46F8201C46E90743019CC8
:10F2000045F8201C45E907B3DFF884B044F8201C1A
:10F2100046E9050345E9050344E907B344E9050365
:10F22000203297E743E9085643E9061743F8101CD4
:10F230000132ABE7503500201F1600207036002049
:10F24000B035002090350020703500202C3B002088
:10F25000A37B0300171600204D2B0200F035002081
:10F26000B1D6010087220300A5EA0100157602004D
:10F2700099330300510D0200F3F2020050360020D2
:10F280003036002010360020D0350020FD9D0200D1
:10F2900031D30100044B00F1100250F8041B43F875
:10F2A000041B9042F9D1704700450020044B03F144
:10F2B000100253F8041B40F8041B9342F9D1704725
:10F2C00000450020014B93F95A0070476C3A00202A
:10F2D000F0B5071D0546002293B00C4638460821BC
:10F2E00022F0D6FC6A7B0646D0070BD5687808A9C1
:10F2F00020F095FCDDF83D306B60DDF841307B603F
:10F3000080B101E0910702D42D2013B0F0BDD200EE
:10F3100002F080020121384620F08CFCFF28687042
:10F32000F2D0E6B1192319466A7801A81DF0CAFE89
:10F330009DF81C305B0604D50B484FF4C071F6F7FE
:10F3400045FA234603AD07AC2A4603CAA242186019
:10F350005960154603F10803F6D10020D5E708A946
:10F3600020F05DFCCCE700BF7BD503002DE9F04326
:10F3700007468BB01D4888461646FFF797FF0025C5
:10F38000002D01AB194A0CBF36205C2000249946A1
:10F3900012F8011B0134E4B24140102C03F8011BA8
:10F3A000F6D105A823F0ABFA4A46214605A823F07A
:10F3B000AAFABDB941463A4605A823F00BFB05ACB5
:10F3C00032460DF1240C234603CB63451060516097
:10F3D0001C4602F10802F6D115B10BB0BDE8F0836E
:10F3E0000125CDE732462146E6E700BF3045002043
:10F3F0002DE9F04F99B0DFF8E880DDF890909DF8A6
:10F400008CB09DF8886088F800B0174682460C469C
:10F410001D462022304B0F93002110A824F0C8FD78
:10F420004F4504D02A463946484624F0A7FD4FEA06
:10F430000B4303F47C1343F0A86343F480737819FF
:10F44000711B09EB050C6CB30DAACDE90AB209EBEF
:10F45000060209920EAACDE907120D22CDE9051C7C
:10F46000CDE90350CDE900A21C49029710220FA854
:10F47000F4F7CCFA07460FA820F007FC17F1950F18
:10F4800024D02FBB0E9B761BF6B29E4220D10CB32C
:10F4900098F800000D9B984214BF2120002019B05D
:10F4A000BDE8F08F0EAACDE90912BA19CDE905120F
:10F4B0000D22CDE90350CDE900A2CDE907BC0749F3
:10F4C000029710220FA8F4F763FBD3E72C20E6E79E
:10F4D0002120E4E72046E2E70024800030450020B8
:10F4E00020160020F0B51B4B93B0002607460C46B3
:10F4F0001546314620220AA8CDE9086324F058FDBC
:10F5000008AB1022DFB1CDE90523CDE90325CDE914
:10F510000164114B1149009609A8F4F7C7FC044691
:10F5200009A820F0B2FB14B9089B102B04D00C489A
:10F5300040F23E21F6F74AF9002013B0F0BDCDE9C4
:10F540000323CDE90125044B0449009409A8F4F7ED
:10F550002FFDE4E7002480000044400430450020F3
:10F560007BD5030030B5054689B0694620F057F9D0
:10F570006B8804ACABB122462946684620F0C8F837
:10F580000E4A08AD234603CBAB42106051601C46C7
:10F5900002F10802F6D10948FFF77CFE002009B00D
:10F5A00030BD064D6B461A4603CAA2422860696008
:10F5B000134605F10805F6D1EDE700BF3045002000
:10F5C00050B10B4B0B4A03F1100153F8040B42F8F6
:10F5D000040B8B42F9D17047064B054A03F1100129
:10F5E00053F8040B42F8040B8B42F9D1704700BF6B
:10F5F000304500201045002008B51022024824F0B4
:10F60000BDFC002008BD00BF2045002008B508460D
:10F610001022024924F0B2FC002008BD2045002041
:10F62000F0B587B0054603A80C4614F01FF9014653
:10F63000002847D1BDF80C30980643D5102220464B
:10F6400024F0B6FC01A813F0C3F8B8B16E7B16F035
:10F65000020F05F1040706D0082201A9384624F05C
:10F660007DFC00282CD101AB03CB46F0020668607C
:10F6700079606E73238843F008032380238843F066
:10F680000203238012F090FC606022F053FB30B143
:10F690000D4B1B68A360238843F0040323800B4BAE
:10F6A0001A68D1035EBF238843F01003238013023E
:10F6B00042BF238843F400632380002007B0F0BDDD
:10F6C0002D20FBE72420F9E7A0360020A4360020F7
:10F6D0002DE9F04F91B09B460B1E0A93AC4B1A9E3E
:10F6E000904614BF8146994600249BF8000060B9FB
:10F6F00044450A992CBF08F1FF32224643460020B8
:10F70000C847204611B0BDE8F08F25280BF1010B4A
:10F7100006D022460A99651C4346C8472C46E4E7B2
:10F7200000230DE02D2A2AD0302A06D0303A092AAB
:10F730004FF0000711D80A2532E043F001038B4651
:10F74000594611F8012B2B2A1CD0EBD8202A1CD0AB
:10F75000232A1DD02A2A2BD000279BF800202E2AEE
:10F7600064D19BF80110A1F1300009280BF10102CE
:10F7700043F4806351D800254FF00A0C26E043F093
:10F780000203DCE743F00403D9E743F00803D6E7BC
:10F7900043F01003D3E705FB0722A2F130078B46A5
:10F7A000594611F8012BA2F130000928F3D9D4E70A
:10F7B00056F8047B002FBCBF43F002037F428B4608
:10F7C000CBE70CFB0511A1F130050246104610F8FD
:10F7D000011BA1F1300EBEF1090FF2D9114611F84B
:10F7E000010B6C282CD024D8682830D06A2837D058
:10F7F00011468B461BF8010B672875D857284BD844
:10F80000452807D085D9462800F03181472880D186
:10F8100043F4006343F0200341E12A2907D156F85D
:10F82000045B0BF1020225EAE575D7E75A4600258D
:10F83000D4E7742801D07A28DAD143F48073D8E76A
:10F8400050786C28F9D143F44073911CD1E750787B
:10F85000682802D043F08003CBE743F0C003F4E70D
:10F8600043F40073C5E70A2A00F06681072A7FF493
:10F8700050AF43F0210305930823CDE90353102330
:10F88000CDE9011356F8043B00930A9943462246FA
:10F89000484620F0E7FAFCE0A0F158020F2A3FF6B4
:10F8A00038AF01A151F822F019F9000013F7000058
:10F8B00013F7000013F7000013F7000013F7000020
:10F8C00013F7000013F7000013F7000013F7000010
:10F8D00019F90000C1FA000019F9000097FA0000B8
:10F8E00073FA000097FA0000A0F16902D2B20F2A61
:10F8F0003FF60FAF0121914049F2410C11EA0C0192
:10F90000B1D0782803F4806122D1002900F09080E2
:10F9100023F00D02102307E0622803F4806220D157
:10F9200042BB23F00C02022312F4007100F083802A
:10F93000CDE907720022CDE9043206F1070A2AF068
:10F94000070A06950292FAE80223CDE900233DE07A
:10F950006F2812D123F00C0209B123F00D02082305
:10F96000E2E7582816D1002A39D123F00C0242F0E0
:10F970002002CFE723F00D02D5E7692823F010021B
:10F9800030D023F01C0209B123F01D020A23CBE77B
:10F99000A3FC020042BB23F01002930527D50736D3
:10F9A00026F00706B24671685AF8083B0695CDE97D
:10F9B00007720A26CA0F00270029CDE904670292C0
:10F9C00002DA5B4261EB4101CDE900310A9943461D
:10F9D0002246484620F089FA0446564685E623F03A
:10F9E0000D02C4E70029D8D023F01102D5E7D005D5
:10F9F00006F1040A01D5336802E0510613D53378C5
:10FA00000395CDE904720A220292002B4FEAD372C9
:10FA10000192B8BF5B4200930A994346224648468A
:10FA200020F020FAD8E71306E5D5B6F90030E7E76D
:10FA300023F00C026EE7D00506F1040A06D5CDE9E5
:10FA40000472CDE9023501913368E4E7510608D527
:10FA50003178CDE902350023CDE90472CDE90013F8
:10FA6000DAE7316812F0800F18BF89B2F1E743F08E
:10FA70002003CDE90373073626F007060295F6E862
:10FA800002230A99CDE90023484643462246F0F76F
:10FA900007FD044629E6672801D143F40063CDE958
:10FAA0000373073626F007060295F6E802230A9943
:10FAB000CDE90023484643462246F0F72DFBE8E710
:10FAC00013F0020523D04FF0010A631C0B930A992F
:10FAD00016F8040B43462246C8475DB30B9A5446BA
:10FAE0001EE00A9943462020C8470AEB04020AF1A7
:10FAF000010A5745F5D8002F07F1FF3308BF00234F
:10FB000007F1010A1C4408BF4FF0020ADDE7AA46CC
:10FB1000EBE7551C0A9943462020C84701342A4682
:10FB2000BC42F6D30B9AA7EB0A03574538BF002314
:10FB30001A440B920B9CD8E53246002D52F8046B08
:10FB40000B9214BF29464FF0FF31314432461078F2
:10FB500008B18A4211D1A2EB060A13F480620C921A
:10FB600002D0AA4528BFAA4613F002030D931BD169
:10FB7000AAEB040322460F9308E00132E7E7531C87
:10FB80000E930A9943462020C8470E9A0F9BD3181C
:10FB90009F42F4D8A7EB0A03574538BF00230AF168
:10FBA00001021C4403EB020AA31B0E9304E01D4652
:10FBB0000A9943462246C8470E9BF41816F8010BD3
:10FBC00028B10C9B002BF3D06B1E002DEFD10D9BA9
:10FBD00093B12246AAEB040505E0561C0A99434658
:10FBE0002020C847324653199F42F6D8A7EB0A0394
:10FBF000574538BF00231C440B9E76E50FB41FB554
:10FC000006AA02A952F8043B0392009204484FF05E
:10FC1000FF32FFF75DFD05B05DF804EB04B07047FF
:10FC200089FF02001FB5034600914FF0FF3203A980
:10FC30000248FFF74DFD05B05DF804FB89FF0200A7
:10FC40001FB5CDE90201009302A9134603484FF006
:10FC5000FF32FFF73DFD05B05DF804FB91FF0200A8
:10FC60002DE9F04F14469B46C36B87B005465B6990
:10FC700060680E46012202A99847EB6B01225B697E
:10FC800003A93046984702A820F049FD074648B12D
:10FC90000023A37563754FF0FF33A360002007B006
:10FCA000BDE8F08F03A820F047FD0123A375237E54
:10FCB00004EBC303DE611F846368B3420ED120608E
:10FCC00003A820F05BFD4FF0FF332075A360237D78
:10FCD000043B022B25D80023A375DFE723681A1AFB
:10FCE00053425341A37503A820F048FD237D83426E
:10FCF00018BFA77503A820F023FD074602A820F02F
:10FD00001FFD87421CBF0023A37503A820F020FD20
:10FD1000074602A820F01CFD87421CBF0023A375E4
:10FD2000D5E703A820F00CFD80B1EB6B02225B69E4
:10FD300004A93046984704A820F011FD0346207D11
:10FD4000032839D8DFE800F03838040903A8F3E7BE
:10FD5000237E04EBC303CC221A8401F037FC109BF2
:10FD60001870277E03A820F0DFFC04EBC70787F894
:10FD70002200237E04EBC30303A8B3F8209093F87A
:10FD8000227020F0DDFC804603A820F0E1FC8246D2
:10FD9000B8F1000F15D0EB6B02225B6904A9304665
:10FDA000984704A820F0A0FC6075637D6BB9002320
:10FDB000A3754FF0000838E0227E04EBC2021384E2
:10FDC000CBE703A820F07BFCEEE794F81680B8F1AF
:10FDD000000FEED0B9F1000F09D1DFB10123E375B7
:10FDE000637E002B4FD1012F42D1677614E06B6CFC
:10FDF00006EB0A02594286EA020008421CBF0021B3
:10FE0000A175591E0A409B1A9945D0D8A37D002B95
:10FE1000E3D1CEE7E37D43B94FF000084B465246AD
:10FE20003146284620F0FEF9A060A27D12B1236978
:10FE30004B4423611949237E097899422AD9013319
:10FE40002376BBF1000F27D032B3E37D23B3B8F1A3
:10FE5000000F21D1032F1FD0A1684B1C1CD0109B79
:10FE60000093224601232846FFF7FAFEA07513E00F
:10FE700095F8343063B9EB6A0133CFD1032FCDD17C
:10FE80000123A376C8E7012FCFD0032FC4D1F7E712
:10FE90009846C3E70023A375A07D00E7FC87030015
:10FEA0002DE9F04F8BB00E46044698464FF0FF31D7
:10FEB0000023104617468DF8133001F071FBB6F59C
:10FEC000801F3BD3B21C53D1E56A6B1C57D1616ACA
:10FED000204620F0EDF80546B31C18BF0123DFF8DB
:10FEE00014910193636A626C0293236802FB053AE2
:10FEF000E36B05A95B6905225046984705A820F0E9
:10FF0000C7FC20F0EAFC504620F0F2FC4FF0000B5A
:10FF1000824601464B1C05D0636C81EA0A025B42B3
:10FF2000134232D02946204620F0C2F8029BAB4251
:10FF30004DD0BBF1000F4DD10546D3E7314605AAA0
:10FF400004F1080020F0A0FB0146481C10D0384600
:10FF500001F026FB0DF1130301223946204620F063
:10FF6000DCF928B19DF8133088F80030002003E058
:10FF7000237C002BA8D11D480BB0BDE8F08F23686F
:10FF8000ED1A636CB5FBF3F5A6E7484601F008FBF4
:10FF90000DF11303019A4946204620F0BEF90346AD
:10FFA00090B1B21C03D0D9F80020B2420CD1039317
:10FFB0000F4B9DF8132088F8002049461A683846F0
:10FFC00024F01CF8039B9B46D9F80810A2E7BBF16C
:10FFD000000FD0D0B6F5801FC8D298F800307A68EC
:10FFE000314604F1080001F01FFABFE70BE000F012
:10FFF000F8870300C82600202DE9F3410E461B4D6B
:020000021000EC
:10000000816A044617469846E36A8B422AD04B1C05
:1000100018E0284601F0C4FA0DF107030122294631
:10002000204620F07AF930B19DF807204346294652
:100030002046B847B0B1A9684A1C05D0012E0AD0A5
:10004000E36A9942E5D10DE06968204620F0BDF8E9
:10005000012E0146D8D16B6881EA0302636C5B42D2
:100060001A42D1D002B0BDE8F08100BF9C2600202A
:100070002DE9F041036B07689046826B9A4288BF76
:100080008363426C436A02FB0377C36B90B05B6986
:100090000E46052201A904463846984701A820F0DB
:1000A000F7FB01280146307057D0656CE26B23687E
:1000B000606AD2F814C005FB0030052206A9E047AB
:1000C00006A820F0E5FB01284FF0000523D0D4E975
:1000D0000A3201219342CDE90B458DF834800E950B
:1000E0008DF83C102AD11946204620F06EF8236B7B
:1000F000626CE06214339B1A23630C9B53B99DF826
:100100003C303BB1626A616C2368E06B01FB0231F9
:1001100020F076FB0C9DE36B05225B6901A9384654
:10012000984701A820F0B4FB3070236BA26B2846DF
:100130009A4288BFA36310B0BDE8F081237C33B935
:100140001C490BAA04F1080001F0BEF9D5E71A4AD0
:100150000BAB2046FFF750FFCFE7237C23BB1749AB
:10016000224604F1080001F0AFF9616A20461FF051
:10017000C0FF616A421C20461FF089FF054620B976
:10018000236B626C1344143B2363A16A204620F066
:100190001CF82368A062C01A636CB0FBF3F06062C5
:1001A000204620F055F8B6E7054A00232046FFF721
:1001B00023FFDAE7710B0100ED0A0100A30303003E
:1001C0003F03030073B50D46D11E4A421C461B7EF9
:1001D0004A419A4226D129682368994222D363680A
:1001E00099421FD8114E0DF107033246FFF758FE12
:1001F000C0B972686B689A4214D19DF80730DA1E54
:1002000053425341227E93420CD1636901336361AF
:10021000D4E90323934205D2A268296842F8231047
:1002200001332361012002B070BD00BFF42600201D
:100230002DE9F04F8BB0DFF858B19A469DF8503059
:100240000293DBF81030534580460D461646C0F049
:100250009980DBF804300193D146B9F1000F00F02A
:100260008D80D8F83C3001985B69012207A9984736
:1002700007A820F061FADBF80030984240F0858052
:1002800007A820F065FA0428074614D107A820F033
:1002900066FA019B029A04463B44002A3FD18642FB
:1002A00012D9361A1446019940461FF08EFFA9EB69
:1002B00004090190D1E7D8F83C3001985B6902222B
:1002C00008A9984708A8E2E7841B544528BF54466C
:1002D000032C03EB0607AAEB040A4FEA94021CD98D
:1002E000D8F83C3029465B693846984724F0030328
:1002F00004F003061F441D44002ED4D0D8F83C302F
:1003000001225B6908A9384698473246284608A961
:10031000354423F073FE0026C5E72646ECE700F0DF
:100320000302039203442A18074604920593049B90
:10033000DD1B059BD81B039B9F420FD1002FB2D022
:10034000D8F83C30012208A95B6998473A4608A9C9
:10035000284623F003FE78B93D44A4E7D8F83C30A2
:10036000012208A95B699847042208A9284623F0BE
:10037000F5FD08B9043FDAE7DFF8189048460BB0FE
:10038000BDE8F08FDFF81090F8E7DFF81090F5E7A0
:100390002027002012E000F011E000F022E000F041
:1003A0002DE9F0410F4688B016469846044660B3E2
:1003B00090F83450FDB101211FF03FFE0E9BCDF8A7
:1003C0000480CDE902379DF83C308DF81C30237C49
:1003D00004960021CDE905118BB90D4901AA04F15C
:1003E000080001F071F8DDE90553E06B002E08BF4D
:1003F0001D461FF0E4FF284608B0BDE8F081054A1D
:1004000001AB2046FFF7F8FDEDE70546F3E700BF37
:100410006D030300C50101007FB590F842600192B1
:1004200004460DF10B030A46304612491FF0CFFF78
:10043000012EE36B054619D15B69324603A9984743
:100440009DF80B10039B019A59B19BB243EA0243FA
:100450000393E36B9B69012203A92846984704B0E4
:1004600070BD1B0C1B0492B21343F1E79B69012280
:1004700001A9F3E7202700202DE9F04F99B00F469E
:1004800009920A69416C0E931439D31DB3FBF1F341
:10049000013302EBC302036B93420446C0F00D82AA
:1004A0000023DFF820940D93E36A0793194648462A
:1004B00001F076F8D7E9033604930E9B022B4ED158
:1004C000CC2E40F08A81099B002B42D03946204631
:1004D0001FF0D4FF656C079A14906B1E1340ED1A41
:1004E000E36B78685B69012216A9984716A820F08B
:1004F00027F900280CBF04230823782E06933DD942
:100500000123002505934FF0080A3B6805990E98D2
:10051000C9F80030C9F8106020F034F94FEA9A03A6
:100520001093DDF81CB089F8140000230B930F938F
:1005300008930C93616C4A1E0BEA02028B1A002E80
:1005400038D05544AB4240D8236B5B1A1344236325
:10055000ABE0049B1B68149308230693D0E7656CFB
:10056000079A6B1E1340782EA5EB030516D8FB7D6A
:100570007BB9099B002BB3D104230693331DAB42F7
:1005800010D9A6B1082DBBD8042500230593AA468F
:10059000BBE7099B002BA3D10823EEE7099B002BA7
:1005A0009ED1D9E7002505954FF0040AADE7042553
:1005B0000596F9E75345C7D30BEB0A030393B046FF
:1005C000089B002B18BF032313E0A3EB0A039E42F2
:1005D000B0460BEB0A0228BF98469E420392EFD921
:1005E000D9F810200123964289F8173071D1C9F843
:1005F00004B0089399F81730002B6CD099F81820A4
:100600000899D31C09EBC3030132C3F804B0A3F863
:100610000880997289F81820B8F1000F14D00E9B49
:10062000022B5BD10B9B7BB90F9B4344032B0BD954
:10063000E36B03989B69012214A99847054600289B
:1006400040F03D8101230B93089B0193059B009390
:1006500099F814203968434616A800F057FFE36B59
:10066000109A9B6916A958469847051E0D9B18BFFE
:100670005B460D9352464346594620461FF0D2FD35
:10068000236BC9F8080008F10302A3EB0A0322F068
:1006900003029B1A2363002D40F011810F9BDDF8AC
:1006A0000CB04344A6EB08060F93594620461FF0B2
:1006B0008CFD00258346002E7FF43CAF814A3968CB
:1006C0009368E36252680E9B04F1080000F0ACFEF0
:1006D000DEE002238DE7C9F804B09DE7099B002BFB
:1006E00030D1049BB8F1030F43440A9327D9E36B3D
:1006F000DDE903019B694FEA980298470546002807
:1007000065D118F003025FD0049B28F003052B4449
:100710000493039B1D444FF0FF330499159315A8D0
:1007200023F06CFCE36B28469B69012215A99847CE
:100730000A9B04930546002D86D0039B99E7039DF1
:100740004246E8E7039B0A9307F120031193FB7DE0
:1007500078689BB13D7E0C9A0023D9B28D4211D9A5
:10076000119931F83310914203F1010C26D907EBAE
:10077000C3030699D8690A44104403E00C9B069A07
:1007800013441844E36B01225B6915A99847159B34
:1007900013930C9B0A9804330C93E36B01229B691F
:1007A00013A99847039B0A9A43449B1A042B0546B6
:1007B00007D978B9134604330A93C8E7521A634637
:1007C000CBE70A9B0393B6E70A9B04933CE70A9B9B
:1007D0000493B2E70A9B0393AFE73B4E04F108038F
:1007E00003932368079A606CA2EB030ABAFBF0FA42
:1007F00000FB0A3020F07CF8E16A804620461FF0BA
:10080000E4FCA26A82424AD0626CD9F808302568BA
:10081000E062511E0B40216B891A0B4423630D9B30
:100820005D1BB5FBF2F5AA4536D1079BB3EB080A71
:1008300012D0E36B4FEA9A029B6941469847E36AFC
:10084000079A5344E362236B9B1A43448346236312
:1008500003981FF0E9FEDA462368616CE06B01FB48
:1008600005311FF0BAFF20461FF0F2FB20461FF0B3
:10087000EFFC2063BAF1000F11D03A69616CD31D0F
:100880001439B3FBF1F3013302EBC3029042A8D257
:10089000304619B0BDE8F08F4FF0000ADCE73A6946
:1008A000616CD31D1439B3FBF1F3013302EBC302C6
:1008B000236B9342BFF4F8ADEAE7044EE8E72E4617
:1008C0008CE700BFC826002023E000F006E000F01F
:1008D0002DE9F3471E4643699DF82890B34204462C
:1008E000884617463DD300258DF8075020461FF057
:1008F0007BFBD4F830A082450AD2236AB5EB430FC4
:1009000006D200220DF107012046FFF7B1FB30B3FC
:100910009DF80730012B05D100220DF1070120467B
:10092000FFF7A6FBB9F1030F06D0314620461FF0B2
:1009300046FB256B854218D30D4D4FF0FF312846FD
:1009400000F02EFE4B46002229462046C5E90376DC
:10095000C5F8008002B0BDE8F047FFF78DBD013556
:10096000C4E7044802B0BDE8F0870348FAE700BFD7
:10097000F42600200FE000F006E000F02DE9F0473B
:1009800090F8426086B0012E05460391A1EB020764
:1009900015D1B7F5807F28BF03264FF06408DFF834
:1009A00048A100244FF6FF7995F84230012B14BF7F
:1009B000322364239C420AD35FFA88F415E0B7F52A
:1009C000803F34BF012602264FF03208E7E705AB2F
:1009D0002246514628461FF02FFD95F84230012B44
:1009E000059B34D14B452DD1E4B295F84230012B13
:1009F0000CBF64223222121BB24217D3012E39D10E
:100A00000022012B05978DF8132027D1082205A974
:100A10000DF113001FF0C3FE9DF81330059A42EA52
:100A2000032221462846FFF7F7FC40B102232E4956
:100A300000930968CC2303AA2846FFF749FF06B0B4
:100A4000BDE8F087DBB203B902340134ACE7591CCE
:100A5000CAD09BB2002BF8D10134F6E7102205A9C9
:100A60000DF113001FF09BFE9DF81330059A42EA2A
:100A70000342D6E7039A0592012B23D108232022B3
:100A800005A90DF113008DF813301FF088FE9DF8B5
:100A90001320120221462846FFF7BEFC95F842308B
:100AA000611C012BC9B21AD10028BFD1BDF8142096
:100AB0002846FFF7B1FC0028B8D10234BDF8162053
:100AC000E1B2AFE71023202205A90DF113008DF844
:100AD00013301FF064FE9DF813201204DAE700289B
:100AE000A4D1059A9EE700BF20270020032A2DE904
:100AF000F34106460D4617461C4606D1237A012BC4
:100B000023D0012002B0BDE8F081DFF860800968E1
:100B10000DF107034246FFF7C3F960600028EDD1ED
:100B20009DF80720237A032AE8D0D8F804106A68D1
:100B30009142E3D1012B2969D4F80CC007D1726925
:100B40000CEB0103934202D92074207CDAE70831D0
:100B50006144E1603B46012229463046FFF78CFCA8
:100B600060600028CAD00020CCE700BFF426002037
:100B70002DE9F341089C032A2668174606D1237AFB
:100B8000012B24D0012002B0BDE8F081DFF8908075
:100B90000DF1070342463046FFF782F960600028F6
:100BA000EDD12568D8F80400A96AD5F844C0227AA6
:100BB0004840CCF100031840E1D1012A09D1E26894
:100BC000D8F8103013447269934202D92074207C03
:100BD000D9E72868EB6A1B1A081AB3FBFCF3B0FBD1
:100BE000FCF083420BD1706CF36A421E1340326BEF
:100BF000121A1344336328461FF0E7FAE862D8F864
:100C00001020E3680649206808321344E36001229B
:100C10003B46FFF731FC60600028B0D00020B2E70F
:100C2000F42600202DE9F04F4FF0FF334FF6FF720E
:100C3000002500F10806C0E9092387B00446C36215
:100C40000562056330460F461FF0EEFC20461FF09C
:100C5000FFF928BB204639461FF07AFA20461FF0DC
:100C6000F7F928BB8A4D20461FF025FBECE0E26B2C
:100C70002368606CD2F814C001A9052200FB05307E
:100C8000E04701A81FF004FE012828D1294620468C
:100C90001FF02FFA421C294620461FF0F8F90135B3
:100CA000E3699D42E3D320461FF0D2F90028D1D05A
:100CB00000254FF6FF73C4E908534FF0FF39CA46C9
:100CC000A846E369984514D3A5EB0905012D37D84B
:100CD000636A4FF6FF72934247D16E4DC3E71FF030
:100CE00001FE0028DBD0294620461FF002FA02460A
:100CF000D1E72368E26B606C576901A9052200FB0C
:100D00000830B84701A81FF0C3FD834601A81FF0B3
:100D100096FD074658461FF0E0FD70B15745236A1F
:100D200038BFC4F82480B94503F1010328BFB94690
:100D3000BD42236238BF3D46BA4608F10108C0E70C
:100D40004FF6FF7363620025E3699D42C0D2676C72
:100D50002068E36B05225B6901A907FB0500984742
:100D600001A81FF06CFD0135EEE7E26B676C2068AF
:100D7000556901A9052207FB0300A84701A81FF038
:100D80005EFD626A2368606C434D00FB02301FF019
:100D9000AFFD4FF0FF33A062E3622A460DF103037B
:100DA0006FF001012046FFF77BF8002850D1AD68B5
:100DB000E562294620461FF027F9206320B9E16A41
:100DC00020461FF002FAE062294620461FF0FDF996
:100DD0000546A36A9D423DD16569626CE91C143ADF
:100DE0002046B1FBF2F105EBC1050335B5FBF2F589
:100DF0001FF061FA0235A84280463DD2616A204662
:100E00001FF056F90027064604F1400A474512D361
:100E1000626C236802FB0639E36B05225B6901A95A
:100E20004846984701A81FF00AFD53460246494626
:100E3000E06B1FF05FFD314620461FF039F90137A6
:100E4000AF420646E2D3154D284607B0BDE8F08F05
:100E5000A56AADE7294620461FF0D6F8236B034468
:100E600029460746236320461FF0AFF90546002FA9
:100E7000AFD1C4E90B07ACE730461FF0D5FB002328
:100E8000074A19462046FFF7B7F80025EBE600BFF2
:100E900003E000F016E000F0F426002013E000F07C
:100EA00009030300634A00232DE9F041176813602A
:100EB0000E46044618B9604D2846BDE8F08190F80A
:100EC00034500DB309680268914240F0AA807168FD
:100ED0004268914240F0A580B1688268914240F03A
:100EE000A080F168C268914240F09B8031694269FC
:100EF000914240F09680B169C26B914240F091807E
:100F0000726982611D46D7E750222946D0F83880A1
:100F100023F04EF83368236073686360336963615C
:100F20007369A361D6E9021204F10800C4F838809D
:100F30001FF08CFBB369E36304F140009B689847A2
:100F400094F8432020B1E561002AB4D03B4DB3E7CB
:100F5000656C002DF7D06668B6FBF5F3E361002AF7
:100F6000A9D0B542F2D82268B2FBF5F105FB1122F7
:100F7000002A58D105FB1363002B54D120461FF0E3
:100F800033F8A369043303449E424ED3636940F6A9
:100F90003472CC3B93424AD8B5F5007FD6D30321B7
:100FA00020461FF04AF8E36BD4E900011B6898471C
:100FB000E36B0546DB68022098471DB1002384F8E7
:100FC00034301EE039462046FFF72CFE1C4B984279
:100FD000054604D139462046FFF724FE0546636CDA
:100FE000143B002DEAD1226A204602FB03F61EF0D4
:100FF000FBFFA369043303449E4206D284F83450B5
:10100000104DE06B1FF0DBF956E70F4A012384F81F
:1010100034301368D4E90001013313601AF08EFEF6
:10102000EFE70A4D48E70A4D46E7064D44E7094D0C
:1010300042E700BFCC36002009E000F004E000F0F9
:1010400013E000F002E000F0C836002008E000F0F5
:1010500001E000F005E000F02DE9FF410F46904669
:101060001E46054698B390F8343093B3B1F5801F0F
:1010700031D21A4C02211EF0E0FF22460DF10F037F
:1010800039462846FEF70CFF024678B1012300934B
:101090004246334639462846FFF71AFC0446E86BB9
:1010A0001FF08DF9204604B0BDE8F0819DF80F30A7
:1010B000012BEBD12169B142E8D10093414633467F
:1010C0002846FFF7B5F804460028DFD1E7E7044CCF
:1010D000E8E7044CE6E7044CE4E700BF20270020E3
:1010E00009E000F007E000F00AE000F02DE9FF4120
:1010F0000C4616461F46054688B390F8343083B335
:10110000B1F5801F2FD2DFF87C8001211EF095FF02
:1011100021460DF10F0342462846FEF7C1FE044664
:1011200070B99DF80F30012B11D1D8F81030BB42A7
:1011300013D10090024631462846FFF779F804465D
:10114000E86B1FF03CF9204604B0BDE8F081074C85
:10115000074A022B08BF1446F2E7064CF0E7064C9C
:10116000F1E7064CEFE7064CEDE700BF0BE000F0BF
:101170000CE000F011E000F009E000F007E000F002
:101180000AE000F02027002070B586B00E460392DA
:101190000546A0B390F834309BB3B1F5801F32D22E
:1011A00002211EF04AFF194A0DF117033146284665
:1011B000FEF776FE044618B99DF81730032B0ED1C2
:1011C0000223009303AACC2331462846FFF780FB75
:1011D0000446E86B1FF0F3F8204606B070BD022B02
:1011E0000BD10A4928461FF049F90399814202466A
:1011F000EFD02846FFF7C2FBEAE7054CE9E7054CCC
:10120000EAE7054CE8E7054CE6E700BF20270020A9
:101210000DE000F009E000F007E000F00AE000F067
:1012200073B50C461646054630B390F834302BB3F0
:10123000B1F5801F24D201211EF0FFFE2146114A84
:101240000DF107032846FEF72BFE044680B99DF8F2
:101250000730032B0CD0022B0CD10A4928461FF073
:101260000DF93060E86B1FF0AAF8204602B070BD9F
:10127000054CF7E7054CF5E7054CF6E7054CF4E7B8
:10128000054CF2E7202700200BE000F00DE000F015
:1012900009E000F007E000F00AE000F0F7B50C46C6
:1012A0001646054668B390F8343063B3B1F5801F35
:1012B0002BD202211EF0C1FE154A0DF10703214673
:1012C0002846FEF7EDFDC0B99DF80730032B14D07A
:1012D000022B14D10E4928461FF0D0F8471C0246B5
:1012E00039462846FFF74AFB044606B13760E86BEB
:1012F0001FF065F8204603B0F0BD064CF7E7064C3A
:10130000F5E7064CF6E7064CF4E7064CF2E700BFBB
:10131000202700200BE000F00DE000F009E000F0D5
:1013200007E000F00AE000F02DE9F3411F4600233A
:101330000C4616463B60054650B390F834304BB32C
:10134000B1F5801F28D2DFF8648001211EF075FE00
:1013500021460DF1070342462846FEF7A1FD04464B
:10136000A0B99DF80730032B10D0022B0AD101231E
:10137000336004233B60E86B1FF021F8204602B085
:10138000BDE8F081D8F810303060F3E7034CF2E7A5
:10139000034CF3E7034CF1E7034CEFE70BE000F0FD
:1013A00009E000F007E000F00AE000F0202700204C
:1013B00030B50C4685B0054628B390F8343023B3D9
:1013C000B1F5801F23D202211EF037FE0DF10F036D
:1013D000104A21462846FEF763FD034688B99DF86A
:1013E0000F20032A0DD003220092214602462846F0
:1013F000FFF76EFA0446E86B1EF0E1FF204605B0E9
:1014000030BD054CF7E7054CF8E7054CF6E7054C11
:10141000F4E700BF202700200BE000F009E000F017
:1014200007E000F00AE000F02DE9F04346688EB3D3
:10143000056898464FF0000CA946AE4655F83C406A
:10144000C4F3130701340CF1010C01D0B94218D0D8
:1014500066450EF1080EF1D12F46002403E0A642A6
:1014600007F1080713D055F83430013304F10104B3
:10147000F5D1C1F3130141EA0851C7E90012BDE8F3
:10148000F08341EA0851CEE90012BDE8F083B8F1DB
:10149000030F03D101230372BDE8F083002303E0AF
:1014A0009E4209F10809F5D055F83340C4F30754BA
:1014B000032C03F10103F3D1C1F3130343EA0853EF
:1014C000C9E90032BDE8F0832DE9F043476883B0F5
:1014D000CFB10646884691460024336853F834500D
:1014E000C5F30752C5F31301013503EBC4033046BE
:1014F00004F1010405D05B68CDF80090C04710B13D
:101500007768BC42E9D303B0BDE8F08373B5044605
:1015100022489DF81850012A00EAC11123F07C40AE
:1015200007D9961E012E28D9073303F07F031943EC
:1015300008E09DF81C30DB060A4303F0C053134358
:1015400043F060410023C4E900108DF80730B5B1C5
:10155000202221460DF107001FF021F91A220DF17A
:101560000700211D1FF01BF963689DF8072043EA5F
:1015700082636360082002B070BD1143E2E71B2262
:101580000DF1070021461FF00AF923689DF8072096
:1015900043EAC26323600420EDE700BF80FFFF073A
:1015A00038B5094B04461A680D46002122F000FDAB
:1015B00000234FF0FF322383C4E900252361A2609A
:1015C000E382A37638BD00BFF88703000138C0B2BC
:1015D00005289ABF014B185C0120704738D60300DC
:1015E0002DE9F0410E46596888B007461546490A6C
:1015F0000024012922464FEA510104F10104F8D8E0
:10160000DC7899781B882403C90201F4006104F492
:1016100080540C43C3F30A035203234492B29C1830
:10162000284B03934FF0000825F0784302A90DF1F1
:1016300007001B2202938DF807801FF0B0F89DF879
:101640000720029B8DF80780ED4343EAC26302A99D
:101650000DF1070025F078451B22049302951FF039
:101660009EF89DF80720029B6FEA044443EAC26398
:1016700005936FEA14444FF0FF3306930794BB6958
:1016800007A9012206F110009847BB6905A9044685
:10169000012206F108009847BB69404518BF04467F
:1016A00004A90122301D9847BB69404518BF044674
:1016B000012203A930469847404508BF204608B09C
:1016C000BDE8F08101009AB213B5044669461FF0E7
:1016D00061F920461FF08EFBFF28024606D09DF8D8
:1016E00000102046F1F7A2FF02B010BD0048FBE752
:1016F0000080FFFF2DE9F0411B4A8AB001AC05468E
:101700000B4602F1200C274610685168264603C696
:10171000083262453446F7D1002B08BF3B461068BB
:101720003060002703F10C061C46384690B95FFA7A
:1017300087F82188424628461FF031FC50B9E188DD
:10174000424628461FF03CFC20B942463146284616
:101750001FF048FC0137032F06F1080604F10204CC
:10176000E4D10AB0BDE8F08148D60300F0B589B0F5
:1017700005460E461FF045FC044600BB06F10C076B
:101780000FCF01AC0FC497E8070084E8070001A958
:10179000284604F081FD311D28461FF035FD044622
:1017A00048B90849284604F0B1F8044618B9284653
:1017B00004F0E8FB044631682846FFF79BFF20460B
:1017C00009B0F0BD40D6030001491FF049B900BF80
:1017D000755F010070B5164E0328337804460D4638
:1017E0001ED023FA04F202F00102AA421DD053B126
:1017F0000122A24023EA0203A5402B43DBB233704F
:101800004BB1012070BD2DB10A4B01201B689847D8
:101810003378EDE73570074B00201B689847F0E7F9
:101820009A07DED003F0FC03E9E7002070BD00BF9B
:10183000404500200C37002038B504460D4604F022
:101840006DFC60B104F00AFB48B9012D07D80120F6
:101850001FF080FB0D4B1B6823B15B6898470C4B56
:101860001C7038BD1BF0B8FC0A4B1A68801A18604F
:10187000F5F724F8084B1B684FF47A7202FB00302E
:101880001FF0ECF8012004F0F1FAE8E77C370020C3
:10189000221600200437002008370020F8B5124F28
:1018A00005460C461AF050FA3B78064633B1012D36
:1018B00004D01CB90D48F4F72BFF3C702146284694
:1018C000FFF788FF0A4B1B7804463BB93B782BB9DE
:1018D0001FF035FB10B1074B1B68984730461AF0D4
:1018E00037FA2046F8BD00BF41450020E036002011
:1018F000404500208C120020054A0B46117831B17A
:1019000000211170034A187852680121104770476E
:10191000414500208C120020124B0239012910B5DC
:1019200018701ED804F0FAFBD8B104F097FAC0B1D1
:1019300004F08AF8A8B90C4B1C6834B123689847A6
:10194000BDE8104000201FF005BB1FF085F8074BD5
:1019500018601BF041FC064B1860204604F086FA24
:10196000EEE710BD221600207C370020083700204B
:101970000437002038B5044680B11AF0E5F901219A
:1019800004460846F4F7EAFA012108460A4A1BF021
:10199000D5FB2046BDE838401AF0DAB91AF0D4F980
:1019A000214605460120F4F7D9FA0120024A2146D2
:1019B0001BF0C4FB2846EDE76CD60300F0B5324DB2
:1019C00085B01AF0C1F92B78044623B12F48F4F7FB
:1019D0009FFE00284AD1F4F747FF02AA03A91FF08F
:1019E00098FA0346002832D01FF0A7FA029B9842CB
:1019F0001ED10020264B03991B68264E9942307059
:101A000021D9C91A00270123CDE900771F482B707F
:101A1000214A33461BF0BCFB00282FD11F4A137804
:101A2000D90717D420461AF093F9002005B0F0BD6D
:101A30001FF081FA029B98421ED0154B154A1B6875
:101A40000393002010700121FFF7C4FEEAE720464F
:101A50002B70E8E731780029E4D103F0FE0313701E
:101A6000002BDFD10E4B1B689847DBE720461AF0AE
:101A70006FF9032005B0F0BD0220BBE70323204629
:101A80002F703370F3E700BF41450020E03600209F
:101A90000037002021160020F918010040450020E1
:101AA0000C37002038B5134D1AF04EF92B78044648
:101AB000C3B9114A11491370114B124A1A601248E6
:101AC000124A5A60F4F7C4FA11491248F4F7C0FAFE
:101AD000114B124A1A60124B1B68124B02221A60F9
:101AE00001232B70AFF3008020461AF031F900205B
:101AF00038BD00BF424500204145002074D6030098
:101B00008C120020BD190100D03600209D18010064
:101B10007CD60300D83600200C3700207519010050
:101B200000300E4000370020431C08D0044AD2F891
:101B30003C311B0C1B0480B20343C2F83C3170479C
:101B40000040084030B5074B85B00C46D3F8C05074
:101B50000095002269461EF0A6FF0CB100B9256071
:101B600005B030BD0081E00F054BD3F8B400431C35
:101B700014BFC0F380700120A622312104F004BDFF
:101B80000081E00F034B1A689B880260838000206D
:101B9000704700BFAC1500200F4B0628D3F88831E2
:101BA00004D183F40013C3F340507047022805D1D9
:101BB00013F4400F0CBF01200020704750B9074AB2
:101BC000D2F8D40010F0010005D083F48003C3F3F1
:101BD000805070470020704700400E400081E00FA9
:101BE0000C4A5288B2F5E16F94BFC8225A2210B550
:101BF00094BF7824502490428CBF172210220A7080
:101C0000054A0346107818B19C422CBF00200120E1
:101C100010BD00BFAC1500202616002013B5234BC5
:101C20001B780E2B04463ED00DF10701FFF7D8FFBD
:101C30001E2C8CBF1E4C1F4C9DF807304FF001022C
:101C40008CBF01210021C4F8082170B1194A4DF65A
:101C50000174C2F804411B0202F1007243F44043D4
:101C6000C2F80431144AA2F8D430134A134C92F843
:101C7000D83023F00103034323F0020343EA410376
:101C8000DBB282F8D83024786CB923F0040343EA3D
:101C9000800323F00803B2F8D440A2F8D64043EA08
:101CA000C10382F8D83002B010BD00BFAC150020CF
:101CB0000040084600400844001F00214545002020
:101CC000084B094AD3F88831DB4303F4FE1343F48D
:101CD0000053B3FA83F30E33A3EB4313013B1370AA
:101CE000704700BF00400E402516002002280CD08F
:101CF000062802D020B100207047054B18787047A5
:101D0000034B18780430C0B270470720704700BFFB
:101D1000251600202DE9F7433A4E3B4F96F80090E8
:101D200015463A4AD2F8C820B9F1020F044688464F
:101D300007EA02071AD147EA006788F80000002383
:101D400072882B60B2F5E16F94BFC8225A2227F443
:101D50007F57944227F008079ABF380A00F47F5053
:101D600043F6C870384303B0BDE8F083284A1278C0
:101D7000904228BF144604EB83030B70F4B1013C7E
:101D8000E4B24FF030632B606A4601A920461EF092
:101D9000C3FEDDE9002347EA03671E4B98F80010F5
:101DA0001B7847EA823747F47F5747F008073BB96B
:101DB0000029194B18BF4FF07F43C1E7164BE2E7EC
:101DC000164B1748B9F1060F08BF03462AB9002978
:101DD000114B18BF4FF07F43B2E7B2FA82F2C2F163
:101DE0001F02D2B29B5CDBB239B15A1ED2B2FD2ABD
:101DF00005D81B0643F00403A2E7074BA0E74FF00A
:101E00007F439DE7AC1500203F00C0E0001F00218C
:101E100025160020464500200400000BB883E00F83
:101E2000B083E00F2DE9F3410446C820FFF7F6FE2A
:101E30002B4B2C4E18780E2801D0FF2C05D1FF24F7
:101E40003470204602B0BDE8F08102282DD1072C65
:101E5000204628BF072001284FF0000301AA0DF1FA
:101E6000030138BF0120FFF755FF05461E4B1F4FEA
:101E7000DDF80480C3F85881C7F8C8509DF80340C6
:101E800034702046FFF7CAFE194A4FEA082303F4CC
:101E9000E063127843EA1863A7F8D030002AD0D163
:101EA000C7F8CC50A7F8D230CBE7A0B9052C32BF89
:101EB000002701270420201A3B4601AA0DF1030147
:101EC000C0B2FFF727FF4FF48003054637B1094A38
:101ED000C2F80831CAE700273846ECE7064AF7E7B8
:101EE000AC1500202716002000400840001F0021EC
:101EF00045450020004008460040084408B501F070
:101F0000B7F9094B094A002818BF1A46136823F489
:101F10007F115B0803F4FE130B431360044B4FF077
:101F20000072DA6108BD00BF004108401841084056
:101F30000040084008B501F09BF9064B4FF4001231
:101F400028B1C3F800214FF000621A6208BDC3F83F
:101F50001821F8E700400844014B1868704700BF9B
:101F600010370020436C012B38BF01232DE9F047C7
:101F70009A46464B464F9B69464E474D03F4E073E5
:101F8000A3F5C0728046454851425141026852450E
:101F9000434A0FD114788C420CD198F8D0C03C78C9
:101FA000A44507D198F815C03478A44502D1A88873
:101FB000BDE8F087B3F5C07FC0F800A011704AD12A
:101FC000D8F8944024B12368082B58D994F83840A5
:101FD0000F2120461EF082FDBAFA8AF3002852D063
:101FE000B0FA80F29B1A002BC6BFD840C3F10F098C
:101FF0004FF00F09504501D909F1FF39234B200457
:10200000C3F8BC0003F1806340F6FF72C3F8B82048
:1020100003F100734FEA0921C3F8B8101EF08FFDD9
:10202000A88000F04BFE09F01F094FF4FA7304FA80
:1020300009F45C4341F66A03B0FBF3F00A23B4FBF6
:10204000F0F45C43174B1C6098F8D0303B7098F864
:1020500015303370ABE798F8D030062B06D1124B11
:102060001B78002B0CBF9624C824B1E7022B08D0A4
:102070000D4B1B78002B0CBFB424F024A8E70024E0
:10208000A6E73224A4E74FF00F09B7E70060084045
:102090002416002023160020AC15002094120020E6
:1020A000484500201037002046450020FF290DD06C
:1020B0000F4B1048C3F850010B04090501F0F871EB
:1020C00003F4E0230B430C49C1F85031FF2A0DD033
:1020D000074B40F2F711C3F85011130103F4F873E2
:1020E00002F007021343044AC2F85031002070473F
:1020F000004008440000F70100400846F8B5134BC3
:10210000134E1F68134D384601F09EF83378C4B261
:10211000A34201D12B78A3B1092C14D80E4B012C6A
:10212000195D05D10D4B1B78022B01D141F0400107
:1021300001F00F0238460909FFF7B8FF0023347099
:102140002B700020F8BD0024FA21F1E78C37002025
:10215000444500204345002084D60300AC150020F0
:1021600038B5044600F052FD142200212E4821F01B
:102170001FFF2E4B25781A782D49521B18BF0122BC
:102180000A7022681A60C820A2889A80FFF746FD6C
:10219000284BD3F8C820284BFF211970274B28491A
:1021A000062D03EA0203274A1AD14FF4EE40C2F883
:1021B00024014FF48A42C1F82421012243F08043D4
:1021C000C1F820211B4AC2F8C8301E4B0322C3F8B5
:1021D0005821FFF793FF1C4B01221A70002038BDD5
:1021E000022D4FF007000ED1C2F80C010620C1F8F5
:1021F0000C011649C2F808114FF4404143F00303A3
:10220000C2F80411DEE7C2F80C010520C1F80C0188
:10221000C020C2F8080143F08043812243F0040348
:10222000C1F80821CEE700BFC81F0021AC1500206F
:1022300043450020001F0021271600202800C0A0D1
:10224000004008460040084447450020C1004000C7
:10225000014B1870704700BF464500202DE9F0473C
:102260002D4C2E4B236000F029FD4FF4FA730746E6
:102270004FF47A76B0FBF6F629482A4A7343190ED2
:102280001B02181841F10001002318F00BFDA0F506
:1022900080730546A36220B966222B2104F074F9ED
:1022A00001254FF47A726A434FF0000A53465008F2
:1022B000310218F0F7FC1C4B19601C4BB7F57A7F04
:1022C0004FEA05688946044618604FEA152505D28D
:1022D00076222B21504604F057F901264FF47A73E9
:1022E000A8FB030103FB05117308C01841F10001AD
:1022F0000023324618F0D6FC0D4B023419600D4B0A
:1023000049F10009A408186044EA8974024B013CB1
:102310001C63BDE8F08700BF0050084002110100B7
:1023200020A1070040420F00203700201C3700206A
:102330001837002014370020044B4FF00052C3F828
:1023400080211A60024B01225A60704700E100E0D0
:1023500000500840074B4FF00052C3F88021C3F8EB
:102360008020BFF34F8FBFF36F8F034B04225A605F
:10237000704700BF00E100E00050084010B504467F
:10238000A242A2EB0000A3EB010104D2034B1B6BA2
:1023900001331844013901F0030110BD0050084019
:1023A00038B502010A4B01259D500A4A4FF480734B
:1023B00083405366044619F0C7FC074A1378A540CA
:1023C00023EA05031370BDE8384019F0C1BC00BF13
:1023D0000051084400500840494500202DE9F047CD
:1023E0001546044688461E4619F0AEFC022D00F044
:1023F000B880074619F0B3FC6C4B6D4AD3F81890BF
:1024000092F815A0DA6D5FFA8AFA520744BFD3F842
:1024100018900AF1010A19F0A8FC664B664A1B687D
:1024200011684FEA8A7CA3FB093213F1004301FBD8
:1024300009CCD8F800304CEB020C012D04BF01335D
:102440006344ACEB030C08BFC8F80030BCF1804F0C
:102450000AF0030AC0F09880584AD2F800C0584ADF
:10246000D2F800E0514A23F04041106B4FF0004891
:102470000022ECFB01820EFB012282424FEA9373A1
:1024800081BF01330130121A03F00303A3EB0A03E7
:10249000914588BF4549DFF848C184BF096B03F106
:1024A000FF3303F003030CF80430A2EB0900A3B1DF
:1024B000F10742BF434B41F61F71D966B30742BFD4
:1024C000404B4149D966710742BF384B002119671B
:1024D000330742BF354B00211965344B04F110011D
:1024E00003EB041E0901CEF80C2111225A50374982
:1024F0009A694FF0010EA2EB090A0EFA04F8D3F81C
:102500005C900A785FFA88F848EA020282450A700D
:1025100026D34FF48072A24019EA020F20D11CF892
:10252000040000283FD10DB3F0071A6608D5254BEB
:10253000274941F61F7240F20110DA66C866DA6672
:10254000B10706D51F4B22491F4A2248DA66C866E2
:10255000DA66720742BF204B01229A60330719D412
:10256000384619F0F5FB0120BDE8F0871B4824012F
:1025700040F804E05A6619F0E7FB14490B7823EAA7
:1025800008030B7019F0E4FB384619F0E1FB00205A
:10259000BDE8F087212000F0B9FA044B4FF48032F7
:1025A0005A603846DDE71A663846DAE700500840D8
:1025B0004837002014370020183700201C3700202F
:1025C000203700200050084400001F1F494500200C
:1025D0000050084600000101004008400051084436
:1025E0004A450020024B1878003818BF0120704778
:1025F000494500201030034B0001185800F001003D
:10260000704700BF005008401030044B01F46001D7
:10261000000141F003011950704700BF005008400D
:1026200038B519F09CFB084B084A9D69547DDA6D5A
:10263000520748BF9D69E4B248BF013419F095FBC9
:10264000284604F0030138BD0050084048370020F8
:1026500038B50B4B03EB001210300001D2F80C41DF
:102660001D58FFF7DDFFAB0706D5844200D90139BD
:10267000204601F0030138BD844238BF0131F7E73D
:102680000050084070B5184CE66B26BB202000F0C7
:102690003DFA164B10251D6002F080F8144B802285
:1026A000C3F8802101F046FA38B1324600200821F3
:1026B00002F02CFA0F4B65669D660F4A536803F0D3
:1026C0007063B3F1807FF9D9074B0C4ADA6641F2A7
:1026D00001421A6770BD01F02DFA0028F4D0054AB6
:1026E000074B63669366EFE70050084000400846DA
:1026F00000E100E00050084600400840011B0118BE
:102700001000000208B5212000F000FA024B4FF43F
:1027100080325A6008BD00BF0050084008B5222032
:1027200000F0F4F9024B4FF480225A6008BD00BF5C
:1027300000500840064B1B68434303EB8171054B77
:102740001B68A3FB003013F1004341EB000070470E
:1027500018370020143700200D4A10B5146820F0F7
:10276000404301464FF000420020E4FB0320094AA9
:10277000126802FB0300084B1B6B98424FEA9171F1
:1027800004D901330131C01A01F0030110BD00BFAB
:102790001C3700202037002000500840F8B50646BE
:1027A00003F05CFB044608B1FFF7D4FD084D094F68
:1027B00000232B6130466B61AB617B75FFF7CCFF6B
:1027C000C9B27975A8610CB1FFF7B6FD0020F8BD5C
:1027D00000500840483700202DE9F041224F0646BE
:1027E000386820F4700040F4A00038609DF81C4068
:1027F0001D1E9DF818304FEA042444EA036444EA9D
:10280000021408BF002144EA05440C43FC64D7F8D5
:102810002C80B8F5803F40F2B5224FF018012CBF54
:102820000020012003F0B0FEC7F83880CDB10F4B77
:10283000B468D3F88030412C38BF41245B0606D5FC
:1028400000F0F0FA18B10A4BB3FBF0F31C44204639
:10285000FFF782FF01308045034B3ABF0022DA6365
:10286000D863BDE8F08100BF005008400070084008
:1028700000093D00F8B5184DAB691B04044626D588
:1028800000F08CFBAB6913F0787FA0FB04464FEAA5
:102890009367C3F34450C3F3044505D140F25E424D
:1028A0002B2103F071FE0120AD01B5FBF0F010EB20
:1028B000871005D140F263422B2103F065FE012011
:1028C000024600232046314618F0ECF9F8BD00F02E
:1028D000A9FAA0FB0401F9E70070084030B50C4CE0
:1028E00002460120A0F12003C0F1200524FA05F5DD
:1028F00004FA03F32B4304FA00F595428B4100D30D
:1029000030BD0F2801D00130ECE7FF20F8E700BF11
:1029100040420F0010B50C46FFF7ACFFC30943EA75
:102920004163C01A61EBD111FFF7D8FFFF2814D023
:102930000C4B0F22C3F8802003F1007340F010000D
:10294000C3F8800003F17A439B69DBB2802B06D089
:102950002046BDE8104000F00DBB012010BD022054
:10296000FCE700BF007008443B4B082270B5012112
:102970000546C3F8C8203948394CEFF7EDF9394B13
:102980001D702378013B012B0CD8237CE07B0122B6
:102990009A400C21302313FB001303F1884303F505
:1029A00020431A60304B00225A677DB92F4A4FF6F8
:1029B000FF71D16702F10072F821D1675D672C4B7E
:1029C0004FF08042C3F89420002070BD636853B379
:1029D00000F074F9626800EB5203B3FBF2F3013BC1
:1029E0001B0243F0F80326782049224A022E1CD00D
:1029F000032E1D484FF6FF7521D0012E27D143F03D
:102A00000203CD67D36707234367237CE07B012262
:102A10009A400C21302313FB001303F18C4303F580
:102A200020431A6011E0F823DDE743F001034FF67D
:102A3000FF70C867D3670C4B05225A67E5E743F080
:102A40000503CD67D367012343670B4BB8E7CD6719
:102A5000D3670023F8E700BF00400E4600350A00A8
:102A6000243700204F4500200000084000000844A3
:102A7000004008440000084600400846F8B50646F5
:102A800004460FCE1C4F3D460FC533682B601B4BD1
:102A90001B480822C3F8C8200121EFF75DF9194A45
:102AA00000235367A37BE17A1B0443EA0123217AC5
:102AB0000B4393673B78032B1BD8DFE803F014022A
:102AC000080E617B207B00230422F0F721FA217C91
:102AD000E07B00230422F0F71BFAA17A607A01233D
:102AE0000422F0F715FA084B1878BDE8F840FFF714
:102AF0003BBF0120F8BD00BF2437002000400E4638
:102B000000350A00000008404F450020044BD3F870
:102B10009430002BBCBF034BC3F88000704700BF4C
:102B2000004008400000084008B5064B06491A68F6
:102B30004FF00450920021F061FABDE8084000F027
:102B400001BD00BFB0D60300B4D6030007B501A88D
:102B5000F0F738FC134B144AC3F8442148F2E672EC
:102B6000C3F838214FF40862C3F834210F4AC3F880
:102B7000A0200F4A4AF63F41916002F580424FF093
:102B8000C07191620022C3F8FC200A4AC3F89C205D
:102B9000094B7F225A6203F1007323225A6203B069
:102BA0005DF804FB00400840C0E653517A27000F4F
:102BB00000300840806D6303003008440F4B002252
:102BC00010B5C3F88820C3F88C20C3F890200C4AB5
:102BD0000121D1605A6812F0706FFBD14FF004529E
:102BE000DA67012402F5FD52C3F880401A66054BEE
:102BF0001B689847044BDC6010BD00BF00400840D4
:102C0000004008469812002000400844034BFD2273
:102C1000C3F8C8200122C3F8CC20704700400E46FC
:102C200038B5FFF7F3FF1B4B1B481C4C1C49022215
:102C3000C3F8C8201B4B1A6842B102EA0005A5423E
:102C400004BF5D68156008338B42F4D1164B022235
:102C5000C3F8C820154B164AD3F83C111160154A29
:102C6000C3F8942000F0A2FBFFF770FF124B032281
:102C7000C3F8D820A3F500530122C3F894204FF4E1
:102C80006072DA604FF04072C3F8F820C3F8102188
:102C900038BD00BF00400E460000FFFF00000840A6
:102CA000B081E00F0080E00F00400E44004008407B
:102CB0009C1200200048F0000060084608B5EEF7BE
:102CC0005BFA044BD3F81031C3F308230133B0FB94
:102CD000F3F008BD00400E4070B5044618B1284D11
:102CE0002268531C00D170BDC2F30063110C35F88B
:102CF000130011F0FE0F93B243EA0043606818D04E
:102D00000434CAB2022A216808D9D4E90160033A1E
:102D1000C3E9001698600C340C33F3E704D1626801
:102D2000C3E900120834DBE7012AD9D10434196061
:102D3000D6E7120F072AF5D8DFE802F00704090DDD
:102D40001013181DC04303F180631860EAE71A6886
:102D500042401A60E6E703F1C063F6E71DF01DFF8D
:102D6000E0E70122824003F1C063F2E701228240E2
:102D700003F18063EDE71A6830EA0202FBD1D1E784
:102D800096D60300024B0122C3F89420704700BF7F
:102D900000400846024B0122C3F89420704700BF50
:102DA00000400844024B4022C3F89420704700BF03
:102DB00000400844024B4022C3F89420704700BFF3
:102DC0000040084608B50C4B1B68D3F8943023B17B
:102DD0001A68022A01D9186A08BDFFF76FFF074B6E
:102DE0001B6D024698B20028F6D0C3F30743D20801
:102DF0005343B3FBF0F0EFE78C370020006008404E
:102E0000064B5B68C3F30363984206D1044A936B95
:102E100023F0F00343EA011191637047004008403A
:102E2000001F00211F4B1B68D3F8943070B52BB1E5
:102E30001A680A2A02D91C6C204670BD1A4DAA6D68
:102E40006B6DC2F34544C2F3CD010134C3F34416A4
:102E500001FB0444C3F3822103F01F0306FB01338B
:102E60005C4302F00702114B9B5C5C43640004D09E
:102E7000FFF724FF7043B0FBF4F4D5F8E4301905F4
:102E800005D513F0FF021CBFE401B4FBF2F41A01F4
:102E9000D2D5C3F30A43002BCED0A402B4FBF3F483
:102EA000CAE700BF8C370020006008408ED60300C0
:102EB0002DE9F0470E461DF05AFEDFF8B090DFF81E
:102EC000B0A08046002518F03FFFD9F80430C3F3C6
:102ED0000363012B07460BD1711C1AD01DF047FE6E
:102EE000A0EB0805384618F033FFAE42EBD80DE0F2
:102EF000052BF1D00B2BEFD0023B012B0CD9013667
:102F000002D01DF034FE384618F022FF1648BDE806
:102F1000F08718F01DFFD6E7DAF808301A04C3F37B
:102F200089140FD4013602D01DF021FE384618F066
:102F30000FFF24B2A4F1C8006FF4FF739842B8BF2A
:102F40001846E4E7731C03D01DF011FEA0EB080542
:102F50006FEA84546FEA9454384618F0F9FE14F579
:102F6000007FC2D0E6E700BF00FEFFFF0040084040
:102F70000070084010F1800F04D04D28DABF3230C5
:102F800040B27F20044BFF229A6103F10073C0B26C
:102F900098610020704700BF007008440B4B0C493B
:102FA0009A6D70B502F007029E6D8C5C9D6DFFF707
:102FB00085FEC6F3CD0606FB0444C5F3454505FB77
:102FC00004448001B0FBF4F070BD00BF0060084015
:102FD0008ED60300084910B5D1F8703140B11C46B7
:102FE0004A68D1F870319C42F9D1C2F30362027091
:102FF00003F00F0010BD00BF00400840094BD3F89C
:10300000883001F0800103F480030B4309D1064BA3
:103010004FF400129A61837F1BB1044B0122C3F865
:10302000F8207047004008400060084400600846EF
:103030002DE9F0411F4CDFF89080069F0646A2FB69
:1030400003502C1960F1000E9C46A0454FF0000380
:1030500073EB0E0E07D24FF4B4720E21184603F034
:1030600093FA02201BE00029FBD0C6F3130601EB04
:103070005C04B4FBFCF4A4FB0646E40C44EA4634CE
:103080000D4E34600D4C22600D4A914209D10D4A1B
:10309000A5FB025302FB00339B093B600020BDE807
:1030A000F081C4040A46E80444EA553117F0FAFDF9
:1030B0003860F3E700C9E876383700203C37002055
:1030C00000F049020A3BB2DF0046C32338B5164D73
:1030D0002B780C4623B9154B1B6D03F03F032B7067
:1030E000134BD3F894305B051CD5124BB0FBF3F0B7
:1030F00040F24D534343A3F546430C3B584300F580
:10310000C91000F5556028B940F21B322B2103F09D
:103110003BFA01202B78084A5343B3FBF0F300201D
:10312000236038BD0220FCE75345002000300840F2
:103130000040084000366E018096980070B5374C0C
:10314000374B256B374C1B682468ED024CBF1B19AD
:103150001B1BB3F1804F04D8002B3AD1324E1C46D2
:103160000AE0B3FA83F4314EC4F10204E340304D77
:10317000AB4201D901345B0803EB5605B5FBF6F50C
:103180002C4EB34234BF002601262403013D44EAFD
:1031900086242C430C60D8B1B3FBF0F1642400FB0F
:1031A00011336343984288BF01F1FF314808013869
:1031B00001390728204D214C4FEA510311D9002134
:1031C00029700621C4F894101B0243EA001313600F
:1031D00070BDB3FA83F4D4F10204134EC6D50024B3
:1031E000C5E71029EBD068B1012129700621C4F888
:1031F0009410134909780029E6D012490224C1F835
:103200009440E1E7012914BF0121002129704FF00A
:103210000601C4F89410ECD1D6E700BF0030084096
:103220003C37002038370020E0673500C0CF6A0007
:103230003FBE4025401B5F1350450020004008441E
:103240005145002000400846084B5B6B03F0070027
:10325000C3F3C20213F0380F18BF5043C3F38212F6
:1032600013F4E07F18BF5043704700BF00300840A0
:10327000034BD3F8380180F01000C0F30010704702
:1032800000400840174B4FF4002210B5C3F89420BB
:10329000154C164BB0F1804F88BF1C46144BDA6CAE
:1032A000D2071DD51B6F134A04F5F42404F590745E
:1032B000B4FBF2F4033CE4B203F00703A34202D0F0
:1032C0002046EFF73FFD0C4B1B784BB10B4B4FF4F7
:1032D0007022C3F8942003F100732404C3F89440CF
:1032E00010BD00BF00400846E0673500C0CF6A004F
:1032F00000300E4040420F0052450020004008447C
:103300007FB50446EDF774FF1C4B06462C33586816
:103310000093A37922683146FFF78AFE054648BB31
:10332000A379012B14BF164916491022C1F8382180
:10333000206815495843FFF7C9FE03AA02A9304681
:10334000FFF7FCFE0F4A43F6FF53C2F8A4300C4BC4
:103350000299C3F8A4104FF4EE611163039A1A6343
:103360002068FFF78FFF094BA2881A6203F54053CC
:1033700000229A63284604B070BD00BF00300840A8
:103380000040084600400844503008400000084013
:1033900008B5044B01221A70034B1868FFF772FF3F
:1033A000002008BD524500203C370020024B4FF45E
:1033B0008062C3F894207047004008460D4BD3F854
:1033C0000421D3F8B030D2B2FF2A03D043F307432D
:1033D000591C01D190221923074903EBD37302EB47
:1033E0006302022381F84630232381F8472081F8C5
:1033F000453070470081E00F001F0021044A5368E8
:10340000C3F30363022B04BF802393600020704743
:10341000004008402DE9F04F384C0A4685B00D4673
:103420000021814620F0C4FDD4F8C83043F06C027E
:103430009A4204D00025284605B0BDE8F08F304BF5
:10344000DB68D907F6D402F00FFF0028F2D0D4F8D9
:103450001061C6F30826002EECD12A4C2A4BD3F873
:103460001880D4F884300193284B4FF060529A6151
:1034700003F100734FF000629A612423C4F8843092
:10348000234B04221A604FF4804A4FF48053C4F84F
:1034900068A0B3466362AB4512D31E4B04221A6088
:1034A000184A019BC2F88430184B4FF06051996163
:1034B00008EA010318498B614FF480439366BAE729
:1034C000226E5204FCD52268D305F9D5C4F868A051
:1034D0000136D4F888200392012EDCD9A5EB0B0726
:1034E000042FA8BF04273A4609EB0B0003A95F4449
:1034F00020F084FD1FFA87FBCDE700BF00400E409F
:103500000040084000000840006008400060084497
:10351000004008460040084400600846074BD3F8C6
:10352000D8304FF604014FF605029BB28B4208BF1C
:103530001346034A01209365704700BF0081E00FE6
:103540000050084070B5194C0FCC86B001AD0FC5C6
:10355000C822236816482B60002120F029FD7C2218
:103560000021144820F024FD134B144AC3F8F02026
:10357000FFF724FF124B1B782BB101AD0FCD0B4E83
:103580000FC62B6823600F4B0F4AC3F8DC2F0F4A7E
:10359000C3F8E02F0E4AC3F8E42F02F1957202F24D
:1035A0007112C3F8E82F06B070BD00BFC81F00211C
:1035B000381F0021BC1E0021001F00213F003700E2
:1035C00047450020001000210200620209C805786A
:1035D0000708DC060A4B197801F0FF0229B1002127
:1035E000197008499202C1F8A020597801F0FF0231
:1035F00029B1002159709302024AC2F8A4307047E1
:103600005445002000000846074BD3F8E40E074B52
:10361000D3F88C301A0103D4054B1B6E1B0401D563
:1036200000F58070704700BF001000210040084086
:103630000000084008B518F087FB0F4B1A78B2B9A4
:103640000E4A126812F4843F11D10D4A1021C2F8BB
:1036500094101B786BB9094B1B68DB0509D4084B28
:103660002022C3F89420BDE8084018F071BB054A39
:10367000ECE7044BF4E700BF58450020701700202A
:10368000004008440040084610B518F05DFB0E21CC
:1036900004460320FFF7B4FB044B40F2012220460E
:1036A0005A62BDE8104018F053BB00BF000008404C
:1036B000044B00221A70044B197811B11A70FFF7ED
:1036C000B9BF7047574500205845002008B518F08D
:1036D0003BFB244B4FF08052C3F88020BFF34F8F49
:1036E000BFF36F8F4FF48072C3F88020BFF34F8F0A
:1036F000BFF36F8F0222C3F88020BFF34F8FBFF359
:103700006F8F1022C3F88020BFF34F8FBFF36F8FEE
:103710002022C3F88020BFF34F8FBFF36F8F4FF08D
:103720000052C3F88020BFF34F8FBFF36F8F80220A
:10373000C3F88020BFF34F8FBFF36F8F4022C3F8D1
:103740008020BFF34F8FBFF36F8F4FF00042C3F85D
:103750008020BFF34F8FBFF36F8FBDE8084018F094
:10376000F7BA00BF00E100E008B518F0EDFA0D4B24
:103770004FF080521A604FF480721A6002221A6071
:10378000002283F8012310221A6020221A604FF0D1
:1037900000521A6080221A6040221A60BDE8084078
:1037A00018F0D6BA00E100E070B5084C0123237090
:1037B000074B1E68074BD3E900533240194028409D
:1037C00001F0A4F90023237070BD00BF564500200E
:1037D00044370020701700202DE9F047DDF820A0C5
:1037E00003EA0108099B06460D4602EA000703EAC0
:1037F0000A09BAF1000F40F04981031F0B4300F0A2
:103800000F81052871F1000380F0E38050EA010385
:1038100000F05C81431E0B4300F01D81FFF756FF53
:10382000AB4AD2E9004323EA050324EA06043C43F9
:1038300043EA0807A74BA84D1E68DFF8EC8226EA8A
:103840000A0646EA09061E60C2E90047FFF7F2FED3
:1038500014F02A4F14BF48F202034FF40043B0079C
:103860009E48C26E48BF43F4005383EA020122EA35
:103870000302EA669A4A81660B40D366C4F380422B
:103880001203210348BF42F48072E30648BF42F4AA
:103890000052A50648BF42F4007260069148924D5E
:1038A000D0F80C3248BF42F48062210648BF42F48F
:1038B000006282EA030123EA0203C5F80C328B4B53
:1038C000C0F808120A40C7F34025AD04C3F80C2223
:1038D000E20448BF45F48035A30348BF45F4801592
:1038E000A00748BF45F4001514F4001F06D0D8F80F
:1038F00000001DF0B8FB08B945F40025E1027C4941
:103900007C4848BF45F40035FA0648BF45F48005B9
:103910000A6A730748BF45F0040585EA020323F0ED
:1039200001031A4002621D40CB61734B73481D6254
:10393000734B744A16F0010F18BF1A46836E7D0749
:1039400048BF42F40012704D82EA030123EA0203E9
:10395000AB666E4B41660A4000F500509A66C16B3B
:1039600004F0010305F5005581EA030221EA030191
:10397000E96382631A40664BDA63D8F800202002BC
:1039800048BF644B92F8E92058BF634B610748BFBA
:1039900043F4806322B114F4C06F18BF43F4807302
:1039A0005E485F4CD0F8EC10320748BF43F000434C
:1039B00083EA010222F4A0221140C4F8EC10134063
:1039C000C0F8E820574ABDE8F047C2F8EC30FFF7EE
:1039D000CBBEA0F580630B4306D020F48063A3F533
:1039E00000730B437FF41AAF18F0AEF93849D1E9F0
:1039F000003223EA060322EA050242EA08023B43B8
:103A0000C1E90032484A126892F8E9200AB313F477
:103A1000C06F1ED0434B4FF48072C3F8EC2014E00B
:103A200018F092F92A4AD2E9003123F004033B430B
:103A300041EA080157EA0807C2E9003114BF394AD0
:103A4000374A4FF48063C2F8EC30BDE8F04718F015
:103A50007FB9334BDFE718F077F91D4AD2E900311F
:103A600023F001033B4341EA0801C2E900312F4A38
:103A700057EA08074FF0010315BF93632C4902F181
:103A8000C062CB6314BFD3639363DEE750EA0103E4
:103A90007FF4C4AEBAF1010F7FF4C0AE18F054F950
:103AA0000C4A136823F0010343EA09031360134A25
:103AB0004FF48063B9F1000F04D0536602F1C06285
:103AC0009366C2E710498B665366BEE7BDE8F08790
:103AD0007017002044370020000008440000084010
:103AE0000000084600600840006008440060084686
:103AF000004008400040084400400846005008408C
:103B0000041C50000418500000500844005008469F
:103B1000007008460D0A0A09090A0A09001008403F
:103B200000100844001008468C3700200070084040
:103B300000700844024B5868C0F3C000704700BFD3
:103B400070170020024B186800F00100704700BF9A
:103B500070170020024B5868C0F3C030704700BF98
:103B60007017002010B50446FFF75AF8FFF7AEFDB6
:103B700004F14C0002F02EFEFFF720F8FEF76EFB7A
:103B8000FEF7DAFB03F0BCF81049114AD1F8F8103F
:103B9000072304F1A40003F0EFF84FF440010020E4
:103BA000FEF732FD4FF400110120FEF72DFDFFF767
:103BB000B5FC20B940F2E722142102F0E5FCFFF742
:103BC000E7FBBDE810400120FEF7CEBE001F00213C
:103BD0006C1F0021084B8022C3F8882003F17E432C
:103BE0000822C3F88820054AD2F8BC3E23F02003FF
:103BF000C2F8BC3E704700BF0040084600100021DC
:103C000008B518F0A1F8FFF7E5FF034B01229A6011
:103C1000BDE8084018F09CB800400840F8B5194CC1
:103C200005462078B0FA80F040F206423E21400975
:103C300002F0AAFC55B96078B0FA80F0BDE8F8400F
:103C400040F206423E21400902F09EBC0E4F0F4D4D
:103C5000D7F8A0304FF44066C3F381232370C5F832
:103C6000A0606078B0FA80F040F206423E21400940
:103C700002F08AFCD7F8A430C3F381236370C5F83F
:103C8000A460F8BD5445002000000840000008442E
:103C9000F8B50B4C0B4DD4F888300B4F0423C5F806
:103CA0008830D4F888305B0300D4F8BD0426C7F808
:103CB000886002201CF071FFC5F88860F1E700BF42
:103CC0000040084000400846004008441C4B70B5C6
:103CD000D3F888601B4D03F18063A822C3F88820C5
:103CE00010221A60184A194B93666B66FFF772FC34
:103CF000174B1B7813B90320FEF752FB00242C67E7
:103D0000FFF7C6FF134A144BD2F8E41E0B40C2F86B
:103D1000E43E124B0422C3F88820114BB206C3F8CC
:103D2000C44008D503F580739B6CB3F5817F22BF37
:103D3000034B80229A60BDE8704001F0A3BE00BF33
:103D400000400840005008400050084410000002A5
:103D50005B45002000100021DF0000FF0040084408
:103D6000001E002110B549B918B3144A53681B0E40
:103D700013F00E0F1DD113689A061AD4FFF784FCB6
:103D80000E4C0020FFF726F9032801D0092806D1A0
:103D9000D4F88C30DB03F4D4636F0C2BF1D9FFF72C
:103DA00077FF074B0122DA6003F17E430422C3F858
:103DB0008820044B4FF4C0625A6210BD0040084096
:103DC000004008460060084408B503210920FFF7B9
:103DD00017F8024B20229A6008BD00BF004008403F
:103DE00038B5054617F0B0FF044602F0AFFC35B118
:103DF000FFF75EFC2046BDE8384017F0A9BF084B2E
:103E00001B78002BF6D0074B1D78002DF2D1FFF761
:103E10004FFC2A464FF480400021FFF7C5FCE9E73C
:103E200057450020564500202DE9F84F564B0646D1
:103E3000D3F888300D461446002A40F0A28013F0D3
:103E4000A00F14BF4FF001094FF00009DFF85481B3
:103E50004E4F01F017FEA023C8F888300320FEF76C
:103E60009FFA0420FEF79CFA4FF0000AFFF720FCAF
:103E7000474BFB66C7F870A0FFF70AFF454BD3F826
:103E8000BC2E42F02002C3F8BC2EFF22C8F800204E
:103E90003D4A4FF480719160D3F8E42E3E494FF0D3
:103EA000040B1140C3F8E41EC8F888B0C3F8C4AED0
:103EB000FB6813F0060F04D0FEF730FC5846FEF7FF
:103EC0006FFAB9F1000F08D0344B4FF40062C3F819
:103ED0008820334B4FF400425A6666B1304B5B6C1E
:103EE000180701D4FFF7D0FBFFF76EFF0420FEF7A1
:103EF00057FAFFF76FFB244BDA68D1073FD55A68B2
:103F000012F0706FFBD1274B274AC3F88820274A4D
:103F1000936B23F0F003936315B12046FFF760FF26
:103F2000234BD3F8B4305A1C01D05B0002D51D4B93
:103F30000122DA601CB31A4BDA6E9A66124A136ACF
:103F400023F00103D3611B4BD3F80C22C3F80822E2
:103F5000A3F54053DA6F9A67A3F50053D3F8EC202A
:103F6000C3F8E82003F5C043DA6B9A63A3F5005366
:103F7000114A5A660B4B4FF60842C3F88820BDE839
:103F8000F88F4FF0000961E70040084000500840FA
:103F90000000010100100021DF0000FF0040084682
:103FA000000008400040084410003000001F0021BD
:103FB0000081E00F006008405000F0029A4B196E3B
:103FC000DA6E2DE9F04F01EA0209C3F8689003F5B3
:103FD000805385B0D3F8E060D3F8EC201640C3F8E6
:103FE000E86003F5A043D3F80012D3F80C2201EAED
:103FF000020AC3F808A2A3F5005359691A6A01EA34
:1040000002088A4A08EA0202DA61894BD3F80022E0
:10401000910006D4D3F800319A00C3F3407740F101
:10402000E18017F091FE834BDA68DF6D12F0060F26
:104030009A6E07EA020727F4800222F4006214BF96
:104040004FF0010B4FF0000B5A667B0704D57A4AFC
:10405000537D0133DBB2537517F07AFEB9F1000FCF
:1040600000F0DF8019F4004427D017F06DFE014600
:10407000FFF7CAFA6F4D0446AA69AB699A42FCD0B1
:10408000AA699342FCD0FFF7BFFAA04240F0AC808F
:10409000084617F05DFE694B1C60694BD3F88850E9
:1040A00015F4E05240F0A28024F07F4424F0DF04B5
:1040B0000CB9FFF70BFE4FF0807419F0020F4FF0B0
:1040C000000516D05E4B5F49D3F8883003F4604298
:1040D000C1F88820002A00F09E801D0400F19E8017
:1040E00013F4005F0CBF4FF000534FF000631C430C
:1040F0000025C9F340394FEA4909534B3340002B9F
:104100004AD016F4206F0AD040F60F020621002094
:1041100002F03AFA0020FFF763FE26F48026F0054D
:1041200006D5484BFF221A6044F4C064FFF7ACFA8E
:1041300016F0090F0AD040F624020821002002F0F0
:1041400023FAFFF741FE414B01229A6216F0106FED
:104150000CD040F62D020921002002F015FAFFF7DD
:1041600033FE00221146104602F0C8FA16F4202F42
:104170000AD040F635020721002002F005FA00209F
:10418000FFF72EFE26F48026F10301D502F006FC8F
:10419000002EB8BF49F0080972070DD52B4B5B6A9A
:1041A00013F4005F14BF2A4A2A4A4FF400531ABF7F
:1041B000536244F400045362730548BF44F004049E
:1041C00016F4802600F0AA8002F0B2FB013806281F
:1041D00042D8DFE810F021012401210127012A0142
:1041E0002D012D01BB4639E7044645E70192FFF753
:1041F0006DFD144B019AC3F8882015F4805307D144
:1042000015F4806F0CBF4FF080544FF0806454E77A
:104210004FF0804451E74FF0007368E74FF00043E0
:1042200065E74C464D4668E7000008400000F7FF90
:1042300000E100E0005008404837002040370020EF
:104240000040084000400844090B0B89001008405A
:10425000001008440010084640F6660203210020C2
:1042600002F092F97C4A136ED2F8800003F0070343
:104270000633012101FA03F3C0F30C001B1A9BB2B1
:10428000072B13D9754BD3F8883058020ED47448D5
:10429000136B126DC06C58B103F0070306339940DD
:1042A000C2F30C03C91A89B2072901D844F4007477
:1042B0006C4B1B78002B31D0674BD3F8E03013F4F4
:1042C000A02F2BD1684B694A1B7893B9FB0410D4FB
:1042D000137873B1E308664943EA457383F0010339
:1042E000D1F8E41E03F001035B0021FA03F3980701
:1042F00014D10420FEF754F85E4B5F49D966FFF7EE
:10430000D7F95A4A13782BB95C4B5D4A1B68234096
:10431000134201D144F4804427F48057BAF1000FCE
:104320001DD01AF4805F18BF44F480241AF4807FF3
:1043300018BF44F400241AF4005F18BF44F01004BE
:104340001AF4007F18BF44F020041AF4806F18BFDD
:1043500044F040041AF4006F18BF44F08004B8F130
:10436000000F3BD018F4802F18BF45F4007518F4E7
:10437000803F18BF44F4805418F4801F18BF44F4E1
:10438000003418F4001F18BF44F0020418F4003F72
:1043900018BF44F4801418F4800F18BF45F01005BE
:1043A00018F4002F1AD0324BD3F8BC3E13F0C00FD4
:1043B00014D02A4B5A68C2F30362032A01D0072A99
:1043C00007D1D3F88C20D10603D4D3F8902012075C
:1043D00031D54FF40022DA6128F40028002F00F0D4
:1043E0000D81380540F18180264ADFF888A0D37816
:1043F000002B4DD0013B4FF40061DBB2CAF86410D2
:10440000D37033B9204B1B78C3B1204B40F6014227
:10441000DA660023002266E044F4803422E744F4A4
:1044200000641FE744F480641CE744F4807419E7D7
:1044300044F0080416E744F40014CFE7DAF87030CB
:1044400013F4A05F15BF4FF4807340F60143CAF820
:104450005030CAF87030DCE70010084000400840D7
:1044600000000840584500205745002059450020CD
:1044700000100021005008400000010170170020CA
:10448000088D01004A4500205B4500200050084689
:104490000320FDF785FFDAF80C30A848A84913F08F
:1044A000060F02BFA74B41F61F72DA664FF4006396
:1044B000CAF86430DAF80C3013F0060308BFCAF803
:1044C0007030C38A13F4006260D023F40063C382A7
:1044D0000B7803F0FF0A002B5CD1FEF71FF9FFF702
:1044E000F5FB534620221C431543B9010BD52E2062
:1044F000FEF70CFB934A4FF00073936602F17C4287
:1045000045F008055366FA0608D52B20FEF7FEFA9B
:104510008C4A1023936602F17C42536617F4E00F35
:1045200005D1FB045ED5BBF1000F00F0AC80B802F2
:1045300010D52920FEF7EAFAFFF7FCFA40B18249CC
:10454000824A834B53668B6682494968490424D466
:1045500045F0040517F4800BDFF8F0A129D0042002
:10456000FDF71EFF2720FEF7D1FAFFF7AFFB4FF450
:104570008003CAF86430784BD3F8E42E50067CD41C
:10458000764B02221A6045F0020528E00B784FF4C2
:104590000053A8E74FF400433CE76A4920208B66AC
:1045A0005366FEF7B3FA2D2045F00C05FEF7AEFA80
:1045B000D0E7FA024CD50420FDF7F2FE2820FEF7E2
:1045C000A5FADAF87030002B3FD1FFF77FFB5D4A88
:1045D0005F4B936602F17C4245F0010553665B4BED
:1045E00000221A657B0509D55D4A9378002B00F0FF
:1045F0009880013B9370002349EA03094A4620460C
:104600002946FFF7D1F80EB102F0BAF918F4002FDD
:1046100000F08C804F4B4FF40022DA6118F0206FCD
:1046200000F0888018F0007F01D0FDF767FC18F0DB
:10463000006F01D0FDF77EFC002200204FF40061E6
:1046400005B0BDE8F04FFFF7AFB8CAF870B0BEE7ED
:10465000FB04C4D50420FDF7A3FE424BCAF86C301E
:10466000FEF75CF8DAF85C3013F4A00FB7D12A201B
:10467000FEF74CFAFFF72AFB7DE7D3F8BC3E99061C
:1046800081D4394B7DE7364A13794BB1013BDBB21C
:10469000137113B92C4B354ADA6600231C43A1E78A
:1046A0000420FDF77DFE0320FDF77AFE274B2D4AFF
:1046B000DA6617F049FB82460DF10F00FEF78AFC1F
:1046C0002B4B1B7883460BB1FEF7DEFFBBF1030FCC
:1046D0000ED1DFF880B00020FEF77CFC032807D164
:1046E000DBF88C30DA03F6D4DBF874300C2BF2D91B
:1046F0009DF80F30032B06D11E4B012250461A7035
:1047000017F026FBC9E71C4BD3F8E03013F4A02FB9
:10471000F2D1FEF7CDFF504617F01AFB4FF480435D
:10472000BCE70220FDF73CFE012365E7B8F1000F6E
:104730007FF474AF05B0BDE8F08F00BF48370020AC
:104740005B450020005008440050084600500840D7
:104750001000000200400840001000210040084402
:104760004A45002000000101004008460000010DFC
:104770005A4500205745002000100840014B1B6897
:10478000184700BFAC120020034A0123136202F154
:104790007C42D361704700BF004008440B4B10B50A
:1047A0005C691A6A1440A2B2DA61E20704D558685B
:1047B000C0F30360FFF7E8FF630706D5BDE81040CC
:1047C000042200200021FEF7EFBF10BD004008408A
:1047D0000C4A08B5136BD16B0B409363DB070FD505
:1047E000094B187840F6AC22122100F0010001F0CC
:1047F000CBFEBDE80840002201200021FEF7D4BF17
:1048000008BD00BF0070084070170020044BDA6F2D
:10481000D207FCD41A6FD96F0A409A67704700BF5D
:104820000030084070B50D46144617F08DFA064B5F
:10483000D3F8BC6E74402C407440C3F8BC4E17F0E3
:1048400087FA05EA060070BD00100021034BD3F87B
:10485000BC3E99430CBF012000207047001000218E
:104860002DE9F04117460A43012A9DF818409DF8AA
:104870001C60DDF820801D4629D8B44227D2082EBE
:1048800025D8032B23D8B8F1000F20D00A460021E9
:1048900001F060F8EB00FF219940DFF838C0C94310
:1048A00008F1FF38FF00E2B2964202D80020BDE8CE
:1048B000F0813D190CEB850518F8010FD5F8EC20B7
:1048C00098400A401043C5F8EC000134EBE70120A2
:1048D000EDE700BF001E002109490A4AD1F8EC00AB
:1048E00010B504230124C2F8EC308C624FF400515F
:1048F0005162410744BF02F10072C2F8EC3010BDB2
:1049000000100840001008442DE9F7438E780F2E60
:1049100080460C4603D9012003B0BDE8F08326B9D8
:1049200001232E4A00201370F6E70D7891F80190CC
:10493000002D3BD1B9F1000FEDD194F90310E088BF
:10494000FDF7E8FF0128E6D055EA0903A088244FC7
:1049500032D1FDF701FF23498A6D4FF6040583B27A
:1049600092B24FF60500AA4208BF02463A800825D7
:10497000802201278F658A672A461A4903B1013BC5
:10498000013ECB62F6B20023019300960123294633
:1049900008F1A400FDF720FF1FB1134B4FF4801264
:1049A000DA64124BA2681A600223BAE7082DB2D863
:1049B000B9F1080FAFD8C0E7FDF7CEFE3A884FF641
:1049C00004039A421EBF07498A653B80A9454A46AF
:1049D00083B238BF2A460027CFE700BF5C450020DE
:1049E000B2150020005008400050084664370020EF
:1049F0000C4BD0F8C42010B5C3F8C020027C04468C
:104A0000120202F400624FF40061FFF70BFF237CF7
:104A100013F0080F14BF044A044A4FF40073C2F89D
:104A2000883010BD001E00210040084600400844A8
:104A300037B5204D0C4641B90A460721FFF7F2FE73
:104A40001D4B2C635C6003B030BD07221146FFF79D
:104A5000E9FE1A4B07225A60237985F830306379D2
:104A60000193012101A81CF0B8FC019BC2B2D34004
:104A700000F00F0040EA031085F83100A27985F8B4
:104A80003220E27985F833202068686383B1028898
:104A900001218B4205D82379013B1344084A9361D5
:104AA000D1E730F81150AA4228BF2A460131F0E779
:104AB0001A46F0E7001F0021301F002100000844C3
:104AC00000000840431C07D0044B6FF0FF029A61BE
:104AD00003F1007310409861704700BF00700844F4
:104AE00000F01803182B0AD003070AD410F01000A6
:104AF00040F2011318BF1846034BD86470470020DA
:104B0000FAE70120F8E700BF001F0021344B2DE930
:104B1000F7431E6801F4007900F00103174653EAD9
:104B2000090205460C462ED04FF0000803B30023BF
:104B3000002201200021CDE90088FEF74DFE41460C
:104B40003046FEF7B5F941467083012001F092FB33
:104B5000716B06F1A400FEF751FA22490868FFF7CD
:104B6000B1FF4FF0FF330B60337C43F00403337429
:104B7000B9F1000F07D0012130461BF030FF24F4BB
:104B8000007405430C43D6E93E232A40234052EAF1
:104B9000030103D01449304609688847FB070FD545
:104BA0001249134A0868136800211160114A012153
:104BB000117003B19847104B00215B6802209847A1
:104BC00017F00E0F08D040F2F3123B21002003B083
:104BD000BDE8F04301F0D8BC03B0BDE8F08300BFEE
:104BE0008C370020B0120020B4120020743700204F
:104BF000783700205F4500208C120020044B186895
:104C0000830654BFC0F30F204FF6FF70704700BFFC
:104C100040370020F7B50446D4E93EC71046DDE929
:104C200008268CEA020587EA06010540194085EA54
:104C30000C057940C4E93E5123F4004106EA010322
:104C400020F00100002543F40073024043F002030A
:104C5000CDE90055FEF7C0FD237C9A0717D5D4F89F
:104C6000FC309B0513D54FF4881120461BF0B7FE8E
:104C7000237C65F341032374D4E93E2302400B40B7
:104C800052EA030103D003492046096888470020FF
:104C900003B0F0BDB412002038B10368044A002B01
:104CA00008BF1346034A13607047014BFAE700BF81
:104CB0006D0C0300B4120020024B986B00F00F0043
:104CC000704700BF001F00210F2938B505460C466C
:104CD0000ED801F0DFF801280CD1074A936B23F0BE
:104CE0000F032343936328461CF09AF9002038BD34
:104CF0000120FCE70220FAE7001F0021014BD86BDE
:104D0000704700BF001F0021014B0020D96370478E
:104D1000001F002103282DE9F7434CD8274B13F837
:104D20000080274B1E5C274B13F8009017F00CF8FF
:104D30000746FEF707FF054640B10023CDE90033E3
:104D40000022002301200021FEF746FDFEF702FFAE
:104D500048B10023CDE900330022002300204FF4A6
:104D60000041FEF739FD26B3174B5C6C04F00804D4
:104D7000164B31465C644046FEF7F4FF4A46314626
:104D80004046FFF751F8124B5C6465B1114B18684F
:104D9000416BA430FEF732F90F490868FFF792FE25
:104DA0004FF0FF330B60384603B0BDE8F04316F018
:104DB000CFBF3446DCE703B0BDE8F083A2D60300E2
:104DC0009ED603009AD60300000008400000084465
:104DD000000008468C370020B0120020104AD2F89C
:104DE000883013F0A00F16D1D2F88C0010F0040018
:104DF00013D10C4BD3F8E43E23F07F4323F0FF03A1
:104E00005BB15368C3F30362092A07D0B2F10C0007
:104E100018BF01207047002070470120704700BF75
:104E2000004008400010002170B50D46064620B92C
:104E3000194B1B68A3B1032011E001F02BF80128E6
:104E400028D1164B93F90040C4F11C04641BC4F133
:104E50001C03002BB8BF5B42232B0CDD012070BD6F
:104E600081EAE173A3EBE173DBB2232BF6D80B4BA2
:104E700019700020F3E7B57416F066FF084A53690D
:104E8000E40223F4FF2304F4FF241C43546116F0CE
:104E90005FFFEEE70220E2E78C3700205D4500204F
:104EA0000070084018B9034B93F90000704790F95F
:104EB000120070475D45002008B5FFF799FD16F018
:104EC00043FF074AD2F8BC3E23F02003C2F8BC3EA1
:104ED00016F03EFF034B02221A60002008BD00BFFF
:104EE000001000210040084690F8C23053B9074B2B
:104EF000DA69920208D49B6F13F4706F14BF01201B
:104F00000020704700207047012070470060084073
:104F1000F8B5436B02EA010523EA01032B4343631F
:104F2000344A01F00B030C4623EA0501516402F1F7
:104F300000722B4061070646536411D50121FFF72B
:104F4000D3FF68B1FEF7A4FE15F0040F14BF2A4A80
:104F50002A4A4FF40073D361294B0422C3F88820F6
:104F6000E20606D515F0100F264B14BF00221B22B7
:104F7000DA6423061DD52F0616D51F4B4FF40012F9
:104F80009A6103F17E430122C3F8F82016F0DCFE9B
:104F90000E2107460320FDF733FF1A4B40F2012292
:104FA0005A62384616F0D4FE294606F1A400FEF7F0
:104FB00025F8E00503D5E90516D5FDF7EBFEA205BA
:104FC00003D5AB0513D5FDF7F5FE14F0600F09D03E
:104FD000D6F8941030461BF04AFE0B4B98640B4BEE
:104FE00080229A600020F8BDFDF7CCFEE7E7FDF7D0
:104FF000D9FEEAE700000844006008460060084463
:105000000040084400000840001F00210040084004
:10501000014B1868704700BF7037002037B5012377
:1050200000240022CDE90034002310461946FEF783
:10503000D3FB0220FDF7B4F9054D064B21461C6059
:1050400002206B6898472B6803B0BDE830401847D2
:105050008C120020783700202DE9FF4102290390AF
:105060000C461546984605D1FFF7D8FF002004B03E
:10507000BDE8F081194E16F067FE336807463BB174
:10508000AB4205D016F064FE002333600120EEE74A
:10509000134B3560C3F8008001230022CDE90033B3
:1050A000002310461946FEF797FB0E4B0025022001
:1050B0001D70FDF775F922462B4603A90220FDF766
:1050C0008DF9094B039A1A60084B1B6804469847F0
:1050D000384616F03DFE002CC8D1D5E778370020C1
:1050E000743700205F450020703700208C120020AC
:1050F000044BDB6D5B055ABF034B1878012000F0B1
:1051000001007047005008405F450020014B98693E
:105110001BF050BD00600840014B98691BF060BD5A
:105120000060084070B50E4616F00EFE054600F011
:10513000D5FE044620B1284616F00AFE204670BD72
:10514000FEF7A6FD114B3278D3F8E43E022A23F095
:10515000F00316D0101F42424241520043EA0213AC
:105160007278022A0FD0111F4A424A41520043EA84
:105170008213064AC2F8E43E054B0422C3F8882095
:10518000D9E70122EAE70122F1E700BF0010002180
:105190000040084470B50E4616F0D6FD054600F0F6
:1051A000B5FE044620B1284616F0D2FD204670BD5B
:1051B000FEF76EFD104B3278D3F8E43E022A23F05E
:1051C0000F0315D0101F4242424152001343727820
:1051D000022A0FD0111F4A424A41520043EA820379
:1051E000054AC2F8E43E054B0422C3F88820DAE7FA
:1051F0000122EBE70122F1E7001000210040084402
:10520000F8B50E7890F8D070044630460D46FCF79D
:10521000C3FC002844D094F8D030B34208D1AA8807
:10522000636C9A4204D16A88B4F8D2309A4235D07D
:1052300084F8D060AB88A4F8D4306B88A4F8D2305E
:10524000AB886364FF23637530461BF057FC04F1A1
:10525000D00520752846FCF783FF10BB2846FCF7D5
:1052600091FCF0B9D4F8903053B194F8D010B94211
:1052700006D0B3F912202046EEF758F984F8D90089
:105280002046FCF76FFE0949A4F8D400084AD1F87B
:10529000F810012304F1A40001F06EFD0020F8BD18
:1052A00001200E2384F8D030F9E700BF001F002151
:1052B0006C1F002170B5054690F8D0000E280C46F2
:1052C0001DD0FF291DD01AB10F4B4FF0FF321A60CD
:1052D0001BF014FC064695F8D000FCF707FD84424D
:1052E00028BF0446E4B2B44238BF3446E0B2687521
:1052F000FCF798FDA0F1FF035842584170BD022011
:10530000FCE70120FAE700BF94120020C36B012BD9
:1053100001D10020704770B5364BD0F89060D3F8BB
:10532000F830C0F8943086B03146058B04461BF047
:105330007CFCB3898DF80600D6E90121EB1A9BB2FB
:1053400001FB032268460021ADF804300092FDF70E
:10535000D7FF38B9284B228BDA63FCF7CFFE20B198
:1053600006B070BD022006B070BD227C60F3410221
:1053700022741BF01DFCD4F890305969431EDBB237
:1053800009680291FD2B02460BD9CD1C09D91B4B94
:1053900001311B680CD0D81C07D802A92046029303
:1053A00001E002A920461BF07EFB002006B070BD84
:1053B000D91C04D802A9204602931BF074FBD4F830
:1053C000FC309B0504D4237C43F002032374ECE7F8
:1053D0004FF4803120461BF002FBD4E93E2302400B
:1053E0000B4052EA0301E0D005492046096888478E
:1053F000DBE700BF001F0021003008409C120020A6
:10540000B412002038B505460C4641B11BF0C4FD6E
:1054100028B14FF400312846FFF718FA043420462B
:10542000FDF79AF9024B4042C3F8D40E002038BD74
:105430000010002170B54C30814214BF0C4600248E
:10544000164616F081FC0D494A684FF49C53C2F38E
:105450000362D340DA07054603D5D1F888309B03B1
:105460000AD420460122314601F048F90446284674
:1054700016F06EFC204670BD0324F8E7004008409B
:105480002DE9F74F06461546084619B9012003B025
:10549000BDE8F08F002AF9D0032904D8002101F0DB
:1054A00091FA0028F2D082780488037990F805B048
:1054B000C788B0F90000002802F00701C0F2D180CF
:1054C000A1F1070CDCF1000040EB0C00052928736A
:1054D0008CBFC2F300100020C2F3801C68739009D7
:1054E00085F810C000F00200C2F3C00C40EA0C00C6
:1054F000C2F340126874AA74AF820BB996F8CA302E
:10550000013BDBB2EB74736BD80600F19680063971
:10551000012900F29280544BDB6C544B5A6B1B6B8D
:1055200003F0070306334FF0010909FA03F909F103
:10553000FF39083C42F0005804EA0904002318F837
:1055400004A0AB60013404EA0904631D03EA090303
:105550005A1C02EA090218F8037018F80220BAF17E
:10556000800F47EA0227727C18BFAAF1320A3BB2C9
:1055700014BF4FFA8AFA6FF07F0AC7F30B079AB38A
:105580000020D6F89C300BB151469847631C03EAC3
:105590000903E87385F80EA018F80310013303EA35
:1055A000090318F80320013303EA090341EA022141
:1055B00018F80320013303EA090341EA024118F80D
:1055C00003006A7C002341EA0061304601F0A2FC3E
:1055D0002860737C042B03D1022FDCBF01302860CC
:1055E0000423AB71002052E7D90422D5D6F89420C9
:1055F0009AB11368022B10D992F82400FB0008B16D
:10560000B3FBF0F39B45BBD8002BB9D0CBEB0B2001
:10561000B0FBF3F0C043C0B2B3E730461BF0A0FBD1
:10562000019030461BF08CFB019BB3FBF0F0C0B245
:10563000E4E718F804004000EDE70023EB730C4B9F
:10564000DA68C2F30723120448BF63F0FF035AB2BB
:1056500012F1800F1CBF323B5AB20023AA732B6099
:10566000BFE7022013E700BF000008400010084019
:105670000070084038B58D880C461BF071FBEB00BC
:1056800080B1B3F5803F0DD8074A430902FB0533CB
:1056900022680009B3FBF0F31A4407232260A371C8
:1056A000002038BD0220FCE720A1070070B50A4B9E
:1056B0000A4DD3F8EC604FF48064C5F8EC4000204C
:1056C000FEF78EFB4FF400536B65730544BF044B2C
:1056D000C3F8EC4070BD00BF001008400010084443
:1056E0000010084611F5004F1FBF01F30E01044BD7
:1056F000C1F30E01002014BF19640120704700BFE0
:1057000000300840F8B504460E4641B9037C5A06FD
:1057100041BF4FF6FF7261F38613828303743C4BE3
:10572000D4F894701B680BB120469847394BA18B75
:10573000D3F8842012F4E05F04BF2022C3F81022C3
:105740004FF6FF73994204D0334B1B680BB12046D0
:105750009847324DD4F894102A68914207D02046D9
:105760001BF085FA2E4B98642E4B80209860974250
:1057700045D02D4B1B684BB11FB13A68002A40D071
:10578000BF68394620469847D4F8941008461BF065
:1057900086FA30B3254901F06DFA07272046FCF759
:1057A000E1FB16B3224B94F9122093F90030214902
:1057B000D4F89400C3F11C039B1A4A69DB0222F45B
:1057C000FF2203F4FF2313431B4A4B611B4B28604A
:1057D00006211167204601221A701BF021FC0020CF
:1057E000F8BD20461BF090FCD4E70D4B0F4AD3F8D0
:1057F000F81004F1A4003B4601F0BEFAD2E70127FD
:10580000CCE71746394620469847D4F89410BDE7B0
:1058100080370020006008406C370020603700208F
:10582000001F002100400840683700206C1F002145
:105830005D45002000700840000008445E450020DF
:105840000248482200211EF0B3BB00BFE81E002121
:10585000002373B583746423C0E92C33C0E92E336D
:105860004FF0FF35C0F8AC30A0F8C0300E264FF630
:10587000FF73C0E9075580F8D06045648582837561
:1058800004461120ECF714FB042834D11B4B5B6851
:1058900013F4403F2FD12046FEF764F92046FFF76E
:1058A000CFFF94F912102046FFF7BEFA144A602386
:1058B000536402F5805240F6FF7151625165114AFE
:1058C0005364114B4022C3F88820626B294620465E
:1058D000FFF71EFB002240F2022310461946CDE9D5
:1058E0000066FDF779FFFCF7EBF9204602B0BDE852
:1058F000704000F02FBE022002B070BD00300E409C
:1059000000000840000008460040084410B50C465E
:10591000FFF796FFBCB1A378082B16D8E278082AC7
:1059200013D843EA021313F0FF03094A14BF616856
:105930001946C2F8E810217882F82C11617882F8B3
:105940002D1182F82F31002010BD0120FCE700BF8F
:10595000001E0021012A10B512D8032B10D803EB2A
:105960008202084C0123934094F82E01DBB221B14E
:10597000034384F82E31002010BD20EA0303F8E72A
:105980000120F9E7001E002170B50C68B0F8D420A2
:105990008D680346013404BFD3F8AC400C604C68FA
:1059A000013404BFD3F8B8404C606E1C00F1A40071
:1059B00038D1D3F8B440CE688C60751C38D1D3F898
:1059C000B0500E69CD60013604BFD3F8A4600E61FB
:1059D0004E69013604BFD3F8A8604E618E69013666
:1059E00004BFD3F8BC608E618E693EB34132B242CF
:1059F00038BF32460E688A61C3F8B4404C68C3E9C8
:105A00002E420A69C3F8A4204A690D49C3F8A820A8
:105A1000C3E92B650B4AD1F8F810072301F0ACF964
:105A2000002070BD02F14104AC4238BF2C46C2E7F1
:105A300002F16405B54238BF3546C2E76422D9E7B2
:105A4000001F00216C1F002170B516F07DF90C4E6F
:105A5000054600F01FFA012804D0284616F078F910
:105A6000022070BD736813F0706FC3F30364F0D14C
:105A7000F36BDB06EDD5284616F06AF92046F0E711
:105A80000040084038B516F05FF90B4A13884FF60E
:105A9000FF718B4203D116F05BF9032038BD074C30
:105AA000074DE56504F100741B04E365118016F0F1
:105AB0004FF90020F2E700BFB41500200060084451
:105AC0000000FFFF2DE9F34105460F461446FFF79E
:105AD00085F980B1DFF81882D8F80C30DE0740F184
:105AE000EA8016F031F906460320FCF783FD38B151
:105AF000304616F02DF90226304602B0BDE8F0819E
:105B0000D8F80C3013F0060FF2D1304616F020F919
:105B10006A4B4FF400612846D3F8E48ED3F8C46E84
:105B2000FEF794FE40B1664B4FF400720121C3F8BA
:105B30008820084600F09EFB3946284600F0ECFC21
:105B40005E4BC3F8C46EC3F8E48E06460028D3D17A
:105B50002B7CD80601D4002C66D0C4F34000FEF79D
:105B60005DF814F4807F14BF564A554A4FF0020383
:105B70001BBFC2F88830544AC2F8883000211CBFCD
:105B8000D16093624D4BD3F8BC7EFEF781F84F4A4B
:105B900014F0040F07EA02034FF480616BD04C4805
:105BA0009342C16106D14B4A92F8D03043F00203D0
:105BB00082F8D030424B042214F0400FC3F8882002
:105BC00014BF454A454A40232046C2F88030FEF7BC
:105BD00087FF28461BF03EF940B114F0010F14BFB7
:105BE000384A374A4FF48073C2F88830A1064CD542
:105BF0006B8C4FF6FF7293420FD0394A3949D26D00
:105C0000100CC2F30112088001323749B3FBF2F3E2
:105C10002F4A3648C8651B04D3652B7C003C18BF4F
:105C2000012464F304132B7428461BF0B5F9F0B17A
:105C300028461BF00FF9D0B14FF400312846FEF78B
:105C400005FE431C9BB203221F4801A91BF090FBD9
:105C50009DF8042002F00703052B9DF805301DD1A7
:105C6000120715D443F480731A4AC2F8CC300020CE
:105C70001AF030FF40E71C489342C1619AD1154A9F
:105C800092F8D03023F0020392E7FFF7FBFEC4E75F
:105C900013F0040F09D19DF80630E3E703F030025A
:105CA000202A05D113F0010FF4E74FF48073DBE7EE
:105CB0009DF80630D8E703261EE700BF001000213C
:105CC00000400844004008460010084080000040A2
:105CD00000600846001E002100700846007008445D
:105CE00000600840B4150020006008440000FFFF79
:105CF000005008402DE9F3410646884615461F46E8
:105D000016F022F804460320FCF774FC38B1204654
:105D100016F01EF80324204602B0BDE8F0810420EE
:105D2000FCF768FC0028F2D1204616F011F82A464C
:105D300041463046FFF7C6FE04460028EBD1DFF8A7
:105D4000BC80002F38D088F8000039463046FEF776
:105D5000DBFD002845D198F80030012B29D0224BDB
:105D60002022C3F88820214B9B6CB3F5817F2BD276
:105D700001201AF012FF15F0E7FF1D4B1B6801937D
:105D800006464BB10420FCF70BFB0023012201A9BE
:105D90000420FCF723FB00B3FCF774FC2B0617D59B
:105DA000144B00221A67FCF7ADFC304615F0D0FF0B
:105DB000B1E7FDF725FFAEE798F80030012BF8D0EA
:105DC000002BCCD10124A6E70B4B80229A60CFE7B1
:105DD000FCF798FCFDF7FEFEE7E7FDF777FF0124EF
:105DE000E3E7044697E700BF00400846001F002194
:105DF0006437002000500840004008405C45002007
:105E000008B5094BD3F8B4305A1C0BD05B0009D449
:105E10000320FEF77FFF054B4FF08062C3F894200C
:105E20000122DA6008BD00BF0081E00F0040084693
:105E3000054BD3F8880003F180634FF40022C3F8C8
:105E40008820C0F3C040704700400840014B024A20
:105E50001A60704768370020314A0100024BD86849
:105E600000F00100704700BF00500840084BDA689E
:105E7000D10707D508B9FCF76DBADB68DA0706D495
:105E8000FCF75ABADB68DB0701D40028F8D1704769
:105E9000005008400F4B5B68C3F30363013B0B2BBF
:105EA0000FD8DFE803F006060C06060606080A0807
:105EB000080802207047042070470520704703201F
:105EC0007047054BDB6813F0060F0CBF0120042060
:105ED000704700BF00400840005008400A4A53681D
:105EE000C3F303630B2B08D06FF49050184100F0FC
:105EF000010080F0010040007047D2F8880010F4E3
:105F00008030ECD1704700BF004008400C4A536815
:105F1000C3F30363062B07D8042BD8B20CD8C31ED7
:105F20005842584140007047072B07D1D2F844012E
:105F300010F00050EBD170470220704700207047EE
:105F4000004008400A4A5368C3F30363032B01D09F
:105F5000072B0AD1D2F88C30DB0606D4D2F8900099
:105F600080F00800C0F3C00070470020704700BFF9
:105F700000400840024B002219681AF0ECBF00BF35
:105F800088F1030010B5FF224FF6FF7104461BF0A5
:105F900006F868B9FF224FF6FF7120461BF010F893
:105FA00030B920460349BDE81040FF221BF01AB863
:105FB00010BD00BFA6D6030010B55B0743EA02433D
:105FC0009DF80820520543EAC16302F0BC621A43FF
:105FD000084942F4C8720446FEF724FC064B1B68CD
:105FE0000BB120469847002211462046FFF722FABF
:105FF000002010BD9007E12D8437002008B51AF06D
:10600000CBFF20B1024B586D003818BF012008BDEE
:106010000000084008B5FFF795FFA8B10B4B5A697F
:10602000110311D5D3F8882092030DD4D3F8903002
:1060300013F0100F4FF0100304D1054AC2F890304E
:10604000002008BD034AF9E70220FAE700400840B3
:10605000004008460040084438B5044608B3134AD7
:1060600053691B031FD5D2F88C50114BC5F3811512
:10607000032DB3F8C8300ED1083B9BB208220D485F
:1060800021461BF075F9094B2572D3F890301B0A95
:106090006372002038BD022D05D1023B9BB22A4617
:1060A000EDE70120F6E70220F4E700BF00400840DA
:1060B000001E002130100840034B1868034B0028D5
:1060C00008BF1846704700BF8837002054F103000E
:1060D000F8B50D4610B900242046F8BD0E4F3E68B5
:1060E000002EF8D100F062F804460028F3D03860A2
:1060F00000F0A8F820461AF0F7FF38B130463E60AD
:1061000000F0A0F820461AF0EAFFE4E7002DE3D003
:106110002046A847E0E700BF8C370020024B1868F4
:10612000003818BF012070478C370020024B002137
:106130005B680846184700BF8C12002010B51AF0A3
:1061400000FF044618B9034B01215B6898472046BD
:1061500010BD00BF8C12002010B5FFF7CBFD044628
:1061600018B9034B01215B689847204610BD00BF5A
:106170008C12002010B51AF0D9FB044620B9034B4D
:1061800001215B6808469847204610BD8C1200200C
:10619000431E033306D8044B984228BF1846642890
:1061A00038BF6420704700BF40420F00F8B5054675
:1061B00015F0CAFD0F4B1E68074626B9384615F084
:1061C000C7FD344611E0B4688CB194F810C01CF0DF
:1061D000010F0CD195E80F004CF0010C84E80F0082
:1061E00084F810C0384615F0B3FD2046F8BD366877
:1061F000E3E700BFBC12002038B505460C4641B1AC
:106200000B6833B11B68013303D0CB680BB18B68CB
:106210004BB91AF05CFCBDE838404FF49272412152
:10622000002000F0B1B90846FBF79EFC0023044AA9
:1062300085F8DC30C5E92343C2E9003338BD00BF2F
:106240007817002010B5044618B9054B054A1360AD
:1062500010BDFEF721FDD4F89830002BF6D1F4E7FD
:10626000C7100300B8120020014B1868704700BF28
:106270007817002010B50C46FEF74CFD054B0021A9
:106280005B68032098471CB1FFF704FE0128FBD18F
:1062900010BD00BF8C12002008B502460868FFF749
:1062A00077FF08604868FFF773FF48608868FFF76A
:1062B0006FFF8860C868FFF76BFF0B69C860581CE8
:1062C00003D00B48834228BF03460B614B69581C1F
:1062D00003D00748834228BF034688694B61FFF714
:1062E00057FFBDE8084088611046FFF74DBB00BF6F
:1062F00040420F002DE9F84FD0F8903006460F4687
:1063000013B1038B8B4244D0D6F88CB0BBF1000F95
:1063100042D0DBF80830002B3ED0DBF80C1000290F
:106320003AD0D6F8A0A0BAF1000F38D04FF000094B
:106330004D46C84601E0DBF8083005EBC50203EB2B
:1063400082040135E389BB4214D8238ABB4230461C
:1063500010D3B4F91220B6F924309342A04653DD8D
:1063600096F8D010EDF7E2F8337D834281464BD9A1
:10637000DBF80C108D42DED3B8F1000F3ED00023C5
:10638000424619463046D0473783C6F8908086F893
:10639000D9900020BDE8F88F0320BDE8F88FD146E2
:1063A0005446524647F6FF7504EBC40803EB8808D1
:1063B000B8F80E30BB421BD8B8F81030BB4217D328
:1063C000B8F91220AA4207D14FF0FF093783C6F867
:1063D000908086F8D990DCE796F8D0103046EDF73B
:1063E000A5F8337D834281464246EFD9DBF80C1095
:1063F0000134A14204D9DBF80830D5E70120C9E710
:10640000002AFBD09046E1E7A046B8E72DE9F04727
:1064100082B0044689461646FFF70AFD3B4D08B197
:1064200000236B602B68D4F88CA0D4F890700BB16B
:1064300053454BD04FF00008C5F80890FFF72AFDF0
:10644000012836D12B68DAF800103A6813B11868C1
:10645000884246D020461AF050FDC5E900A7D4F87E
:10646000A0508DF80760002D42D000220DF10703E7
:1064700011462046A8472046FEF748FF0546B8F1DA
:10648000000F00D08EB1B5FA85F040F2DE3240093F
:10649000332100F079F831462046FFF733F91C4BE1
:1064A00005461B68394620469847284602B0BDE895
:1064B000F0870120FEF72EFC164B00215B680320BD
:1064C0009847FFF7E7FC0128FBD1BBE76B68002B7F
:1064D000B0D0BB42AED1AB68994514D04FF00108A3
:1064E000AAE7696811B109689142B6D05968B1E765
:1064F000217D94F8D930994228BF1946324620466A
:10650000FEF7D8FEB7E70025CFE700BF78170020D9
:10651000B81200208C120020F8B505460E4615F082
:1065200013FC314607462846FFF7E4FE044620B137
:10653000384615F00DFC2046F8BDFFF761FC2246F9
:1065400031462846FFF762FF0446384615F000FC46
:106550002046F8BD07B54FF400730A49ADF8063080
:106560000DF106021AF099FEBDF80630B3F5007F72
:1065700005D1022808BF002003B05DF804FB01200C
:10658000FAE700BF9037002008B550B90548064B20
:1065900001601A60054B1A68054B1A60186801F013
:1065A0001BFE08BDC0120020943900208C3700204B
:1065B000903900200D4BD3F8E020D20314D50C49BC
:1065C0004FF48032C3F8E820C1F8EC209A6BD1B2C6
:1065D000C2F3072299679A6704229A6700229A6792
:1065E0009A679A679A679A67704700BF00100840D9
:1065F00000100846F8B50C4C0D461746064615F037
:10660000A3FB0123A362042327606660A560C4F88E
:10661000E830064B4FF48072C3F8802115F098FBE8
:106620000DB10223A362F8BD0010084000E100E0B4
:10663000054B1860054B01229A6540F6FF721963FD
:1066400058635A65704700BF9C390020001008400D
:106650002DE9F04F042A83B0054639D90B788361C0
:106660004B7883618B788361CB7883610068D5F840
:1066700008B06E6800F007000123063003FA00F846
:1066800008F1FF3909EA0B07A2F1040AA8EB070297
:10669000924501F1040446F000560DD8F019214648
:1066A00052461DF0ABFC0AEB0B0248EA09031A4004
:1066B000AA6003B0BDE8F08F2146F01901921DF0E9
:1066C0009DFC019AA118AAEB080230463A44E8E77B
:1066D000013A032AEDD8DFE802F00B08050211F8B1
:1066E000013B836111F8013BAB6111F8013BAB61E8
:1066F0000B78AB6103B0BDE8F08F00BF38B50C4636
:10670000104B1546014668B10122C3F8B8200E4867
:106710002246FFF79DFF1DB10A4B0422C3F8B820A3
:10672000002038BD64B1D3F89C20A24284BF01226E
:10673000C3F8B820C3F898400222C3F8B820EAE7AB
:106740000122FAE7001008409010084010B515F03B
:10675000FBFA184B184901229A65C3F888201A667B
:10676000164A5A660722C3F884200A801449002278
:106770000A804FF4A021C3F8E81003F1C063044677
:10678000C3F8EC100F4B1A600F4BD3F888305B0244
:106790000AD50E4B18680E4B4FF48002C3F88820C0
:1067A000416BA430FCF72AFC2046BDE8104015F0F0
:1067B000CFBA00BF00100840A0420020D01800202F
:1067C0009E42002098390020004008408C3700206D
:1067D000004008440D4B07221A800D4B00221A80FE
:1067E0000C4B0121C3F8B810C3F890204FF40052AD
:1067F000C3F89400C3F8B420074BF0221A6403F1E5
:106800000073A0221A64FFF7A1BF00BFA0420020BE
:106810009E42002000100840000008442DE9F0418D
:10682000044688B1394E3A4F15F08EFA3388394A0A
:1068300003F07801032C054603F07F0C114453D17B
:106840003C6824B915F084FA0320BDE8F08124F0F7
:106850000104386820F00100A0424AD100223A60C9
:1068600022886FEA42426FEA52428C42228036D13D
:10687000294CDFF8B8C02788ACF180083A46083ABE
:1068800092B201F10800604528BF4046082A04D9A9
:10689000B0F900E0BEF1000F36DB22803B440C88EB
:1068A00088781E499B1ADBB2C4F30C04CC6300F059
:1068B00007003380CB66C1F88420FFF77BFE0428F5
:1068C0000DD1174BD3F88830164B1868164B4FF480
:1068D0008002C3F88820416BA430FCF78FFB284668
:1068E00015F036FA0020B0E7601E012898BF0C466C
:1068F000AFE7094862440088A21A48BF80320838CE
:106900009042ADDC28469DE70146B8E79E42002054
:1069100098390020D0180020A04200200010084024
:10692000004008408C3700200040084450190020E7
:106930000E490F4B0A881B880E481344073B03F08F
:10694000780303440832987892B20A8000F0070076
:1069500009490428C1F8842004D101F540514A684E
:106960001203FCD4054A1360704700BFA042002008
:106970009E420020D01800200010084098390020C6
:1069800010B5054C206828B1C30701D4FFF746FFB6
:106990000023236010BD00BF98390020084B4FF43E
:1069A0008032C3F8EC2003F17C43C3F8E420D3F831
:1069B0008030C3F30C03782B01D8FFF7FBBD704781
:1069C000001008442DE9F84304460E4615F0BCF9C2
:1069D000504B514D1A882D888146504802F078015D
:1069E000032C02F07F03014417D14D4C24688CB96D
:1069F0002A44073A02F0780284180344E31A48BF95
:106A00008033AB4210DB484615F0A2F90024204643
:106A1000BDE8F88324F00104EFE7012C02D0022C3A
:106A2000EBD1083D0C46E8E7002E41D08C423D49B1
:106A300042D1D1F83C800A6B02F0070206320127EE
:106A40009740D1F88020C2F30C029A4247DDB4F996
:106A500000302588002BD6DBA378C5F30C0503F0A6
:106A600007037A1EA5EB08053A43052B337005EAA8
:106A700002052CD82DB2E84340F236420421C00F63
:106A8000FFF782FD7580E378274A337412687B1E16
:106A900003EA0803D118B160A9B213FA85F5BD4223
:106AA00089BFFF1A0023B780F2609CBFB180F360FA
:106AB000484615F04DF9AAE7A4F10802824238BF12
:106AC00004F17802B2F80080C8F30C08B3E7174B62
:106AD000DB6C003B18BF0123A5EBC305CAE78B6B3A
:106AE0007A1EA3EB08033A431A40114B15B25B68B8
:106AF0006AB9C3F30363D91E4B424B41DB003370C9
:106B00000B4B7280D3F89030C3F30723BCE7082304
:106B1000F5E700BF9E420020A0420020D0180020D0
:106B200098390020001008409C39002000000840DF
:106B30000040084010B515F007F9084B1B680446E3
:106B40003BB1984728B1002200204FF48061FCF748
:106B50002BFE2046BDE8104015F0FAB8A039002001
:106B60002DE9F74FDFF8ECB08146DBF800A00F46C7
:106B7000FBF756FD4FF0FF35CDE9000100202C4614
:106B8000064606F110031B015BF8033003F003080F
:106B9000B8F1010F15D13046FBF75AFD02460B46FE
:106BA000DDE90001FBF7EAFBDBF85C3006F10802E7
:106BB000D340DB0737D5002F3ED000253E602C4662
:106BC00040460136052EDCD150B3224F396B0131DE
:106BD000A4FB014164190AF4403341F10001B3F50B
:106BE000003F4FF000022FD1FB6A0AF4405A0133F4
:106BF00042F10006BAF5805F21D1BD6A15F58075B6
:106C000042F100026E4303FB0266A5FB03323244ED
:106C1000594304FB0212A3FB04341444C9E90034B1
:106C200003B0BDE8F08FA84271EB0403C8D207B1EE
:106C30003E6005460C46C3E73D463C46C0E732028F
:106C400042EA13621B02E3E7BB6A13F5807342F169
:106C50000002DDE70050084040B10368012B05D970
:106C60000069034B002808BF18467047004870476A
:106C70008CF1030038B5054614480C46FBF76CFD53
:106C80002DB1C30103EB5503B3FBF5F32360104AA9
:106C90005368D80217D40F4B1B68D2F8A810C3F35F
:106CA000810311F4806203F10103C9B218BFDA0055
:106CB000FF2906D00649D1F8AC10490501D502EBF1
:106CC000C302626038BD0022FBE700BF40420F00F4
:106CD0000000084000200840084B1A68C117A2FBBA
:106CE000000310F1807002FB013343F10003400EFA
:106CF00040EAC310803820EAE0707047A8390020CD
:106D0000174B072270B5C3F88420FBF7D7FF154B4C
:106D1000154A164EC408010B0546E005C01841F19E
:106D20000001002313F0BEFF114B18604EF66020E7
:106D3000FFF7D2FF4042C6F89C000E48FBF70CFD5F
:106D4000024658B1E301500818184FEA15714FF088
:106D5000000341F1000113F0A5FF706770BD00BF93
:106D600000400840B2E60E0065CD1D00001F002166
:106D7000A839002040420F002DE9F8430546084697
:106D80009846FFF769FF16460746002D00F0A980D8
:106D900018F0050F5DD02C69002C00F0A480FBF7E3
:106DA000DBF84FF47A735C43201A7B68A0F6AC5092
:106DB000C01AFFF791FFAC8B3062002C00F0968078
:106DC000FBF7CAF84FF47A735C43201A7B68A0F68D
:106DD000AC50C01AFFF780FF70614A4BEC68D3F8E3
:106DE0000090002C00F08580FBF7B6F84FF47A7322
:106DF0005C43241A7B68A4F6AC54E41A3B68E41A9A
:106E0000414B1A68E117A2FB044314F1807402FBA2
:106E1000013343F10003640E44EAC314803C3B4B4E
:106E2000B4613B4CD3F88430F36123684BB14846DE
:106E30001AF0B2F828B12368D9F84800324639462A
:106E40009847AC69FBF788F8014620461AF0B9FA72
:106E5000F06218F0020F29D06B684FF47A70584333
:106E60005BB13B6803F51C5310331844AB7F002B18
:106E700046F2A81308BF00231844FFF72DFF6B69E3
:106E8000B062002B38D078684FF47A7202FB0300AE
:106E9000AB7FA0F50350002BA0F1100046F2A81321
:106EA00008BF0023C01AFFF717FF706218F0040F25
:106EB00017D0A86818B34FF47A735843A0F503505D
:106EC0001038FFF709FFF0602B684FF47A705843D1
:106ED00023B13B6803F51C5310331844FFF7FCFE45
:106EE0003061BDE8F8834CF2503062E74CF250302C
:106EF00070E74CF2503483E747F23050D3E747F263
:106F00003050DEE78C370020A8390020001F002118
:106F1000A439002010B508461C4619F02FFE094B75
:106F20000246D3F8F800FFF797FE0368A018002B7D
:106F3000054AA8BF4FF4FA721A44044B92FBF3F2CD
:106F4000104410BD001F00210CFEFFFF18FCFFFFC6
:106F500038B504460D4614F002FF064A13889BB26A
:106F60002DB123431380BDE8384014F0FEBE23EA60
:106F70000403F7E7A4420020034B002201214FF451
:106F800080701A70FFF7E4BF6645002008B5054B16
:106F900018681AF078F800F00300C31E58425841F0
:106FA00008BD00BFC4390020F0B585B00023CDE98D
:106FB00001330393124B134D134E1B788DF804309D
:106FC00014F0CDFE2A783378104F9A4204460CD044
:106FD00031783868297001AAFFF7CCF850B10C4815
:106FE00040F6F311EEF7F2FB04E038681AF04BF8C4
:106FF0000128EDD0204614F0B8FE05B0F0BD00BF6A
:10700000331600203016002031160020C43900202D
:1070100062F4030038B5044614F085FA0C4B0546BB
:107020001978987881420FD0631E082B0CD8DFE8BE
:1070300003F0050D0B0D0B0D0D0D0D00002201468B
:10704000044B18681AF01DF8284638BD0022F7E7EF
:1070500033160020C4390020F8B52B4B1B7823B120
:107060002A4840F6E531EEF7B1FB14F078FE284BE4
:107070001C8814F00604064609D001214FF48070E4
:10708000FFF766FF3046BDE8F84014F06EBE2146BB
:107090004FF48070FFF75CFF204602F033F80228BF
:1070A0000AD180221B4B8021186819F03DFC15F095
:1070B000EDFFFFF779FFE5E7204602F023F80546EC
:1070C00038B1012807D0114840F62741EEF77EFB82
:1070D000D8E70246E6E70F4F3868FFF727F8386829
:1070E00019F0D1FF01280CD038682A46294619F03A
:1070F000CCFF21462C20FFF78DFF21460A20FFF709
:1071000089FF15F0C4FFBDE76645002062F4030067
:10711000A4420020C439002038B54FF0FF300C469F
:107120001CF082FF0A4B054618681CF07DFF641BAB
:10713000241A20B210F1630F06DB10F1240F05DAD8
:1071400064308000C0B238BD0020FCE7FF20FAE7C1
:10715000C439002010B50E4C236823B90D4840F601
:107160009641EEF733FB206801301AF0BCF900F0CD
:10717000070003280AD1246809220121204601F0D2
:10718000D5F8205C031F5842584110BD0020FCE791
:10719000B439002062F4030008B5134B1B78062BAA
:1071A00004D0124840F62701EEF710FB104B1B8865
:1071B0001B0704D40D4840F62801EEF707FB0D4BE2
:1071C0002A201978FFF726FF00210820FFF7C0FECC
:1071D000094B02221A70094B1868FEF7A7FFBDE899
:1071E000084016F06EBC00BF6645002062F4030044
:1071F000A4420020634500202E160020C439002040
:107200000148002102F02ABE081300207F2837B56C
:10721000044612D119494FF6FF730246ADF8063005
:10722000098802230DF1060015F059FFBDF806404C
:10723000E20554BF64B26FF04A0414F090FD104BA5
:107240001C70104B1B88DB07054610D50E4B1B78B6
:10725000002B0E4B0CBF21466FF07F01186819F010
:1072600084FB20B10A4840F67F61EEF7AFFA28466A
:1072700003B0BDE8304014F078BD00BF969D030018
:1072800028160020A442002067450020C4390020B1
:1072900062F4030008B50A4B1B88DB0604D40948D6
:1072A00040F64A01EEF792FA00211020FFF750FE57
:1072B000002001F089FEBDE8084016F002BC00BFC6
:1072C000A442002062F40300F7B5124CD4E9006533
:1072D00086EA020C85EA03070CEA000C0F405CEA20
:1072E000070E15D086EA0C067D40C4E90065CDE99D
:1072F00000230B4608490246086819F081FF38B19F
:1073000006484FF4FD7103B0BDE8F040EEF75EBAF9
:1073100003B0F0BD50190020C439002062F403000E
:1073200010B514F03BFF60B114F03AFF0B4A80B186
:1073300041F20D03BDE81040084841F20D01FFF78E
:10734000C3BF074B1A789B789A4204D100220023CE
:10735000F0E70D23EEE7034AF9E700BF400D030015
:1073600033160020488D010038B5294B1B889B0738
:10737000044647D5274B00221868012119F0B0FFB9
:10738000012C254B2DD1197859B30139C9B2197087
:1073900011B92020FFF7DCFD00210220FFF7D8FD06
:1073A0001E4B1F48042200211A7002F057FD1D4C8D
:1073B000206801301AF097F800F44060B0F5006FD3
:1073C00023D1246801210422204600F0AFFF20448D
:1073D0001AF089F80146BDE838400022202017F055
:1073E0003ABF114D002102201970FFF7B1FD2B7833
:1073F000FF2B04D00D484FF4D361EEF7E7F92C7062
:1074000016F05FFB012CD2D038BD4FF6FF71E2E7DA
:10741000A4420020C43900206545002066450020B4
:10742000E8120020B43900202F16002062F4030077
:1074300038B5124C23880546580709D5FFF7A6FD35
:1074400001460720FFF7E6FD00210420FFF780FD3D
:10745000238899070AD50A4B19788A1F514251414E
:107460002846FFF7D7FD0120FFF77EFF23881B0783
:1074700003D5BDE83840FFF78FBE38BDA4420020D9
:10748000664500202DE9F04F570691B0804614461E
:107490001D4605D5FFF77AFD01460120FFF7BAFD2D
:1074A000EE0403D500212D20FFF7B4FDA00223D563
:1074B000404619F0EEFE0146F0B94020FFF748FDC6
:1074C0000AA9404619F0E6FAB0B99DF83030022B0F
:1074D0006DD1BDF828000FF023FEFF2808D14046EB
:1074E00019F0D6FA40B901214020FFF731FD03E041
:1074F0000FF04EFE0028F2D1A10305D5FFF746FD9F
:1075000001460320FFF786FDE20104F0807354D5A5
:10751000AD4B1B889F072FD5AC4E306819F05BFA36
:1075200050BBAB4BAB4F18703B78FF2B04D0AA4835
:1075300040F23E61EEF74AF9002102204FF00009C7
:10754000FFF706FD87F80090A44F3B78062B07D184
:1075500001210820FFF7FCFC49462820FFF75AFDCF
:107560003B78052B06D100212B20FFF753FD306817
:10757000FEF7DCFD16F0A5FA260740F1C180934F17
:1075800005AA3868032119F08AFE064620B99248F8
:107590004FF4D961EEF71AF99DF81430072B49D052
:1075A000FFF7F4FC01460420FFF734FDA8E0032BAD
:1075B000A2D10AA81BF020FF9CE705F002021343AA
:1075C0000BD0864B19788E1F714271412620FFF730
:1075D00021FD0120FFF7C8FECEE704F080531A43D7
:1075E00009D07E4B1978881F414241412620FFF780
:1075F00011FD0220EEE704F088410B4306D0774BE3
:1076000019788A1F514251412720F0E705F00803FD
:107610000B4302D02320FFF7FDFC6B0703D50021AD
:107620002420FFF7F7FCEF07A6D500212520FFF760
:10763000F1FCA1E738680AAA314619F038FE20B1FA
:10764000654840F2CF61EEF7C1F8BDF81610386812
:1076500002310AAA89B219F02CFE20B15E4840F22C
:10766000DE61EEF7B3F8002300933868042304AA20
:10767000314619F042FE042804D0574840F2E46134
:10768000EEF7A4F8DFF8609199F80030002B40F095
:10769000AD800DF1110019F026FF00F0070002285F
:1076A00040F0A480FFF772FC01460920FFF7B2FC0E
:1076B0004A4B1B78062B23D1494B9DF813201B788E
:1076C0009A421DD19DF8353023B9434840F2FA6102
:1076D000EEF77CF80DF1110019F005FFC0F300166C
:1076E00031462920FFF796FC00210820FFF730FCE7
:1076F0003C4B1E70FFF72EFD10B93868FEF716FDE3
:10770000E20505D5FFF742FC01460420FFF782FCA5
:1077100014F4863F05D0FFF739FC01460220FFF73D
:1077200079FCA30111D5FFF731FC01460820FFF7D2
:1077300071FC00210420FFF70BFC284B1B78012B68
:1077400003D1224B1868FEF7F1FC14F0084F09D062
:10775000FFF71CFC01460720FFF75CFC002104201A
:10776000FFF7F6FBA70009D5FFF710FC014606203E
:10777000FFF750FC00210420FFF7EAFBA60705D520
:10778000114B1B881C0701D5FFF706FD680603D5C2
:1077900000210A20FFF73EFC290602D5012019F03E
:1077A0003BFEEA0540F1C180404619F068FC05281F
:1077B00000F2B1800138042800F2B780DFE800F061
:1077C000B2C2B2B2B20000BFA4420020C43900204D
:1077D000654500202F16002062F403006645002056
:1077E000614500202E16002069450020BDF81600D6
:1077F0000830012180B202F0C5F9039000283FF45F
:10780000CFAE02F0F9F80799BDF8182006461CF033
:10781000F5FB089941B1BDF81800BDF81620121A01
:1078200092B230441CF0EAFB99F800A0BAF1000FC4
:1078300020D106F1010B584619F055FE800659D5A6
:10784000386819F026FD0746FFF7A0FB053701460B
:10785000F8B2FFF7DFFB584619F045FE00F00700CD
:1078600003283E4F2DD001210420FFF771FB19F0B2
:10787000F3F8386000223A49BDF816300978F1541F
:10788000F7189DF83630BB709DF83730FB700A9BB7
:10789000FB71190E3971190C7971190A99F80030B8
:1078A000B97123B973789AB343F020037370002041
:1078B00001F0B8FD7870039802F0C0F916F001F9F4
:1078C0001EE701210922304600F030FD305C04281B
:1078D0004FF00101C8D1FFF73BFB19F0BDF8214B78
:1078E00038601B885906C5D551464020FFF730FB4C
:1078F0000122C0E7FFF74AFB01460920FFF78AFB98
:10790000194B1B78012BB5D13868FEF70FFCB1E796
:1079100023F02003CAE7342804D00FD8142801D05C
:10792000242811D12620FFF783FDAB0512D50121B4
:10793000802011B0BDE8F04FFFF70ABB00F0EF0068
:107940004428EEE72720EEE7084840F6E601EDF789
:107950003DFFEAE711B0BDE8F08F00BFB03900206D
:1079600030160020A44200206645002062F4030087
:10797000F8B5164E33780D4602F0010423B11448D1
:1079800040F2B631EDF722FF124B134F1D60134D3D
:10799000A4B1134B997801B101212020FFF7D8FA47
:1079A0002B783B700F4B1C780F4B10481C70042336
:1079B0003370BDE8F840002102F050BA2146202083
:1079C000FFF7C6FA2B783B70EEE700BF6645002054
:1079D00062F40300B4390020634500203216002011
:1079E000B8390020644500206545002008130020B8
:1079F0002DE9F843DFF8A481634C14F0B0F9B8F82E
:107A0000003013F4807F054603D0237873BBFFF763
:107A100023FB00210846FFF7FDFA5C4B1A78FF2A8A
:107A200013D01A7802F0FF0632BBFF221A702378B7
:107A3000052B0AD100232846237014F096F930460E
:107A400019F0DDFC14F08BF905462378504E062B17
:107A500009D13378FF2B06D03378022B15D14D484E
:107A6000002102F0FBF9FF2333702BE000214FF4DB
:107A70008070FFF76DFACCE71A78012A4FF0FF0209
:107A80001A7014BF33264C26D4E7337813B13378F9
:107A9000012B22D1FFF75EFB96F8009007463D4888
:107AA00002F078FAFF235FFA89F9337077B1B9F100
:107AB000010F44D1374884F80090642102F0CEF9D8
:107AC000FFF772FA284614F050F906E028462770AE
:107AD00014F04BF9384619F092FCB8F800301B0648
:107AE00005D500218020FFF733FA15F0F0FF02F0F2
:107AF000B7F8294E308000B32778012F42D101F02A
:107B00007BFF054610B3013019F0EDFC00F4406036
:107B1000B0F5006F1AD104223946284600F006FC61
:107B2000284419F0E0FC4FF6FF7398420ED13188DB
:107B3000002001F09BF900233380BDE8F883002387
:107B40002846237014F011F93F20C4E7114802F0D1
:107B500021FA00210846217001F03AF90125237825
:107B60000BB9FFF779FA3188002001F07FF9002383
:107B70003380002DE1D020780028DED1BDE8F84325
:107B800019F012BE0025EAE7664500202F160020F6
:107B90002E16002008130020A2420020A44200203C
:107BA00008B513460A461946064B186818F064FFD4
:107BB00030B1BDE8084004484FF49C61EDF706BEC3
:107BC00008BD00BFC439002062F4030008B51346A5
:107BD0000A461946064B186818F048FF30B1BDE850
:107BE0000840044840F2E741EDF7F0BD08BD00BF92
:107BF000C439002062F40300024B1878B0FA80F018
:107C00004009704766450020024B1878431E5842D1
:107C1000584170476645002008B5064B1B7823B1D4
:107C200005484FF4A261EDF7D1FDFFF715FA0020EA
:107C300008BD00BF6645002062F4030008B5064B8E
:107C400001EB81011868490018F0A6FE002814BF56
:107C50002120002008BD00BFC439002008B5044B16
:107C60001868F9F731FD0A2390FBF3F040B208BD24
:107C7000C4390020014B1878704700BF311600202E
:107C800008B5044B186819F043FAB0FA80F04009BF
:107C900008BD00BFC439002038B5124D2B78012B28
:107CA0000C4604D9104840F23151EDF78FFD2146C2
:107CB0000020FFF7E5FF90B10C4B1C702B785BB9EF
:107CC000FFF7CAF90A4B93F900100A4BC90118686B
:107CD00019F098FA002038BDFFF766F9F2E7212085
:107CE000F9E700BF6645002062F40300311600206A
:107CF00068450020C439002008B5054B01211868EB
:107D000019F0DEF90028B8BF033040F3870008BD42
:107D1000C439002008B5074B186819F0F3F930B1E1
:107D2000054BB3FBF0F083B20BB1184608BD012040
:107D3000FCE700BFC439002040420F0008B5074BE4
:107D4000186819F0E3F930B1054BB3FBF0F083B2DA
:107D50000BB1184608BD0120FCE700BFC439002064
:107D600040420F002DE9F347534F012015F090F9E1
:107D70003B88990704D4514840F63541EDF726FD7C
:107D8000DFF85C8198F80030053B012B04D94B48A3
:107D900040F63741EDF71AFD494E336823B947489D
:107DA00040F63A41EDF712FD3C8814F020045CD017
:107DB00001212220FFF72EF94FF47A74FFF7BEFF5E
:107DC00033681B780933434304EBC30498F800304D
:107DD000062BA5B20BD1FFF79DFF0446FFF7AEFFC0
:107DE000602358430C2303FB0400284485B2D6F8D3
:107DF0000090344B99F800801C78334E08F1FF381E
:107E00001FFA88F8002C3FD13B885A0532D5737889
:107E1000DFF8C8A026468AF80030CAF8085014F0E7
:107E2000C3F930B114F0BEF9012814BF10230823A0
:107E30001E43264D802349462868424619F02BFAF6
:107E4000234B1978234B19703B889B061FD5CDF81F
:107E500000A0214B28683246FEF77EF910BB0020B7
:107E600002B0BDE8F04715F013B921462220FFF714
:107E7000D1F8A3E709F1010019F035FB10F0200457
:107E80007378C5D00124C3E773780024C0E7134B8F
:107E900028683246FEF752F9014618B92520FFF747
:107EA000B9F8DCE721462620FFF7B4F8034840F68E
:107EB000DD31EDF78BFCD2E7A442002062F4030031
:107EC000B43900206945002033160020C439002051
:107ED0003116002030160020B8390020CC120020C6
:107EE0006645002008B5174B1B889B0704D416482D
:107EF00040F6AD61EDF76AFC144B1B78053B012B96
:107F000004D9114840F6AE61EDF760FC104B1B68D8
:107F100023B90D484FF46B61EDF758FC0D4B0E493A
:107F2000002221201A70FFF775F818B9BDE8084043
:107F3000FFF718BF022803D1BDE80840FFF714BAC5
:107F400008BD00BFA442002062F403006645002083
:107F5000B439002060450020F5800100F8B5594C87
:107F600023889A0704D5584840F2DF21EDF72EFC0C
:107F7000564802F00FF813F0F2FE23885B0705461F
:107F80000BD518F069FD524B1B68C01AB0F5717F14
:107F900003D900210420FEF7DBFF28464D4D13F0E6
:107FA000E4FE2B78042B32D113F0D9FE23885F072F
:107FB000064608D54548002101F050FF3046BDE88F
:107FC000F84013F0D2BE13F0D0FE13F0C8FE424BBF
:107FD000424F1B78064613B9238859050FD5052350
:107FE000012102202B70FEF7B3FFFFF77BFF304625
:107FF00013F0BBFE3B68DA78394B1A70F8BD38686D
:10800000013019F070FA8206E9D50623E8E7062B5D
:108010004DD1344B1B78FF2BF0D1334E14F0C6F802
:108020003378002B3DD013F09AFE23885B0705467A
:1080300005D52648002101F011FF2846BFE713F0BF
:1080400094FE3378013B337013F089FE012104461E
:108050000220FEF77DFFFFF745FF20461F4C13F07F
:1080600084FE2068013019F03EFA00F44060B0F55B
:10807000006F13D1246801210422204600F056F934
:10808000204419F030FA0146184B1A783378D21A86
:10809000D2B2BDE8F840042017F0DDB84FF6FF710A
:1080A000F2E72B704020BDE8F84019F0A8B9012B89
:1080B000A4D100232B700E4B1868FEF737F83F2031
:1080C000F1E700BFA442002062F40300081300207F
:1080D000B03900206645002069450020B4390020F1
:1080E000614500202E160020634500203216002036
:1080F000C439002008B50A4B1A7882B90122102829
:108100001A7004D0074840F6A461EDF75FFB002128
:108110002020FEF71DFFBDE80840FFF723BE08BD85
:108120006045002062F4030038B510200C460121A0
:10813000FEF70EFF064B1D68FFF7ECFD054B00FB3D
:1081400004F10122284618F0A4FF002038BD00BF2A
:10815000C43900209572010008B5094B1B88DB0665
:1081600004D4084840F2A751EDF730FB102000215D
:10817000FEF7EEFE044B1868BDE8084018F097BF04
:10818000A442002062F40300C439002010B5064C5C
:10819000206818F045FCC30704D52068BDE81040EE
:1081A00018F040BC10BD00BFC439002008B5094B11
:1081B00001221868114618F068FF00212C20FEF7F4
:1081C00029FF00210A20FEF725FFBDE8084014F032
:1081D0005EBF00BFC43900200148EDF7F7BA00BF09
:1081E0007CF40300014B4008185C70472A160020FD
:1081F00008B513460A461946064B186818F042FCA3
:1082000030B1BDE80840044840F6DB41EDF7DEBA86
:1082100008BD00BFC439002062F4030008B5044B58
:10822000186818F030FF013818BF012008BD00BFE2
:10823000C4390020054B10B54C0022460146186891
:1082400018F083FB031B5842584110BDC43900206D
:1082500070B5054613F083FD0E4B0F4E1B8835702D
:10826000DA07044608D50D4B0D4D1B78012B08D9B4
:108270000121286819F00BF82046BDE8704013F082
:1082800074BD1BB113F088FFC305F1D4317881F0C0
:108290000101EEE7A44200202916002067450020D6
:1082A000C43900200C4B1B88DB0710B5044611D5E0
:1082B000FFF736F8094B84F001021868D200082154
:1082C00018F032FB30B1BDE81040054840F63C7173
:1082D000EDF77CBA10BD00BFA4420020C4390020D5
:1082E00062F4030008B5044B0146186818F0D5FB8A
:1082F000003818BF012008BDC439002010B50A4C51
:1083000023787BB1FFF752FF00210420FEF720FE07
:1083100000210220FEF71CFE00232370BDE8104060
:10832000FEF79ABE10BD00BF66450020032A134623
:1083300001D919F07FB8014AD05C704786F4030078
:1083400018B1034B196000207047024BFAE700BFD9
:10835000C8390020CC3900202DE9F8431046DFF859
:108360002481174619F0BFF8D8F8003005462BB91C
:10837000424B1B6813B90020BDE8F88315F440692F
:1083800005F040060FD136BBB5F5804F52D24FF401
:108390008074D8F80030002B56D1384B1B68002B66
:1083A000E9D0002262E0F81C19F09DF84FF6FF7347
:1083B000984214BF0124022486B1052605F44043E7
:1083C000B3F5004F44F0080424D0B5F5804F23D214
:1083D00044F4807420E04C460326EFE7B5F5804F67
:1083E0004FF00506F4D3B9F5406F14BF0220082002
:1083F0003044384419F077F8214BB3F85C3005F479
:10840000404583420CBF44F0080444F00404B5F531
:10841000004F01D144F08004B9F5006F0ED1B819B6
:1084200019F061F8164BB3F85E308342B1D144F0D5
:108430001004AEE74C4603260220D9E7B9F5406F99
:1084400008BF44F02004A4E70022D1B233F81100A1
:1084500033F911100029A0DBA04202F10102F4D18E
:10846000012089E7A04202F10102F9D0D1B233F82C
:10847000110033F911100029F4DA7CE7C839002023
:108480006C3A0020CC3900202DE9F04F104685B021
:108490001646984619F027F85D4F00F00803B7F824
:1084A0005C100293044600F00709F01C0391B7F832
:1084B0005EB019F018F806F1050A0546504619F0A5
:1084C00012F803464FF6FF70854218D00399A1EBCE
:1084D000050CDCF1000545EB0C056D004FF6FF7156
:1084E0008B420ED145F0040500F0ECF9029B6BB114
:1084F000B9F1000F11D0422005B0BDE8F08F012581
:10850000ECE79B4508BF45F00805EDE7B9F1030F1F
:10851000F1D8DFE809F0021B795D00F0D3F908B962
:10852000A807E8D524F00804A4B2B4F5004F05D09C
:10853000B4F5624F02D0B4F5404FDCD1002597F876
:10854000A8202946002019F0F5F83CE0D7F8803043
:10855000E3B9002132460846FFF7FEFED8B924F001
:1085600038039BB248F641029342C4D10A2D49D048
:10857000062DC0D197F87730023B012BBBD8FFF70F
:1085800043FB0028B7D140F6040505E041463046DC
:1085900098470028DDD00825E20648BF45F0800551
:1085A000A30648BF45F4805505F00C03042BC6D143
:1085B000F01D18F098FF97F8A830009332462B462C
:1085C000414619F08CF808B30E9B1880002093E701
:1085D000A90705D1B7F85C204FF6FF739A428AD1FC
:1085E00004F44063B3F5006F0AD0B3F5406F82D155
:1085F0000849082250461BF0B1FC00287FF47BAFED
:108600000C25C9E70425C7E7432075E7192073E760
:108610006C3A0020CC3A0020074A08490023136036
:10862000074A1360074A1360074A1160074A01218D
:108630001170074A13607047DC3900208F17030060
:10864000D8390020D4390020281300203616002005
:10865000E43900200E2A70B50C4606461546194628
:1086600003D9FFF7D9FF502070BD012807D10020A2
:10867000FFF7E4FAF8B1FFF7CFFF2120F4E7284B2A
:108680004FF4FE421A80274B7F221A70264B80221D
:108690001A70264B00211980254B1960254B1B6849
:1086A0004BB1342001F06EFA234B188018B9FFF754
:1086B000B3FF0120D8E724F0FF6323F4FF231BB1AD
:1086C000FFF7AAFF4F20CFE77CB92046FFF7D2FA89
:1086D00010F0800F43B24FF001041BBF00F01F03E6
:1086E0009C409C4044F078440325144B14491E7070
:1086F000144B1D70144B24F078441C60134B002065
:108700001870134B1A6800F0E3FA18B1FFF784FFF2
:108710000420A9E70F4B9DF810201A70A4E700BFB2
:10872000A84200206B4500206A450020A642002098
:10873000E0390020D4390020AA42002070450020F2
:10874000418B01006E450020E43900206F45002078
:10875000DC3900206C4500207FB5244B24481A7872
:1087600024490078012303FA02F21A4400250A6022
:10877000ADF80E5020B3984236D11F4C1F4B2078D5
:108780001B681F4E0DF10E019847BDF80E2030708A
:1087900092B11C4B0093019502232946284600F014
:1087A000D1FA3278237822B1012A06BF0133DBB235
:1087B0001B23237004B070BD013818BF0120F0E7FF
:1087C00078235A43013A0A600F49082200F086FCD8
:1087D0000B49094A0978137821B1012906BF0133F1
:1087E000DBB21B231370E5E71846E3E76E45002074
:1087F00070450020E83900206F4500202813002034
:10880000361600207D8B01000D88010010B5244B29
:10881000244C1878002834D1FFF76EFA224A1368E6
:1088200001331360214A92F900108142B8BF1070E1
:108830001F4A92F900108142C8BF1070012B1D49D8
:108840000DD10002088023680BBB1B4819F0DAF930
:10885000014620BBBDE81040174801F0FFBAB1F94E
:108860000020A2EB221303EB00131BB20B80134971
:10887000A0EB2323A0EB22200A8813FB00230B800C
:10888000E1E72368002BE0D04FF4707200E008228B
:108890000B49002000F022FC2368013B236010BD3F
:1088A00070450020E8390020E03900206A450020AA
:1088B0006B450020A84200202C130020A642002077
:1088C0000D880100054B1B682BB9054B1868003853
:1088D00018BF012070470120704700BFD839002021
:1088E000D439002037B505461C46FFF7EBFF68B9C1
:1088F00074B1084B1A60084B1C60012300930A46B0
:1089000003232946FFF7A6FE03B030BD4D20FBE749
:108910002520F9E7D0390020D839002013B50446C6
:10892000FFF7D0FF58B962B1074B1A6001230093DB
:108930000A4603232146FFF78DFE02B010BD4D20ED
:10894000FBE72520F9E700BFD43900202DE9F041ED
:108950000446DDE906869DF820701D46FFF7B2FF4C
:1089600088B99EB1A2B10B4B1A600B4BC3F80080C3
:108970000A4B0A461E60214606972B460120BDE899
:10898000F041FFF767BE4D20BDE8F0812520FBE7F1
:108990002120F9E728130020DC390020D8390020F5
:1089A000014800F04FBE00BFAA4200202DE9F0416F
:1089B0000020FFF7A3FC0F4B0F4C1E680F4B2088C5
:1089C0001D680F4B0F4FD3F8008010B1397801F0BC
:1089D0004BF800203870FFF71FFE00F033FC0EB19B
:1089E0004046B0471DB12088A84700232380BDE83A
:1089F000F08100BFD8390020AA420020D4390020DD
:108A0000E4390020714500202DE9F0473D4801F090
:108A1000C1FA3D4B1C78002C42D13C4F2046FFF759
:108A200029F93B680546002B3AD0394EDFF804A1FE
:108A3000DFF80481DFF80491012B1EBF348803F1B5
:108A4000FF33B4FBF3F4334B34801C6834B19AF930
:108A5000013098F9002099F90010A0472E4B1B68AF
:108A60008BB12E4C2378312B0DD82D4B188800F06C
:108A7000C3FF23785A1C227098F80020C254237830
:108A80005A1C2270C5544FF4FE43AAF800307F23CD
:108A900089F80030802388F80030002333803B6061
:108AA000204C23781A2B23D81F4A1278012A09D187
:108AB0001E4A1568002125FA03F0C007DAB20FD567
:108AC00001B122700020FFF7D5F82178884213D138
:108AD000174B00221A70FFF73FFE48B9BDE8F08738
:108AE0000133D8B21A284FF00101E4D90A442270A8
:108AF000BDE8F047FFF75ABF0020FFF7CDF8002888
:108B0000E6D0F5E72C13002070450020E039002066
:108B1000A6420020D0390020D43900207145002021
:108B2000AA4200206F45002036160020E4390020BC
:108B30006D450020A84200206A4500206B450020BA
:108B400008B50B4B187880B90221FFF765F8094B7F
:108B50001B782BB100214FF6FF720846FFF736F85D
:108B6000BDE808400448FFF74FBF00210846ECE786
:108B7000704500206C4500202C13002038B5144BA4
:108B80001D78012D0C4621D181B90846FFF772F8F6
:108B9000104A1149136805FA00F023EA0003136034
:108BA00020462A46BDE8384000F098BA0B4A1378B0
:108BB0000133DBB2022B137004D9BDE838400848FA
:108BC000FFF722BFFFF7C8FD0028F6D138BD00BF70
:108BD00070450020E43900200D8801006D4500201B
:108BE0002C13002038B50948094D00F02BFD002456
:108BF00095F84430E0B2834200D838BD05EBC000A0
:108C0000043000F01FFD0134F2E700BF0C3B0020F0
:108C10006C3A002008B50349104648221BF0EEF9D3
:108C2000002008BDC43A002008B5054818F0EAFF46
:108C3000014620B9BDE80840014801F00FB908BD60
:108C40004C13002038B51C4B00221A701C461546E8
:108C50000132082A5D609D8043F8085FF8D1482200
:108C6000002116481BF0A4F94FF6FE73A4F86830F3
:108C70007F226FF4803300211148E3651BF098F9DF
:108C8000104B84F84450C4E92835C4E9125584F8DF
:108C90005050656584F8A850ECF7F2FE0A4B187046
:108CA0000A4BFF22012100201A70E7F789FD0020FE
:108CB000FFF7BAFF002038BD6C3A0020C43A00200C
:108CC000EC3900200000FFFF72450020C64500205F
:108CD000094B10B5AC2404FB0030836C53B990F8F9
:108CE00050403CB931B1C0E912122046FFF79CFF59
:108CF000204610BD2120FCE76C3A002070B5AC2363
:108D00000A4E03FB00F5731993F850405CB92046F6
:108D100010F0CCFA735D204643F002037355FFF761
:108D200083FF204670BD0120FCE700BF6C3A0020A5
:108D3000AC23034A5843135C23F0030313547047D6
:108D40006C3A002070B516461F4A12780446C2BB22
:108D50001E4DAC2101FB00518A6C92BB91F8502052
:108D60003AB1022B2DD191F84410072907D91C20C4
:108D700026E091F844100729F9D8012B08D0AC203F
:108D800000FB0450CA00011D0C301BF0F7F8002155
:108D9000AC2303FB04F000EBC10129449DF814301F
:108DA000CB71049B8B602B18002493F844208E8099
:108DB000013220468C7183F84420FFF735FF2046AE
:108DC00070BD0120FCE700BF694500206C3A00201F
:108DD000F8B5234B1B7804460F46002B3ED1214D9E
:108DE000AC2303FB0053B3F8A03023B91E4840F274
:108DF0003631ECF7EBFCAC2202FB0452D2F8A46053
:108E000036B192F8A330B2F8A02039460020B0471E
:108E1000AC236343EA180021A2F8A010C2F8A41002
:108E200092F8A820482101FB02322A44D2F8982067
:108E3000964213D0EB5C9B070CD5AC2262432046D4
:108E4000AB5C23F0020343F00103AB54BDE8F840F0
:108E5000FFF7EABE10F04CFA0028EED1F8BD00BFD3
:108E6000694500206C3A0020CFF503002DE9F04F52
:108E70008BB00D460790084600F0BEFD044618B9B9
:108E800021200BB0BDE8F08F284600F0D1FDC0B224
:108E900008382218215C92F802B092F803A05268B8
:108EA000069200222678B4F80130ADF82620434A15
:108EB000059192F80090B9F1000F09D0404B1B6862
:108EC00023B14FFA8BF25146204698470020D8E74D
:108ED00003F00703022B6ED00134092249462046D5
:108EE000FFF724FA023EF6B2331ADAB21B0607463F
:108EF0000392C5D4DFF8CC80D8F890302BBB00218A
:108F00000DF12609039BCDF8009022460846FFF795
:108F1000BBFAC3B20546002B48D1BDF8260018F0B5
:108F20002FFBC8B9BDF8260018F026FC0490BDF848
:108F3000260018F025FBD8B90123324621464846C1
:108F400000F0A6FEC8B119209BE74A460121284639
:108F500098470028D3D193E7D8F89430BDF826007D
:108F6000002BDFD0E11998470028DBD1022088E7E9
:108F7000039A0498E1191BF041F8BDF8260000F0AF
:108F80003BFD059B8372069B079A80F808A01BBADD
:108F9000C360AC2303FB028380F809B093F8502030
:108FA000BDF8260022B1DB6C03B19847E8B268E750
:108FB000D8F87830F8E7012063E700BF6945002062
:108FC000AC3900206C3A002070B50A4CAC2303FB8E
:108FD000004305465E6D26B9074840F2F731ECF7CD
:108FE000F5FBAC2303FB0544002363653346BDE872
:108FF000704018476C3A0020CFF503002DE9F84384
:1090000008460F46164602F1010918F0BAFB8046E1
:10901000384618F0AEFA042856D1384618F0CDFA82
:109020002C4C4FF6FF7248F6410348F6610590421A
:1090300008BF1D46B4F85C10301D18F056FA3846CB
:1090400018F0BBFA0146B01D18F04FFAB4F85E10E4
:1090500006F1080018F049FA06F10A0438460DF046
:1090600059FE10B145F01005ADB22946484618F03A
:109070003CFA384618F080FB4246014620461AF07A
:10908000BDFF3846012100F041FD4444074660B170
:1090900000F0CEFC0546384600F0AEFCEDB20146CD
:1090A0002A4620461AF0AAFF2C440B4A1378F37084
:1090B000A41B591C01341170347030460922BDE8DC
:1090C000F8430121FFF732B9484618F00CFA4C4634
:1090D0000546C3E76C3A002072450020084B10B4E7
:1090E0000C461146AC2202FB0033586D20B95C657A
:1090F0005DF8044BFFF718B802205DF8044B704789
:109100006C3A002010B50B4BAC2250431A1848247F
:1091100092F8A81004FB0100034493F8770002289A
:1091200006D092F850301BB9032818BF012010BD9B
:109130000020FCE76C3A002070B508B1012070BD3A
:10914000234C94F8A850002DF8D1B4F85C2029469F
:10915000FEF73CFDB4F85E2029462846FEF720FDC8
:1091600004F1600229462846FFF742F894F8773068
:10917000002BE3D0284694F85860FEF77BFD86422A
:1091800015D1002094F95A50FEF768FD854216D19A
:109190000020FFF7B7FF04460020FEF72DFD002852
:1091A000CDD021460020BDE87040FEF735BD94F8D3
:1091B00058102846FEF770FD0028E2D0BFE794F96A
:1091C0005A100020FEF73AFD0028E1D0B7E700BFB3
:1091D0006C3A002010B51446174A0346AC2000FB39
:1091E000032292F8770002280CD1E07F022809D1EF
:1091F00041B112490978012913D992F858102278FF
:1092000091420ED121781846FEF73AFD90B10C48F4
:10921000482221461AF0F2FE0020FEF7EDFC08B9C4
:10922000002010BD044B93F8A8000028F8D1FFF7E8
:1092300083FFF5E72120F4E76C3A002004160020B4
:10924000C43A002008B5094BAC2202FB00330020D1
:109250005A6DD86483F8500012B15865FEF77CFF50
:109260000020FFF769FF002008BD00BF6C3A002016
:109270007FB51C4C94F8A83023B1002084F8A800D6
:10928000FFF75AFFB4F8A05094F85A308DF80F3019
:1092900025B9154840F2ED21ECF798FA134A294612
:1092A0000020FFF7ABFEE66F104C02469EB10DF1B9
:1092B0000F0301930023009321462846B04702463E
:1092C000247854B920462146FFF782FD2046FFF757
:1092D000ABFC04B070BD0122F2E704490020FEF7A8
:1092E00047FBF6E76C3A0020CFF50300EC3900208D
:1092F00038B5494B1C78002C58D1484800F04AFE3C
:109300002046FEF779FC002850D0454C2378D90739
:1093100033D594F850201AB123F00303237045E0AD
:1093200023F0010323700FF0CBFF23789A07054643
:1093300001D50FF0BBFF294600200FF0B7FE40B962
:10934000237843F0010323702846BDE838400FF02E
:10935000ADBF002384F8A33094F8A83084F8A2505D
:10936000482202FB0343A4F8A000D3F89830C4F8C5
:10937000A430BDE83840FFF77BBF94F84400B0B19B
:10938000251D95E8030004F1A00383E80300FFF71F
:109390006FFF94F8442004F10C01D20028461AF023
:1093A000EDFD94F84430013B84F8443038BDA26CA4
:1093B00062B99B0711D5237823F0020343F0010320
:1093C0002370BDE838400020FFF72EBC012384F84D
:1093D0005030A064904723789EE70FF089FF002863
:1093E000E9D194F8A83073B1F5F78EFE94F85030B7
:1093F000002BDBD1FF2818BF84F8A800BDE8384057
:109400000020FFF799BED4F88C30002BECD09847A1
:109410000028CBD1E8E700BF694500204C130020AD
:109420006C3A0020034BAC2202FB003393F8A800F7
:10943000704700BF6C3A002070B504460020FEF76C
:10944000DBFB0C4EAC235C43351995F850300BB167
:10945000002070BD0028FBD0074818F0D3FB00287F
:10946000F6D1335D002BF3D195F84400B0FA80F0CB
:109470004009EEE76C3A00204C13002028B1034B62
:109480001B68C01A4010013080B27047283B002092
:1094900030B1044B00F100401B68013803EB400081
:1094A000704700BF283B002010B5034618F084F930
:1094B000074A03EB400314684FF6FF729C421846BC
:1094C00004D90188914203F10203F7D010BD00BF17
:1094D000203B00202DE9F047204F3B880546A3B3F1
:1094E000B0F90230002B30DBDFF87C801C49D8F863
:1094F00000001AF079FD20B91A4840F2CD11ECF7BE
:1095000065F9DFF860A0DFF8649000263A88B3B20E
:109510009A4204D840F2CF115046ECF757F9D9F8E7
:109520000030D8F80010B2B203EBC20453F8320096
:1095300068B943F83210A3880133A380284618F095
:109540003BF9E38803EB4003E380BDE8F0871AF0C2
:109550004BFD01360028D9D1EDE700BFAC42002019
:109560008AF4030094F403006C1300201C3B0020D9
:1095700038B5094C094D22682B689A4204D908482D
:109580004FF48371ECF722F928682368C01A20F0A1
:10959000010080B238BD00BF203B0020243B0020EA
:1095A00094F4030008B50B4B0B4A1A600B4B0C49A3
:1095B0001B6823F0010313440B600A4B1A60FFF78A
:1095C000D7FF642805D8BDE808400748F021ECF72C
:1095D000FDB808BD283B0020E82A00206CD5030018
:1095E000243B0020203B002094F4030038B5094CB4
:1095F000094D22682B689A4204D308484FF48671BB
:10960000ECF7E4F828682368C01A20F0010080B263
:1096100038BD00BF283B0020243B002094F4030009
:10962000064B1B68834206D8054B1B68834294BFD8
:109630000020012070470020704700BF283B002019
:10964000203B00202DE9F0411D4B1B78012B0446E7
:1096500024D10088FFF71CFF0546D8B1DFF86480ED
:1096600004262C4612F07BFB07462046FFF732FF0C
:10967000638843EA08036380A05BFFF709FF0446A1
:10968000384612F072FB1CB1B4F90230002BE9DA53
:10969000062E01D1BDE8F0810626E2E7022BF9D1C2
:1096A00012F05DFB02462088FFF7F2FE18B1038836
:1096B000C3F30E032380BDE8F041104612F055BB02
:1096C000734500200080FFFF2DE9F04FBA4BDFF813
:1096D000FC82BA4F97B0002406461C8012F03FFB74
:1096E00001233B70B8F80030ADF81630B44BA8F841
:1096F00000401B68019312F038FBB24B1A88B24B42
:10970000D200186821461AF053FC0DF11600FFF73D
:1097100099FF002E3CD1DFF8B892D9F800404FF005
:10972000000B0125019B9C4239D3BBF1000F39D1BD
:10973000002DF2D0D9F80040DFF898A22546224645
:10974000019B9A4273D302230DF116003B70FFF781
:1097500079FF002E40F08F80D9F800603246AA428F
:1097600080F0A2809088FFF793FE18B10388C3F3BE
:109770000E039380D088FFF78BFE18B10388C3F3E4
:109780000E03D3801046FFF78FFE0246E7E79847A7
:10979000E3B2013456F82330002BF8D1BBE7BBF11C
:1097A000000F3ED00BF1FF335FFA83FB16AB03EBE8
:1097B0008B0252F8402CB2F9020051880028B1DA2D
:1097C0004B04AFD4924641F48040931D2AF8020F17
:1097D00002933AF8020FFFF75BFEF0B1B0F902E036
:1097E000B0F802C0BEF1000F17DB6FEA4C4C6FEA15
:1097F0005C4CA0F802C00390FFF76CFEBBF10F0FAA
:109800009FBF16AB03EB8B00039A40F8402C9ABF26
:109810000BF101035FFA83FB0025029B9A45D8D127
:1098200080E72046FFF740FE22460446C3E7104685
:1098300017F0C2FF8346B2F90200118800280AEA35
:10984000010108DA2046FFF719FE084381B204EB54
:109850004B0402EB4B0511801046FFF725FE024634
:109860006EE798475FFA8AF30AF1010A56F8233047
:10987000002BF6D170E74FF0000AF3E73046FFF710
:1098800013FE82467EB1B6F902307188002B0ADAE7
:109890003088C0F30E00FFF7FBFD864203462DD152
:1098A000C1F30D0171805646AE42E7D3DFF81CA12B
:1098B00012F055FA00210646504618F01EF8FFF740
:1098C000E7FD0546002800F08780304612F04DFA8B
:1098D000284617F071FF06462046FFF7CFFD7600B9
:1098E00081463246294620461AF048FB0022494666
:1098F0000DF1160017F095FF3444D9E71BD9304617
:1099000017F05AFFC1F30D014200718092B2314647
:1099100018461AF033FBC6E75046FFF7C5FDD1469F
:10992000854203D9B0F90230002B01DA824603E008
:10993000FFF7BAFDF4E7B146554507D9BAF800007C
:10994000C0F30E00FFF7A4FD8245E5D3B9F1000F87
:1099500030D0B9F80000C0F30E00FFF799FD0346C0
:1099600038B93346CB46994513D8B1459BD0D94633
:10997000ECE7484617F020FFB9F80220C2F30D02C9
:10998000A9F80220420092B2494618461AF0F6FAA7
:10999000E7E718460193FFF787FD019B9B46854249
:1099A00003D9B0F90230002B01DA0346DBE7FFF7F9
:1099B0007BFDF4E7CB46DAE7AE420020734500209A
:1099C000203B0020AC4200201C3B0020B042002085
:1099D000283B00200080FFFFBDF81630A8F80030BB
:1099E000044B387030461C6012F0BFF917B0BDE868
:1099F000F08F00BF203B002010B5044608B90020BE
:109A000010BD17F0EAFE20B9084840F2C441EBF758
:109A1000DDFE2046FFF73CFD0028F0D00388DB0B7D
:109A200014BFD0F80A000830EAE700BF94F403003E
:109A300010B508B9002010BDFFF72AFD044617F045
:109A4000C3FE20B9074840F2DE41EBF7BFFE002C11
:109A5000F0D02388DB0B0ABF60882089C0F30C009C
:109A6000E9E700BF94F403002DE9F0410546FFF754
:109A70000FFD0F460446D8B117F0A6FE20B92148C5
:109A800040F2F141EBF7A2FE2846FFF7D1FF054671
:109A90002046FFF709FDBD42064609D004D8194803
:109AA00040F2F941EBF792FE2588ED0B02D02781B9
:109AB000BDE8F0816780204617F07EFE074604EB84
:109AC000400812F04CF9104B1A68B2420AD1C3F8A0
:109AD000008012F04AF92A464046FF21BDE8F041D5
:109AE0001AF066BAA6EB0806B5B212F03EF9072DD9
:109AF000F1D90023083D44F81730C8F80430A8F81D
:109B00000250D5E794F40300203B002038B5FFF75E
:109B1000BFFC0D46044650B117F056FE20B904486C
:109B200040F23651EBF752FE023534F8150038BDDD
:109B300094F4030070B5FFF7ABFC0C4616460546DF
:109B4000B0B117F041FE20B90D4840F24151EBF79A
:109B50003DFE3046FFF79CFC17F036FE20B9084862
:109B600040F24251EBF732FE023425F8146070BD2A
:109B7000BDE87040024840F24651EBF727BE00BFF7
:109B800094F403002DE9F843C41CA408274B640097
:109B90000434B0F5005F1E6881460F46A4B204D3BA
:109BA000234840F27251EBF711FE12F0D8F8214928
:109BB0000B6880467BB9204B1D68761BC6F34F06A9
:109BC000B44223D90025404612F0CFF82846BDE81C
:109BD000F843FFF753BC7FB1174A15685A1BC2F30D
:109BE0004F029442EED81448620005EB440404602E
:109BF0007FB913440B600CE0F61AC6F34F067EB92A
:109C00000B4840F28351EBF7E1FDDBE705EB440441
:109C10001C600023A5F80290AB80EB802B80D2E77C
:109C2000B442CFD8044A1568DDE700BF243B0020CA
:109C300094F40300183B0020203B002038B5054673
:109C400012F08DF8294604460022044817F0E9FD79
:109C50002046BDE8384012F088B800BFB04200206E
:109C600038B512F07CF800210546044817F045FE8F
:109C70000446284612F079F8204638BDB04200204C
:109C8000024B1888B0FA80F040097047B0420020BB
:109C90002DE9F74F044600881F46FFF7F9FB884679
:109CA0001546064617F090FD20B9404840F2DA61AB
:109CB000EBF78CFD3388DB0B009306D033892B4404
:109CC0003381002003B0BDE8F08F2088DFF8E0B0DA
:109CD000FFF7AEFE82463046FFF7E6FB019012F03A
:109CE0003EF8DBF80020019B9A4281461DD1FFF728
:109CF0003FFC854204D9484612F037F81A20E1E7C4
:109D000005EB0A0373803FB12088FFF775FE2A46F2
:109D1000414650441AF072F93046FFF7C5FBCBF8C4
:109D20000000484612F021F8CBE712F01EF8208818
:109D3000FFF77EFE2844009980B2FFF723FF064616
:109D40000028DBD0FFF758FE81462088FFF754FE3D
:109D500082462088FFF76CFE5146024648461AF0BC
:109D60004DF93046AFB1FFF747FE07462088FFF7B1
:109D70005FFE2A46414638441AF040F90121208806
:109D8000FFF7C4FE012102463046FFF7D3FE2680CE
:109D900097E7FFF731FE80462088FFF749FE2A4605
:109DA000394640441AF004F9E8E700BF94F4030090
:109DB000203B002038B50C460546FFF739FE8442AB
:109DC00003D304482D21EBF701FD2846FFF714FECD
:109DD000204438BDA8F4030070B506460D46FFF7D1
:109DE0000BFE044648B13046FFF722FE854203D3FE
:109DF00002483521EBF7EAFC605D70BDA8F4030072
:109E000070B50C4606461546FFF712FE844203D392
:109E100004483F21EBF7DAFC3046FFF7EDFD00B1D7
:109E2000055570BDA8F4030001483321EBF7CEBC03
:109E3000BFF40300036910B55BB18268064B9A4218
:109E400001D1002010BD446913F00CF9201AF9D596
:109E5000F7E74FF0FF30F5E7299E010082684B4B92
:109E60009A422DE9F041056804460E4615D121B10C
:109E7000474840F20F11EBF7A9FC11F070FF23697E
:109E80001BB92B682BB924612C60BDE8F04111F09F
:109E90006CBF1A6922611C61F6E713F0E3F8804693
:109EA000E8F77EFB20B13A484FF49371EBF78EFC54
:109EB0006FF000439E4221694BD22B7B08EB0602D8
:109EC000002B4DD0AB6893424AD1531C002949D096
:109ED0006169994242D01EB9521AB2F1004F3DD980
:109EE000636123696E689C4203D129489A21EBF78C
:109EF0006DFC2F460023B4420BD0002B41D1726978
:109F00006169891AB1F1004F32D8326994423746FB
:109F10002CD12269BD420CBF6A603A617BB92669C7
:109F2000B44203D11A48B521EBF750FC3B46012E51
:109F300005D062697169521AB2F1004F23D99D426E
:109F40000BBF6B681A69236122610CBF6C601C61D6
:109F500004E0434431B162699342C1D1BDE8F0816C
:109F60001346B3E76A6822616C60B9E71646C6E734
:109F7000A8EB0202B2F1004FC7D93B46374636691B
:109F8000B9E71F46F9E733463669D0E7299E010055
:109F9000BFF4030082681C4B9A4270B50568044602
:109FA00019D111F0DCFE236923B1A34206D10022AE
:109FB0002A601A61BDE8704011F0D7BE1A461146FA
:109FC0001269A242FBD12A68A24208BF29600B6134
:109FD00000232361EEE7036993B198426E6803D1D1
:109FE0000A489A21EBF7F2FB2B46B44209D12269C9
:109FF0009D4218BF1A614FF0000308BF6A602361D9
:10A0000070BD33463669F0E7299E0100BFF40300B6
:10A010002DE9F043174FDFF860808BB0064600252E
:10A02000BC7814B90BB0BDE8F083B7F800908EB9D6
:10A030000096B8F8001023462A4603A817F021FD21
:10A04000234603AA3146484613F045F82544EDB2AD
:10A050000437E5E72346494603A8002213F032F807
:10A0600001230093B8F8001023462A4603A817F0EE
:10A0700008FDEBE7CEF40300B24200200148FFF7F1
:10A08000E1BA00BFB2420020F7B51546174A0446B0
:10A090000846118811B1164A1278CAB1D4B100220B
:10A0A000294603B0BDE8F04013F00CB83A44D2B2F0
:10A0B0000436B778002FF1D0B6F800C0AC45F5D122
:10A0C00084F0010400943B4617F0DBFC03B0F0BDC4
:10A0D000084EEEE702462146284612F0FCFF2846CD
:10A0E00003B0BDE8F04013F0E2BB00BFB242002075
:10A0F00037160020CEF4030010B5074C238843B177
:10A100000020FFF785FF054B0020FF2220801A70FA
:10A1100010BD7020FCE700BFB242002037160020BF
:10A12000142810B518D8082805D115F002F9C40173
:10A13000E4B2204610BD0E2802D115F0FDF8F6E776
:10A14000064B53F82040002CF3D00A282478F0D195
:10A1500007F026F90443EBE7FF24EAE7F8F40300ED
:10A16000064A082312F8011B814205D0013B13F077
:10A17000FF03F7D1184670470120704755F50300DB
:10A18000064A082312F8011B814205D0013B13F057
:10A19000FF03F7D118467047012070474DF50300C3
:10A1A000014BB3F8680070476C3A002000487047D4
:10A1B000D63A0020014B1878704700BFF7440020C2
:10A1C000014B1878704700BFFA440020014B18700B
:10A1D000704700BFFA4400201F4B022810B51F4CE7
:10A1E000187002D00438012820D82378042B0BD013
:10A1F0001B480021FFF732FE2378033B012B03D9D4
:10A2000018480021FFF72AFE174B1B689A0020D53B
:10A2100013F0805F0CBFBF24BC24204615F018FD4E
:10A22000C8B92046BDE8104013F056BA0C48FFF7F5
:10A23000B1FE0C48FFF7AEFE17F076FE2378033B25
:10A24000012B03D815F0FEFC9124E6E70DF044FD48
:10A25000FAE79024E1E710BDFE440020FF4400200F
:10A260007013002010360020A4360020024B18780E
:10A2700000F00F00704700BFFE440020034B187829
:10A2800000F00F00831E584258417047FE440020E2
:10A2900008B517F034FEA8B117F04AFE90B10A488D
:10A2A00017F0B4FA70B1094817F0B0FA50B115F0D0
:10A2B00048F838B115F0CEFC20B9BDE80840044894
:10A2C00017F0A5BC002008BDB4420020FA420020CF
:10A2D0002C3B002030B5182293B00021044619F021
:10A2E00067FEFFF7CBFF20B9114B1B78033B022B16
:10A2F0001CD800216A460846FEF78CFCBDF80430E5
:10A3000023819DF80230A3729DF80030E37220464D
:10A31000002517F0E9FF257304F1140104F1100082
:10A3200018F076F8E081284613B030BD9320FBE7A3
:10A33000FE44002030B593B005460C46FFF79EFF63
:10A3400020B90B4B1B78033B022B0ED86A46002129
:10A350002846FEF75FFC9DF80230237000209DF830
:10A3600000306070A37013B030BD9320FBE700BFD6
:10A37000FE440020054B1878012805D000F0FD00B0
:10A38000A0F1310358425841704700BFFE440020FD
:10A3900010B5FFF707F912F080FE1020FFF7C0FE9E
:10A3A00004060DD50020FFF7BBFE000608D5284B9C
:10A3B000D3F8EC2012F0020F12D1B024204610BDC9
:10A3C0001020FFF7ADFE01060ED40020FFF7A8FE17
:10A3D000020609D51E4BD3F8EC2012F0010FEBE773
:10A3E000D3F8E8309B07E8D51A4816F076FE01202E
:10A3F00017F01CF8EBF760FB04460028DED100F0F4
:10A4000053F9154817F0D8FB00F074F9EAF73AFF52
:10A4100012F040FE0AF072FB0AF0C4FBF4F784FE6F
:10A42000F4F70CFEF4F726FE04F0A0FC14F083FF12
:10A4300014F084FF15F011FC08480CF023FB07F022
:10A4400067FD15F0CBFB0028B8D015F0C9FBB5E7C8
:10A450000081E00F690345EC2C3B0020F5930200DE
:10A4600010B517F05EFD70B301F0DEFB80F0010463
:10A47000E4B20020FDF7D2FE44EA800424B217F0D3
:10A480003EFD10BB02200443164817F0BBFB44EA14
:10A490004014154817F0B6FB24B244EA00141348E0
:10A4A00017F0B0FB24B244EA8014114817F0AAFB5D
:10A4B00024B244EA40240F4817F0A4FB24B244EA33
:10A4C000C02080B210BD0124D3E70B4817F09EF9DD
:10A4D0000028D7D0094817F099F980F00100C0B2E0
:10A4E0004000D0E7B013002094140020A8360020CC
:10A4F0001414002074140020B4420020FA420020FA
:10A5000008B501F069F90EF0BDF8FDF771FA1548CC
:10A5100017F07CF908B906F015F9134817F076F929
:10A5200008B907F0DFFC03F051FC0CF05DFC0F48AC
:10A5300017F079FB0E4B1B78043B022B09D80D4812
:10A5400017F060FB28B1FFF78BFF102801D109F04D
:10A550006FF814F0F8FE17F0ECFBBDE80840064871
:10A56000FFF7B2B8B4420020FA4200202C3B002092
:10A57000FF4400209414002068F50300014B186884
:10A58000704700BFC439002038B50C4B1B78033B23
:10A59000012B044604D82046BDE838400AF082BBAF
:10A5A0000CF06CFD4FF6FF739842054604D120462F
:10A5B00000F02AFDA842EED038BD00BFFF440020C5
:10A5C00070B54FF6F773984286B004460D465AD8D8
:10A5D00017F0B0FBA04207D12C490822284619F0F9
:10A5E000CDFC002006B070BD294EB6F86830A342FD
:10A5F0000AD10022082106F16A0017F049FB18B9B8
:10A60000082206F16A01E9E7ACB1224B1B78033B53
:10A61000012B1AD8002300930122194620460AF084
:10A62000CFF9FF2823D1294620460AF08FFB80F07E
:10A630000100C0B2D6E7184B1B689B07E5D428463B
:10A6400008F0C6F80028E0D0CBE7204600F096FFDF
:10A65000FF2806D1294620460FF070F80028D9D1EE
:10A66000BFE7294600F0ACFF0028F3D0B9E702A904
:10A6700018F091FD0028D6D1DDF80D302B60DDF803
:10A6800011306B60ADE70120ACE700BF74450020DE
:10A690006C3A0020FF440020A4360020014B1870C3
:10A6A000704700BF0B16002010B50649064C0988FC
:10A6B000204608237F2212F012FD204617F074FB7B
:10A6C00010BD00BF909D03007445002013B51346D4
:10A6D0000C461AB1022A0CBF134601230021044A7A
:10A6E000009201912246FEF72DFB02B010BD00BF83
:10A6F000B51F030000B5002093B0FEF7A3FA1D4B71
:10A7000018880CF0C5F91C490020FDF719FE342209
:10A710000021684619F04CFC0B238DF800306FF4D3
:10A72000803301934FF6FE73ADF8103003238DF89C
:10A730001D30124B0893124B0993124B0D93124B81
:10A74000124A0E93124B0F93124B106851681093DC
:10A75000114B119302AB03C300216A460846FEF772
:10A7600039FD6A4601210020FEF734FD13B05DF883
:10A7700004FB00BFA215002070D5030055AC0100FA
:10A78000AB1D030095E40100FDAD01007445002000
:10A790006DFB0100B51F0300FDDE010070B504462E
:10A7A00016F0A1FE0422002106462046FDF7BEFD5C
:10A7B000204416F098FE0322054600212046FDF7AE
:10A7C000B5FD204416F08FFE0540ADB24FF6FF7385
:10A7D0009D4213D1F30711D5062200212046FDF733
:10A7E000A5FD204416F07FFE074B1B88834214BF53
:10A7F00002200620054B1B78184070BD204613F040
:10A800004DF9C000C0B2F5E7B61500207C45002028
:10A810002DE9F84FDFF83C91804608460F4616F0C8
:10A8200062FED9F80030054643B9484B1B682BB986
:10A83000474B1B6813B9FF20BDE8F88F15F4406A39
:10A8400005F0400610D13EBBB5F5804F53D24FF412
:10A8500080740023002B58D13C4A12688025002ABE
:10A8600069D0002108465FE0F81C16F03CFE4FF668
:10A87000FF73984214BF0124022486B1052605F413
:10A880004043B3F5004F44F0080424D0B5F5804FA1
:10A8900023D244F4807420E054460326EFE7B5F554
:10A8A000804F4FF00506F4D3BAF5406F14BF022075
:10A8B00008203044384416F016FE834617F057FA45
:10A8C00005F4404558450CBF44F0080444F0040426
:10A8D000B5F5004F01D144F08004BAF5006F0ED1F8
:10A8E000B81916F000FE054617F024FAA842B0D1B8
:10A8F00044F01004ADE7544603260220D9E7BAF528
:10A90000406F08BF44F02004A3E7012B09BF104AA1
:10A91000D9F800201268402518BF10259FE7A742EC
:10A9200001F101010BD0C8B2CEB232F8167032F983
:10A930001660002EF3DA0133032B8BD17BE7B8F1DD
:10A94000000F3FF479AF88F8005075E73C3B0020DA
:10A95000403B0020C8390020034B1A78022A04BF6C
:10A9600009221A70704700BF7E450020034B0C225D
:10A970001A701A210022032002F0FCB87E45002044
:10A9800070B5054638B90C4BBDE870401878002208
:10A990001A2102F0EFB8094B074E1C78E1B21A29D0
:10A9A000F1D825FA04F3DB0703D53078362202F01C
:10A9B000E1F80134F2E700BF7E450020391600209F
:10A9C00008B5064B0C221A70002210461A2102F01C
:10A9D000D1F8034B00221A6008BD00BF7E4500205D
:10A9E000483B002070B50E4B0C221E781A700546AD
:10A9F00030B930460022BDE870401A2102F0BAB8E2
:10AA0000084B1C78E1B21A29F3D825FA04F3DB07C6
:10AA100003D53622304602F0ADF80134F2E700BF2C
:10AA20007E45002039160020024B0C221A7015F0CA
:10AA30000AB900BF7E450020F0B50C888BB00546F2
:10AA40000E46E4B94FF6FF77ADF8247015F00EF915
:10AA500010B902200BB0F0BDCDE90340CDE90544AB
:10AA6000134A0294B2F85C300193603200923B4684
:10AA700009AA4CF60101FF2018F0E5FE30802846B7
:10AA800017F071FA0B4C70B1237863B1013BDBB264
:10AA90002846237017F067FA38B12078B0FA80F0B2
:10AAA0004009C0B2D6E70523F2E70120F9E700BF6D
:10AAB0006C3A002038160020034B1B68114603B186
:10AAC000184712F018BE00BF483B0020024B0C2272
:10AAD0001A700AF09FBC00BF7E4500200148FEF7B7
:10AAE000B1BD00BFB64200207FB506460C461546F4
:10AAF000FDF7E8FE00287CD1062E03D85223F34050
:10AB0000DB071AD4B4F1006F05D3E30E1C3B032B13
:10AB100018D94F202BE0394B00221A60384B1E7099
:10AB200017F0DDF803460A2E65D8DFE806F0361B7D
:10AB30004F5A1B2E221F47523F0002F029FCB4F14E
:10AB4000006FE2D22D4B00221A602D4B042E1E7096
:10AB5000E6D12C4801F02AFD022001F053FC17F049
:10AB6000BEF8034601220292274A05E0212004B0E4
:10AB700070BD01220292254A0192254A0092254A7F
:10AB800029462046FDF7E2FEF1E7234A2946204602
:10AB900004B0BDE87040FDF7C1BE204B204A2946F5
:10ABA000204604B0BDE87040FDF79CBE0022029232
:10ABB0001C4A0192164A00921B4AE1E701220292C6
:10ABC0001A4A0192124A0092194AD9E70C4B022202
:10ABD0001A7000221749104604B0BDE87040FEF715
:10ABE00077B800220292144A0192094A0092134A4D
:10ABF000C6E74D20BBE70120B9E700BF483B002076
:10AC00007E4500207D450020E5A90100491F030085
:10AC100055AC0100A11F0300CDAA0100C1A901008C
:10AC2000B9AA010029AA010039AA010081A90100DD
:10AC30004D1F030059A901006DA90100451F030024
:10AC400008B5FDF7B3FE024B0C221A70002008BDB8
:10AC50007E450020F0B585B0ADF8060018B965480E
:10AC60009021EAF7B3FDBDF8060016F082FC044619
:10AC7000BDF8060016F07DFC082846D00C2CBDF867
:10AC8000060042D116F078FD074616F02CFC0DF1B7
:10AC90000F010646BDF8060014F038FB002879D0F5
:10ACA000092200213846FDF741FB9DF80F30103393
:10ACB000C518BDF80600FEF7BBFEEDB2854269D2AD
:10ACC0002946BDF80600FFF787F806F44C4416F451
:10ACD0004066054614D0F81C16F005FC4FF6FF73CD
:10ACE000984208BF44F04004B6F5006F08D1781DC3
:10ACF00016F0F9FB4FF6FF73984208BF44F01004BA
:10AD00009DF80F305BB3072D44D1BDF8060016F057
:10AD100026FC0446BDF8060016F02BFC082817D0C8
:10AD2000A30615D524F0200189B2BDF8060016F05F
:10AD300001FCBDF8060016F01FFD00210922FDF7F9
:10AD4000F5FA00F11001C9B20DF1060016F080FE0F
:10AD5000BDF806102848002216F063FD1AE0082D01
:10AD600016D8BDB1013D072D14D801A353F825F025
:10AD7000CDAD0100D9AD010095AD010099AD010047
:10AD800095AD0100E5AD01000BAD0100EBAD01009B
:10AD90007C2D24D005B0F0BD24F48844A4B2B4F5D1
:10ADA000084FF7D1BDF8060016F0DEFBBDF806101F
:10ADB0000BF008FF0028A8D0BDF8060016F03FFCF5
:10ADC00000220146022014F046FAE3E724F48064EE
:10ADD000A4B2B4F5484F97E7B4F54C4F94E7B4F5F7
:10ADE0004C4F92D04CF6500301E04CF640439C424D
:10ADF0008AE700BFC8F50300B44200202DE9F04106
:10AE00000F4690460646FEF7F7FD04463046FEF72D
:10AE10000FFEC5B2083D2C44084BE1781970084B71
:10AE2000A2781A70314643463A46002012F0E1FB00
:10AE3000003818BF0120BDE8F08100BFA345002005
:10AE4000A245002070B50B4B1C780B4B0022D5B2ED
:10AE5000AC4202D80C70002009E01E88864202F144
:10AE6000010205D30D701B881B1A5842584170BD52
:10AE70001233ECE7F8440020764000202DE9F04F33
:10AE8000DFF84081DFF8409198F8002099F8003011
:10AE90009A4285B0064604D343484FF48A71EAF7D4
:10AEA00095FC0DF10F013046FFF7CCFF20B13E4875
:10AEB00040F21711EAF78AFC98F800709DF80F40ED
:10AEC0003D1B15F0FF0530D0384B394A1B7818462A
:10AED00099F8003001214FF0FF3CA1400CFA03FC2F
:10AEE000002301F1FF3E01934FF6FF79C1F1000A03
:10AEF0009DF80430984243D812202E4B04FB0000EA
:10AF0000A0F1120105EBC5025200194404F1010938
:10AF1000184419F033F84FEA89092748A9F10401C8
:10AF20000144AA00484419F029F8224904EBC4025C
:10AF300001EB420321F81260204A1278DA731A7486
:10AF40005A7412025A801E4A12781A7110225A71CB
:10AF500000229A73C3F80620C3F80A20164B013763
:10AF600043F824204FF6FF710D2088F8007014F08C
:10AF700072F90EB908F014FE204605B0BDE8F08F56
:10AF800013884B450AD053680AEA030B03EA0E0301
:10AF90000B4403EB4B0343EA0C035360019B013367
:10AFA00008320193A4E700BFDBF503001816002068
:10AFB000BC3400207640002060340020A3450020EF
:10AFC0007F450020F8440020161600202DE9F041AE
:10AFD0000B4B0C4E93F8008007460025ECB2A045C1
:10AFE00003D8FF242046BDE8F0810822B11D384671
:10AFF00018F0B4FF01350028F4D01236EEE700BF98
:10B00000F84400207640002008B5FFF7DFFFFF2856
:10B010001DBF00B2044B00EBC0004FF6FF7018BF1D
:10B0200033F8100008BD00BF7640002007B50DF1D1
:10B030000701FFF707FF30B19DF80730034803EB26
:10B04000C30300EB430003B05DF804FB764000202F
:10B050002DE9F843294E33785D1E2D1A83420446AC
:10B06000EDB204D8264840F23F11EAF7AFFB254A7B
:10B0700092F800C0244A01231278A3405F1E4FF0CB
:10B08000FF3090403B44214A00214FF6FF7E6FEA9B
:10B090000308CBB29C4523D8BDB127B204EBC4044E
:10B0A0001B48640005EBC50204F112010144520083
:10B0B000204418F063FFBF001648AA00391D014460
:10B0C00002F0FC02384418F059FF3378013B33702A
:10B0D000BDE8F84300224FF6FF710E2014F0BBB814
:10B0E0001388734507D0536808EA03093B4003EB14
:10B0F00059030343536008320131CAE7F844002082
:10B10000DBF503001816002016160020BC340020C2
:10B11000764000206034002010B50A4C207858B9E1
:10B12000094B1B781A2B03D908489421EAF74EFBE8
:10B13000074B03221A7010BD0138C0B2FFF788FF19
:10B14000ECE700BFF844002016160020DBF50300F2
:10B15000F44400202DE9F047054616F055FFFF287E
:10B16000044624D1DFF888901F4B99F800201B7803
:10B170009A422BD22846BDE8F047FFF77FBE3888B9
:10B180003B79504518D86F2B4FEA131214D85B0740
:10B1900010D0123708F1010899F800105FFA88F60C
:10B1A000B142ECD8114A0023DEB28E4214D32046BD
:10B1B000BDE8F087022AECD90DF0A0F90028E8D10B
:10B1C00029463046BDE8F04716F02BBF074F4FF039
:10B1D00000084FF6F77ADFE710798F2803F10103B3
:10B1E000EED81232E0E700BF1616002076400020AD
:10B1F000F84400204FF6F773984210B514D8FFF7C3
:10B20000A9FFFF2810D0134C00B200EBC00004EBE4
:10B21000400412F067FC104938B962880B7802EBE1
:10B220000313A3EB1213638010BD227C637C0978A7
:10B23000E2739A422374617407D98B4203D2134696
:10B240008B4228BF0B461B02EDE78A42F8D3134618
:10B25000F9E700BF76400020A34500202DE9F0412A
:10B260000F4DDFF8408006460F46002498F8003066
:10B27000A34201D8BDE8F08108222946304618F0E3
:10B280006DFE40B935F8063CBB4204D02046FFF7BE
:10B29000DFFE013CE4B20134E4B21235E6E700BF60
:10B2A0007C400020F8440020F8B5054608460E46CC
:10B2B000FFF78CFEFF2830D01D4B294653F8207035
:10B2C0003046FFF7CBFF2846FFF744FFFF28044630
:10B2D00025D10CF047F8FF280AD1164C207838B158
:10B2E000EAF7CEFB2378B0FBF3F202FB1300C0B207
:10B2F000294616F096FE044623B20F4D03EBC30316
:10B3000005EB430508223146A81D18F037FE2B79BE
:10B3100003F00F032B712046F8BD0027D3E7074B3E
:10B320001B78002B024B18BF002743F82070E3E77F
:10B330006034002016160020764000203A160020C7
:10B3400038B50B4B1B78834204460D4604D8094898
:10B3500040F25B21EAF73AFA074804EBC40400EB39
:10B36000440029460822BDE83840063018F006BEE1
:10B3700016160020DBF503007640002070B5044669
:10B3800008460E4616F040FEFF28054610D020461F
:10B39000FFF71CFEFF2807D0084B1B7823B9084B8A
:10B3A00053F8202043F8252021462846FFF7C8FF00
:10B3B00031462046BDE87040FFF750BF3A160020E6
:10B3C000603400202DE9F8430026134DDFF850903B
:10B3D00080460127344699F80030A34210D83E43F6
:10B3E0000134E4B21A2C4FEA470705F11205F2D1F5
:10B3F0000A4B1B784FF0FF3098403043BDE8F8838C
:10B400002B884345EBD0284616F063FE0328E6D888
:10B410002B796F2BE3D8E3E7764000201616002047
:10B42000F844002010B5084C00EBC00004EB4004C9
:10B4300023795B0707D1204616F04BFE237923F0D2
:10B4400007031843207110BD76400020014B187887
:10B45000704700BF3B160020014B1878704700BFB3
:10B460003A16002070B51A48FEF794FD194B1B7868
:10B47000033B012B28D805F033FB03F0F9FABDE8B4
:10B48000704013484FF47A51FEF7E8BC23798F2BB4
:10B490004FEA131111D80131204616F04AFE062951
:10B4A00001D8032909D1237923F00703237100224E
:10B4B0004FF6FF710F2013F0CEFE123401353278B3
:10B4C000EBB29A42E2D8D6E7034C044E0025F6E7E9
:10B4D00070130020FF44002076400020F844002034
:10B4E000084B1878084B0022D1B2884203F11203AE
:10B4F00000D8704713F80D1C21F0100103F80D1C43
:10B500000132F1E7F8440020764000202DE9F047B1
:10B51000DFF86090DFF8608099F80040022612277B
:10B5200000250CE007FB05F3002138F803A0504686
:10B5300016F0E4FD10B15CB1013CE4B2013599F8BC
:10B540000030EAB29342EDD8A34204D14FF6FF7A1D
:10B550005046BDE8F087EAF793FA99F800301B1BD4
:10B56000012E90FBF3F202FB1300C4B2EED00126D1
:10B57000D6E700BFF84400207640002010B504460E
:10B5800016F042FDFF2808D120460BF0C9FDFF2828
:10B590001FBF024B1B78C018C0B210BD161600208A
:10B5A000044B05481A78054B1B781A449200002179
:10B5B00018F0FEBC16160020603400201D16002076
:10B5C00010B5134B1B78834286B00C4612D9114933
:10B5D00000EBC00001EB400108220631204618F0C4
:10B5E000CDFC00220821204616F052FB80F001001D
:10B5F000C0B206E0C01A01A9C0B20CF0E9F910B15E
:10B60000002006B010BD01AB03CB20606160E8E70D
:10B61000161600207640002008B5074B53F820305E
:10B620008B42024606D915204FF6FF7113F013FE28
:10B63000002008BD0120FCE760340020024B0131EE
:10B6400043F82010704700BF603400202DE9F34715
:10B650002B4EDFF8B4A081460C4600279AF8003044
:10B66000FDB2AB4210D86946204617F0DAFEC0B3EF
:10B6700008226946484618F071FC90B349462046B6
:10B6800017F04BF8FE2537E006F106080822414680
:10B69000484618F063FC90B94FF6FF739C422BD0DC
:10B6A0003388A34228D020460BF03AFDFF2814D15E
:10B6B0004946204602B0BDE8F047FFF7F5BD14B992
:10B6C00012360137CAE73388A342F9D10022082194
:10B6D000404616F0DDFA0028F2D12846FFF7B8FC04
:10B6E000CCE7494600200BF0EBFCFF28054603D0D1
:10B6F000044B1B780344DDB2284602B0BDE8F08756
:10B700007640002016160020F844002008B5FFF708
:10B71000E7FE054B1B78013B012B03D8BDE8084031
:10B720000CF042B908BD00BFFF4400200F4B1B784E
:10B7300083420CD8C01A0E4AC0B232F81030D90475
:10B7400011D443F4805322F8103001207047094B84
:10B7500000EBC00003EB40035A79D10603D442F05A
:10B7600010025A71F1E70020704700BF1616002042
:10B770008642002076400020F0B5134B1B78064629
:10B78000FBB11248DFF84CC090F800E01048077891
:10B7900000251F44E8B2864501D80020F0BD7C1B7F
:10B7A00094FBF3F003FB10440CEBC4003CF8344072
:10B7B000B44204D1002AF1D184788C42EED0013514
:10B7C000E8E71846EAE700BF181600209036002088
:10B7D000F6440020BC34002070B511F047FC104E38
:10B7E000104932880B7830809B1A03449BB2142591
:10B7F000B3FBF5F405FB14330B700B490B78E2B285
:10B8000093428ABF9B1A0023DBB20B700749032ABD
:10B810009DBF0B68D200D34000230B6070BD00BFFA
:10B82000B842002082450020F544002090360020D8
:10B83000084B1868084B1B78C2B29A4208D2074BD3
:10B840001B78C0F30720984234BF002001207047C6
:10B8500001207047903600201816002081450020F6
:10B86000F8B505461746FFF7E3FF064610B9184B33
:10B870001A783AB9212001224FF6FF7113F0EBFC40
:10B880000020F8BD1348DFF854C003780133B3FB40
:10B89000F2F402FB143303700F48DCF8002020F8A8
:10B8A000335000EBC30402F10132A1703846CCF8EA
:10B8B0000020FFF787FDE670606016F03BFAA842B3
:10B8C00001D10120DDE7E3780133E370F9E700BF40
:10B8D00018160020F6440020BC34002090360020CA
:10B8E00010B50B4C0B4A2378063B137011F0BEFBCE
:10B8F000094B1880094B0A4800221A602278FF2160
:10B90000D20018F055FB074B04221A7010BD00BF7F
:10B910001816002081450020B842002090360020F3
:10B92000BC340020F544002048B139B1044B1B78E9
:10B930000B70044B1B78037001207047084670475A
:10B94000804500203C1600202DE9F843074611F001
:10B9500089FB05461B4816F055F91B4B60B31C6864
:10B960003C1B2C44A4B2194BDFF868901B78184D8F
:10B9700099F8006003EB830305EB430500225FFAAF
:10B9800082F846450AD9AB88A34205F10A0016D9C8
:10B99000B21A0A235A43294618F0F0FA013689F8F8
:10B9A0000060AC80B8F1000F03D106483946FEF7BD
:10B9B00055FA2846BDE8F8831D603C46D3E70132BE
:10B9C0000546DCE7901300204C3B00208445002016
:10B9D000D63F0020854500202DE9F74F11F042FBAE
:10B9E000DFF8BC902B4EDFF8BC80317898F800E08F
:10B9F000294D1FFA80FC0746B9F80000ACEB0003A4
:10BA00009BB200240093A0EB0C0001EB810305EB3B
:10BA100043037246A2460190A3465FFA84FCF445B4
:10BA20001AD3BAF1000F00D03170724504D2002051
:10BA300088F80020FDF7F8F898F800303BB3337829
:10BA40001648C9F800700A2202FB0355A98803B002
:10BA5000BDE8F04FFEF702BAB3F804C00098844581
:10BA600010D893F802C0A3F804B00CF1FF3C0131E8
:10BA7000013A83F802C0C9B2D2B24FF0010A0A33C8
:10BA80000134CAE701988444A3F804C0F7E703B07F
:10BA9000BDE8F08F84450020D63F002090130020A1
:10BAA0004C3B0020854500201FB51B4A1B4C1378DA
:10BAB000013BDBB213702068616801AA03C22189CF
:10BAC0001180174A127813440A225A4304F10A01DA
:10BAD000204618F053FA9DF8063013F00F010BD1F1
:10BAE0001B09BDF8040008BF9DF80C10002204B02B
:10BAF000BDE8104003F09CBCBDF80800FFF724FF30
:10BB00008288ADF8082001AA034603CA128818608B
:10BB100059601A8104B010BD84450020D63F002032
:10BB200085450020F8B5094D094F0A4E00243B78A1
:10BB30003178E2B20B449A4204F1010400DBF8BD13
:10BB40002846FDF77FFD0A35F1E700BFD63F00200C
:10BB50008545002084450020F8B51E46114B074658
:10BB60000D46104610491A78104B09781B780B4483
:10BB7000934206DB1F204FF6FF7113F06CFB002091
:10BB8000F8BDFFF7E1FE013507808570044611F02E
:10BB900064FA6623E080237200206672FDF744F8A1
:10BBA0000120EDE715160020854500208445002082
:10BBB0002DE9F047DFF86880DFF8689098F80070AA
:10BBC00099F800501449844607EB050E00230A2219
:10BBD000DCB274451DDA02FB04F6013331F806A02D
:10BBE000E24501EB0600F3D1631CAEEB03030A361A
:10BBF0005A43314418F0C2F9A5428BBF05F1FF3515
:10BC000007F1FF3789F8005088F800700CB9034B32
:10BC10001C70BDE8F08700BFD63F002083450020A0
:10BC20008545002084450020044B054A1B78127886
:10BC3000D3420CBF01200020704700BF8445002084
:10BC400085450020024B1878003818BF0120704746
:10BC50008445002008B50A4B0A48002119700A4B98
:10BC600019700A4B19700A4B1A7802EB82025200C3
:10BC700018F09EF9BDE808400648FEF78BB900BFF2
:10BC800085450020D63F00208445002083450020C4
:10BC9000151600209013002010B50B4C23784BB1E3
:10BCA0000A4803F055FD58B1084B0121188816F0D9
:10BCB0002EF908B9002010BD054B01221A70FAE7D1
:10BCC000FFF7F2FEEAE700BF84450020D63F0020E0
:10BCD0008345002010B50E4B1B78BBB10D4C23885B
:10BCE00083424FF0000311D10B4A2172137049B9FE
:10BCF000A3781033A37016F050FC18B9A37823F082
:10BD00000F03A370FFF7D0FE012010BD1846FCE71B
:10BD100084450020D63F00208345002010B504460E
:10BD200001460822094818F029F9237B022B0AD87A
:10BD3000002B14BF3122012205490B709423CB73D1
:10BD4000044B1A7010BD00230122F5E7C442002005
:10BD5000C0420020FE44002070B5064692B00D4659
:10BD60000020C97AFBF78CFF58B395F90A0015F04B
:10BD70009DFF044638BB154BEA7A83F85820AA7A0F
:10BD800083F85A2001466A46FCF744FF4FF6FE73DB
:10BD90009E424FF0000118BF2B89ADF8066008BF26
:10BDA0004FF6FF736A460846ADF80430FDF712FA05
:10BDB00028B9074B2A895A80204612B070BD022448
:10BDC000FAE78A24F8E78B24F6E700BF6C3A0020F4
:10BDD000C0420020014BD873704700BFC042002012
:10BDE000014B1878704700BFC042002010B5054CC9
:10BDF0002378112B03D00448DB21E9F7E7FC41232A
:10BE0000237010BDFE440020E6F50300064B1B78AE
:10BE1000042B014604D1054A137C05331374704783
:10BE20000348FEF71BB800BFFF440020C0420020BB
:10BE3000B013002008B50648FDF704FC0548FDF7DF
:10BE400001FC13F06DFABDE8084001F0B9BA00BF7B
:10BE5000B4420020FA420020064B1878332806D05E
:10BE600000F0EF00A0F14303584258417047012011
:10BE7000704700BFFE44002008B5084B00224FF673
:10BE8000FE701A7015F062FF4FF6FF7015F07BFF21
:10BE9000034BD87BBDE8084011F01EBCFE440020D7
:10BEA000C042002008B5064B187838B10548FDF7A8
:10BEB000C1FF4FF47A73B0FBF3F0C0B208BD00BF0E
:10BEC000F3440020503600202DE9F0438BB00746A4
:10BED0009DF84890154698460E4649B9104605AC5F
:10BEE0000BF01EF921460BF073FD932818BF264670
:10BEF000B9F1000F0AD1124B1B781BB9284617F075
:10BF0000B5FAD0B928460DF003FB02E0284617F039
:10BF1000ADFA80F00104E4B29DF8503002939DF830
:10BF20004C300394CDE900932A46434631463846C7
:10BF300016F046F90BB0BDE8F0834C46ECE700BFC5
:10BF4000FA4400202DE9F04F99B09A46BDF888B028
:10BF50009DF89030239D0A930E469DF894300692EA
:10BF600011A95846099317F055FE05B3002800F0B3
:10BF70001C816B78C3F34003059311AC8C4B1B7889
:10BF80001AF0800F0CBF4AF080075746022B17D0DB
:10BF90004FF6FF78002D40F07D810225584615F0C0
:10BFA000E3FA2B464246214617F0BCFFB9E058465B
:10BFB00015F05BFB0446002800F0F7800595DDE7EF
:10BFC0001EB97C4B1B78002BE2D02046FEF7DCFA32
:10BFD0008046584615F05CFB012838BF0120C3B2EB
:10BFE000079395B3281D15F07EFA81460AF00203E7
:10BFF0002046089317F031FD21460B908246002021
:10C000000BF05EF8089A0B9B0ABBFF281FD1F3F7D1
:10C0100009F8694A1278824200F029810B9B4FF699
:10C02000FF72934213D10DF017FA002800F01F8120
:10C030004FF6F773994522D916F03FFB13A98246B4
:10C04000FEF7BEFA0028F7D02DE0C146CEE74FF646
:10C05000F772914520D8934211D899450FD01946CF
:10C0600022460CA80DF0AEF90C980D9915AB03C340
:10C070000221BDF838201A8015A80DF02BFB13A95A
:10C080004846FEF79DFA024628B9082113A815F084
:10C09000FFFD002864D0CA460AF1FF339BB24FF679
:10C0A000F6729342C8D8059B1BB9444B1B78002BF2
:10C0B0005FD1584615F058FA079B0193012300936E
:10C0C00052463B4621460DF0D7FA4FF6FF73984291
:10C0D000804600F0CC80014600220CA80DF072F9D9
:10C0E0000C980D9915AB03C30221BDF838201A80B6
:10C0F00015A80DF0EFFA002D3FF450AF002E40F0E0
:10C10000CB8045460123CDE90163C7F3C007059BFA
:10C1100000934246069803972B46214616F050F8A6
:10C12000A846059B7BB14FF6FF7398450BD0404660
:10C130000AF0F6FFFF281FBF214A32F8103023F41F
:10C14000804322F810300A9B7BB315F0F3FD269B49
:10C15000009301462346099842460CF0AFFC24E0C8
:10C16000082213A9204617F0F9FE00287FF464AFD7
:10C1700091E7002D5ED0134B1B68980727D5069BCF
:10C180000F2B21D0281D15F0AEF902230121CDE996
:10C190000131C7F3C00700230246009306980397B6
:10C1A0004FF6FF73214616F00BF819B0BDE8F08F7B
:10C1B000FE440020F3440020F7440020FA4400200D
:10C1C00086420020A4360020099B012BDAD1281DCD
:10C1D00015F089F981460AF0A3FF0B90484615F047
:10C1E00013FF4FF6FF72904552D0C8450B9B4FD1BD
:10C1F000FF2B46D0184617F056F9784010F0EF0F95
:10C2000014BF0123002340460B930AF089FF0890D6
:10C21000404615F0F9FE0B9B56B14FF6FF7188456D
:10C2200006D0C84504D0089A0240D2B2FF2AA9D14C
:10C23000002BA7D1224651460CA80DF0C3F80C984C
:10C240000D9915AB03C35846BDF838201A8015F078
:10C250008BF9079B01463A4615A80DF0D7F930B97E
:10C26000BDF85C804FF6FF7398457FF444AF4FF6FE
:10C27000FF789DB10126281D15F035F94546804609
:10C2800040E7FF2804D0089BB3FA83F35B09BAE7C1
:10C290000023B8E70226EEE70026ECE701257DE65D
:10C2A000014B00221A747047C042002008B50B4BA6
:10C2B0001B78022B10D10A4B1B78033B012B0BD9A7
:10C2C000084B187800F001000DF0A2FB064B00228D
:10C2D0005A609A605A8008BD0020F3E7FE440020AF
:10C2E000FF440020F3440020C042002038B5174D21
:10C2F0002B78033B012B1CD8154BB3F868204FF665
:10C30000FF739A4215D10320FDF766FF02F0A2FBEE
:10C31000FFF7CCFF2B78033B012B01D909F080F804
:10C320000020FBF769FC78B1BDE83840002015F02B
:10C330003EBAFDF73BFF0446FDF732FF01462046BB
:10C3400008F00EFA0220DFE738BD00BFFF440020EE
:10C350006C3A002008B5114A114BD8731378032B9F
:10C360001BD0D3B1332B01D0432B10D10D4B1B78F5
:10C37000033B012B05D803231370BDE8084011F0DF
:10C38000ABB911F0A9F9BDE80840FFF7AFBF212311
:10C390001370BDE8084002F073B908BDFE440020E8
:10C3A000C0420020FF44002038B504461248FDF783
:10C3B000F1FD124B1B78013B012B1BD8104D54B9DA
:10C3C0002B781BB12C709D2011F086F90024FFF70B
:10C3D0006DFF204638BDFF2C05D04FF47A7106481A
:10C3E0006143FDF73BFD2B78002BEFD101232B7030
:10C3F0009C20E9E77024EAE750360020FF44002043
:10C40000F344002038B5114D2B78834218BF2870B3
:10C41000044613F023FC80B124B9204613F020FC1D
:10C4200002220DE0012013F01BFC2B781A1F012AB9
:10C4300005D9062BF4D1032202E0002CF5D101220C
:10C440000021BDE83840084615F0CDBDFF4400206E
:10C4500030B585B0044668460D4615F09BFE94B194
:10C4600000212846144A15F0F2FF144B20681B786F
:10C470008DF80430124B61681B788DF8053002ABE3
:10C4800003C306F07BF90F4B93F8582093F85A300A
:10C490008DF803208DF8023015F069FCADF800002E
:10C4A00015F048FC1023ADF806000722694600206D
:10C4B000FDF7EAFD05B030BD00F8FF070B160020C0
:10C4C000FF4400206C3A002010B5134B1A78134B30
:10C4D0000446002083F85820FBF78EFB10B10020A3
:10C4E00015F065F900210846FFF7B2FF0C4B1B78E9
:10C4F000033B012B0DD813F0A5FB2046FCF7A2FE51
:10C500009B2011F0E9F8074A00231380064A1380A4
:10C5100010BD0BF0E1FBF0E7864500206C3A0020EF
:10C52000FF4400209C4200209A42002010B50146A2
:10C5300004460020FBF7A4FB90B10C4B1B78023B98
:10C54000032B0FD80A4B1C70FCF7BCF960B9094AE1
:10C550000949FCF7BDFB002814BFA120002010BD35
:10C560008A20FCE77020FAE73D20F8E7FE4400202F
:10C570008645002015FC0100C9C40100F8B5064637
:10C58000FCF7A0F9044668B9FBF736FB50B1064D3D
:10C59000204695F8587085F8586015F008F910B1E4
:10C5A00085F858703D20F8BD6C3A00201FB5044650
:10C5B000684615F0EFFD9DF805305A1E052A09D88A
:10C5C000054A9DF804101278914203D1237000208F
:10C5D00004B010BD9320FBE70B1600202DE9F041BD
:10C5E000294B1B78012B80460E46174649D0274B16
:10C5F0001D78022D06D0032D43D118B9244B1B689A
:10C600009B073ED43320FDF7E7FD01F0DDFCB6F1DA
:10C61000006F36BF1F4B05221A7831460620FEF701
:10C6200063FA10F0FF0425D11B4D01202C7300F09C
:10C6300023FF15F09CFB68802846B8F1000F0DD051
:10C64000022300F8043B15F04FFE6C73AF733946BC
:10C65000304612F041FE2046BDE8F081012300F88B
:10C66000043B15F041FE6C73AF733946304612F04F
:10C6700032FEF0E72846FDF7AFFDB8F1000FF4D029
:10C68000E5E77024E7E700BFFF440020FE440020F8
:10C69000A43600203D160020C0420020034B18782D
:10C6A00018B9034B034A1B78D05C7047FD44002047
:10C6B000FF440020DBF6030038B5174B1B78033B23
:10C6C000012B044606D8437BDB0703D590F909000C
:10C6D00013F0B7FA114B002583F859502079FFF772
:10C6E0004DFFFFF7DBFF618824880346224628467A
:10C6F0000DF0A8F9044620B19420FFF72BFE204648
:10C7000038BD074D07489423C821EB73FDF7A6FBFE
:10C7100003232B74F3E700BFFF4400206C3A002092
:10C72000C0420020B0130020F0B5184D93B006466B
:10C73000A5F868000C4605F16A0709BBC5F86A1040
:10C74000796000216A460846FCF764FAD5F86A3039
:10C75000CDF8123000217B68CDF816306A460846C5
:10C76000ADF81060FCF736FDB5F868004FF6FF73C2
:10C77000984203D014B1064912F0B1FD13B0F0BDD8
:10C780000822384617F0FAFBDBE700BF6C3A0020BE
:10C79000D63A00202DE9F041DFF8BC801F4698F81A
:10C7A000003005460C4616461BB170252846BDE8EC
:10C7B000F081531E052BF8D8FCF784F80028F4D13B
:10C7C0003B7B032B14D14FF6FE739C4212D1012EFA
:10C7D00009D0022EE9D115F0ADFA4FF6FB7398425D
:10C7E00003D815F0A7FA044604E015F066FFFAE74F
:10C7F000012EDAD0EDB939462046FFF7ADFA0546ED
:10C800000028D3D198F80030332B03D0532B1CBF12
:10C810000F4B98733046FFF7F5FD00214FF6FF7080
:10C82000FFF782FF0B4B1B78002BBFD00BF028FAD1
:10C83000BCE7397BCB1E594206F1FF3259415042C9
:10C84000504107F035F805460028D4D0AEE700BFC8
:10C85000C04200203E160020FE440020F0B51E46D7
:10C86000184B074687B00C4601F1140051F8045BE1
:10C8700043F8045B8142F9D109881980D4F80E008D
:10C88000D4F8121023886D4603C5ADF8083023791B
:10C890008DF80B3000238DF80A208DF80C303A46C5
:10C8A0006B464FF6FE710120FFF774FF40B96846F2
:10C8B000FFF734FA2046FFF7FFFE08B9024B1E705F
:10C8C00007B0F0BDD2420020904500201FB5144BA8
:10C8D0001B88DB07044607D44FF6FF700021FFF7E3
:10C8E00023FF002004B010BD0A231A4601A901202D
:10C8F000FDF7CAFBBDF80C204FF6FF739A42EBD050
:10C900000822FF2101A815F0C3F90028E4D10CB9D1
:10C910000120E7E7BDF80C0001A9FFF705FFF7E7E5
:10C92000EC42002038B50C46154615F00FFA03F01E
:10C930007DFF29462046FFF7F7FE00F097FD48B13E
:10C94000074BDB790E2B28BF0E230133DBB2054AE0
:10C95000137038BD044B1B78013B18BF0123F6E769
:10C96000D2420020A7450020FF44002038B5002215
:10C970000821044615F08CF90546C8B915F0DAF916
:10C980002A464FF6FF71FFF7CDFF217C2046FFF7C7
:10C990005FFD6269E189207C15F059FD054B1B782C
:10C9A000012B01D107F0ECF8FFF7A0FC002038BD07
:10C9B0000120FCE7FF44002038B51D46FFF7EAFEE2
:10C9C0000446D0B92B7B032B284603D1BDE8384061
:10C9D000FFF7CCBFFFF7A2F9094B9C8115F08BF94B
:10C9E000084B01211A7881400620FEF77DF8254684
:10C9F00010F0FF041CBF044B1D70204638BD00BF63
:10CA0000C04200203D160020FE44002030B5012029
:10CA100087B0FFF75BFF154A0446516810686B4604
:10CA200003C384B905F0B8FE02A815F0B3FBBDF846
:10CA30000E004FF6FF7522462946FFF773FF12F0EE
:10CA400054FC07B030BD0A4AD2F86A00D2F86E1022
:10CA5000B2F868506B4603C305F09EFE02A815F0BD
:10CA600099FBBDF80E006A46E6E700BF2EB603004C
:10CA70006C3A002073B53A4B1B7804461BB1702406
:10CA8000204602B070BDFBF71DFF0028F7D100F073
:10CA9000FDFC14B1334B22881A800DF10700FFF71B
:10CAA00085FD002858D115F010FC04460028E7D178
:10CAB0002D4D9DF80700FFF7A5FC2B785A1E012A83
:10CAC0001FD8FFF7A3FF2B78033B012B01D801F000
:10CAD00029FAFFF70BFC012015F0D8F800283DD10A
:10CAE0002B78033B012BCBD81E4B188810F0020586
:10CAF00024D01E490522012002B0BDE87040FFF796
:10CB00006DBD033B012B04D82046FFF7DFFE002854
:10CB1000D7D12B78053B012BB2D8FFF777FFFFF772
:10CB2000E5FB2B78052B0CBF04200520FDF754FBFB
:10CB3000012002B0BDE8704015F0A8B80C4E0223E9
:10CB40000B2231460120FDF79FFA33885B0797D50A
:10CB5000284601F0FBF993E7932491E704468FE719
:10CB6000FE440020EC420020FF44002000F8FF07B4
:10CB7000984200202DE9F3476D4D6E4E0123074684
:10CB80006C486B738846144600F020FC13F05BF889
:10CB900038B9012F01D9042F10D12146404610F099
:10CBA000D1FD102000210AF0C1FB002800F0B78061
:10CBB000002002B0BDE8F047FCF736B8002CF0D1F9
:10CBC0005D4B1B78212B03D0062B01D0532B02D1B8
:10CBD00001F056FDE5E7FDF7CDFB0028E1D000F0C0
:10CBE00045FC38B92B7B002B0CBFAB209420FFF702
:10CBF000B1FBD6E7514B0193304600F0E7FB20B183
:10CC00004F4840F66901E8F7E1FD4949307B01AA48
:10CC100012F0F5FF95F80090B9F1000F03D14548E7
:10CC2000FFF74AFDBDE7DFF83881DDF804A015F015
:10CC300081F898F80030033B012B044606D8737B3B
:10CC4000DB0703D596F9090012F0FBFF15F072F827
:10CC50003C4B3D4F188015F08AF83C4B1880FDF78F
:10CC60009FFA3B4B1880FDF7A1FA0822014639488C
:10CC700017F084F915F03FF8374B18703079FFF74B
:10CC80007DFC70880021FFF74FFDFDF773FB60B15D
:10CC9000631E9BB24FF6F672934206D915F00DFD56
:10CCA000B7F8683083420446F8D0204615F04EF8B5
:10CCB000308815F068F8B7F868004946D047044650
:10CCC00008B9182093E7B7F8681014F08CFC00231B
:10CCD00087F859302B7803F0FB03022B02D0204653
:10CCE00015F05EFA00231A4619462046FEF734FF77
:10CCF00098B19423EB7398F80030042B06D11748B1
:10CD0000C821FDF7ABF803232B744AE713484FF40F
:10CD10001671FDF7A3F80023F6E7942067E7FEF706
:10CD200091FF00287FF444AF02B0BDE8F08700BF58
:10CD3000C0420020D2420020FE44002027230300EE
:10CD4000E6F50300BE4200206C3A0020BC42002001
:10CD5000BA420020874500208F450020B0130020F4
:10CD6000FF4400207FB5194E194D00243278E3B2FC
:10CD70009A4201D804B070BDB5F868204FF6FF7331
:10CD80009A421AD0134B1B88DB0714D5124AB5F808
:10CD9000683010685168ADF80C3001AB03C30A234A
:10CDA0001A4601A90020FDF76FF90C4902230B2256
:10CDB0000020FDF769F90134D8E70748002208216F
:10CDC00014F066FF0028F6D1DCE700BF171600203C
:10CDD0006C3A0020EC420020D63A00209842002015
:10CDE00010B501F0F1F802F003F8D8B10E480F4C7D
:10CDF000FDF7D0F80E48017A0E30FFF729FB2378B3
:10CE00001BB100F0C5FA002323700A4B00221A73ED
:10CE1000FFF76CFA08F008FD01F060F9BDE810407A
:10CE2000FFF7A0BF10BD00BFB01300209045002049
:10CE3000D2420020C042002010B52548FDF7AAF8D4
:10CE400001F0D6FF30B1234B1B781BB9BDE8104071
:10CE5000FFF7C6BF01F0CCFF78B11F4C237C83B134
:10CE60001B48C821FCF7FAFF237C013B23740021F7
:10CE7000BDE810400846FBF741BFFDF77BFA0028EC
:10CE8000EBD1FDF777FA154B1B7858B9112B03D06E
:10CE900003F0FD03412B19D10F4BBDE81040D87BA7
:10CEA000FFF758BA332BF7D10D4B188814F04EFF0B
:10CEB0000C4B188814F067FF0B4B0C491888FFF7D0
:10CEC00033FC0B4B1878FFF759FBE5E710BD00BFAB
:10CED000B0130020FA440020C0420020FE4400208D
:10CEE000BE420020BC420020BA42002087450020FC
:10CEF0008F4500202DE9F04F85B00F4602AD044666
:10CF000029463846914616F085FE4FF0000B8246C2
:10CF10003846CDF804B014F02FFC4678022C804639
:10CF200006F0020609D85CB1FDF724FA0446002891
:10CF30003CD1734B01241B7859E0043C022C2ED9C0
:10CF4000FDF718FA384614F090FB0024DFF8B4A17E
:10CF50000546A046384614F00FFC50F809300193FE
:10CF60000DF1050014F0BFFA9DF807B00746B8F1BF
:10CF7000000F09D0BAF1000F06D0624908225046CE
:10CF800016F0ECFF002851D1BBF1000F34D14FF661
:10CF9000F7739F4230D99420FFF7DCF946E015F093
:10CFA00048F9FDF7E7F90446F8B15C464EB1564B37
:10CFB0001B78012B02D0043B012B0BD805B0BDE838
:10CFC000F08F4F4B1B782BB14F4B1B7803F0FB03BB
:10CFD000022BF3D0BAF1000F404608BF002516F02F
:10CFE0000CFE4FF001088246B4E7454B1B78002B3E
:10CFF000F0D0002EEED1E1E7DFF8049199F800308F
:10D0000003B11EB314B3414B1B78022B1ED1BBF1ED
:10D01000000F14D1384614F099FE58465946FFF7D0
:10D0200017FA08F001FC992010F056FB0020FAF7DF
:10D03000E3FD0028C2D0002014F0B9FBBEE7FDF7E5
:10D0400099F948B13248FCF7A5FFA4E7FDF792F93A
:10D0500010B1BBF1000FF5D1FDF78CF90028E5D038
:10D060002846FDF7B3FFFF28DFF8A0A0294C03D026
:10D070009AF80030012B04D1B4F868002946FEF775
:10D0800013F9FEF7CFF92A46B4F868103846FFF7CF
:10D0900049FC214B214A93F906301B0213809AF870
:10D0A0000030012B18D0312B14BF432311238AF8F1
:10D0B00000301B4B16481968134CFCF7CFFE00F0EC
:10D0C00031FF99F800100023237439B91048FCF798
:10D0D000C5FEAD23E373A9E71123E8E7B8F1000F1C
:10D0E00003D016B1FFF77CFEF3E70E4B1B78042B41
:10D0F000EFD107480521FCF7B1FE09232374E8E7C7
:10D10000FA44002074450020C0420020FE44002064
:10D11000B01300206C3A0020D2420020EA420020E6
:10D12000D0130020FF4400202DE9F04308468FB0C3
:10D130000D4614F021FB092200218046FBF7F6F88A
:10D140000446284614F091FA0DF10D030746052216
:10D1500006A9284612F0CEF8022881461CD09DF878
:10D160000D301C44E4B204F110020023D2B229466F
:10D17000012018F8046010F03CFA68B1072E09D8B5
:10D1800056B1013E062E07D8DFE806F00918067BE7
:10D19000062541007C2E45D00FB0BDE8F083534BEF
:10D1A0001B78013B012BF7D8284614F0DDF900234A
:10D1B00000942A46194615F040F8EDE74C4B1B78D1
:10D1C000012BE9D14B4B18780028E5D1224629469E
:10D1D000FFF790FEE0E7454B1B78013B012BDBD8C6
:10D1E000384609F04BFF4FF6FF739842044606D0CD
:10D1F000284614F0B9F92246394616F082FE3C4B17
:10D200001B78022BC8D1384610F01AFCC4E7374B04
:10D210001B78013B012BBFD806AA4946284600F0DF
:10D2200047F9B9E7314B1B78013B012BB4D8A04437
:10D2300098F8012098F80230652AADD16D2BABD15A
:10D240002846FCF7F5FB1334E4B28442A4D208224A
:10D25000394604A816F092FE0DF10E02214628462A
:10D2600016F019FC002897D1BDF80E10002993D0B4
:10D27000214C012304A8237010F05BFB00232370D2
:10D280008AE71A4B1B78013B012B85D80622002127
:10D290004046FBF74BF8404414F025F907460CF0E4
:10D2A000A9F8044600287FF477AF284614F057F910
:10D2B000C3047FF571AF46F20403ADF81030CDE939
:10D2C0000044022304AA0121384616F033FC064626
:10D2D00000283FF461AF394614F085F9284614F070
:10D2E00043F922463146FDF7F1F955E7FF440020A6
:10D2F000FE440020C0420020C2450020064B1870AA
:10D3000040B1064B1B882BB14FF47A710448594346
:10D31000FCF7A4BD704700BFF1440020B815002001
:10D3200050350020014B1878704700BFF1440020B1
:10D3300008B5FCF72FFE024B00221A7008BD00BF93
:10D34000F144002084B010B502AC84E80F000F4C0B
:10D35000BDF8082063889A4204D00020BDE8104040
:10D3600004B070470822211D0DF1160016F0F6FDDD
:10D3700002460028F1D10821201D14F089FC002864
:10D38000EBD16088003818BF0120E7E7C0420020D9
:10D39000034A044800231380034A1370FCF7FABDC4
:10D3A000EE420020D41300209B45002008B503481E
:10D3B000FCF7F0FDBDE80840FFF7EABFD4130020FA
:10D3C0000148FCF73FB900BFEE42002037B50546E3
:10D3D00098B10C4B1B7893B100210B4814F01BFA49
:10D3E00000240146162300942246284614F049FBE7
:10D3F000064B20461C7003B030BD0220FBE77020B6
:10D40000F9E700BF9B450020EE4200209145002037
:10D41000F7B5054618B3134C13482378124F013360
:10D420000021237014F0F7F900260146237819B97A
:10D43000013B237001200AE0F2B2934209D100249B
:10D44000009416232246284614F01BFB204603B006
:10D45000F0BD384614F035FA01360146E6E7022001
:10D46000F5E700BF91450020EE420020014B1878FF
:10D47000704700BF9B45002025289DBF024B1870B8
:10D4800000200220704700BF4016002007B501238E
:10D4900018460D220DF10701FCF7F6FD9DF8072057
:10D4A000024B1A7003B05DF804FB00BFBA150020F0
:10D4B000F8B507460E46144614F0D7F8194B1B78FA
:10D4C000022B05462CD1184814F09CFB40BB284683
:10D4D00011F02BFF20B322463146384611F021FFD0
:10D4E000F0B1E8F7CDFA0446384614F03DF80F4B9A
:10D4F0001A780F2393409BB2B4FBF3F203FB124460
:10D500000134012EA1B206D1094B0A4A1E702B68C4
:10D5100013606B685360BDE8F8400348FCF79EBC9D
:10D52000F8BD00BFFE440020703600203F160020EA
:10D530009A4500209245002084B010B502AC84E8E2
:10D540000F002848089C08220DF1160116F006FD70
:10D5500008BB9DF815309A0705D4234B1B7803F0C0
:10D56000FD03312B1DD121496378097803F00F02A7
:10D570008A4203D0012922D1022A12D1227882B90B
:10D580001B09022B0DD11A4BA0781B78022B1AD144
:10D59000C0F3800006E013480022082114F078FB55
:10D5A00020B90020BDE8104004B07047114BBDF811
:10D5B00008205B889A42CCD0002BCAD0F1E7022920
:10D5C000EFD1012AD9E7030609D40B4BB3F8682041
:10D5D000BDF80A309A42E4D1FEF73EFCE2E70120B2
:10D5E000E0E700BFC4420020FE4400200B160020EC
:10D5F000FF440020C04200206C3A0020F0B5284BC8
:10D6000087B05D8800238DF80830264B1B780DF11C
:10D610000B0043F020038DF8093014F065FE6FF025
:10D620007F43ADF813308DF8153014F005FF1E4B15
:10D630008DF816001B78DB00DCB2F1F7F3FC1B4B16
:10D640001B7805F00107834205F010062CBF44F05B
:10D65000040344F084032FB1A9061ED426B143F07D
:10D66000020301E0AA07F9D4002108468DF80A3028
:10D67000FCF788FAADF8060058B101230F2202A981
:10D680000DF10600FCF704FB18B90DF1060012F0CD
:10D69000B3FABDF8060007B0F0BD43F00103DDE7C3
:10D6A000BA1500200B160020A7450020F7440020E3
:10D6B00010B5FCF76FFC0A4B1B78022B0CD1094B01
:10D6C0001B78033B012B07D9074C207828B1002099
:10D6D00011F02EFE0023237010BD16F0E8FBF9E7D1
:10D6E000FE440020FF4400209A45002084B02DE92C
:10D6F000F04F89B012AC84E80F00DFF860C1544BE2
:10D70000BCF802009DF84DA09DF95220BDF860E0E4
:10D710009DF865909DF966509DF868709DF96A10B6
:10D72000BDF848B09DF94E809DF850601B7810F010
:10D73000010434D09DF86D00C0F34004C0F38000B4
:10D74000002B48D0434B1B78022B09D18A4242DB85
:10D7500023D1B81BC0B280288CBF0020012015E067
:10D760003D4B1B78012B00D1BCB178B19CF8003047
:10D770001E335BB29D42D4BF002501259845D4BF1E
:10D7800000230123AB4206D18A42E1DA09B0BDE8A9
:10D79000F04F04B070472846F8E70020F6E784070A
:10D7A00018D5C3B1490814BF01200020520814BF86
:10D7B000012300238342E9D1BB1BDBB2802B0AD9B2
:10D7C000BE42EAD1A84506DBE7D1D14594BF00208F
:10D7D0000120DBE70BB90120D8E7BE4216D018AD17
:10D7E0000FCD02AC0FC495E8030044F8040B218070
:10D7F000DDE9160112AB0090ADF804100FCB12F06A
:10D80000F5F90028E7D1BE42A3D1BFE7F34518D010
:10D810000DF1700B9BE8030018AC0090ADF80410FC
:10D8200094E80F00FFF78EFD0028D4D19BE8030099
:10D830000090ADF8041094E80F00FFF783FD002876
:10D84000C9D1A845C7DBCAD1D145C4D8C7E700BFF5
:10D850009B450020FF440020FE440020BA15002014
:10D8600084B02DE9F04F8FB06A4E18AC08AD84E853
:10D870000F0016220021284616F09AFB33783BB998
:10D880000024654B32781B789A4239D2002726E073
:10D890006248DFF88891002113F0BDFF002704469D
:10D8A000B846002C45D13FB15C482246394614F0B9
:10D8B00043F83378013B33703378002BE0D057487E
:10D8C000DFF858B1002113F0A6FF4FF000098046A1
:10D8D0004F46CA46B8F1000F6CD1002FD1D01621A7
:10D8E000002218A813F080FF014648B1002F00F075
:10D8F0008B804A48224613F0BBFF337801333370E4
:10D90000454B32781B789A4207D944480022018857
:10D9100014F012F83378013B33703378012B03D1C4
:10D920003F494048FCF79AFA0FB0BDE8F04F04B009
:10D93000704700222146CDF800801623284614F0B7
:10D94000A0F81622294618A816F008FB0028EBD0EC
:10D950009DF864209DF824309A4225D1BDF86020BE
:10D96000BDF820309A421FD108220DF12E010DF191
:10D970006E0016F0F3FAB8B90DF1600CBCE80F00B8
:10D9800002AF0FC79CE8030047F8040B0EAB3980C9
:10D9900013E903000090ADF8041095E80F00FFF7BD
:10D9A000A5FE0028C0D027462146484613F089FF2F
:10D9B000044676E7162300224146CDF800A028460B
:10D9C00014F05FF80DF1600CBCE80F0002AF0FC758
:10D9D0009CE8030047F8040B0EAB398013E9030001
:10D9E0000090ADF8041095E80F00FFF77FFE0746A2
:10D9F00020B1B9F1000F04BF444681464146584664
:10DA000013F05FFF804665E704483A4613F009FFCC
:10DA100073E700BF9B45002040160020EE42002027
:10DA200020BF0200D41300202DE9F04F9FB010AFAB
:10DA300000210446162238460E91CDE90C11CDF88E
:10DA40003B1016F0B5FA0DF11F03052216A920466A
:10DA500011F050FC0228804600F00381204613F0AC
:10DA60008BFE064613F03FFD8146F01C13F03BFD94
:10DA7000ADF84000701D13F036FDB8F1010FADF8A0
:10DA80004200204640F0F08013F076FE0546204626
:10DA9000FBF7B2FF0D352D1AEAB23B4621460820AE
:10DAA0000FF0A7FD002800F0DC80204613F069FE8F
:10DAB000B8F1010F9DF84D30834640F0EF8043F000
:10DAC000010300258DF84D3016AE04953388022BE6
:10DAD00058D1F1780231C9B22046FCF77DF91B28F4
:10DAE00050D1F1780331C9B22046FCF775F91928F5
:10DAF00048D1F1780431C9B22046FCF76DF94A28C3
:10DB000040D14FF0050AF17801315144C9B22046A5
:10DB1000FCF762F9F17851448046C9B22046FCF71F
:10DB20005BF900EB082083B200F03F02932B0592D3
:10DB300040F0A28096F80380D0445FFA88F808F19C
:10DB40000203DBB204930023049A009321460F23BF
:10DB50000CA813F096FF08F11101C9B2204613F08A
:10DB6000DDFF08F113010546C9B2204613F0D6FFC8
:10DB7000ADF84200059B023353445FFA83FA3379D0
:10DB80005345C0D806360DF17603B3429ED19DF8B9
:10DB90004D20C5F3C03363F3410220468DF84D207C
:10DBA00013F081FD8DF84400204613F071FD8DF8CF
:10DBB0004500204613F071FD9DF832308DF8460087
:10DBC000C3F3C3028DF84720DDF83320CDF84E2093
:10DBD000BBF1190FDDF83720CDF852208CBF9DF82E
:10DBE0003E2000228DF8482003F003028DF84A20E1
:10DBF0006F4A1278022A9DF84D200CBFC3F38003B0
:10DC0000DB0963F382026B4B8DF84D201B78022BEE
:10DC100059D1BDF8406014F0AAF8864253D108A843
:10DC200014F062FBBBF1190F4AD908220DF14E0125
:10DC300008A816F093F900283FD1B9F5004F02D09B
:10DC4000B9F5624F0DD125F4404540F6FF739D4272
:10DC500007D1002208210DF14E0014F019F8002818
:10DC600041D01FB0BDE8F08F13F086FD0546204679
:10DC7000FBF7C2FE07350EE7412B7FF47BAFF1784F
:10DC800002315144C9B22046FCF7A6F84A4B1B7832
:10DC9000C3F1B30318448DF849006BE76FF3000339
:10DCA000F01D8DF84D3013F01EFC0CA905462046E2
:10DCB00014F062FB0023049369E700F07FFFBCE7E8
:10DCC00000F07CFFCDE7B9F5004F02D0B9F5624F07
:10DCD000C7D125F4404540F6FF739D42C1D1BBF149
:10DCE000190FBED9B5E7BBF11A0F06D004991F3141
:10DCF0003A46C9B2204611F081FF304C304D637B6B
:10DD0000DBB12B78012B1DD1012323730CAB0293C4
:10DD100014AC94E803000090ADF8041097E80F00ED
:10DD2000FFF70AFC90B194E803000090ADF80410EE
:10DD300097E80F00FFF794FD08E0FCF71BFB0028B5
:10DD4000DFD0E1E703F0FD03042BDDD02B78012BBE
:10DD500001D0042B85D11B4BDDF84E001B788DF8CC
:10DD60002230BDF84030ADF820309DF84D30DDF860
:10DD70005210C3F340038DF823309DF8313003F087
:10DD80000F038DF82C309DF848308DF82D3009ABFD
:10DD900003C30D4B1B681BB1394608A8984760E7C1
:10DDA0009DF946209DF8451008A80FF0B6FC58E7ED
:10DDB000FF440020FE440020A2450020C042002075
:10DDC0007E450020A1450020443B00202DE9F04382
:10DDD000424B434C1B78033B012B85B022D80FF0FC
:10DDE00041F92378022B31D13E4A1468A0422DD04C
:10DDF0003D4910600A68121B10443C4A08601278C2
:10DE000072B1013A93403C2253434FF47A72534328
:10DE100098421BD9032005B0BDE8F043FCF7DCB9FC
:10DE20000A23F2E70FF01EF92378022B0ED12D4AB8
:10DE30001568A8420AD0DFF8C0802D4E1060451B3F
:10DE4000002798F80030FCB2A34202D805B0BDE824
:10DE5000F08356F824302B4446F82430204609F04D
:10DE6000EFF9C3074FF0000910D5204609F0B6F9C5
:10DE700070B156F82430242B08D9CDF80090102228
:10DE80000023204609F0FAF946F824900137D8E734
:10DE9000184B1B5D13F00F031FBF03F1FF3202236A
:10DEA00093403C2214BF53430A234FF47A725343E6
:10DEB00056F824209A42E9D9204609F0AFF802A981
:10DEC00015F0AFFA28B1204609F0A8F802A911F020
:10DED00007FA204615F03AFBD8E700BFFF440020C0
:10DEE000FE4400209C3600209836002006160020B4
:10DEF00034350020B94400201D160020064B1B8835
:10DF0000DB0708D5054B002243F82020044A135CA8
:10DF100063F00F0313547047F042002034350020A3
:10DF2000B944002008B50FF09DF8034B1860034B6F
:10DF300000221A6008BD00BF9C36002098360020E1
:10DF4000014B1868704700BF9836002008B50C4890
:10DF5000FCF720F8FCF792F980B10A4B0322B3F8E2
:10DF60006810012011F06AFE074B05481B884FF42A
:10DF70007A715943BDE80840FBF770BF08BD00BF88
:10DF8000F41300206C3A0020A0150020014B1880EB
:10DF900000207047BE150020044A054B18701388F6
:10DFA00023F003031843108000207047F042002044
:10DFB00007160020034B1888C0F30E00003818BF66
:10DFC000012070479842002008B5FFF7F3FF30B1F9
:10DFD0000449002002230B220880FCF755F800209A
:10DFE00008BD00BF98420020024B1888C0F30E0005
:10DFF000704700BF98420020084A09490023137067
:10E00000084A1370084B094A1B7843F00403138035
:10E01000012002230B22FCF737B800BF9E450020E9
:10E02000984200209D45002007160020F042002065
:10E0300013B514468DF80710CAB9CAB20E2A16D8FD
:10E040000D4B1B881341DB0711D509F069F8FF2838
:10E0500001460ED0094B9DF807201A5401230DF1FB
:10E0600007021B200FF037F8204602B010BD012434
:10E07000FAE70224F8E700BFBE150020B9440020EB
:10E0800030B585B00024114D019401210B2300917E
:10E090008DF80C308DF80D000323B5F868008DF86D
:10E0A0000E4003AA15F046FD68B1B5F8681014F0EB
:10E0B00071FA40B1064B074805221A70064B6421DD
:10E0C0001C70FBF7CBFE05B030BD00BF6C3A0020E2
:10E0D0009D450020141400209E450020064B1B780F
:10E0E000033B012B06D8054B1B781BB9044B187852
:10E0F000FFF7C6BF704700BFFF4400209C450020CB
:10E100000616002008B51548FBF744FF144B197894
:10E11000F9B9144A13787BB1013B1370124B1B7889
:10E12000042B02D10846FAF7E9FDBDE808400B4888
:10E130004FF49671FBF792BE0C4B1B8803F0030360
:10E14000022B0AD1BDE80840094903220120FEF74D
:10E1500045BABDE80840FFF7C1BF08BD1414002050
:10E160009E4500209D450020FF440020984200204D
:10E1700000F8FF071FB50C238DF80C300B4B8DF802
:10E180000D001B8823F004030C468DF80E3001218E
:10E190000023CDE9001303AA0323204615F0CAFC8F
:10E1A00010B1214614F0F6F904B010BDF042002081
:10E1B000F8B5064613F043FA0546304615F0DEFC86
:10E1C000411C0446C9B23046FBF706FE023407463E
:10E1D000E1B23046FBF700FE394602462846FFF71B
:10E1E00027FF022816D02946FFF7C4FF0A4B1B88D9
:10E1F00003F00303022B0DD1284608F091FFFF28FE
:10E2000008D0064B002243F82020054A135C63F037
:10E210000F031354F8BD00BFF04200203435002036
:10E22000B9440020084B1A785AB1013A02239340AE
:10E230004EF66022534303210448B3FBF1F1FBF790
:10E240000DBE42F21073F6E70616002014140020EB
:10E2500070B505461748FBF79DFE174B012228466F
:10E260001A7015F08BFC411C0446C9B22846FBF716
:10E27000B3FDA11C0646C9B22846FBF7ADFD0F4C05
:10E28000022320800B2221460020FBF7FDFE86B9E9
:10E29000238803F00303022B03D1FFF743FEFFF7AC
:10E2A000C1FF23885B0704D5BDE870400448FFF731
:10E2B0004DBE70BD141400209E45002098420020E1
:10E2C000F41300202DE9F0411A4C238886B005464E
:10E2D0004BB3DFF8688000214FF4807009F08EFAAC
:10E2E00098F80030DB071CD501212088FBF70EFCD5
:10E2F0000746208813F040FA023013F0F4F803A91F
:10E300000646208815F042FD98F8003013F0020F01
:10E3100018BF002500953B4603AA314606200FF0A2
:10E3200029F900232380044806B0BDE8F041FBF73B
:10E3300031BE00BFF6420020341400209F4500206B
:10E340002DE9F047384F3E8880460C4615469946E1
:10E35000002E48D0104613F01DF9B0F5006F42D1E1
:10E36000284613F02AF9824608F0DAFEFF283AD050
:10E370002CB12E4A32F81030334322F81030B6F563
:10E38000007F44D0B6F5806F41D0B6F5807F2AD1AA
:10E39000274B1B88AB422AD14FF6FF718A4522D00A
:10E3A000284613F020F9304609F056FA78B9402C87
:10E3B0001BD008D8CCB13F2C08BF312018BFD220C9
:10E3C000FFF780FF09E04C2C08BF8D20F6E7022004
:10E3D000002108F0ABFF0028E9D1164A0023138082
:10E3E000154A3B801370BDE8F0872046E8E7114CE2
:10E3F0002388AB42F7D14FF6FF718A45F3D025B1A0
:10E40000284613F0F0F8002323800023E8E70A4AA7
:10E41000002313703B802A464B4621464046BDE808
:10E42000F04713F0C7BD00BFF24200208642002033
:10E43000F6420020F44200208345002010B5044637
:10E44000CA20FFF73FFF01214FF4807009F0D6F991
:10E4500058B1064B06481C80064B00221A70064B2A
:10E46000BDE810401988FBF7F9BC10BDF64200204A
:10E47000341400209F450020A2150020044A137880
:10E4800018B943F001031370704743F00303FAE730
:10E490009F4500202DE9F04FDFF84C9199F800607E
:10E4A00087B0002E40F08C80DFF840B1DFF840A14B
:10E4B0009BF80030F4B2A34207D8434B00221A80E5
:10E4C00007B0BDE8F04FFDF7E7BB20463AF814501F
:10E4D00008F084FE8046002860D0204608F09EFDAB
:10E4E00015F40071074645D001464FF6FF720E2025
:10E4F00014F063F90546002850D0394613F073F83C
:10E500004FF40073304E33803AF81420002722EA8B
:10E5100003032AF81430102200230097204608F045
:10E52000ADFE2A4B1B88DB0707D5294B294A43F848
:10E530002470135D63F00F0313551820264B0093CE
:10E5400060430021254C01910123205C2A46FAF703
:10E55000F9FB002814BF0123002389F8003005D1FE
:10E560003388B3F5807F01D11D4B1880404607B03A
:10E57000BDE8F08F680513D5059114F09EF8059954
:10E58000012203460092CDE901113A460720FDF72A
:10E590009BFC4FF480630546002DB3D1013687E71D
:10E5A000104B18880028F9D0EA05F7D5394613F042
:10E5B0001AF80C4B1D880A4B1D804FF48073EBE753
:10E5C0004FF00008D2E700BFF2420020F0420020E6
:10E5D00034350020B944002041E30100C816002072
:10E5E000F4420020F6420020834500201D16002042
:10E5F0008642002030B501F0400387B0002B4FF079
:10E600000402054614BF012400248DF80C208DF867
:10E610000D1004D004A914F004FF40B304ABCDE9FD
:10E62000004303AA02230121284615F083FA044679
:10E63000F8B1114B1B78033B012B04D80F4BB3F8F7
:10E64000681012F0D0FF4FF6F7739D420AD90023ED
:10E65000322202212046FDF77FFA80F00100C0B28D
:10E6600007B030BD2946204613F094FFF5E701209E
:10E67000F6E71820F4E700BFFF4400206C3A0020C2
:10E6800010B5FFF7A1FC04F0E1FE13F081FD0020BE
:10E6900014F0BEFEFAF716F908B1FCF7D1FA1F4CD8
:10E6A0002378532B10D1032300210120237013F072
:10E6B00026FE0020F9F7A0FA10B1002013F077F839
:10E6C000BDE8104011F0BEBA062B01D0212BF0D1CD
:10E6D000012013F0E0FD4FF6FE7013F037FB4FF60C
:10E6E000FF7013F050FB0020FDF75EFE0020FDF7E9
:10E6F00089FEFDF7DBFD00F061FB11F0A6FA23783F
:10E70000212B02D1FDF7B8FBD3E70020FBF764FD16
:10E7100000214FF4004014F068FCCAE7FE440020DA
:10E7200010B50A4C0A48FBF735FC2378062B02D1BA
:10E73000012013F0B0FD2378062B01D0532B03D119
:10E74000BDE81040FFF79CBF10BD00BFFE44002095
:10E75000541400202DE9F84FDFF8CC8004460E4613
:10E760001746FFF731FC98F8005015B97020BDE846
:10E77000F88F212DFAD0DFF8B49099F80030012BF2
:10E7800001D1A306F2D4274813F03CFA0028EDD1BA
:10E7900014F02004DFF898B0DFF898A005F00F051A
:10E7A000394630461BD010F099FD012D8BF80070D2
:10E7B000AAF8006033D1212388F80030FFF760FF0A
:10E7C0000020D4E7212388F80030FFF759FF00210B
:10E7D0004FF6FE70FDF7A8FFFEF7C4FAF0E710F061
:10E7E0007CFD012D8BF80070AAF80060EAD00623AA
:10E7F00021464FF6FD7088F80030FFF7FBFE99F8D0
:10E8000000300848033B40F6020240F22621012B6B
:10E8100088BF1146FBF722FB002CD1D1D7E7532349
:10E82000E6E700BF54140020FE440020FF4400200F
:10E83000A0450020C01500202DE9F3410F46511CD2
:10E84000C9B205463846FBF7C7FA0446384612F007
:10E8500093FF0646023012F046FE414B1B78022B16
:10E86000804604F0400202D0043B012B06D83D4B09
:10E870001B68580205D5A10603D48AB302B0BDE8CF
:10E88000F0816AB3384A1278D11E01291CD8374B5F
:10E89000B3F86830AB42F1D173781F0719D5304611
:10E8A00015F0ABF93249082215F058FBB0FA80F0A8
:10E8B00040090028E2D00122294604F0200002B0DD
:10E8C000BDE8F041FFF746BF022AD7D1DB01D5D41E
:10E8D000E2E713F02FFAA0EB080670427041E8E778
:10E8E000214B1B78013B012BC8D87378D906C5D5BD
:10E8F0006946384615F08EF96946002008F0E0FBBD
:10E90000FF2806460BD0A20601D413F063FD304663
:10E9100008F084FB04F0BCFD304614F017FE2846D6
:10E9200013F072FBFF280DD0FCF792FB14F02006C9
:10E9300008D113F0FFF928B1334602226946284670
:10E9400005F0B4FE13F0F6F9002897D1A30695D48C
:10E950004FF6FF730222694628460EF022FE8DE72D
:10E96000FE440020A4360020FF4400206C3A002022
:10E970007445002038B504460D4608F0D1FBFF2849
:10E98000034615D00B4A127842B10B4A32F81020D8
:10E99000520403D514F0DAFD002038BD184613F0F8
:10E9A00019FD45F040012046BDE83840FFF722BE82
:10E9B0000120F2E7FA4400208642002038B50546DF
:10E9C00012F0DAFE0446284615F0D8F8411CC9B208
:10E9D0002846FBF701FA42060DD563781B070FD5D1
:10E9E000204615F00AF90146002008F069FBBDE851
:10E9F000384014F0ABBDBDE838400248FFF790BE88
:10EA000038BD00BF5414002038B54FF6FF75A8423A
:10EA1000044617D013F0ABF9A04213D00A4B198863
:10EA20004FF6FD7291420DD9084A1288AA4201D0D0
:10EA3000A24207D11C800648BDE838404FF47A71E5
:10EA4000FBF70CBA38BD00BFAA150020C215002084
:10EA50003036002008B50448FBF79CFA034B4FF60C
:10EA6000FF721A8008BD00BF30360020AA150020B2
:10EA7000024A13780BB1013B13707047ED4400203C
:10EA800008B513F080F9064B00214FF6FF720846D7
:10EA90001A80FDF7DDFCBDE808409A200EF01CBE90
:10EAA000AA15002008B5FBF775FA0A4B1B78023B44
:10EAB000032B08D8084A10884FF6FE7398424FF689
:10EAC000FF7301D1138008BD9842FCD0BDE8084017
:10EAD000FFF7D6BFFE440020AA15002010B5084B52
:10EAE0001B78042B0AD013F025F9002104460846B0
:10EAF00013F08EFC231A5842584110BD0020FCE749
:10EB0000FF440020F0B589B000260546CDE9056632
:10EB1000ADF81C6015F032F80A2302460446009650
:10EB2000294605A812F0ADFF9DF815309DF8147028
:10EB30001F2B27D803A813F0D7FB08220DF11601CD
:10EB400003A815F00BFA0646E0B9092F1CD1FFF710
:10EB5000C5FFB8B1154B1B78A3B1154B1A884FF6FA
:10EB6000FD739A420ED9134C134A23780433DBB257
:10EB700023701278013AB3EB820F03DD58B20EF026
:10EB80004CFF267009B0F0BD04F10A01C9B2284655
:10EB9000FBF722F913F06AFC04F10B01C9B2284615
:10EBA00012F0BCFFFFF730FFECE700BF1E1600209D
:10EBB000AA150020ED4400200516002038B5134B9F
:10EBC0001B78033B012B20D9114B1B784FF6FF71AB
:10EBD000ABB1104D2B888B4217D113F0C8F84EF60D
:10EBE000602104460C48FBF739F94FF6FE732B8081
:10EBF00022460021BDE83840092013F045BC074AF1
:10EC000013888B421CBF0133138038BDFF440020A2
:10EC10001E160020AA150020303600209442002045
:10EC200010B5044661B1FF2112F047FD00212046D6
:10EC300012F049FD12F0F8FB0146204612F049FDA2
:10EC400021460348BDE81040002212F0EABD00BF93
:10EC5000FA4200202DE9F0410D461746044612F015
:10EC60008BFD067828460AF0C5FB294680462046DB
:10EC700012F0B9FC13F05EF8A84206D1204601213B
:10EC8000FFF7CEFF0120BDE8F0812846B8F1000F64
:10EC90000BD00AF03DFC58B915493A462046097890
:10ECA000BDE8F0410023FCF757BF14F0DFFBF2E7AB
:10ECB00006F00306012E08D013F03CF8002322468C
:10ECC000294602F05DFE0028D8D1204612F047FC0C
:10ECD000430505D520460021BDE8F04113F017B9E2
:10ECE000204614F086FBB0FA80F04009CBE700BF65
:10ECF0000316002010B586B0044614F03FFF104BF9
:10ED00000246186819790290D3F805005B7A8DF8ED
:10ED10001430013200238DF80C100490009321462A
:10ED20000523D2B204A812F0ACFE052204A902A861
:10ED300015F014F9B0FA80F0400906B010BD00BF1C
:10ED4000F4F5030008B50748FBF724F9064B1B78D8
:10ED5000033B012B05D80021BDE808400846F9F720
:10ED6000CDBF08BD74140020FF44002008B5114831
:10ED700012F027FF104B1B78012B06D8FF2009F05B
:10ED800015FCFCF7ADFD08F0BDFCFCF7C5F902F081
:10ED900047F9FFF731F915F0D6F80BF0D7F8FCF783
:10EDA00059FF0AF0E9FE10F09DFABDE8084003F0B3
:10EDB000E9B800BF2C3B00200416002008B5F0F78E
:10EDC000A3F9FF2803D0094B1B78012B06D900209B
:10EDD00009F0ECFBFCF784FD08F094FCFCF79CF9CF
:10EDE00002F01EF9BDE8084003F0CCB8041600207C
:10EDF000064B1878112806D000F0FD00A0F1410361
:10EE00005842584170470120704700BFFE4400201F
:10EE10002DE9F0410446FCF70BFD18B10026304601
:10EE2000BDE8F0811D4B1B78033B012B09D81C4B1F
:10EE3000B3F868104FF6FF739942EFD0204612F0F6
:10EE4000D2FB184A0123128802212046FCF784FED7
:10EE500006460028E2D0204612F08EFC90F807808B
:10EE60000546043012F03FFB074612F063FF4146AF
:10EE700002463846FCF7F4FCA81C12F034FB4FF6AF
:10EE8000FF73984202D12046FFF7D8FA2B789B07F0
:10EE9000C5D101212046FFF7C3FEC0E7FF44002093
:10EEA0006C3A0020F84200202DE9F04F85B0002593
:10EEB0000746039512F060FC0646043012F013FB7F
:10EEC0008046B01C12F00FFB337800930446404696
:10EED00008F026F9824640460AF08CFA3378BAF1F7
:10EEE000FF0F0CBF83464FF0010B9A070AD112F0B7
:10EEF00021FF404514BFD9464FF00109B3791BB932
:10EF00000320B8E0A946F9E712F014FFA04205D1AA
:10EF100012F010FF0446994B1B7836E0984B1B7893
:10EF2000052BF8D0033B012B03D8964BB3F8684070
:10EF3000F1E7204614F0B0FA737840B313F00402FE
:10EF4000DFF838820BD198F800301A44D2B221464B
:10EF50003846FFF77FFE0028D2D000208BE03846ED
:10EF600014F0CEFD014605463846FAF735FF421C3F
:10EF7000520002F0FE022946384613F0CBFA7378AD
:10EF800023F00403737098F800300022DDE75B077C
:10EF900026D5384614F0B4FD014606463846FAF741
:10EFA0001BFF06F101095FFA89F982464946384696
:10EFB000FAF712FFDFF8C481BAF1000F01D0FF2881
:10EFC00005D1002249463846FAF71AFFDBE7B11CA3
:10EFD00001EB4001C9B2384612F0A0FD0446D2E769
:10EFE00003AA02A9204614F08FFB0546B9F1000FD1
:10EFF00049D0009B03F0C003802B0ED1FF23204695
:10F000008DF809300AF0BAFFFF281BD00DF1090274
:10F010000DF10A010BF096F914E0402B33D19DF865
:10F02000083083B3FF2320468DF809300AF0A6FF8D
:10F03000FF2807D00DF109020DF10A010BF082F94A
:10F0400003281BD1337803F03F033370404614F09C
:10F0500023FA10B912F06EFE804642460021204687
:10F0600008F066FE00283FF44BAFC822072138465F
:10F070000AF0BAFD012005B0BDE8F08F9DF8093017
:10F08000FF2BDFD12546039838B99DF80820002AC8
:10F0900062D13A4B2C461B7857E709F04BFA039A9A
:10F0A000FF281279034608D1CDE9002040F2BF11B4
:10F0B0003548E6F78BFBDDE90023B9F1000FE4D01A
:10F0C00002F03002102A0AD0202ADED1BBF1000F54
:10F0D00024D05146184609F031FC0028D5D1DFF87C
:10F0E000AC9099F80030012B45D0204610F088FDF7
:10F0F00028B9F3792A462146404614F088FAA542F9
:10F1000012D1039A137923F00C0313719DF8083080
:10F11000ABB91A4B1B782C46302216E7039B1B79A0
:10F1200013F00C0FDBD1B0E799F80030022BE8D0D8
:10F13000039A137923F00C0343F00403E5E701215C
:10F14000204612F0DBFF20B920460AF017FFFF2807
:10F150000FD00A4B1B78DFE70121204612F0CEFFCB
:10F1600000287FF4D8AE20460AF008FFFF287FF47D
:10F17000D2AE02207FE7A542D9E700BFF8420020C7
:10F18000FF4400206C3A00200FF70300A445002044
:10F1900038B50D4B1B78033B012B04460D460FD9A8
:10F1A00000F108039BB2012B0CD812F0C3FD2946D5
:10F1B0000246204608F0BCFD80F00100C0B238BD18
:10F1C0000120FCE77020FAE7FF4400202DE9F04120
:10F1D000064610460D4614F0D1FCA0F11004E7B22B
:10F1E00056FA84F4EA1B214604F10E0014F0C6FE20
:10F1F0002823F355DFF8408098F80030637301F05E
:10F2000021FF611C0246012012F073F9094908220E
:10F21000601D14F0B3FE98F8000013F054FF05F1E0
:10F220000E0130463B460022C9B201F0B7FF122062
:10F23000BDE8F08174450020F94400202DE9F04F2D
:10F2400089B0044612F098FA0546204612F0F7F904
:10F250000746281D12F047F98146A81C12F043F911
:10F260008246384695F807B014F016F92B780390CB
:10F2700099076CD12146042002F098F8002866D046
:10F28000204614F07BFC01462046FAF7A5FD8207D4
:10F290005DD1204614F072FC01462046FAF79CFD31
:10F2A00010F00303049352D12046FFF723FD0028FA
:10F2B0004DD0204614F059FD00F1010806462046C5
:10F2C000FAF7B6FB5FFA88F808F10A03834280F286
:10F2D000A580544A1068516806AB03C3B11CC9B27B
:10F2E0002046FAF779FD414605902046FAF774FD6D
:10F2F000059B06F10B0100EB03201FFA80F8C9B251
:10F300002046FAF769FD049B0590F21CD2B2214613
:10F31000009306A8082312F0B4FB204612F08FF9E0
:10F32000059A414610F098FC012206A9404601F0DA
:10F330007DFB002872D102200AF0ACFD02200AF009
:10F34000A9FD013003D106A94046EFF7CFFD12F029
:10F35000F1FC48453A46594608D112F0FDFE002816
:10F360005CD109B0BDE8F04F01F056BB484612F041
:10F37000F3FE002852D12C4B1B781BB93946484666
:10F3800013F0E2F83A4659464846FCF769FA002875
:10F3900044D0297811F0030102D12046FFF740FC48
:10F3A000AB79002B3AD0214B1B78033B012B35D98D
:10F3B0006B78DB070DD550462E7A13F02BFF10B378
:10F3C000F30803F01C0326F01F06334343F0010348
:10F3D0002B724FF6FF71204612F005F9039BDBB943
:10F3E000E6F74EFB00F03F02002302212046FCF727
:10F3F000B3FB4FF6FF739A4510D1204609B0BDE824
:10F40000F04FFFF71BB806F01C031C2BE1D0042BB8
:10F4100004D9043E2E72DCE70022E5E709B0BDE81E
:10F42000F08F00BF2EB60300F5440020FF440020FB
:10F430002DE9F04385B005460C46174612F099F8C1
:10F440000C2828467CD112F097F909220021F8F700
:10F450006DFF00F110010646C9B22846FAF7BCFC60
:10F46000042854D006D8012810D002281DD005B099
:10F47000BDE8F0837C28FAD101212846FAF746FB43
:10F48000214605B0BDE8F0430EF07EBA44B9132121
:10F49000284612F043FB05B0BDE8F04312F073BC00
:10F4A00005B0BDE8F043FCF7FBBEA24B1B78013B67
:10F4B000012BDCD806F11301C9B22846FAF78CFCFF
:10F4C00044EA000212F0FF0411D106F11101C9B2A1
:10F4D000284612F023FB2946064613F0E2FD224699
:10F4E0003146102005B0BDE8F0430FF0B4BE002453
:10F4F00008232946009415220DEB030012F0C1FAEF
:10F5000002A9204607F0DCFD14F020F8AFE78A4B93
:10F510001B78022BABD144B9FEF766FDC2070AD5B2
:10F52000FEF700FD002F08BF3124204605B0BDE8DE
:10F53000F0430EF053B9FEF73DFD0028F0D0F1E79F
:10F5400012F01AF98046043011F0CDFF074608F199
:10F55000020011F0C8FF4FF6F773984206460CD828
:10F56000764A138801339BB213800BB9744A138017
:10F570001CB1734A13880133138098F8009009F086
:10F580000309B9F1010F40F08580284614F0F6FA1E
:10F5900001462846FAF720FC043809283FF667AFF1
:10F5A00001A353F820F000BFD1F501006FF4010072
:10F5B0006FF40100F5F501006FF401006FF4010034
:10F5C0006FF40100DDF501006FF40100DDF50100CD
:10F5D000284605B0BDE8F043FFF7F0B9554B1B785E
:10F5E000042B7FF444AF0021084605B0BDE8F0438A
:10F5F000F9F784BB4F4B1B78013B012B3FF637AF2C
:10F60000404614F0FAFA4F4B00275B89ADF80830FA
:10F610008DF80A70014600283FF429AF384607F0FC
:10F620004FFD0646284614F0A9FA421C0323009712
:10F63000D2B2294602A812F024FA3F4B1B78022BC3
:10F640009DF80A301AD11C43E4B2BCB9FF2EBDF8B4
:10F6500008400AD03C4A32F8163023F4806322F87E
:10F6600016302146304613F051FF204614F02DF895
:10F670000022214610200FF0EEFDF8E6022B3FF4A9
:10F68000F6AE2BB9304B33F816305B053FF5EFAED5
:10F69000304639E7B9F1000F7FF4E9AE214628463C
:10F6A00003F0DCFF002C3FF4E2AE4FF6F7739E420E
:10F6B0003FF6DDAE98F8015015F00405304620D134
:10F6C00014F050F8044630467CB113F0CFFE0346E8
:10F6D000F0B900900C223146384613F083F80C2222
:10F6E000002300933946304608E013F0BFFE03467E
:10F6F000B8B9164A009012783146384613F072F8BD
:10F70000B5E613F0B3FE034678B900900B22F3E799
:10F71000062200952B463146384613F063F8062240
:10F72000DEE7009423460622E6E7CDF800904B463C
:10F73000F9E700BFFF440020FE4400209C42002067
:10F740009A420020F4F50300864200204216002071
:10F750002DE9F04F05888BB00446284612F00CF8CE
:10F760000746043011F0BFFE0090B81C11F0BBFE3C
:10F7700005A90190284614F04DFA284614F0FEF928
:10F78000014606462846FAF727FB3B78029003F02D
:10F790000303012B0CBF82464FF0FF0A0DF05DFC06
:10F7A000637AB4F806B0DB07814647D412F0C2FA98
:10F7B000009BC01AD0F1000848EB0008FB790098C4
:10F7C000039301F061F800283BD1019801F05CF847
:10F7D00000284CD1FCF704FBA9EB0B0B1FFA8BFBA9
:10F7E0008146FAF7C7FD002847D1FFF701FB002843
:10F7F00043D1A24B1B78033B012B45D8BAF1060F2E
:10F8000000F0BE80BAF1040F00F0BA80FFF7F0FA02
:10F8100020B1029B03F00303012B35D0FAF72EFD34
:10F8200028B9974B1B7803F00F03062B71D1954B2A
:10F830002846B3F8681011F0D6FE25E04FF0010815
:10F84000BCE7284611F098FF023011F04CFE4FF64D
:10F85000F773984206D9039B23B92846FFF74AFA63
:10F860000028B2D1A37823F00F03A37053E00198CE
:10F8700013F012FE0028ADD1F4E7A9F104095FFAF4
:10F8800089F9B9F1020FB4D8BAF1010F40F09F80A5
:10F89000284611F092FE4FF6FF73984268D100237C
:10F8A00007AA3146284613F073FE07460028D9D030
:10F8B00042799DF82530934209D9711DC9B2284675
:10F8C000FAF79EFAA37823F00F030233A370E6F74A
:10F8D000D7F87E23B0FBF3F202FB130303F580732A
:10F8E000A3809DF8263013F0180F0AD0A3781907CB
:10F8F00007D1B8F1000F04D17A79009805A90DF06D
:10F900008EFF9DF82700003818BF01200BB0BDE81E
:10F91000F08F2823A3800020F8E7584B1B78033B87
:10F92000012B5CD940F6B8339B459BD8E6F7A8F885
:10F9300000F03F00C0F5FA70FF23A0808DF813306F
:10F9400007A900230DF113008DF81C30FBF7ECFF25
:10F95000F9790546009812F0F3FB002D82D09DF84E
:10F960001C20013A032A7BD8DFE802F0807A697D07
:10F97000019A4FF6F7739A4223D87B78DA0720D49E
:10F98000284611F01AFE12F0CBF9012808BF3E4BB1
:10F99000A27801BF1B7803EB830303EB83039B0077
:10F9A00006BFFA339BB2FA2312097FF45BAF5B45C3
:10F9B000FFF458AFE6F764F800F01F001030A080A5
:10F9C00054E02E4B1B78033B012BABD8D8E7019AB0
:10F9D0004FF6F7739A42A0D87B78DB079DD4BAF133
:10F9E000020F55D1012307AA3146284613F0D0FD56
:10F9F000804612F09FF9BDF82230984238D1B8F114
:10FA0000000F3FF42FAFB8F80230012231462846EC
:10FA100008F012FB1D4A13780133DBB2FB7113703F
:10FA2000B8F80230BDF81E209A421FBFA37823F019
:10FA30000F030233A3704FF4C873A38016E0B8F12C
:10FA4000000F13D100283FF40DAF426801323FF49C
:10FA500009AFC2789DF813309A42BFF403AF05E0B6
:10FA6000B8F1000F02D1A2781209EBD101204DE7C5
:10FA7000184613F011FD0028C1D181E7FF44002092
:10FA8000FE4400206C3A002015160020FC440020A3
:10FA9000BAF1030F7FF474AFB8F1000F3FF470AF09
:10FAA000711CC9B22846FAF797F90C287FF468AFA1
:10FAB000FBF72CFD4FF6FF73984201463FF460AF11
:10FAC000284611F090FD5BE72DE9F34104460088DC
:10FAD00011F052FE0546043011F005FD0646A81C43
:10FAE00011F001FD07460DF0B8FA05463046B4F8AE
:10FAF000068000F0C9FE064648B9384600F0C4FE4C
:10FB000058B9194AA3781278033A012A0BD8A37876
:10FB100023F00F03A370002621E0384613F0BCFC4D
:10FB20000028EED1F3E71B09F1D1A5EB0805ADB232
:10FB3000B5F5C86FEBD80DF1030101AA3846019362
:10FB400013F0E2FD9DF80350014645B94FF6FF73EF
:10FB5000984204D0208811F046FD0126A580304649
:10FB600002B0BDE8F08100BFFF4400202DE9F04164
:10FB700005460C4611F0FDFC082802D10120BDE825
:10FB8000F081201D11F0AFFC0646284694F807804E
:10FB900011F055FD0746284611F0E1FC010612D58B
:10FBA000184B1B78042B0ED1174B1B78022B0AD154
:10FBB000164BB3F868204FF6FF739A4203D000212A
:10FBC0000846F9F79BF8124B1B78002BD6D1A01CE6
:10FBD00011F089FC4FF6F773984202D86378DA0780
:10FBE0000DD523789B070AD13A464146304612F09C
:10FBF000B3FA80F00100C0B200F00100BFE70120BD
:10FC0000FAE700BFFF440020FE4400206C3A0020C9
:10FC1000A64500202DE9F04F99B0044611F0A9FC4B
:10FC20000546204611F0A5FC08283DD110220021F0
:10FC3000204612F06FFC2046F9F7DEFE054620460E
:10FC4000F9F7F6FEC1B22846FAF7A8FDADF8524022
:10FC50008DF8510048B92046F9F7CEFE01460DF166
:10FC60005100FAF7D5FD8DF85000BDF8502048F24C
:10FC700001039A4202D120460FF036FB9DF8513025
:10FC8000402B05D120460FF02FFB19B0BDE8F08FB7
:10FC9000802B03D014A80DF091FEF6E714A80FF006
:10FCA000D5FF0028F6D0F0E7204611F0B5FCB0F5FE
:10FCB000006F40F0FC80204611F0C1FC0646042D88
:10FCC00040F0F880204611F04AFC80F40060C0F358
:10FCD000C0200022314640000FF0BDFA904B1A7848
:10FCE000022A0DD0FFF784F850B902F0FD03312B42
:10FCF00006D0043A012A03D98A4B1B78002BC4D0C2
:10FD00002146022001F052FB04900028BDD020467D
:10FD1000ADF83A4011F030FD0446BDF83A0011F05C
:10FD20008EFC0546201D11F0DEFBA31C8346184601
:10FD3000029311F0D8FB0FA90646BDF83A0013F064
:10FD400069FF63780590BDF83A002778089313F0AF
:10FD500015FF63780B938246284609F04BFB07F0AA
:10FD60000307012F0CBF032302230D936E4B0C904E
:10FD70001D80237803F03C030CBF4FF00B084FF0BD
:10FD80000A08082B81D1BDF83A00F9F751FE504519
:10FD90007FF67BAF012F03D0237898077FF475AFF0
:10FDA000624BB3F86830AB420DD1614A614BB2F996
:10FDB000001093F90030002900F0A18001EB03133B
:10FDC000A3EB21131380AAF11003DBB206938DF885
:10FDD0003930BDF83A100DF13903102240460DF0CC
:10FDE00008FC00283FF451AF089B13F0020309936D
:10FDF00000F00D81504B1B78002B3FF446AFBDF84F
:10FE00003A80404613F0BAFE4FF000090790404692
:10FE1000CDE91499CDF85890ADF85C9011F00FFC35
:10FE2000079B029003F10E0189B2404613F079FE60
:10FE300000286ED00E23079ACDF80090414614A8F2
:10FE400011F01FFE0DF15101012011F060FB9DF832
:10FE50005D3003939DF850300A90282B59D13749D3
:10FE600008220DF1550014F079F8002851D00398BC
:10FE700013F029F9002867D1314B039A1B78D31A64
:10FE8000190646D404F060FC01283AD12D4E0DF03D
:10FE9000E9F83468054624B104F05CFC2C1B84426C
:10FEA00037D30021084612F02AFA356031E04FF6C8
:10FEB000FD7604E74FF6FF70301A18BF01200022CC
:10FEC000314640000FF0C7F90C2D0DD1214601201D
:10FED00001F06CFA00283FF4D8AE2146002019B09A
:10FEE000BDE8F04FFDF720B92DB9204619B0BDE8A7
:10FEF000F04FFDF799BD042D7FF4C7AEEEE61B026F
:10FF000060E704F021FC022803D104F0FFFB002885
:10FF1000BCD00299002219200FF09DF9B5E600BF70
:10FF2000FE440020A6450020164300206C3A002025
:10FF3000EA420020A2450020FA4400207445002037
:10FF4000F9440020583B002001230093079A4B46B8
:10FF50001021404612F0E4FE0028DAD0BE4B039A8E
:10FF60001B78934240F0A78002990DF1550211A829
:10FF700009F028FA012111A809F0A0FA48F20301BA
:10FF8000814611A809F0A6FBB9F1000F03D00821A2
:10FF900011A80FF018FE404613F00EFE02990DF165
:10FFA0005500FBF753FBFE288146B2D0FF280AD14B
:10FFB000029812F029F8FF28814600F084800DF1A4
:10FFC0005501FBF7BDF9A44B039A1B78934200F04F
:10FFD000A0800A994846FBF71FFB00283FF455AE66
:10FFE0000A994846FBF72AFB23789A070FD1404627
:10FFF00013F0C4FD01464046F9F7EEFE00F00300A1
:020000022000DC
:10000000012804D102980DF15501EEF76FFFBDF8FC
:100010003A0011F0A4FA030440F18280204611F066
:1000200062FA40F4007189B2204611F05EFABDF820
:100030003A0000224FF4004111F082FADDF81080FE
:10004000BDF83A100D980DF1390310220DF0D1FAD8
:1000500000283FF41AAE032865D1204611F043FA78
:1000600040F4007189B2204611F03FFA284613F09F
:1000700013FA002840F0BA80DDF81080012F40F01C
:10008000BB80BDF83A10032001F090F9002840F041
:10009000B3805146BDF83A00F9F79EFE0F2801469D
:1000A0007FF6F3AD4FF6F7739E423FF6EEAD28466E
:1000B00012F094FAE9E50399012003F075FC002899
:1000C0007FF452AF25E7237803F00303012B08D117
:1000D000404613F053FD01464046F9F77DFE0828DF
:1000E00095D05E4B1A785E4B1B789A4209D20DF17F
:1000F00055010298FBF7D8F8029811F085FF814668
:1001000061E7A01C11F0EFF94FF6F7739842EED9B2
:10011000FFE64846FBF70AFB00283FF45AAF5FE7CB
:100120004FF000088CE7284613F0B6F90028A5D058
:10013000099B002B5CD1B8F1000F57D1012FBDF8FE
:100140003A009ED05146F9F747FE8146DFF82081FC
:1001500098F80030002B5AD011F0ECFD86427FF465
:1001600094AD012F40F08D80B9F1070F00F282802D
:10017000B9F1050F7FF689AD3A4B1B78022B02D0FF
:10018000043B012B03D898F80030002B46D00B9B82
:10019000980640F1C4800C9B002B40F0BC802846A0
:1001A00006F0BEFFFF2840F0B6805D457FF46DADE0
:1001B000059B002B00F0AD800FAB46F20402012638
:1001C000ADF8502001930096022314AA3146284628
:1001D00013F0B0FC044600283FF457AD294611F057
:1001E00002FA3146204611F092FE4EE5DDF810800D
:1001F000284607F07BFD41E7BDF83A005146F9F784
:10020000EBFD099B814613B9B8F1000F9ED0154B49
:100210001B78022B02D0043B012BB8D8284600F0F3
:1002200033FB804600287FF430AD11F083FD85421A
:1002300031D10D4B1B78033B012B28D80B4BB3F866
:10024000684011F077FDCDF80080014643460D224D
:10025000204612F0C7FA18E5F9440020F8440020BF
:1002600016160020FE440020FF4400206C3A0020B7
:10027000FA440020A9F10E03DBB2012B7FF67CAF1C
:1002800003E509F00303012B7FF4FFAC74E70120C1
:1002900000F098FBF9E4284613F0FEF858B911F085
:1002A00066FD4FF6FF73984205D0F8F70BFB10B9C7
:1002B0002846FAF79FFF284613F0EEF880B111F0B8
:1002C00056FD4FF6FF7398420AD0F8F7FBFA38B99B
:1002D000012F02D1B9F1060F02D0284607F074FAB7
:1002E000059BA3B919460122584600F09FFB8046A2
:1002F00000287FF4CAAC204613F07FFC424601463A
:10030000304600F093FB00283FF441AFBDE40FA955
:10031000E9E7059B51E7637823F0200363704FF60C
:10032000FC739E4274D1B54B1B78033B012B7FF6C7
:10033000ACACA3790BB1013BA3716378590727D506
:10034000002314AA11A95846149313F0DDF9149848
:10035000F0B108F0EFF88046304606F0E1FE149A5E
:100360001379014603F03000102806D003F00C008A
:1003700008281CBF23F00C031371137903F0330317
:10038000202B05D1FF2903D00122404608F09EFA18
:10039000284606F0C5FEFF281EBF994B002243F8F1
:1003A0002020089B03F001084FF6F7739E4200F2ED
:1003B0000181B8F1000F40F0D7802946584612F06D
:1003C000C3F811F0B7FC864200F00181304613F00B
:1003D00063F8002848D0012F30D1B9F1010F20D1A6
:1003E000BDF83A004246514607F082FE304613F00F
:1003F00053F8844B1B78002B6AD1584613F04CF805
:10040000002863D1304613F047F800285ED13CE461
:100410004FF6FD739E428CD1784B1B78042B88D10C
:1004200033E4304613F038F838B3B9F1030F24D170
:10043000BDF83A00514612F00DFA26E4304613F0AA
:100440002BF8304613F012F800283BD0BDF83A20C4
:1004500000233146584601F093FA98B3BDF83A00AC
:100460000021FEF7DDFB10E4304613F015F810B163
:10047000012FDAD0E5E7012FE3D1624B1B78002B87
:10048000BBD0B9F1050F23D111F054FC8DF8500009
:1004900011F050FC000A8DF851000123022214A92A
:1004A0000DF13A00F9F7F4FB00287FF4EEAB0AF106
:1004B0000101BDF83A00C9B2F9F77CFC03780133B9
:1004C000037005E04F4B1B78002B96D0012FD8D03E
:1004D00063785A070CD5BDF83A40204613F010FB5C
:1004E000411CC9B22046F9F765FC0378013B037053
:1004F000424B1B78033B012B2FD8012F06D1B9F1BA
:10050000050F1FD111F016FC834522D1BDF83A002A
:10051000FEF7CAFC02281CD114AA0021584608F094
:1005200055F930B10379458003F03C0343F04003B3
:1005300003710023344A009312783146584612F072
:1005400051F906E0BDF83A00FEF7AEFCB9F1030F31
:10055000E0D1002231461C20DEE4BDF83A00FEF76F
:10056000A3FC012FD6D1F1E7012F40F0BF8009F1A4
:10057000FF330C2B00F2AE8001A252F823F000BF33
:10058000D7050200D705020031040200ED05020084
:100590000D0602003506020057060200830602001F
:1005A0009906020099060200A5060200BD06020097
:1005B000C9060200012F00F0A080B8F1000F40F042
:1005C0009580BDF83A00FEF739FEFFF75EBB012FBC
:1005D0007FF444AFCBE7A9F102035A42BDF83A00D9
:1005E0005A41514607F084FDFFF74FBBBDF83A1062
:1005F00052465846FEF720F9FFF747BBFF4400205C
:10060000343500201C160020421600200AF101019A
:10061000BDF83A00C9B2F9F7DFFB0AF10203DBB219
:10062000024600930FA9BDF83A30584609F0EAFD9A
:10063000FFF72BBB424B1B78013B012B3FF625AB51
:10064000069B0093BDF83A2023460121002011F0BB
:10065000F4FDFFF71ABB3A4B1B785A1E012A07D943
:10066000069ABDF83A100120FCF744FCFFF70DBBD9
:10067000022B7FF40AABF9F77DFE0028F0D1FFF7DB
:1006800004BBBDF83A0006F0A3FEFFF7FEBABDF8C2
:100690003A00FEF737FA94E7BDF83A00FEF732FA6F
:1006A000FFF7F3BA264B1B78013B012B3FF6EDAA6F
:1006B000BDF83A00FDF77CFDFFF7E7BABDF83A0058
:1006C000FDF7C6FDFFF7E1BABDF83A000FF0B8FA42
:1006D000FFF7DBBABDF83A105346224648460FF002
:1006E00083FA00287FF4D1AA4946E0E4237A03F094
:1006F0000303012B7FF4C9AA63E709F1FF330C2B35
:100700003FF6C3AA01A252F823F000BFD7050200AA
:10071000D705020031040200ED0502000D060200BB
:100720003506020057060200830602008F0602000B
:100730008F060200A5060200BD060200C9060200DF
:10074000FF44002010B51248002111F0D6F80446ED
:10075000E8B110F09DFF0F4B1870204610F09DFF80
:100760000D4B1870204610F09EFF0C4B1870204661
:1007700010F09EFF0A4B186001200CF089FC204607
:10078000FFF748FABDE8104000200CF081BC10BD16
:10079000B4420020A3450020A2450020A14500202E
:1007A000503B002070B5164E336804460D46E3B149
:1007B00010F0DFFE0C2818D1204610F0DDFF0922D2
:1007C00000210446F7F7B2FD235C042B0DD10D4B3D
:1007D0001B78033B012B08D80B4C25B10B4B22781F
:1007E0001B789A4203D300232370002070BD084871
:1007F0003168F9F733FB2378013323700120F5E7E3
:10080000543B0020FF440020A54500204116002055
:1008100074140020014B93F901007047EA42002054
:10082000014BB3F8680070476C3A002070B5124D68
:1008300000242C70EEF7F6FBE6B2B04212D80F4B54
:100840001B78013B012B04D800214FF6FF70FBF70A
:100850006BFF0B4B00221A700A4B198801B11A80EA
:10086000012070BD304606F0EBFCC30742BF2B7879
:1008700001332B700134DDE7F7440020FF440020F2
:10088000EE4400209642002038B50B4B1B780546FD
:1008900073B101335C08094B1888F9F7ADF80023F0
:1008A00030F81320AA4205D00133DAB2A242F7D3BE
:1008B000002038BD0120FCE7EE44002096420020D5
:1008C00030B5054685B008460C4612F0A6FDFF2857
:1008D0000CD011F0F2FE01220021CDE901120346F5
:1008E000009221462A460720FBF7EEFA284606F03A
:1008F00017FCFF2804460FD006F0A2FCC2070DD556
:10090000204606F09DFC830708D40B4A32F81430C9
:1009100043F4806322F8143005B030BD11F0CDFEF1
:1009200001220021CDE901120346009207202A4648
:10093000FBF7CAFAF0E700BF86420020431E9BB2D5
:100940004FF6FA72934270B504462AD8FFF79CFF1F
:1009500038BB194B1B78042B23D0204611F054FBD5
:10096000FF2801D0FAF774FB204612F0A6FE08B16A
:1009700007F0F6FD2046114E114D04F05DF92046BA
:100980000CF086FF317869B12888F9F735F805460B
:1009900001461E22023013F0F1FA2C8033781E2B10
:1009A00007D970BD2020F9F7EDF828800028EBD199
:1009B000F7E702333370F4E7FF440020EE440020F1
:1009C0009642002037B5134B1B78022B05461ED1EB
:1009D00011F0B0F9044611F0ADF9FFF7AFFF11F0D7
:1009E0006CFE11F0B3F9002011F055FC99200CF0C9
:1009F00073FE3DB1002300930D2221464FF6FD709A
:100A000011F0F0FE03B0BDE8304004F00DBF03B0BC
:100A100030BD00BFFF440020034B1B7813B90120F9
:100A2000FFF7D0BF704700BFF5440020F7B504467C
:100A30000D46174611F07EF90646002D49D04FF6B7
:100A4000FB739C4245D82046FFF71EFF30B1A642FB
:100A500004D1214B1B78033B012B3AD92046FFF7E9
:100A600013FF10B1012003B0F0BD20460EF03EFC94
:100A7000C0B1A642F6D01CB369462046F9F7A0FDE6
:100A80000246E8B90821684611F002F9C0B9082207
:100A90006946284613F062FA90B12946204611F0C3
:100AA0003CFEDFE7A642E6D10C490822284613F0B7
:100AB00055FA28B10120FFF785FF06F015FED1E7B2
:100AC0003FB121462846FAF759FC2146284604F052
:100AD000CFF80020C7E700BFFF4400207445002086
:100AE000044A13782BB1013BDBB213700BB9024AF5
:100AF00013807047EE440020964200200148F8F72A
:100B0000A1BD00BF964200202DE9F04780468CB081
:100B100017460D4661B903AE1B48DFF86CA00021F3
:100B200010F079FE4FF0000904461CB920461DE084
:100B30000E46F1E700222146CDF8009024233046EE
:100B400010F09FFF08224146304613F007FAA8B97B
:100B5000337C9BB96FB945B92A460B48214610F042
:100B6000EBFE0A4A1388013B138001200CB0BDE85C
:100B7000F0873B88B28953405B06ECD5214650464E
:100B800010F09FFE0446D0E7FE420020FC42002009
:100B9000024B1888003818BF01207047FC42002023
:100BA0002DE9F04397B04023064611A88946ADF8D9
:100BB0000E3004AC0EF0CCFB02238DF844302146FD
:100BC0000023304604936360F9F7FAFC05460028D9
:100BD00040F0868030460FF013F8804611F0AAF8F6
:100BE000002840F0AD8099F80130042B40F0AA8035
:100BF000554F3B78022B76D13B78022B7FD194E87E
:100C0000030003238DF8443012AB83E803009DF802
:100C10005130002143F0060310220DA88DF8513009
:100C200013F0C6F90DA911A80EF0F9FDBDF8463074
:100C300009A943F0040311A8ADF846300EF045FEB3
:100C4000102209F10A0109A813F088F9002870D1CF
:100C50003B78022B06D10DAA2146FF200EF006FE9E
:100C600000286AD14FF034093B78022B08D19DF857
:100C700051301B0704D40DF10E01204611F06CFF1A
:100C80004946204611F091FF2F464D4610238DF81E
:100C9000183004238DF81A30234603CB0022CDF8F8
:100CA0001B00CDF81F1006A80B218DF8197010F04D
:100CB0009BFD024638B1002F14BF012303232146B8
:100CC000304602F0AFFFB8F1000F09D0342D07D144
:100CD00006A82246314608F075FB06A80EF076FFFE
:100CE00017B0BDE8F08300952B4611AA294620468F
:100CF00001F09CFD00283FF47FAFAD27C6E7012B34
:100D000094D1124B1B6803F08403842B8ED10223F1
:100D100094E803008DF844301023ADF8463012AB50
:100D200083E803009DF8513043F002038DF8513001
:100D30007CE74FF03309AD2596E74FF0050993E7BF
:100D4000A327A3E7AA27A1E7B7440020A4360020E1
:100D50002DE9F0433648374D8DB0F9F71BF90CF00B
:100D600081F92B68C41A4FF47A73B4FBF3F4A4B27C
:100D700014B10CF077F928602F4FDFF8C0803B8862
:100D8000ADF80A3000233B804FF6FF7600210DF1CD
:100D90000A0010F0B2FD054658B9284B1B882BB14C
:100DA0004FF47A7122487143F9F758F80DB0BDE855
:100DB000F0834FF000092423CDF800904A462946DD
:100DC00003A810F05EFEBDF81A30A34294BFDB1AF0
:100DD0001B1B9BB2ADF81A30CBB910F0ABFFBDF8BE
:100DE000183003F04003184380B218B9322103A829
:100DF0000CF08DFDBDF818301B0602D508980EF0DA
:100E0000BBFCB8F80030013BA8F80030BEE79E42BA
:100E100028BF1E46012300934A462946242303A8DF
:100E200010F02FFE4A462946384610F0FAFCADE78E
:100E3000B03500205C3B0020FE420020FC42002038
:100E4000F0B52F4A0446516810688DB001AB03C35A
:100E5000A378012B50D11422002107A813F0A8F881
:100E6000D4F82110D4F81D0003AB03C3238819065E
:100E700044BF62680892DA050BD5221D08AE04F162
:100E8000140710685168354603C50832BA422E4629
:100E9000F7D1ADF8183013F0040318BFA369059318
:100EA000184B1B88ADF81A3010F044FFE0B906A9C2
:100EB00003A811F051FE0022242103A810F094FC95
:100EC0000446D8B10020FFF743FF0F480022214617
:100ED00010F0A7FC0D4A1388002001331380FFF7A0
:100EE00037FF00200DB0F0BD082201A903A813F0C0
:100EF00035F80028DFD0DAE77020F3E71820F1E7B3
:100F00002EB60300A4150020FE420020FC42002063
:100F1000F7B5044600200E46FFF71AFF104B1B885A
:100F2000A34202D8022003B0F0BD00210D480D4FAE
:100F300010F071FC002501460029F3D0A54208D12C
:100F40000024009424232246304610F09AFD2046C7
:100F5000E9E7384610F0B5FC01350146ECE700BF83
:100F6000FC420020FE4200200148F8F76BBB00BFA6
:100F7000FE420020014B1888704700BFFC42002051
:100F800030B5154A8DB051680546106801AB03C3F2
:100F900007A80EF0DDF9DDE9010108AC84E80300E3
:100FA00003238DF81C309DF8293003A943F0020378
:100FB00007A88DF829300EF032FC10B103200DB0D7
:100FC00030BD28686968234603C303A907A80EF04B
:100FD0000BFC0028F3D0F1E72EB6030070B50C46E9
:100FE00011460E4A2378127813F0200542EA0302D4
:100FF0000646227018BF611D082212F0BFFFD4F808
:101000000130B36023783373002D0CBF05200D2011
:1010100003F01803082B08BF013070BDFA4400200C
:1010200007B504231A460DEB03010120F9F72CF84C
:10103000019B034A1B03136003B05DF804FB00BF70
:101040009436002010B5064C2368C3F30B0313B984
:1010500004200CF042F82068431C236010BD00BF40
:1010600094360020014B1868704700BF943600206A
:1010700007B5064B0020186004231A460DEB030148
:101080000190F9F701F803B05DF804FB94360020F5
:101090007FB51123062201A90120F8F7F5FF084BBF
:1010A0009DF814201A70074B1B780BB1052B05D146
:1010B0000EF008F9012007B05DF804FB0020FAE704
:1010C000F9440020FA4400202DE9F04F0646CBB049
:1010D0008846008801211746F8F718FD2E4B318805
:1010E000ADF816003A4606A811F0EFFD0DF1280BF9
:1010F000C4195A464146308811F074FDE4B208EB39
:101100000003A34216BFA4EB08040446E4B205465C
:101110004FF004092346CDE900095A4601210BEBA3
:10112000050ACDF808B02D1B06A8EEF761F9EDB25F
:101130000BEB04030093019523465A463088414641
:1011400011F07EFD348839462046F8F745FE3946D1
:1011500000F0F8022046F8F753FE01213088F8F736
:10116000D5FC01234A46514680B10DF11600F8F72F
:101170008FFDBDF81620044601213088F8F7DAFC0F
:10118000B4FA84F040094BB0BDE8F08F3046F8F770
:101190007FFD0446F4E700BF744500202DE9F04FC1
:1011A000C9B0044688469246C118224A04A81F4680
:1011B000FFF714FFC519EDB208AB0293A5EB0A0BBC
:1011C000A8EB0A035FFA8BFB4FF00409A8EB0506B6
:1011D000DBB2F6B204EB0A020093CDF804905B4652
:1011E000012104A8EEF704F906F590730DEB030254
:1011F0005A44A2F5807208A8136844F80830E35DE9
:1012000023F00703E3552C443246214612F0F6FE44
:1012100008ABCDE9019308AA00230096012104A898
:10122000EEF7E6F8324608A9204612F0E7FE49B08C
:10123000BDE8F08F74450020F8B5064612F095FD24
:10124000811C054689B2304612F06BFCF0B1EDB15D
:1012500029463046F8F7C0FD1228074616D80C4B31
:10126000691C1C5CC9B23046F8F7B6FD2C44052F4A
:10127000E4B205D1052809D8064B1B5C1C44E4B236
:1012800021463046BDE8F84012F04BBC0020F8BDC6
:101290003AF6030034F60300F8B5054612F06EFC8A
:1012A0000446284610F068FAA11C074689B2284671
:1012B00012F037FC00283ED0002C3CD021462846B6
:1012C000F8F78AFD611C0646C9B22846F8F784FD86
:1012D0000F2E30D8194B9B5DE118731E89B2092B74
:1012E0000ED8DFE803F009050D0D120D0D181E1EB6
:1012F000C40644BF083189B2820601D5083189B2DB
:101300002846BDE8F84012F00CBC7B78DB0612D50D
:1013100001EB4001F3E700F01F0000EB4000014447
:10132000EDE71F2805D8092E06BF400080B2022035
:10133000F5E7C828E4D00020F8BD00BF4DF6030053
:10134000F8B5064610F018FA092200210546F6F70E
:10135000EDFF00F11004284610F0C5F8E4B207468E
:1013600021463046F8F738FD05463046F8F760FB71
:10137000BA05A0EB0403DBB20AD47C2D0AD0082DF9
:101380000AD8064A505D98428CBF00200120F8BD63
:101390001220F8E70320F6E7FF20F4E75EF60300EB
:1013A000014B1878704700BF4316002038B5114B29
:1013B0001B78044608469BB9012038BDA24205F1BE
:1013C00001050FD103EBC1035B6898470028F3D1F7
:1013D0001E2022464FF6FF710DF03DFF0020ECE786
:1013E000054B0025E9B213F83120002AE6D1144656
:1013F000EEE700BF4316002004F6030013B50023F8
:10140000ADF80430134B984221D10B88DA0702D58E
:10141000B72002B010BD9B0744BF4FF47F43ADF827
:1014200004300D4B1C887F22022321460DF106005B
:101430000BF055FEBDF806204FF6FF739A42E7D138
:101440002046022201A90BF053FE0020E1E7022012
:10145000DFE700BF1FD1BACA929D030013B50F4941
:10146000002303807F220223098804460DF1060031
:101470000BF035FE9DF80630BDF806201BB1238821
:1014800043F001032380FF2A88BF23884FF0000028
:1014900084BF43F00203238002B010BD929D03007D
:1014A000034B1B78002B14BF442056200E3070478E
:1014B000FA4400202DE9F04F8DB0CDE90423179CAC
:1014C0000394039CBDF858A0D58806460F4644B93E
:1014D000EC0606D5CDF858A00DB0BDE8F04F0DF0E4
:1014E0002EBFC5F380242B054FEA043448BF44F4D3
:1014F0000064A80511D544F080040A2E00F25E8134
:10150000DFE816F088004F003B0059005C015C01E9
:1015100059001000880059003600E90548BF44F022
:101520004004EAE7BB464FF00109022302934FF063
:101530000008BAF1000F74D1A24B18884FF6FF7360
:10154000984206D0A049F9F73BF810B124F4805432
:10155000A4B2059B00935A46434644F40271504698
:1015600008F00AF9ADF8200000286BD118204EE0F1
:10157000BB464FF001090323D8E708A9F8B211F0E0
:101580000AFEDDF82500DDF8291006AB03C38F4BFA
:1015900033F817B04FF00009CDF808900DF1180896
:1015A000C7E706A9F8B203F01FFB0C23884A7B4368
:1015B00032F803B0EEE74FF6F7739F4240F2FE8039
:1015C00015F4026F40F0FA80824B1B78022B03D097
:1015D000043B012B00F2F480BAF1000F0BD1032E73
:1015E0000CBF0C23082324F4C0740293A4B2BB469E
:1015F0004FF001099BE75046F8F71AFA0246FFF749
:101600004FFF032E08BF01388242E8DD74200DB081
:10161000BDE8F08F4FF00009BB46CDF80890C846F2
:1016200087E7049B1B8843B91A46514606200BF0F6
:10163000FCFF002880D11920E9E700231A46514613
:101640000720F4E75F4A11884FF6FF7399421CD0D8
:1016500010F092F85B4A03461188059304300FF0AE
:1016600044FF5D49059B0978D9715749554A14F4DF
:10167000805F1FBF086898604868D8604FF6FF73A6
:1016800013804FF0FF330B604B60049A029908A857
:1016900008F028F900283FF469AF504C2378002B5C
:1016A0003DD1BAF1000F14D05046F8F7C1F9804689
:1016B000BDF82000F8F7BCF92378002B14BF1222E4
:1016C00000228044EB1003F0040390444344842B35
:1016D0009CDC15F400540AD0BDF8208040460FF081
:1016E0003EFF40F4806189B240460FF023FFA6F12F
:1016F0000803012B05D8BDF82000012210210FF0AE
:101700001FFF039BBDF820803BB3594640460FF0B6
:101710006AFF039ABDF820301380002077E7AA06FD
:10172000BFD56B0103F020030A2E14BF43F0010361
:1017300063F07E03DBB2B9F1000F08D00021009105
:10174000424608A800F000FE0028AAD05FE71A462B
:10175000414608A811F0F1FBF6E7404612F00EFAF8
:10176000039B0246414604200BF05FFF00283FF434
:1017700062AF0A2E16D84FF4D963F340DB0711D5B8
:10178000072E09D00A2E07D0BDF8200010F0ECFE7D
:101790000028C2D1A1203AE708A80EF034FA0028A8
:1017A000F2D0F7E714B125F04005ADB2BDF8200046
:1017B0002B46FAB2314601F097FE28E7012026E7D2
:1017C000912024E7C4150020441600206A3F002021
:1017D000AA3E0020FE440020B1450020FA4400202B
:1017E00070B4084EBDF810403080074815460570AB
:1017F00000201A469DF80C30CDE9034070BC06204D
:10180000FFF758BEC4150020B145002030B4024691
:101810000C48BDF8085005800B489DF80C4004703A
:101820000A4804780020CDE902304FF6FD700B46DF
:101830004FF6FF71002C08BF014630BC0320FFF7B4
:1018400039BE00BFC4150020B1450020B3440020BC
:1018500013B50246084804780020CDE900300B4655
:101860004FF6FD704FF6FF71002C08BF01460320B4
:10187000FFF720FE02B010BDB3440020F7B51E46AE
:10188000234B1B78022B05460C4617460AD1A6B1FE
:101890003046F8F7CDF80246FFF702FE82420CD937
:1018A000742008E0043B012BF1D908460EF0A8F99A
:1018B0000028ECD1912003B0F0BD65B1022D1AD102
:1018C000EDF7AAFBA04214D9124B33F814204FF6BF
:1018D000FD739A4202E04FF6F7739C4209D8002349
:1018E000CDE900633A46FF2321462846FFF7E2FD93
:1018F000E1E70120DFE7012DFBD1074B1B78A34275
:10190000F7D9E0B203F088F94FF6FD739842E5E7A6
:10191000FE4400206A3F00201016002030B5104B16
:1019200087B005460C461868596803AA03C2986830
:1019300010609A88DB880B49ADF80E5023F0400305
:10194000ADF812300023CDE9004352BAADF81020B3
:101950000988FF2303AA0720FFF7ACFD07B030BDBD
:101960000A43002016430020034B1B7813B1034B9E
:1019700018787047FF207047C2450020C1450020FD
:101980002DE9F04F074689B0104615461C468A4699
:1019900012F0F4F801462846F8F71EFA06462846E3
:1019A0000FF0EAFE04300FF09EFD804610F0C2F901
:1019B000804551D0B2074FD1DFF8AC8005A9284649
:1019C000B8F800B012F0E2F99DF81930A8F80070EC
:1019D0000BBBBDF81430F3B928460FF0CDFE023032
:1019E0000FF081FD4FF6F773984204F1010494BFA4
:1019F0004FF000094FF00109E4B20123CDF8009047
:101A00002A4605A93846039303F04AFF039B40B9D1
:101A100001339C421ED20020A8F800B009B0BDE8F6
:101A2000F08F022CF8D1012BF6D10C4A0C4BA3F805
:101A300000A01378591C11700A4A7F3B16F00C0164
:101A4000137007D1BDF81A305B0603D5BDF8160038
:101A5000FFF764FF0223D1E70020DFE7FC4400200A
:101A6000C4150020B1450020164300202DE9F04F99
:101A70008BB08846ADF81E000FF07EFE00F1020A22
:101A8000064650460FF02FFDBDF81E40BD4D0746DF
:101A9000204612F073F801462046F8F79DF981467A
:101AA00000F00304301D0FF01EFD288010F042F9F5
:101AB000B8422DD04FF6F7739F4229D87378DA07D2
:101AC00026D4384611F0D2FC30B1BDF81E2028884B
:101AD00001233946FFF754FF10F02CF9A94B1B885E
:101AE00083420FD1BDF81E40204612F047F8014650
:101AF0002046F8F771F910F00C0103D1BDF81E0073
:101B000001F0ACFDA04B00221A600BB0BDE8F08FD5
:101B10009E49BDF81E0012F039F99D49BDF81E001E
:101B200012F078F8984A9A4B002808BF0023BDF8B5
:101B30001E0013600FF0ACFD964B1870BDF81E0030
:101B40000FF0ABFD944B1870BDF81E000FF0B0FD08
:101B5000924B186000238DF82230B8F1000F28D086
:101B60008A4BDB889B0624D510F0E4F8F8B18C4B47
:101B70001B689F071BD4012C14BF082318230DF1E9
:101B800022020092002211460DF11E0000F0DCFB43
:101B900078B1012CA0D1834B1B78112B9CD111F073
:101BA0006FFA002898D1AF20FAF714F994E70823C8
:101BB000E5E750460FF097FC4FF6F773984240F276
:101BC000F580012C00F0FD80022C00F07981002CC2
:101BD00082D1DFF8B881BDF81E00B8F80630049352
:101BE000ADF824000FF0C8FDBDF82460044630466F
:101BF00011F0C4FF01463046F8F7EEF88DF82300E7
:101C0000A01C66780FF06FFC074610F093F84FF6B3
:101C1000F7739F422D88B8F8024006F0010682460D
:101C200000F2FF80002E0CBF08200620002229466B
:101C30000DF011FBBDF82490484611F09FFF0023E2
:101C40000246494604200BF0D4FC4FF6F7739F423E
:101C500081460BD8B8F90620B8F80630002A05DB13
:101C6000580603D500212046FFF758FEB9F1000FB2
:101C70003FF432AFB8F80030002B5BD198F8053054
:101C8000002B57D14FF6F7739F4294BF00230123D7
:101C90000DF12601BDF82400039311F0DBFADFF803
:101CA000E4B000F1FF39BBF8003005935FFA89F921
:101CB000B8F80630BDF8260006934946F8F78CF8C8
:101CC0000499069B019000930598039B2246C1F35B
:101CD00040110DF0A2FF00283FF4FEAE2B4BBDF8E3
:101CE00026104A4606200BF084FC00283FF4F4AE90
:101CF000B8F8022048F202039A4205D1BDF8241038
:101D0000BBF8000000F0B0FFDFF8808009AA414670
:101D10000DF123000DF07FFF034600287FF4DCAEB9
:101D20002104BBF80000BDF824207CD523464146A1
:101D300011F0A5FADFF8548036B99DF8233003F08E
:101D40000C030C2B40F09380B8F8080011F062FAF5
:101D500000283FF4C1AEB8F80810002002F008FED9
:101D6000114B18704FF6F773AA4514BF02250325CF
:101D70009F42BDF8240002D8002E00F0938001237A
:101D800094E000BF16430020643B00200A4300207B
:101D9000A9450020A3450020A2450020503B00207B
:101DA000A4360020FE440020C1450020022C00F093
:101DB0008780474BB3F90630002B25DA012C7FF4DE
:101DC00006AF0FF0B7FF2B8883423FF485AEBDF816
:101DD0001E100520FFF7EAFA00283FF47DAE3C4ACA
:101DE000D3885B0607D50023CDE900330A20298874
:101DF000FF23FFF75FFB9DF822302988BDF81E0006
:101E0000424602F015F967E6BDF81E00F7F710FE2E
:101E1000A0F11001C9B2304600F086F80028CDD0FC
:101E20005AE6062002E7DFF8B890022189F8001090
:101E300003990091414603F033FD132C3FF47AAF30
:101E4000B8F806305B043FF575AF224B1B78D80716
:101E500004D599F80020022A3FF46CAF99077FF56A
:101E60003BAE99F80030012B7FF436AE62E798F86C
:101E700004301948009398F80530008832463146FE
:101E800002F09EFD154B18709DF82330BDF824001C
:101E900003F00C03082B4FF6F7730CD035469F4226
:101EA0003FF66DAFA4F138025342534108492A4628
:101EB00004F01EFC10E6AA4514BF04250525EEE734
:101EC000BDF81E200249484601F03AFB04E600BF77
:101ED0000A430020B544002016430020C1450020DD
:101EE000B245002010B5094800210FF006FD044658
:101EF00050B101460420FFF759FA28B120460121CC
:101F0000BDE81040FFF7B2BD10BD00BFFA4200208F
:101F1000034B04481A78FF21920012F049B800BF21
:101F2000111600204C34002070B5451804464FF0BF
:101F3000FF31AC4212D1104B10481A7805460023ED
:101F4000934211DB0E4C2078431CB3FBF2F602FBEC
:101F5000163345F82010237000200CE014F8010B14
:101F6000E3F7A6F90146E4E750F8044BA14201D09B
:101F70000133E5E7012070BD111600204C3400202C
:101F8000B345002007B5042301220DEB03011046E1
:101F9000F8F77AF8019B034A1B03136003B05DF85E
:101FA00004FB00BF603B0020014B1868704700BF76
:101FB000603B0020014B1868704700BF603B002069
:101FC00010B5064C2368C3F30B0313B901200BF0C3
:101FD00084F82068431C236010BD00BF603B0020D4
:101FE0002DE9F04F93B0DDE91C79039300230693AC
:101FF000834699F8003004930DA80E4615460DF05F
:10200000A7F999F8003013F003043ED0039B8DF834
:1020100024300DF1250A0022082138460FF038FE41
:1020200000286FD028880FF0A7FB99F800301C0714
:102030004CBF043002300FF056FA07A9804607F073
:10204000EFF99DF824300446980633D5288806F128
:102050000D0111F066FDB0B100230093721D2988B7
:102060000823D2B238460FF00CFD99F8003003F087
:102070001803182B48D1B8F1000F45D0A74BB3F87F
:102080006830434540D0A62326E02888711D11F012
:1020900048FD0028F7D0009405232988324609A876
:1020A0000FF0EFFC9DF8243003F0180303930DF1BB
:1020B000240AB0E70CBB39464046F8F781FA0028FD
:1020C000D3D099F800309907DDD04023224621462D
:1020D000404611F083F9BE2399F8002012F0030462
:1020E00040F0F780288803930FF0A9FA22460146B2
:1020F0001A200DF0B0F8039BEBE007AB03CB386080
:102100007960B2E74FF6FF780DF068FD044620B124
:102110000421384607F0ACF904461E9B002B5AD028
:1021200009231E998DF834300DA80DF05DFB209B1E
:102130000BB1209B0693039B002B40F08E800DA8D3
:10214000EDF710FA99F800309A0700F09880FFF741
:1021500037FF5146024601200FF0CBF999F80030C5
:102160009B0710D55946288811F0D6FD0BF10903BD
:1021700050FA83F35FFA83FB2888594611F0A1FDDA
:1021800000EB0B06F6B299F8003013F0C20F0AF11B
:1021900004030DD09DF82420614942F020028DF8FF
:1021A00024200A68CAF804204A685A600AF10C031D
:1021B00009A8012200921B1A29883246DBB20FF0CF
:1021C00060FC324659462846FEF77EFF002800F0A4
:1021D000A38000237DE01F9B5BB19E46BEE80F00FD
:1021E0000DF1340CACE80F00DEF80030CCF8003014
:1021F0009DE7049B288803F0200359460493F7F7D2
:10220000EBFD10F0030F0CBF012300230593049B8B
:10221000059A1F99003B18BF012342EA430300932C
:102220000DAA06AB384600F001FB049A034682B1C2
:10223000002880D0059B00930DAA06AB1F99384655
:1022400000F0F4FA99F8002022F02002034689F801
:102250000020002B3FF46FAF3EE7039B102B06D10D
:10226000BDF8363043F00103ADF8363067E7039B25
:10227000182B4FD1BDF8363043F00203F4E70DF1CF
:10228000250101200FF043F999F8003013F0040FF5
:102290008246288821D1069B1BB3002C35D00FF035
:1022A000CEF90022014616200CF0D5FF84B17FB193
:1022B0004FF6FF7398450BD000231A460DA93846F8
:1022C0000DF0DAFB9DF83520394640460DF09EFCB6
:1022D0000123184613B0BDE8F08F002CDFD1104F5A
:1022E00001E0002CDBD10023009332463B465946E7
:1022F00010F016FD00283FF4C6AE002C3FF469AF85
:10230000069A0AF10103136063E71B685345C6D8B8
:102310000124E8E7A623DCE71823DAE76C3A00207B
:102320007445002007B5074A002301931360042376
:102330000DEB03027F2101200AF0CDFE03B05DF812
:1023400004FB00BF603B00202DE9F04FB1B0044614
:1023500000888DF82F3016468A463A9F11F00EFC01
:1023600001468146208811F0ACFC00EB090820886A
:1023700011F0FBFC9DF82F500790002315F0010B86
:102380005FFA88F8ADF8363008D101460DF1360213
:10239000208811F080FB08B1ADF836B016B9CDE950
:1023A0000E660EAEFEF7F4FB18B145F020058DF871
:1023B0002F500023CDE9033302930DF12F03CDE914
:1023C00000632246534641464846FFF709FE05464C
:1023D000002800F0B8809DF82F3013F0010B46D193
:1023E00023F020038DF82F300FF0A4FC70B1754A54
:1023F0001068516810AB03C3184600F0E9F95D4658
:102400000890FEF7B7FDABB2984239D80FB1002360
:102410003B70BDF83630CBB120880121F7F776FB51
:1024200027880546002800F0BC8001213846F7F7D0
:102430006DFBBDF8367005463846F7F7F9FA00230C
:1024400000903A46194628460FF055FB0023CDE987
:10245000033302930DF12F03CDE900632246534667
:1024600041464846FFF7BCFD054600286BD00FF0FB
:1024700061FC002840F0AC80284631B0BDE8F08F08
:1024800018AB14AA26A9E8B20DF04BFB002875D1B1
:10249000082210A927A811F061FD089B8346002B94
:1024A00068D09DF8A530099313F0020F62D008227E
:1024B00012A927A811F052FD00285BD1099B5907EA
:1024C00058D50FB101233B7014AB0FCB0DF1740C39
:1024D0008CE80F00BDF83630CBB120880121F7F72A
:1024E00015FBB4F800B000284DD001215846F7F78D
:1024F0000DFBBDF83620099283461046F7F798FA8F
:102500000023099A0090194658460FF0F4FA2E4B12
:102510000493002303931DAB02930DF12F03CDE928
:1025200000632246534641464846FFF759FD28BB03
:10253000089B002B33D012AA1DAB4FF482714FF4CD
:10254000005000F0CFF80FF0F5FB88B11F4B1B686F
:102550009A070DD4FEF71CFB50B11A4A1068516857
:1025600018AB03C3002226A918A810F0B8FA18BBAC
:10257000002581E727B9BBF1000FA5D0013540E761
:1025800000233B70F7E7BDF836200A901046099209
:10259000F7F74EFADDE9092307990090B4E7089AA6
:1025A000CAE7BDF836B05846F7F742FA07990090E7
:1025B0002B465A46384647E726A918A810F0CCFA09
:1025C000D0E700BF2EB60300A0360020A4360020BE
:1025D0009DF82F3003F01103102B7FF44DAF3E4BCD
:1025E0001B78432B7FF448AF3C4B1B685B067FF5A1
:1025F00043AF208808F1050111F093FA83460028C3
:102600003FF43AAF41462088F7F7E6FB344B10F031
:10261000200F08BF1E4612A800F0DAF80822314643
:1026200012A811F09BFC002852D0314612A80DF0E0
:102630009CFA012326AE00933246002314A912A867
:1026400000F0F4F800287FF417AF12AB0DF12F075C
:10265000CDE903600290009301975346224641461C
:102660004846FFF7BDFCA8B3BDF89A3018AA43F05E
:10267000080314A91020ADF89A3010F00DFA0028C4
:102680007FF4FAAE12ABCDE90360CDE9017000939F
:102690002246534641464846FFF7A2FC054600281D
:1026A0007FF4EAAE18AB4FF49071002012AA00F04C
:1026B00019F84FF00051002010F097FCBBF1000F0B
:1026C0003FF456AF4FF08051002010F08EFC4FE7E2
:1026D0008346AEE714ABE6E7FE440020A4360020B4
:1026E000D63A0020F0B591B00746164609A80D4627
:1026F0001C4610F074FC3EB13368CDF82630736888
:10270000CDF82A3045F040051B4B1A6822EA070233
:1027100042EA050119604B040DD5BDF824200B0ACF
:1027200003F4E243C9B222F4E3420B4322F07F02F6
:102730001343ADF824301A23082209A90020F7F723
:10274000A3FCB4B104A80CF003FE02236A468DF882
:10275000103004F1100623461546186859681446CF
:1027600003C40833B3422246F7D1294604A80DF02A
:102770003BF811B0F0BD00BFA4360020054B19682E
:1027800047F2FF1041F48042014041F480411A6059
:1027900010F02BBCA436002000B589B0FEF778FC01
:1027A00001A810F01CFC0948BDF8042001681302C0
:1027B00021F0FF0103F4E2030B43D2B2134343F4CD
:1027C0008043036009B05DF804FB00BFA43600201D
:1027D00010B50C4B04461868830788B006D54FF037
:1027E000FF3323606360012008B010BD10F040008B
:1027F000FAD001A810F0F3FBDDF806302360DDF815
:102800000A30EFE7A436002008B5074B1B6813F029
:102810004003024605D118461946FFF763FF012021
:1028200008BD0020FCE700BFA43600202DE9F04FD2
:102830009FB080469DF8A0A00C461D469346CAB1A5
:10284000164630460CF084FD1AF0020714D004B985
:1028500017AC01AB2246314640460DF040F90DB1B0
:1028600000232B60002814BFA627002738461FB07E
:10287000BDE8F08F0DAEE4E701AB05AA3146404656
:102880000DF0FAF87378FF2B0AF0010A24D0002823
:1028900040F0BD805CB105AA0DF1240C134603CBBA
:1028A0006345206061601A4604F10804F6D125B141
:1028B0007278584B03EB82032B60BAF1000FD5D02E
:1028C000BDF80430D906D1D472784FF6FF711820C4
:1028D0000CF0C1FCBB27C9E7DFF8409145B10FF010
:1028E00029FA18B1D9F800309A072DD500232B60AA
:1028F000D9F8003003F03003102B01D0202B25D164
:1029000017A810F06CFB08220DF15E01404611F093
:1029100025FB28B1D9F8003003F04403402B15D033
:10292000BAF1000F14D109A810F063FB0223337031
:10293000002C51D1BBF1000F98D00FF0FBF970B310
:10294000301DFFF745FF91E7334BD0E7A6278DE712
:10295000D9F80030DB03E6D509A810F04AFB0223C2
:1029600033709CBBBBF1000FAED00FF0E3F908B39E
:10297000301DFFF72DFFA7E7D9F8003003F08403DF
:10298000842B30D009AB0DF1340C1A4603CA6245D2
:1029900020606160134604F10804F6D106E0D9F81E
:1029A0000030254603F08403842B2AD0301DFFF726
:1029B0000FFF28E0D9F80030012503F08403F3E786
:1029C000D9F80030012503F08403D9E70FF0B2F9FC
:1029D0000028F5D00125D5E70FF0ACF90546002811
:1029E000CAD00025CEE712A80CF0B2FC022312A830
:1029F0008DF84830ECF7B6FD224608214046ECF74A
:102A0000B5FC10237380002D3FF430AF5CE7032743
:102A10002CE700BF48340020A0360020A436002058
:102A200049B9084B197849B14EF66023594328B18A
:102A30000548F7F713BA41F28831F8E70248F7F78B
:102A4000A9BA00BFB4440020F035002070B586B0AC
:102A500005460FF06FF910B9702006B070BDF7F79A
:102A6000AFFB0028F8D001A8FFF7B2FE0646002809
:102A7000F2D055B9304B1C6814F0020433D14FF436
:102A80008163ADF80C30022125E02C49082228464C
:102A900011F064FA0028DFD0274B1C6814F0020400
:102AA00006D0274B1B78112BD6D1264BB3F86840A4
:102AB0000822294601A811F051FA0028DFD04FF46E
:102AC0000273ADF80C302B68CDF80E306B68CDF882
:102AD000123000260A21002203A80EF085FE0246CD
:102AE00048B91820B9E7164B1B78112BB4D1154BF8
:102AF000B3F86840C3E7104B196801F03003102B9E
:102B000017D0202B14BF01230323490001F0040137
:102B10000B432046002101F085F80028E1D0002178
:102B20000120FFF77DFF16B1074B01221A7000202C
:102B300093E70323E9E700BFA43600207445002093
:102B4000FE4400206C3A0020A845002030B5002447
:102B500085B0CDE90044F7F71DFA0FF0EBF81D4DF5
:102B600060B906F07DF80D24002108462970FFF7B2
:102B700057FF214668460AF0CAFE17E02B783BB3A0
:102B8000154916480A780078904221D90132012B64
:102B90000A700DD122464FF4A071204602F0A8FD24
:102BA000B0B90F4841F28831F7F758F905B030BD98
:102BB000022B08D102A92046F7F702FD40B902A86E
:102BC000FFF744FFECE7032B02D101F0DFF9E7E761
:102BD0000424C9E7B4450020B54500204C16002068
:102BE000F035002070B51B4A1B4D51682E7886B019
:102BF0000446106801AB03C31EB17024204606B022
:102C000070BDF7F733FB0228F7D10FF093F80028D7
:102C1000F3D003A800F02AFE082201A90DF10E004E
:102C200011F09CF9A0B10D4B32464FF4A071304623
:102C30001C7002F05DFD04460028DFD1084A0948F7
:102C4000012341F288312B701370F7F707F9D5E7AC
:102C5000B724D3E767F60300B44500204C160020E4
:102C6000B5450020F0350020F0B52F4E9BB007464B
:102C70000C464922002107A8069111F099F93378F2
:102C8000012B37D1B7BB0DF10E01204610F0E2FA4F
:102C90000546BDF80E00F6F7CBFE441BE4B22A460B
:102CA000BDF80E100097234606A80EF0EAFE04A910
:102CB0003846F7F785FC0246E4B19DF819301A430F
:102CC00012F0FF0216D1BDF8233003F47E43B3F5B2
:102CD000285F1ED3B3F5385F0ED31449BDF80E003C
:102CE0000B6843F400030B6029460CF06AFF18B12F
:102CF000042333701BB0F0BD0D4B012204A81A70E1
:102D0000FFF7A4FE0B4841F28831F7F7A7F802233A
:102D1000EFE7114610463270FFF782FE1E2104A82D
:102D20000AF0F5FDE6E700BFB4450020A436002018
:102D3000B5450020F0350020014B1870704700BFEA
:102D4000B5450020014B1878704700BFB4450020FE
:102D5000014B1870704700BFB44500202DE9F047C3
:102D60008CB00546B5294088ADF80A00884600F0C9
:102D70008C8095F80890AE790EF0FEFC05A904460B
:102D8000BDF80A00EF7911F001F8BDF80A000EF065
:102D9000E6FB420542BFBDF81A3043F40053ADF8DC
:102DA0001A30EB79DB0642BFBDF81A3043F480538A
:102DB000ADF81A30BDF81A30980613D5022E6AD134
:102DC00008A9287A10F0E7F9DDF82500DDF82910C8
:102DD00003AB03C303AA0021009104230DF10A00F1
:102DE000FFF7B2FABDF80A000121F6F78FFE022EB6
:102DF00082465CD1474B33F81940B8F1000F72D0CE
:102E0000BDF81A2051066ED54FF6FB739C426AD866
:102E1000414B1B78033B012B04D8404BB3F868307F
:102E2000A34260D0D30502D5204610F0A6FBBDF822
:102E30001A30D80457D5002E46D1BDF80A000EF03E
:102E40008EFBC10611D4CDF80080534605AA214659
:102E500030460AF08FFB0B2017F003021CBF02F173
:102E6000FF32D2B221460CF0F6F9BDF8162048F236
:102E700034039A4209D12A4E3078FF2805D0032224
:102E80002146FBF767FCFF23337000232B806B8008
:102E90000CB0BDE8F087012E01BF2B7A214A03EB6D
:102EA000430302EB83020CBF0232002293E7012EA0
:102EB00005D10C231B4A03FB09F3D45A9DE7A01C40
:102EC0000EF011FB044698E7204601F0B5FEBDF870
:102ED0000A000EF044FBC206C7D4CDF8008053466A
:102EE00005AA4946B4E7BDF80A000EF038FBC30650
:102EF000BBD4CDF80080534605AA002E14BF494626
:102F0000214630460AF036FBB8F1000FA3D1092064
:102F1000A2E700BF6A3F0020FF4400206C3A002077
:102F200050160020AA3E002070B5114B114D002410
:102F30000A262A78A24205D8C2B9BDE870400E48D8
:102F4000F7F728B8598869B9013AD2B2A2422A7073
:102F5000EFD0121B03F10A011846724311F00EF86C
:102F60000346E6E701340A33E4B2E2E770BD00BF8E
:102F7000463E0020B84500209414002070B51A4B3E
:102F80001A4A1D780023DCB2A54200D870BD144651
:102F900001336688864202F10A02F4D1E379A588FA
:102FA000617203F040028DB9CAB123F00403E371EA
:102FB0000EF0E2FB037803F07F0303702188002901
:102FC000E4D1BDE870400A48F6F748BF00216580AB
:102FD000A180002AE9D1BDE87040FFF7A5BF2046D7
:102FE000FFF7BCFEF7E700BFB8450020463E0020D3
:102FF000941400202DE9F047044686B040880F461F
:1030000015460EF0B9FBA3798046082B51D8DFE8AE
:1030100003F0052E185050505050050002300EF0AD
:1030200062FA002D4DD06946F7F7CAFA38B96846FA
:1030300001F0ACFE00F0010006B0BDE8F087002012
:10304000F8E702A9207A10F0A6F8DDF80D00DDF807
:103050001110334A6B4603C3237A32F81390314A76
:10306000D05C6E4675B1314610F0B9F8E4E7237ACA
:103070002D4903EB430301EB830231F82390907A4F
:10308000961CEFE74FF6FB7AD14514D9304603F092
:10309000F5FF4FF6FF739842054614D001463046BF
:1030A00001F0E6FD554507D9E379DA060DD4CB23C7
:1030B00063720020C0E74D46294608F102000EF079
:1030C00014FA0120B8E74D46EEE74FF6FC78454587
:1030D00011D103F00C030C2B1BD1D7B130464FF6A6
:1030E000FD7101F0C5FDC82161722046FFF736FE73
:1030F000FFF71AFFDDE74FF6FD739D4209D100236C
:1031000019461A46304602F0AFFB4146304601F000
:10311000AFFDE37943F00C03E371CC23C8E700BFB4
:103120006A3F0020C0440020AA3E002073B5044638
:1031300040880E460EF020FB02300EF0D4F90CF061
:103140005FFD18B1A11C201D0CF05FFDE6B1E57913
:103150000135EDB2E57115F0400514D0EBF756FFDF
:103160000122054600212046FFF744FF18B1394BE4
:103170001B882B449DB2384B1B78042B01BF354B69
:103180001B885B199DB22580002231462046FFF73F
:1031900031FF20B360880EF0EFFAE2792F4922F078
:1031A0000C03E3710B780133DBB20B70C3712C4B52
:1031B0001B780546A61C0BB3E37998061ED5294952
:1031C000097871B159060CD592070AD500220092F0
:1031D000042311463046FFF7B7F810B1607202B011
:1031E00070BD00220092012311463046FFF7ACF873
:1031F00020B1E37943F00303E371EFE730460CF0CD
:1032000002FD10B10123E371E9E76088FBF74CFE92
:103210000328E4D8DFE800F0020D1B18E37943F03F
:103220000403E3711B06DAD50F4B1A780F4B1A70A3
:10323000D5E7CD236372E37943F00803E3712B787C
:1032400003F07F032B70CAE7CE236372C7E7CF2357
:10325000FBE700BFA2150020FF440020FC44002033
:10326000FA4400204D160020B8440020B745002045
:103270002DE9F74F064609F0F0FE5D4B5D4AB3F8C5
:10328000009018805B4BDFF880B11B78A0EB09043D
:10329000A4B2A34286BF1B1BDBB200231370A9EBB1
:1032A000000305464FF000084FF6FF770093524B9E
:1032B00019785FFA88F291420ED80EB1FFF734FE0A
:1032C0004FF6FF739F4200F08D804C48394603B0A3
:1032D000BDE8F04FF6F7C2BDBBF80220002A3CD093
:1032E000474B9BF807201878BBF800A0042818D09B
:1032F0000020BAF1000F08BFA2462044504523D257
:10330000BBF80010009B1944ABF80010002E4DD004
:1033100002F04802482A49D100215846FFF706FF2B
:1033200044E00192F7F79CF830F01003019ADFD1E6
:10333000FAF706FE334B019AB3F800C08445D7D99B
:10334000ACEB000080B2D4E702F00C00042807D1F7
:103350000022ABF800200BF10A0B08F10108A6E7E8
:10336000510602F0030C02F008000DD520B3BCF1A9
:10337000030F24D1D6B19BF80910002908BFC92139
:103380005846FFF7EBFC11E040B3BCF1010F25D12B
:103390001206EFD44FF4C862ABF800209BF8072068
:1033A00022F0030242F002028BF80720BBF8002053
:1033B000974228BF1746CEE703208445DAD213068A
:1033C0000ED50C4B1A780AEB0200844208DA4A4404
:1033D000521B0AEB0201ABF80010E7E70120ECE713
:1033E00001219AE7054803B0BDE8F04FF6F7D2BDDA
:1033F00000430020B7450020B84500209414002069
:10340000FF440020A2150020463E00202DE9F04197
:103410000B4EDFF8348000250A273378ECB2A34244
:1034200004D8BDE8F0410748F6F70CB907FB04845F
:10343000A01CF6F707F9201DF6F704F90135ECE7B3
:10344000B8450020F6420020463E002070B50D4DE4
:103450000D4E00242B78A34208D81B1BDBB22B7027
:1034600073B9BDE870400948F6F794BD04EB8400D9
:10347000CA2106EB40000134FFF770FCE4B2E9E733
:1034800070BD00BFB8450020463E002094140020C7
:103490002DE9F0410025124CDFF8488006462F4602
:1034A00098F80020EBB29A4203D8BDE8F041FFF74C
:1034B0003BBD60880EF060F902300EF014F8B042A7
:1034C0000AD16088F8F774FB00236288B52118469A
:1034D00003F0D0F9278067800A340135E0E700BFA8
:1034E000463E0020B8450020F8B5124F124D3E78F8
:1034F0002D78DFF848C006EB8604B5424FEA440E4B
:103500000CEB440414D003F4835343EA1323002543
:10351000E37166236080A171227228462CF80E5058
:103520000136A58063723E70FFF7A2FE2846F8BD03
:103530007220FCE7B84500200F160020463E002010
:103540002DE9F04F354B1C7885B00E4617465CB917
:10355000B1F90680DFF8CC90DFF8CCA0DFF8CCB072
:1035600099F80030A34202D805B0BDE8F08F04EB13
:1035700084050AEB4505A88800B9688801A910F000
:1035800005FCB27A9DF80E309A4244D1B8F1000F92
:103590000FDA317A9DF80C203389914209D82048FE
:1035A00000780844824236DA521A1B0A1341D907BE
:1035B00031D5384610F0D9FBBDF80A309A060446DA
:1035C00002D5F3889B06CFD5EB7903F00C03042BCF
:1035D00008D16888F8F7ECFA00236A88194618467B
:1035E00003F048F900212846FFF7B8FBFFF79CFCE1
:1035F0003846F6F71DFA844208D22B7A8BF8003051
:10360000012200233146384603F072F8B8F1000F6A
:10361000AADA0024A4E70134E4B2A1E7B645002009
:103620000E160020B8450020463E0020C14500206F
:1036300008B509F012FD074B1B88C01A80B2B0F51F
:10364000807F05D9BDE8084003480021F6F706BC95
:1036500008BD00BF00430020941400202DE9F0476E
:1036600086B004460D4610F089FA01462046F6F76A
:10367000B3FB10F0030373D110F00C0F06D12946F1
:10368000204606B0BDE8F047FFF778BC20460DF0B5
:1036900066FFC10657D4204610F070FA0146204656
:1036A000F6F79AFB074620460EF066F8064602300B
:1036B0000DF019FF03A98046204607F00C0796F885
:1036C000069010F063FB73780C2F0CBF03270627BE
:1036D000012113F0010F204618BF0327F6F716FA51
:1036E000224B1B78033B012B82461BD9B9F1010FFA
:1036F00018D94FF6F773984502D8337A1F2B11D992
:10370000301D0DF0F0FEF17981460EF019FD0646F0
:103710004846F7F757FECEB173685A1C02D0834370
:1037200008BFD125124B1B88A34211D1B5FA85F0F1
:103730004009FAF7A3FE20460DF03FFF00220146A4
:1037400007200BF088FD06B0BDE8F087D125E9E73A
:103750000095534603AA4146384609F00BFFEAE7B5
:10376000012BF0D110F00C0FEDD188E7FF440020C1
:10377000F642002010B50A4B1C780A4B0022D1B249
:103780008C4201D8002010BD197A814202D199796A
:10379000022902D00A330132F1E70120F3E700BF2A
:1037A000B8450020463E002010B5094B1C78094B57
:1037B00001460022D0B2844201D8002010BD187A00
:1037C000884202D198790128F8D00A330132F1E712
:1037D000B8450020463E002010B40B4B1C780B4B24
:1037E0000022D1B28C4203D85DF8044BFFF79CBB9A
:1037F000197A814205D19979012902BF00211980E6
:1038000059800A330132ECE7B8450020463E0020DB
:10381000044B1B6813F0300F03D0202130200FF031
:10382000E4BB7047A43600200949002310B51A46AE
:10383000044601EA00414FF07F60FEF753FFE307C3
:1038400003D5002130200FF0D0FB002010BD00BFB9
:1038500000007207044B5B8823F4784323F08D0348
:1038600003800020704700BFA436002008B503463F
:103870000022C3F80220C3F806200B4A1268D1B216
:1038800012F0200F18BF41F010011980930700F1CA
:10389000020001D4FEF79CFF044B1B78023B032B74
:1038A0008CBF9320002008BDA4360020FE440020D9
:1038B00038B505460C46FDF7EBFB98B10D4B187873
:1038C00078B10D4B1B681A040ED57CB113F0420F72
:1038D00000D16DB103F44073B3F5407F0CBF0020FD
:1038E000B72038BD9520FCE7A820FAE72046F8E786
:1038F000B720F6E7FA440020A4360020F0B58DB0DA
:10390000044607A80D4616460BF022FD10220021A2
:1039100003A810F04DFB5CB1234603F1100703AC84
:1039200018685968224603C20833BB421446F7D1CF
:10393000012786EA070303A907A88DF81C708DF8F4
:103940001D300BF042FF80EA070401A8E4B20BF03F
:1039500015FFB6B101A88DF806500BF0C5FF64B194
:10396000002303A907A88DF81D300BF03DFF0C4B79
:103970001B78432B01D1F7F713FE0A4B1D700DB0D6
:10398000F0BD01A88DF807500BF0AEFF002CF6D06B
:1039900003A907A88DF81D700BF026FFEFE700BF05
:1039A000FE440020F9440020F0B593B007460DA86E
:1039B00001250C460BF0CCFC05A90DA8ADF8345040
:1039C0000BF02DFF01A80BF0D9FE09A90DA88DF869
:1039D00035509DF806600BF022FF0DA89DF80750AA
:1039E0000BF08CFE70BB731BDBB2802B28D91FB190
:1039F000A64225D0A54223D105A90DA80BF0F4FEBF
:103A000003A80BF0BBFE03A88DF80F600BF06CFF52
:103A10000122294609A8FFF771FFF7F777FE012178
:103A20004FF4007003F0EAFEFDF71CFBB0F1004F0D
:103A300001D9FDF71DFB044B187809F059FF01204F
:103A400013B0F0BD0020FBE7F944002070B50E462E
:103A5000144605460320FFF77BF946F00402294689
:103A600020460BF01BFF024B00221A6070BD00BF06
:103A7000A0360020F0B587B0078805461022002147
:103A800002A810F095FA3B4B1B78002B6FD1B805BC
:103A900057D407F08403842B5CD0374C0FF033FBF2
:103AA00017F4045F276005F102061CD0BA040AD59A
:103AB000304605F081FA00284AD1236823F40053E8
:103AC00043F48073236030460FF02AFB00283ED178
:103AD0000BF03AFC18B9236843F480332360236861
:103AE00043F020032360226842F4004112F04002B8
:103AF00018BF05F12302334647F2FF102160FEF79D
:103B0000F1FD0DF10600FFF7A5FE236813F4805FB9
:103B1000BDF8063022D043F02003ADF80630BDF8E2
:103B20000600FFF781FE23689B0506D595F8221055
:103B3000012205F11200FFF7E1FE104B0020186092
:103B400006E005F112000FF0EBFA0028A1D0B22038
:103B500007B0F0BDB907A0D5B720F9E723F02003DF
:103B6000ADF80630FDF784FAFEF7DCFBD7E77020EE
:103B7000EEE700BFFE440020A4360020A03600205F
:103B800008B5054B1B7833B1FFF742FEBDE808408E
:103B90000248FEF739BE08BDFA44002074450020F3
:103BA00010B5154B1B78D3B1144B1B78033B012B7D
:103BB00015D900200FF081FD044698B1027912F06A
:103BC000300F0CD10E4B1B784BB1012B02F0CF0202
:103BD00006D0991E4B424B415B011A43227110BD26
:103BE0001023FAE7F7F722FA0028F8D021462046FA
:103BF000BDE8104004F098B9FA440020FF440020CA
:103C00000D16002008B50EF095F8054B18B9186888
:103C1000C0F3800008BD1868C0F30050FAE700BF89
:103C2000A43600202DE9F047064688B089461046A4
:103C3000002115469846F6F7CFF8102807460AD80F
:103C4000684B0341DB0706D4C8F340049DB900204C
:103C500008B0BDE8F087644B1C78002CF6D0FFF765
:103C6000D1FF00280CBF4FF4F0744FF4D074FC4027
:103C700004F00104EAE7002318F0010F1A46294670
:103C80004FF005000CBF4FF0080A4FF4027A09F01C
:103C9000CCFC0028DBD0C8230093324600235146D9
:103CA000284605F069FDADF80E000028CFD018F0C9
:103CB000080A4AD1A7F10F024FF6F773D2B29E421B
:103CC0008CBF09230123012A01D843F04003474A4E
:103CD0008DF8103013788DF81130591C1170002CAC
:103CE0004FD09DF81030052F43F020038DF8103091
:103CF00033D03F4B1D78002D5AD04FF6F773002577
:103D00009E424FF00F0248D9012304A90DF10E0085
:103D1000F5F7BEFF00289AD1002C4DD1BAF1000171
:103D2000BDF80E00CDF8009033463A4618BF012189
:103D30000BF070FFADF80E00002888D018F0040FCB
:103D40004DD031460EF026FC82E749460DF10E00BB
:103D500005F012F90028ADD179E70121BDF80E0078
:103D6000F5F7D4FE0121F6F737F80123834013F06D
:103D7000620F1CD11E4B1B78E3B14FF6F773182569
:103D8000BEE71B4B1B7825460222002BBCD04FF60A
:103D9000F7739E42B8D8052FB6D0BAF1000FB3D151
:103DA0009DF8103043F040038DF81030ACE710253B
:103DB0000F22A9E71825FBE7BAF1000F0AD00090FF
:103DC00002234A4629460DF10E00FEF7BDFA0028EF
:103DD000A4D03CE7CDF800A041235246F2E70EF014
:103DE000C3FB35E79FFEFEFFFA440020FB440020A2
:103DF000EC4400202DE9DF431E46144B0A9C1B684F
:103E00009B0780460F4691461CD4204614B10BF008
:103E1000E9FEC0B2CDE902400622CDE900890C4995
:103E20003B4600200DF0BBFE024658B1002E4FF07D
:103E300000010CBF01230323084604B0BDE8D043B2
:103E4000FFF7F0BE002004B0BDE8D083A436002008
:103E50006FF603002DE9F04F8DB081469DF85C8030
:103E60008A461F4693463AB903A8FEF7B1FCA8BBA1
:103E700000200DB0BDE8F08F15460022232110462A
:103E80000DF0B2FCADF80A000028F1D0F5F7B4FD52
:103E90000446052318F0100F00F8023B67701FD08E
:103EA0001122002110F084F804F11306032F4FF0C3
:103EB000080236D15946304610F060F8C8F3801336
:103EC00006F1090533720BF089FE00283DD000236E
:103ED0002B706B700123AB70033536E003ADCCE77C
:103EE00016991022012610F049F806FA07F313F08C
:103EF000620F02D104F11206D8E707A80BF028FAE6
:103F000005A88DF81C600BF039FC9DF816209DF873
:103F1000173018F0200F08BF134604F11306A374DE
:103F2000C4E75146304610F029F806F10802012393
:103F3000121B00932846BDF80A100823D2B20DF0D8
:103F4000A0FD042F06F11005BDD02D1BE9B20DF127
:103F50000A000DF07DFD00288AD118F0040F0BD067
:103F6000484603F0DDF8FF281FBF074A32F810303B
:103F700023F4804322F81030BDF80A20434651460E
:103F80004846FFF74FFE74E78642002070B590B0B8
:103F900003268DF807600DF0CDFE10B9702010B02B
:103FA00070BDF6F70DF90028F8D002AD2846FEF7EF
:103FB0000FFC0028F2D01C4B1C6814F00204EDD159
:103FC0001A4A40F20F43ADF824301368CDF826307A
:103FD00004A85368CDF82A300BF0BAF995E803002D
:103FE00005AB83E80300062304A88DF81D308DF887
:103FF0001060EBF7B7FA0DF12E0201210DF1070069
:10400000EBF7B4F922461A2109A80DF0EDFB0246A0
:1040100008B91820C3E7012329462046FFF702FE0E
:104020000028F6D02046BAE7A436002074450020C8
:104030002DE9F04F99B006461F220F4610A8002127
:1040400003930F910FF0B4FF30460FF097FD014638
:104050003046F5F7C1FE8DF81B0030460DF08CFBA5
:104060009DF81B3045788146C5F3400598063046DB
:1040700048BF45F002050FF078FE04463046F5F7DC
:10408000D7FC001B5FFA80FA002300935346232BD2
:1040900028BF2323224631460FA80DF0F2FC00284A
:1040A0003ED1AC4B9DF83C801B789DF83DB0002B79
:1040B00039D0FFF7A7FD00280CBF4FF4F0734FF481
:1040C000D07323FA08F3D9072DD5AA072BD4B8F15A
:1040D000080F22D1BBF1040F22D1FAF789FEF8B9FB
:1040E0000DF11B0322463146052009F082FAB8B1D2
:1040F000A8F10508B8F10D0F12D8DFE818F0280074
:104100009701BE01E401ED01110011001100110041
:10411000F3018602A102CF02CF02B8F1050F08D049
:1041200019B0BDE8F08FB8F1100F05D1039B002B3B
:10413000F6D0FAF75DFED3E7FAF75AFE0028CFD0A3
:10414000B8F1050FCCD0B8F1110FC9D0E8E7BBF139
:10415000050FE5D830460DF072FA059009F102001E
:104160000DF0C1F9814608A8FFF774FB9DF83D707A
:104170000123BB4013F06203039305D0BDF8203048
:104180009B0701D5AE07CBD50DF0D4FD0028C7D0D5
:10419000FAF72EFE08B9002DC2D00DF13E0A5046A6
:1041A0000EF0BEFF039B049043B3032F9DF84EB067
:1041B0002BD10DF14F040DF0BDFD814500F0BB800A
:1041C0000026039B002B3BD12046F6F7DDF94FF686
:1041D000FF739842054604D120460FF03EFCA842EA
:1041E0009ED0049B002B0CBF04231523CDE900A314
:1041F00032463B462146FFF72DFE91E7032FDDF8BF
:104200000CB079D10DF14E04D5E7534B1B689C07D8
:1042100027D5FF2208210DF157000DF039FD80460A
:10422000F8B9034601460DF157020220FEF75AFA8B
:104230000DF080FD81450DF157060DF14F041FD0A3
:104240004FF6F7739945BFD90022082120460DF09B
:104250001FFD0028B8D0002259465046FFF74EFBFC
:104260005EE70DF157060DF14F0430460EF0E5FE06
:10427000002846D00DF05EFD8145A2D14FF0000828
:104280003649082220460FF069FE002899D1012FF7
:104290006AD0042F7FF444AF0EF0F2FE10B1032D6C
:1042A0007FF43EAF049B002B7FF43AAF32460221ED
:1042B0005046FFF7CBFB2A4B1B7863B1FFF766FE36
:1042C000FEF740FD022806D10120FEF735FD012151
:1042D0000846FEF7A5FB234B1B78022B20D10321B8
:1042E000304609F014FBFEF72DFD014600287FF44F
:1042F00017AFFEF795FB13E70DF156060DF14E04CF
:10430000B3E7184B1B78432B7FF40AAF012F7FF4E0
:1043100007AF0DF00FFD81457FF453AFB846AFE70F
:10432000412B7FF4FDAE0C4B1B6858057FF5F8AEB2
:10433000F8F756FDF4E6032D7FF4F2AE9DF8561023
:104340000039524618BF01210DF14E000BF06FFCF1
:10435000E6E600BFFA440020A436002074450020A1
:10436000A8450020FE440020AE4C2378022B21D02B
:104370002378412B3FF4D4AE049B33B9FAF738FDD0
:10438000594602465046FFF7B9FAFAF731FD0028C0
:104390003FF4C6AE0EF074FEA34F90B13B681A0511
:1043A00002D42378432B0CD1AB070AD4AC20F7F707
:1043B00011FDB5E60EF064FE0028D9D0A907D7D4C8
:1043C000AEE6386810F0020002D1059903F0ACFDAA
:1043D0002378112B15D13B685F0512D50020FEF71D
:1043E00035FB044600287FF49BAE0DF022FFAE2083
:1043F000F7F7F0FC21462046FEF712FBF7F7F6FC34
:104400008EE6AC0701D5FFF703FAB8F1000F8FD0A5
:104410000AF09AFF18B94FF480310EF0E6FD834B95
:10442000002230461A600EF0FFFD81E70DF082FC9D
:1044300000287FF475AE7E4B1B78002B3FF470AEE6
:10444000A80704D4784B1B6899013FF569AEBAF10F
:104450000C0F0DF1450094BF002412AC0DF043F891
:1044600002469DF8470003283FF65AAE00940DF12E
:104470003D03394604F022FB52E66E4908220DF155
:104480003D000FF06BFD20B902223946FAF762F9C0
:1044900046E6694B1B78013B012B3FF641AE0DF11F
:1044A0003D0002F0EBFD4FF6FF739842044606D143
:1044B0000DF13D000FF0D1FAA0423FF431AE0021E2
:1044C000FAF758FA2CE6EA077FF52AAE2A460FA932
:1044D000384604F0D1FB23E69DF83D100120FFF79C
:1044E00063FA1DE6544B1B78013B012B3FF618AED7
:1044F000EB077FF515AE0DF13D0002F0BFFD4FF665
:10450000FF7398420546804671D10DF13D000FF0D2
:10451000A4FA40450546074669D10DF13D00F6F77E
:1045200073FDB84205463FF4FBAD3046F5F780FA1F
:104530000934E4B2071B0022FFB2394610460DF0E1
:1045400053F9ADF81C0000283FF4EAAD4FF0010923
:10455000CDF8009000232A46082105F00DF9ADF8AA
:104560001E0000283FF4DCAD214630460FF0D4FB9E
:104570004FF0000A80461622514609A8CDF820A027
:104580000FF016FD434622463146CDF800A008A89C
:104590000DF077FA4B46424608A90DF11E00F5F7DB
:1045A00077FB00287FF4BCADA7EB0807FFB23946C4
:1045B00007A80DF04DFA284602F0B2FDFF281FBFF4
:1045C0001E4A32F8103023F4804322F8103044445D
:1045D000E4B2BDF81C0000972346324600210DF0DE
:1045E0008AFABDF81E0029460DF0D4FF98E528464A
:1045F00002F096FDFF28074697D0F6F72DFF00281A
:1046000093D0384603F0BEF98FE70B4B1B78013B84
:10461000012B3FF685AD2A460FA93846FCF7C0FAB4
:104620007EE500BFFE440020A4360020A036002016
:10463000FA44002074450020FF44002086420020F8
:10464000184B1B78022B20D1002F7FF469AD08A8EE
:10465000FEF7BEF800283FF463AD134B1F709DF8C2
:104660003D30002B14BF64246524FEF76BFB032848
:1046700006D138463946FEF7D3F93846FEF768FBCF
:10468000214608A809F043F94AE5043B012BDBD990
:1046900038460BF0B5FA0028D6D141E530460BF08C
:1046A000B1FA3DE5FE440020A84500202DE9F34184
:1046B00005460E46174698460EF0E2FC044640B109
:1046C000CDF8008001233A4631462846FFF792FB99
:1046D00004460EF0D5FC30B1FFF794FA78B10A4BDE
:1046E0001B689B010BD4CDF8008000233A4631466D
:1046F0002846FFF77FFB002C0CBF0446012404F082
:10470000010002B0BDE8F081A436002070B58AB087
:1047100005A80AF01DFE02238DF81430094B01AAEA
:1047200003F11006154618685968144603C4083387
:10473000B3422246F7D1294605A80BF046F80AB045
:1047400070BD00BF75F60300014B1878704700BFBD
:104750004E160020014B1888704700BFC615002078
:104760002DE9F0434FF6FF73994285B080460D4620
:1047700004D11E4908220FF0F1FB58B11C4E00274E
:104780004FF6FD79EAF748FCFCB2A04207D84FF695
:10479000FF7019E005B0BDE8F0430DF0CBBA36F874
:1047A00014304B4517D8694620460EF0BDFC082250
:1047B00041460DF105000FF0D1FB4FF6FF7360B9D4
:1047C0009D4204D136F8140005B0BDE8F08326F808
:1047D00014500EF065FC0137D4E79D42FBD036F84B
:1047E0001430AB4208BF26F81490F4E7744500205B
:1047F0006A3F00202DE9FF47DFF84480DFF844A03E
:1048000006460F4600254FF6FD79EAF705FCECB2A7
:10481000A04202D804B0BDE8F08738F814304B4508
:104820000CD8694620460EF07FFC082231460DF177
:1048300005000FF093FB08B90AF804700135E4E7AE
:104840006A3F0020C0440020014B33F8100070473D
:104850006A3F0020F0B50E4F85B006460025EAF706
:10486000DBFBECB2A04201D805B0F0BD37F8143044
:10487000B3420BD1694620460EF08DFC9DF8003006
:10488000022B1CBF4FF6FD7327F814300135E6E705
:104890006A3F002030B585B00446EAF7BDFBA04270
:1048A00019D92046FEF766FF0546B0B9694620468D
:1048B0000EF03AFC9DF800302BB1694620468DF889
:1048C00000500EF04DFC064B4FF6FF7223F81420FB
:1048D000002005B030BD6920FBE77520F9E700BF77
:1048E0006A3F00202DE9F0410B7805460E461BB9C2
:1048F000BDE8F041FFF7CEBFEAF78EFBA8422ED904
:104900002846FEF737FF60BB37464FF6FF7117F8B2
:10491000058B3846FFF724FF0446384600F036FA88
:10492000B8F1000F15D0B8F1030F15D04FF6FF7294
:104930004FF6FD73944208BF1C460B4B23F81540FD
:104940000A4B3146585528460EF00AFC0020BDE8B7
:10495000F0814FF6FF74F0E74FF6FE74EDE7692043
:10496000F5E77520F3E700BF6A3F0020C044002050
:104970002DE9FF41114F0D460E0A04464FF6FE7811
:10498000EAF74AFBA04204D8FF24204604B0BDE861
:10499000F08137F8143043450CD1694620460EF0BB
:1049A000C3FB9DF80520EBB29A4203D19DF8063077
:1049B000B342EAD00134E4B2E2E700BF6A3F00202C
:1049C0002DE9F04F87B0DFF86C909DF840A0019082
:1049D0000C461746984600254FF6FD7BEAF71CFB70
:1049E000EEB2B04201D8FF2616E039F816205A453B
:1049F0001ED802A930460EF097FB3FB99DF809205A
:104A0000424515D19DF80C20524511D144B939F8D1
:104A10001620019B9A420BD1304607B0BDE8F08FBB
:104A200008220DF10D0120460FF098FA0028F3D06E
:104A30000135D3E76A3F002010B514460EF074FB31
:104A400020460349BDE8104008220FF097BA00BF86
:104A5000744500202DE9FF47074615460846082201
:104A600024491E460FF07AFA044600283FD1DFF8A9
:104A700088904FF6FF7AEAF7CFFA5FFA84F840455C
:104A80000BD885B3384608F081FE01250C9B1870C1
:104A90003570012004B0BDE8F08739F8183053456F
:104AA0001FD0694640460EF03FFB7A789DF80130F2
:104AB0009A4216D17A88BDF802309A4211D13A79D9
:104AC0009DF804309A420CD108220DF10501781DA1
:104AD0000FF044FA28B9002DD7D1404608F06AFEFD
:104AE000D3E70134C7E7FF2008F064FECEE70020DB
:104AF000D0E700BF744500206A3F0020F0B5164E95
:104B0000164F85B00025EAF787FAECB2A04201D82B
:104B100005B0F0BD694620460EF006FB9DF800305A
:104B2000032B06D90023694620468DF800300EF08D
:104B300017FB9DF8002062B14FF6FD734FF6FE7132
:104B4000032A08BF0B4626F8143000233B550135D5
:104B5000D9E74FF6FF73F6E76A3F0020C044002014
:104B6000F8B50E4B0E4D1B7803EB43030E4605EBD9
:104B7000830504464FF6FF77A54202D8002420465D
:104B8000F8BD2388BB4206D008223146A01C0FF096
:104B9000E5F90028F3D00C34EEE700BF1016002032
:104BA000AA3E0020044B05481A7802EB420292000C
:104BB000FF210FF0FDB900BF10160020AA3E002013
:104BC000074A127882420AD900EB4003054A22F8CC
:104BD00023104FF6FF73994201D1FEF7FDBD7047D8
:104BE00010160020AA3E0020094A127803469A4275
:104BF000084608D90C21022211FB0323054908228B
:104C000019440FF0BBB900230B604B60704700BF25
:104C100010160020AA3E0020054B1B78834281BF5E
:104C20000C235843034B185A98BF4FF6FF70704738
:104C300010160020AA3E002038B50446FFF70AFEF1
:104C4000094B1878094B00224FF6FD75D1B2884206
:104C500000D838BD33F80C1CA14208BF23F80C5C07
:104C600001320C33F2E700BF10160020B63E0020E0
:104C700070B505460E460846FFF7DEFF314628466A
:104C8000FFF76EFD06482946FFF76AFF00B970BDC1
:104C9000044624F80C6B0EF003FA29462046F3E78D
:104CA000AA3E002010B5244986B0082204460FF021
:104CB00055F920B906B0BDE810400DF03BB81F49CA
:104CC000082220460FF04AF920B91D4BB3F86800BE
:104CD00006B010BD00230093012221464FF6FF705D
:104CE000FFF76EFEFF2806D0164B33F810004FF684
:104CF000FB739842ECD903A8FEF7B8FD58B9BDF88C
:104D00000C305B0607D5082221460DF10E000FF08E
:104D100025F90028DCD00C482146FFF721FF40B1DF
:104D200000884FF6FB724FF6FF73904288BF18461B
:104D3000CEE74FF6FF70CBE774450020D63A00204F
:104D40006C3A00206A3F0020AA3E002070B50D4B4F
:104D50001D780D4B0446002208464FF6FB76D1B273
:104D60008D4201D8002009E01988B14207D8A1423C
:104D700005D10822991C0FF001F9012070BD0C33F8
:104D80000132ECE710160020AA3E002037B501469C
:104D900005460D48FFF7E4FE044630B1807A294607
:104DA00003B0BDE830400EF01ABA0346009001226D
:104DB00029464FF6FF70FFF703FEFF2816BF034B8F
:104DC0002046185CEBE700BFAA3E0020C04400204C
:104DD0002DE9F843164B1B78834207460E4623D92C
:104DE000FEF7E2FC044608BB3046F5F7CDFB4FF07A
:104DF0000C084FF6FF724FF6FD73904218BF034642
:104E00000C4D08FB07F23046AB5205EB0209FFF7E9
:104E1000BDFF89F80A0048460822314602300FF0EB
:104E2000ADF82046BDE8F8836A20FBE77620F9E775
:104E300010160020AA3E002038B504460D46FFF7A4
:104E4000D9FC05482146FFF78BFE00B938BD8572B5
:104E500021460C30F7E700BFAA3E00202DE9F041C3
:104E600092F808801F4608F1FF33DBB2EF2B88B0C1
:104E700005460E4614460BD982238DF80E309DF858
:104E80000E30214A3146284600F07EFB012037E0F3
:104E90000E22002104A80FF08BF8B4F80930ADF809
:104EA0001230E37A8DF8118003F07F02032A08D0D4
:104EB000012B24D103238DF81030A389ADF81530D0
:104EC0000EE0032B14BF022301238DF81030E3689A
:104ED000CDF815302369CDF81930237D8DF81430C5
:104EE000A7F121014A420DF10E034A4100932146E8
:104EF0000DF10F0304A8FFF7ADFD0028BFD100207E
:104F000008B0BDE8F08100BF62CA03002DE9F04F90
:104F100095B01D7804920024CDE90201CDE900543A
:104F200041492346224601200CF039FEADF81E000F
:104F3000F8B1A346264627460DF120090DF1380A9F
:104F4000EAF76AF85FFA84F8404516D8BDF81E0003
:104F50003A460221F4F754FFBDF81E003246042100
:104F6000F4F74EFFDDE90310BDF81E30002200F01B
:104F70000BFB012015B0BDE8F08F4A460AA9404658
:104F8000FFF75AFD9DF8282022B12DB1013DEDB269
:104F90000137FFB20134D3E7BBF1000FF8D199E834
:104FA00003009DF829308AE803008DF84030BDF8F1
:104FB0002A308DF84130032A4FEA13238DF842300E
:104FC00016BF032301238DF84330DDF8311018BFDD
:104FD0009DF82C30DDF82D0014BF8DF84C308DF885
:104FE000433011AB03C302980CBF4FF00E084FF0D3
:104FF00015080DF095FF0590BDF81E00F4F718FD9B
:10500000059900EB080399420BDB01234246514608
:105010000DF11E00F4F73CFE0028AAD10136F6B2CD
:10502000B6E74FF0010BB3E786F60300074A00230B
:105030001370074A1370074A118801B11380064B99
:105040001A880AB100221A80704700BFBA450020B2
:10505000B945002006430020044300202DE9F04F0D
:105060004D4C89B09B46238805909DF848900F468B
:1050700010465BB952B10CF02FFD208047484FF429
:10508000FA6109B0BDE8F04FF4F7E8BEDFF820811F
:10509000B8F80050002D6BD02846F4F7C9FCDFF8B3
:1050A0001491DFF814A1C0F347042846F4F7A4FCD8
:1050B0000294B9F800300193BAF8003000933849EF
:1050C00005465B46002201200CF069FDADF81E008C
:1050D00018B305EB440B01245D4512D1ECB9BDF8C2
:1050E0001E50D5B12F4B1B7833BB05982B460022A1
:1050F000394600F049FA0023AAF80030A9F8003038
:105100000BE0012329461A460DF11E00F4F7C0FDFD
:1051100010F0FF0405F10205DED0234A0023A8F8B1
:1051200000301378013BDBB21370002BA6D109B01D
:10513000BDE8F04FFFF77ABF0CF0DDFD01462846D1
:10514000F4F74AFE0A2183462846F4F745FE064650
:10515000A64202D8FF2CCED1C7E704F10B01C9B299
:105160002846F4F739FE8345BFD80134E4B2EFE7AF
:105170000E4C237823B9F3F7A5FB08B9012323705C
:105180004A4659460520F5F7AFFC0028CFD12070DC
:1051900009B0BDE8F08F00BF06430020B414002022
:1051A0008BF60300BB450020BA450020B94500201E
:1051B000044300209A4200209C42002030B5154D47
:1051C0002C8887B09CB923464FF4A07248F238016E
:1051D00003A80EF0E8F8214620460DF019F90E4B11
:1051E0000094224603A9FFF739FF07B030BD2046DF
:1051F0000CF0C2FA04300CF076F903A904462888B2
:105200000EF0C4FD002300932A8803A9204600F075
:1052100047FBEAE70643002000F8FF0737B50F4CCD
:105220000F4D01A900200DF0F3F8237801467BB162
:105230000C4B019A18780DF00AF92078F7F776F9F7
:10524000002323702B700848F4F7A4FE03B030BD90
:105250002B78002BF7D0FFF7B1FFF4E7BD45002016
:10526000BA450020BC450020B414002008B505480C
:10527000F4F7E8F90448F4F7E5F9BDE80840034815
:10528000F4F7E0B906430020044300200243002065
:105290002DE9F04F89B0CDE905239DF84870139EA4
:1052A0008946044630B316F801ABBAF1000F23D09B
:1052B0000AF1FF34A400E4B2314601200CF027F9D2
:1052C000C00E1BD1DFF844B1314601200CF01FF9AC
:1052D00034449BF800502279BDB1002F47D1CDE96D
:1052E0000277CDE90077424A05998023484600F0CD
:1052F0004BF93CE08246DFE75446DDE71B28ECD95A
:10530000314601200CF003F9E7E7DFF80481FF2ABA
:1053100000EA08080BD1E379A179607901EB032158
:10532000424689B209B0BDE8F04F0DF090B831495E
:1053300009688B070AD5FE2A3AD101230135EDB25F
:10534000202D4FEA43030AD1FF250AE029462846CB
:1053500007920DF05DF84845BFD1079AEBE79845F5
:10536000ECD1254B1B78FF2B04D0AB4204D009B005
:10537000BDE8F08FFF2DFAD00020F2F77BFCA842A9
:10538000F5D029460020F2F77BFC0028EFD09BF8EF
:1053900000306479002BEAD1FFF748FE17484FF43C
:1053A0001051F4F75BFD164B8BF800501C70DEE7D4
:1053B000052A92D8BAF1010F8FD8B8F1000F8CD01E
:1053C000002FD4D17379002BD1D00E49098821B98F
:1053D0000D49082B28BF08230B701292DDE9051236
:1053E0004346484609B0BDE8F04FFFF737BE00BF5F
:1053F0008BF60300A43600204F160020B4140020C2
:10540000BC45002006430020BA450020BD450020D1
:1054100000F8FF07014B1880FFF7D0BE04430020BF
:1054200037B5174B1B78022B03D09325284603B0C2
:1054300030BD0DF10700F7F7B9F805460028F4D1A3
:10544000104B1B78013B012B01D97025EEE7F4F7D7
:10545000B1FE0028F9D0E0F713FB0446F4F7AAFEEA
:10546000094B18700B23B4FBF3F203FB12440A340C
:10547000A4B24FF47A7105486143F4F7EFFCD5E725
:10548000FE440020FF440020EF440020D0350020DF
:105490002DE9F043384B394F1E783D78A5B04FF4D5
:1054A000F81300240393ADF81040F7F7F7F8BDF9AF
:1054B0000E30ADF81200A342ADF8144006DB304BBD
:1054C0001C780134E4B21C7044F080048DF82C4048
:1054D0008DF82D60A94602244FF00008B14529D36C
:1054E000002221460BA83D708DF82D800CF07CF930
:1054F000E8B1B8F1000F09D00023CDE9000303AAF9
:10550000FF234FF6FC710620FBF7D4FFB5422FD2E4
:10551000E0F7B6FA0B23B0FBF3F202FB13000A30FC
:1055200080B24FF47A7141431648F4F797FC25B0E6
:10553000BDE8F08306A9484602F04AFA98B9512C12
:1055400011D804F190030DEB030206AB03CB083432
:10555000013508F1010842F8640C42F8601CE4B21D
:10556000EDB25FFA88F809F101095FFA89F9B5E748
:105570000448F4F70FFDDAE7EF440020F044002080
:10558000BF450020D03500200CB42DE9FF470CAA00
:105590000E4652F8041B0392074600297ED1BDF83F
:1055A0003400ADF80A00002800F0918033794FF6FE
:1055B000F778002B76D147458CBF4FF009084FF0A4
:1055C0000808454B1C78FF2C74D1B6F90230002B2B
:1055D000A9BF424B347A1C780134A2BFE4B21C70DC
:1055E00044F08004DFF8009122460021F4F708FC23
:1055F00099F80020BDF80A30002A5ED00193DFF848
:10560000ECA0FF230093BAF8000033462246394647
:10561000FCF7E6F8002389F800304FF6FF730546E3
:10562000AAF80030742D33D10DF10A033246394601
:1056300040460AF0EDFA00284BD04FF6F7739F4230
:1056400026D8B6F902307088002B21DA2449254B80
:1056500048F20402904214BF894699460CF06AFB56
:105660004FF0000803464946CDF800808A22012009
:105670000CF095FA814658B122464146F4F7C0FB3A
:10568000CDE90098FF23324639464046FBF712FF2A
:10569000284604B0BDE8F04702B0704701200CF086
:1056A0005BFA7EE70023337147458CBF4FF0060855
:1056B000984686E7FF221A7094E7CDE90032394612
:1056C000FF2332464046FBF7F5FE0546AAE71825BC
:1056D000DEE70546DCE700BF51160020BF4500208D
:1056E0009CF6030091F60300BE450020084300200D
:1056F00070B588B0002416464FF40033ADF81A1088
:105700000DF10F0204A905460593ADF81840ADF858
:105710001C4004948DF80F400AF051FA9DF80F30A8
:105720000193049B0093044A334605A92846FFF7DA
:105730002BFF08B070BD00BF95F6030030B587B0F1
:105740004FF48035CDE90012002403958DF8103018
:10575000BDF82850074A8DF81140034603A9BDF84B
:105760002C00ADF81250ADF81440FFF70DFF07B054
:1057700030BD00BFA1F603002DE9F043B1F1006F89
:105780008BB014461D4628BF39224FF0000336BFA8
:1057900038224FF001099946ADF81E20FF2C4FF436
:1057A00080020646ADF81C300892ADF824304FEA6E
:1057B00011471FFA81F80FD10CF03EFEB9F1000F2E
:1057C00019D1154ACDE90205CDE90074434607A970
:1057D0003046FFF7D9FE1AE0FE2C0AD10CF02CFE61
:1057E0000130C0B20CF042FEB9F1000F12D00B4AEA
:1057F00002E0E8B2F8E70A4ACDF80080CDE90305F7
:10580000CDE90174012307A93046FFF7BDFE0BB0B7
:10581000BDE8F083034AD5E799F603009FF603003D
:1058200098F60300A0F6030010B54FF4981286B066
:105830004FF08063CDE903230023ADF814300CF062
:1058400079FA0446F6F72AFF054B01900093054AC2
:10585000234603A94FF6FD70FFF796FE06B010BD74
:1058600074450020A5F6030030B587B0CDE90012DD
:1058700000248DF81030094A8DF8114003464FF48A
:10588000806503A94FF6FD700394ADF81250ADF892
:105890001440FFF779FE07B030BD00BFA9F6030042
:1058A0002DE9F04F9BB00E4605460EA91046CDE9F6
:1058B0000A329DF890700DF0CDFCBDF838A08046FE
:1058C0005046F4F7B5F8B6F90230B6F80690B6F8D7
:1058D00002B0002B044604DAAB4B00221A70002001
:1058E0004BE05046F4F7A4F84045F5D3A4EB080488
:1058F000E3B2002F18BF4FF4A079152B099328BFEE
:1059000015230024013308F1FF32DBB2D2B2514635
:10591000009414A80CF0B5F89C499DF85020086834
:105920004968ADF848406FEA4B436FEA5343ADF81E
:1059300046300FAB03C3ADF84440ADF84A90ADF824
:105940004C20BBF1000F26D1914908220DF15100E6
:105950000EF004FB044698B90CF0ECF906460DF184
:10596000590A0DF151030A9A9AF80080012A2DD1A3
:1059700057B384F0010404F001001BB0BDE8F08FC0
:105980000DF1510001F07AFB4FF6FF74011B4C4200
:1059900006464C41E3E7BBF1010F40F09480BDF8AF
:1059A00051600CF0C7F986420AD00FA930460DF0BD
:1059B00038FD80F00104E4B20DF1530A0FABD2E7D9
:1059C000734B0DF1530ACEE70A9CD4E797B3002C32
:1059D00075D1B8F1010F72D837D10CF0ABF90CF0DA
:1059E000A9F99AF801706A4B064622460021CDE9D2
:1059F00000610297674901200CF0D1F8ADF83A0038
:105A000000285CD0002C53D1B8F1010F50D1DFF841
:105A10009CA126469AF800305FFA84F8434538D9AD
:105A2000404601F00DFCC20702D5BFB1013FFFB2F5
:105A30000134EFE7B8F1010F05D1002CCDD09AF871
:105A400001708122D2E7002CF9D1B8F1010F94BF87
:105A5000002201229AF80170D201C7E7404601F006
:105A6000DDFA0123ADF8340002220DA90DF13A0050
:105A7000F4F70EF918BBBDF83A00F3F7D9FF8046EA
:105A800048460DF04DFA08F1010801368045F6B29E
:105A9000CEDBB6B1BDF83A0032460C21F4F7B0F9CE
:105AA000BDF83A30002211A92846FFF76DFD06E047
:105AB0000C210DF13A000BF0CBFF0028F0D00120B3
:105AC0005BE70D21F5E70A9B002B7FF408AF738895
:105AD000342B6DD1099B092B7FF401AF002F7FF48C
:105AE000FEAE9DF959603A46B41008210DF15100FF
:105AF00004F020040CF0CCF830B9254908220DF14F
:105B000051000EF02BFA70BB234B1B78012B3FF496
:105B1000E6AE022B13D1214B1B6813F0807F11D10D
:105B20001E4B1B685B0201D5002E2BDA00231C4A9A
:105B300011A92846FFF728FD1A4B1C70CFE6033B3E
:105B4000012B06D9C823164A11A92846FFF71CFDC8
:105B5000C5E6154BB3F86830AB42E1D00F4B1B687C
:105B600013F0805FDBE70DF1510001F087FA4FF68B
:105B7000FF739842E6D02146F8F7FCFE0346002862
:105B8000E0D1E0E78D23DEE7B24500202EB603002A
:105B900074450020ADF60300FF440020A436002029
:105BA00062CA0300501600206C3A00201D16002027
:105BB000099B04930DF15103CDE90592CDE90283D0
:105BC000CDE9007A0B9B11AA3146284600F022F855
:105BD00085E600BF024B187840F08000704700BF98
:105BE000BF45002038B50A4B1C78054624B10CF09F
:105BF000A1F8B0FA80F46409F8F770FF08B144F036
:105C00004004E9F715FA44EA4020284038BD00BFB7
:105C1000FA4400202DE9F04FB7B08346439C0D9322
:105C2000BDF804310E93BDF814310F9320469DF852
:105C30001831B1F802909DF800519DF80861109359
:105C4000884692460BF04FFCB9F1110F074600F25F
:105C500089800CF06FF8B84200F08E80B9F1060F21
:105C600019D14FF6FD739F423ED0DDB9BC4B1B7876
:105C7000033B012B36D9384601F052FAFF2814BFF6
:105C8000892381230022CDE900725146B54A584646
:105C9000FFF77AFC06E02DB9B9F1030F08D8B9F186
:105CA000010F0AD8B04B00221A7037B0BDE8F08F50
:105CB000A9F10403022BF5D8D8E7A94B1B78033BC5
:105CC000012B0DD9384601F02BFAFF2814BF892388
:105CD0008123A64A009751465846FFF755FCE1E755
:105CE0008023F6E78023CDE7A14B1B7859074BD4DF
:105CF0000CF020F8002703469A4900973A46012005
:105D00000BF04DFF2379ADF86C000F930028CCD039
:105D100006EB43090E98F3F78BFE5FFA89F909F158
:105D200005085FFA88F88045BFD241460E98F4F71F
:105D300053F8109008EB40080E98F3F779FE804571
:105D4000B3DADDE90F321343DBB2002B40F03182CE
:105D5000002DAAD1A8464246BDF86C000421F4F7F4
:105D60004FF878E1824BB9F13A0F1B7813D948F21A
:105D70003B03994508D016E07D4B1B785A070DD59B
:105D8000A9F10403022B09D8B8F8063043F4804384
:105D9000A8F8063089E7B9F11B0F1ED8A9F1020354
:105DA0009AB2132A5ED9109B02930F9B0D99CDE9ED
:105DB000005332465B46484609F00EFF0F287FF439
:105DC00074AF694B01221A70694B1B789B0740F135
:105DD000D682002D7FF469AFD6E7A9F11C021E2AF6
:105DE000E1D801A151F822F009660200A75D020086
:105DF000A75D020029620200A75D0200076302009E
:105E000007630200A75D0200A75D0200A75D020014
:105E1000A75D0200A75D0200A75D0200A75D02006A
:105E2000A75D0200A75D0200A75D0200A75D02005A
:105E3000A75D0200A75D0200A75D020037630200B4
:105E400037630200A5650200A75D0200A75D02009E
:105E5000BF650200A75D02005D6602007366020076
:105E600081660200132B9ED801A252F823F000BFD6
:105E7000C15E0200895F0200A75F02008560020028
:105E8000F15C0200A75D0200A75D0200A75D0200B1
:105E9000A75D0200A75D0200A75D0200A75D0200EA
:105EA000A75D0200A75D0200A75D0200A75D0200DA
:105EB000A75D0200C1610200A75D02003966020011
:105EC0001BAB0D98009300241DAB5A4631461D9420
:105ED0008DF86C4009F074FE0BF02CFF204B1B7802
:105EE000012B054603D0022B14BF02240124E9F73D
:105EF0009FF8162894BF0020012044EA4014F6F7CA
:105F0000CDFB1C4B0646B3F80080FBF7C9FA1A4BD1
:105F100007464FF6FF70B3F80090FFF763FE174B8C
:105F20009DF86C201988124B1B7813F002031CBFDC
:105F3000134B1B780B921D9A0095CDE90932402333
:105F4000CDE90701CDE90143CDE90579CDE9036844
:105F50000C4A002351465846FFF716FBA5E600BF42
:105F6000FF44002091F60300B24500209CF6030098
:105F7000B5440020CE150020CA150020C815002009
:105F8000C0450020B3F603000BF0D4FEA24BA34A99
:105F90001B88CDE9400300235146584637B0BDE881
:105FA000F04FFFF7F1BAA478631EDBB2EF2B1DA907
:105FB000204610D9F22C0ED008F032FA82240BF0D1
:105FC000B9FE0023CDE90003954A234651465846C1
:105FD000FFF7DAFA69E608F023FA002850D00BF050
:105FE000A9FE9DF878200492BDF876200392BDF8B2
:105FF00074209DF87A10CDE901429DF87920520075
:10600000D2B24900C9B208320A4403460092854917
:10601000002201200BF0C3FD9DF87930ADF86C0033
:106020008DF8673000283FF440AE002601231A4661
:106030000DF167011BA8F3F72BFE054600287FF43E
:1060400034AE9DF86730EAB2934209D89DF87A30B1
:106050008DF8673016B1BDF86C3033E00126E5E706
:106060003146204608F0DEF90123ADF8680002222F
:106070001AA91BA8F3F70CFE01350028E1D014E69D
:1060800083249CE70BF056FE044608F0EEF96449C1
:1060900000902346002201200BF081FD00283FF4F0
:1060A00004AE0025ADF874002C4608F0DEF9EEB21F
:1060B000B0420DD8BDF8740022460421F3F7A0FECB
:1060C000BDF87430002251465846FFF75DFAECE502
:1060D000304608F0A3F9FF288DF86C000AD00123A0
:1060E00001341A461BA91DA8E4B2F3F7D1FD00281C
:1060F0007FF4DBAD0135D8E71846B4F8029008F01C
:106100008DF9FF288DF8680000F0D1821DA908F0F4
:1061100087F9BDF874304B4507D04FF6FF729145B3
:1061200040F0C5821B0400F1C2829DF879301293C1
:10613000731DDBB213930F9B1493002311934FF045
:106140000009CDF834900EE0139B0E9803EB41014B
:10615000C9B20BF0E3FC002315901299DAB28A421F
:1061600018D309F10109149B5FFA89F19942EBD325
:106170009DF87A301293169B13930D9B002B40F0E1
:106180008982119B002B40F0928201231193109B76
:106190001493D4E711999DF86800179308F042F919
:1061A0000D9B159A824208BF01230D93179B013363
:1061B000D3E709F106095FFA89F3B846169377E247
:1061C000A61C31463846A57A09F092F801223146DC
:1061D0003846FAF72BFC38460DF077FA304600F0D7
:1061E0004DFF2288824207D04FF6FF72904203D0C3
:1061F00000F096FF0DF0AAF985F00804C4F3C0047E
:1062000021463046FEF718FE2146304637B0BDE83D
:10621000F04F09F00EBD00BFCC150020C0F6030002
:1062200091F60300C4F60300AD4B1B78033B012B32
:106230007FF63BAD0BF07EFD58453FF436ADDFF702
:106240001FFC0B23B0FBF3F202FB13000A3080B2F9
:106250004FF47A714143A348F3F700FEF3F7AAFF26
:1062600000283FF422AD01239F4994F800900022BA
:1062700018460BF094FCADF8680000283FF415AD0B
:1062800000270136F2B23D463C460DF16C083E4611
:10629000FBB2994514D8002C3FF407AD01232A46E0
:1062A0001DA91AA8F3F7F4FC00287FF4FEACBDF892
:1062B000680022460221F3F7A3FDBDF8683001E72C
:1062C0000E990096082340460D920BF0DAFB4146EA
:1062D000002000F0F5FEFF280D9A0FD0834B1B5CC9
:1062E0000F2B0BD905F1D80398E803006B44643BEE
:1062F00083E8030008350134EDB2E4B202F108038B
:106300000137DAB2C4E7002D7FF4CFAC18073FF5B0
:106310003BAD4B46224651465846FEF79FFD0028AE
:106320007FF4C3AC8423724A5146584637B0BDE867
:10633000F04FFFF729B923780F9810930CF0F0FD78
:1063400000210646584603F095FF654B1B78B9F1CE
:10635000310F0746A3F103030BD1012B13D9654B72
:10636000654A1B7812781344DBB20D9316230E9303
:106370000DE0012B03D9614B1B780D9353BB002D0E
:106380007FF493ACCEE701231621CDE90D31002433
:10639000109B00935A4901942346224601200BF09A
:1063A000FEFB00283FF481ACF61BF3B2554FDFF83B
:1063B00060811193ADF86C000F9426460D9BE5B2F9
:1063C000AB4209D83246BDF86C000221F3F718FD44
:1063D0000F9AC1E40523CAE7162200211DA80DF07B
:1063E000E7FDB9F1320F3DD13B7903F00302032AF7
:1063F00021D18DF87620109B0136F6B2B34215D22A
:10640000BDF86C00F3F714FB0E9B1844119B9842E7
:106410000CDC0E9A01231DA91BA8F3F739FC0028F8
:106420007FF443AC0F9B0133DBB20F930134083789
:1064300008F11208C2E7B9790029DCD13249C3F367
:10644000C2031DA8CB5C3988012A08BF43F00103B1
:106450008DF876300BF049F879880DF177000BF064
:1064600044F8C8E71DA80BF03FFF4FF0FF33CDE91C
:106470001F33204B1B78AB4262D998F804306F2B46
:10648000D4D81FA92846F5F79BF80028CED01F4B7B
:10649000B8F80020B3F8683092B9003B18BF012368
:1064A0005B0143F004038DF8863002238DF88730BA
:1064B000B8F802301B0A8DF88930114621A8CEE7C2
:1064C0009B1A18BF01235B0143F005038DF886304A
:1064D00002238DF887300F238DF88830E8E700BF5E
:1064E000FF440020D035002088F60300B944002086
:1064F00062CA0300F8440020F74400201B16002065
:1065000086F60300F0410020D0F603006C3A00202C
:10651000764000200132D2B2551EEDB228461393C8
:10652000129200F08DFE10F0010FDDE91223F1D080
:1065300066490978611A994205D00133DBB2E9E76F
:1065400001220023E8E7624B187828441FA9C0B253
:10655000F5F736F800283FF469AF284600F05EFDF5
:106560001290284600F06CFE10F0010F129A0FD125
:1065700016238DF88630574B1B780133DBB20F2B77
:1065800028BF0F238DF88830534B33F8153091E72F
:106590002846129200F054FE10F0020F129AE7D132
:1065A0001223E6E71A073FF5EFAB0F9823465A464A
:1065B0005146FEF7ABFC00287FF477ABDFE695B1E0
:1065C000464B1B78033B012B7FF66FAB0BF0B2FB06
:1065D00018B9BBF1000F7FF468AB207837B0BDE885
:1065E000F04FF5F7E1BE0BF0A5FB20B13B4B1B785C
:1065F000033B012B01D8802395E6394A2B465146AF
:106600005846FEF7C1FFE8E70BF094FBB8427FF471
:106610004CAB344D08222946A01C0DF09FFC0028ED
:106620007FF443AB0BF086FB04460BF083FB2E4A52
:10663000CDE940052346AFE420460AF054FFFFF7BA
:10664000D1FA00283FF431AB284A4090002351464C
:10665000584637B0BDE8F04FFEF796BFCDE940543D
:106660000D9B52465946002037B0BDE8F04FFEF76B
:106670000FBECDE940540D9B524659460120F3E729
:106680000D9A40942B465146584637B0BDE8F04F1E
:1066900009F0D2BA01231A461AA91BA8F3F7F8FA8F
:1066A00000287FF402AB08F101085FFA88F801378F
:1066B000FBB20D9307F0D9FE0D9B98423FF61CAD3F
:1066C000B8F1000F3FF444ABFFF745BBF84400209E
:1066D00016160020A745002078420020FF44002025
:1066E00062CA030074450020CCF603009CF6030048
:1066F00073B506460C4615460DF037FB0DF1060244
:10670000014630460DF0C7F90C4E034680B9012210
:1067100032702288BDF8061022B10246072006F02A
:1067200068FF28B1BDF806202146284606F00EFF76
:10673000034A00231360337002B070BDC2450020CD
:10674000643B0020024B1B7803700020704700BFA1
:10675000A3450020024B93F90030037000207047DE
:10676000A2450020044B1B7813B1044B18887047D6
:106770004FF6FF70704700BFC2450020164300204F
:1067800008B5064B1B783BB1054B196821B10822AF
:106790000DF0F4FB002008BD7020FCE7C24500208E
:1067A000643B002073B5ADF806000DF106000BF058
:1067B0002DF8014608B102B070BD0DF106000BF0D6
:1067C0009CF80446F3F718F9C67A002EEDD120465E
:1067D0000CF038FEFF28E8D000F01AFD054BD3F886
:1067E0008850002DE1D03346224641213046A8474B
:1067F000DBE700BF6C3A002073B5002200210C20BB
:1068000000F068FD1948194E00210BF004F801252D
:10681000044684B120460CF015FEFF2805D1214620
:1068200030460BF04EF80446F3E7009504220023AF
:1068300000F024FDF3E721460D480D4E0AF0EBFF72
:10684000012504460CB902B070BD20460CF0FAFDDB
:10685000FF2804D000950822002300F00FFD2146F8
:1068600030460BF02EF80446ECE700BF1A43002038
:106870001C4300202DE9F84F10460E461746994656
:106880000AF088FE254A264BDFF898B0B0F5006F75
:1068900014BF90469846002140460AF0BCFF4FF0D6
:1068A000000A04460CB9BDE8F88FBC4228D1204646
:1068B000F3F7A2F8857A80F80BA0013DEDB285725E
:1068C00016B13F2E00D02DBB05F049FA05462046F3
:1068D0000AF060FEB0F5006F4FF00002214615D1BE
:1068E0000F480BF029F8FFF787FF284605F03DFA1F
:1068F000DBF8885025B14B463A4631460020A84780
:10690000214640460AF0DDFF0446CBE703480BF082
:1069100013F8EAE7FFF770FFF2E700BF1C4300201F
:106920001A4300206C3A00202DE9F34700232A4C3B
:10693000DFF8A890ADF8063006460F464FF6FF7810
:1069400020460AF063FF054648B9294620460AF06A
:1069500062FF8246F3F750F80389B34217D94C45DA
:1069600001D1FFF749FF002120460AF054FF07F14B
:10697000FF3A05465FFA8AFAD5B94C4516D1BDF8FB
:106980000600FFF70FFF404602B0BDE8F0877B1E10
:10699000DBB2FD2BD4D9294620460AF0AEFF2A46A9
:1069A00051460DF106000AF03CFFC9E74C46C7E727
:1069B000BAF1FD0F09D92846F3F71EF803899B1B8E
:1069C0009BB29845038128BF9846294620460AF085
:1069D00078FF0546D0E700BF1C4300201A43002083
:1069E00008B506F03AFB0B4A13881080C31AFF2142
:1069F00098B2FFF799FF4FF6FF7301469942064898
:106A000003D1BDE80840F3F7C5BABDE80840F3F785
:106A100025BA00BF1E430020D4140020174B2DE9D7
:106A2000F0410028164D18BF1D460F4628464FF06E
:106A300000010CBF4FF008084FF002080AF0EBFE0F
:106A4000044610B92046BDE8F0812046F2F7D4FF95
:106A5000C37A064623B1214628460AF032FFEFE703
:106A600020460AF0C6FD4246014638460DF076FA49
:106A70000028F0D1B378002BEDD1E3E71A430020D2
:106A80001C430020014B1860704700BF683B00208A
:106A900010B504460548F3F77DFA054A0023138034
:106AA000044A1380044B1C8010BD00BFD414002086
:106AB0001C4300201A4300201843002008B5044856
:106AC000F2F7C0FDBDE808400248F2F7BBBD00BFC9
:106AD0001C4300201A4300202DE9F3410446884658
:106AE00006F0BBFA324B074620461E880CF0AAFC83
:106AF000054620460AF04EFDB0F5006F32D1FF2D5D
:106B000006D00123009304220023284600F0B6FBA0
:106B1000B8F1000F1DD105F022F9054625482146A0
:106B20000AF09DFE284605F020F923480BF06AF88C
:106B3000224BA8B31988711A17FA81F086B2204641
:106B4000F2F75AFF032306818372002002B0BDE8EA
:106B5000F08105F004F905461648002221460AF0A6
:106B600060FEDFE716480AF0B6FE04281ED8FF2DA7
:106B700006D00123009308220023284600F07EFB64
:106B8000B8F1000F05D105F0EAF8214605460C489A
:106B9000C6E705F0E4F80022054621460848DEE78E
:106BA00005481F803146F3F759F9C8E71C20CDE7A7
:106BB000184300201A430020D41400201E43002054
:106BC0001C4300202DE9FF4708460C460AF0C7FC8D
:106BD00000F4805820460AF048FD054620460AF099
:106BE0001BFDB0F5404F1BD1B8F1000F14D0294662
:106BF0000020FFF713FF054670B1F2F7FDFE414A92
:106C0000817800920023044601932A461846F2F741
:106C100099F808B90123E372012004B0BDE8F087B8
:106C200028460AF060FC814600F07AFAFF28074601
:106C300037D035490125A0F12006C0F1200325FAFF
:106C400003F305FA06F61E43D1E9002385402A43E3
:106C50003343C1E9002300F09BFA044638B13846BB
:106C600000F0EEFA10F00C0F14BF01240024B8F16C
:106C7000000FD1D04FF0000A03A90120ADF80C900D
:106C8000FFF7CCFE8146F2F7B7FE8046B9F1000F60
:106C90001ED1BAF1000F14D1FF2FBDD0002CBBD1F3
:106CA00028E01A4B1B684BB148469847044628B168
:106CB000B8F1000FB0D000252E46DBE7B8F1000F89
:106CC00001D10020A9E7002501242E46A246D3E7E2
:106CD00074B10C4A81780092002301934A46184609
:106CE000F2F730F8002897D1012388F80B3093E7AA
:106CF000FF2F91D0064BD3E9001229433243C3E959
:106D0000001289E77568020060190020683B0020C6
:106D10005819002038B504460AF03CFC05462046C8
:106D20000AF067FCA5F50063044601465842584145
:106D3000FFF774FEB0B9B5F5006F01D0002038BD83
:106D400020460AF0D0FB00F0EBF9FF28F6D0064B06
:106D500000B21B6833F8100000F4E260003818BF7E
:106D60000120ECE70120EAE76C3B00202DE9F74326
:106D70004FF000090746ADF8049000F061FA10F0FA
:106D80000C0F29D0164D4FF002082B88ADF80630B5
:106D9000A5F800900DF106000AF038FD044630B168
:106DA000B8F1010F14D00F4D4FF00108EDE7214667
:106DB0000DF106000AF0A1FD06460CF043FBB842B7
:106DC000224631460CBF01A828460AF02AFDE1E719
:106DD000BDF80400FFF7E6FC03B0BDE8F08300BF98
:106DE0001C4300201A4300202DE9F04FDFF82081DA
:106DF000D8E90032134385B07CD105B0BDE8F08FEF
:106E000002EA040103EA0700014327D022EA040250
:106E100023EA0703C8E90023DAE9002302EA0405AC
:106E200003EA070C55EA0C056FEA04006FEA070154
:106E300024D1304600F004FAC2070FD5304600F0E6
:106E4000E7F9DBF89C30002B45D11D46304600F0B9
:106E5000E5F8DBF884300BB12946984724197F41C7
:106E600009F10109284B1B785FFA89F6B342C4D9AE
:106E7000D8E9002352EA0301C2D1BEE702400B4029
:106E80003046CAE9002300F0DBF9C307E6D51F4B03
:106E90001B6833F8163003F48873102B304610D07B
:106EA00000F0B6F9DBF89C3013BB1D4601230093BC
:106EB00010220023304600F0E1F90020F1F7B4FE83
:106EC000C4E700F0A5F9DBF89C300125002BBDD00C
:106ED0000395012202E0002503952A460392002132
:106EE00030469847039A002AB0D0002DAED1DDE796
:106EF0000025EDE74FF00009DFF818A0DFF818B023
:106F000001244F46AEE700BF521600206C3B002024
:106F100060190020581900206C3A0020F8B503468B
:106F2000084613B309B3402A1FD811490B60114911
:106F3000086011490A7000210433002600270C461E
:106F40004FF0FF358A4205DC520000210DF030F889
:106F50000020F8BDC3E9036703F8044C23F8024C92
:106F60001D605D6001311833ECE72120F1E700BFBF
:106F7000703B00206C3B002052160020F0B5144CF2
:106F80002568DDE90567EDB1F0B91248007888425F
:106F90001AD901EB41014FEAC10C05EBC10415F808
:106FA000311011B92169C90710D4002005F80C006F
:106FB00062801A68626046F001065A68A260C4E9FD
:106FC0000467F0BD0220FCE72120FAE72E20F8E755
:106FD000703B0020521600200E4B1A6830B5A2B14B
:106FE0000D4B1B78834212D900EB4000C10002EB2D
:106FF000C003002400200025C3E9044550544FF08D
:10700000FF3258805A609A6030BD0220FCE7212090
:10701000FAE700BF703B002052160020094B1B68A6
:1070200063B1094A1278824208D900EB400003EBB1
:10703000C0031A69D20701D5588870474FF6FF7010
:10704000704700BF703B002052160020094A0346DB
:10705000106870B1084A12789A4209D903EB4303C9
:1070600000EBC303186910F0010002D0181D70472F
:1070700000207047703B002052160020F8B50E4BE0
:107080001C68054634B128B10C4B1F780026F3B2BA
:107090009F4202D84FF6FF7009E008222946201DC2
:1070A0000CF05CFF20B92369DB0701D56088F8BDCF
:1070B00001361834EBE700BF703B00205216002069
:1070C000F8B5154B1D6804460E46E5B1134B1F7805
:1070D000874218D900EB400305EBC30526B92B699D
:1070E000DA0712D42046F8BD08223146281D0CF0DC
:1070F00035FF50B92B69DB07F4D40134E4B2A74261
:1071000005F11805F0D1FF24ECE70134E4B2A74201
:1071100005F11805E2D1F6E7703B00205216002079
:107120000A4B1B6830B501462BB1094A147800227E
:10713000D0B2844201D8FF2030BD5D888D4202D19B
:107140001D69ED07F8D401321833F1E7703B0020D8
:10715000521600200C4B1B689BB14FF6F772914200
:107160000DD80A4A1278824209D900EB400003EB9D
:10717000C0031A69D20704D5598000207047212026
:1071800070470220704700BF703B0020521600205D
:107190000F4A03461068D0B10E4A12789A4215D9A8
:1071A00019B203EB430300EBC300036913F00100C2
:1071B0000DD0094A126832F8112002F4E2622AB9AD
:1071C00013F00C0F14BF01200020704701207047FE
:1071D000703B0020521600206C3B00200A4A0346F8
:1071E000106878B1094A12789A420AD903EB43032E
:1071F00000EBC300036913F0010003D0C3F30010D8
:1072000070470020704700BF703B002052160020DE
:10721000094B1B686BB1094A1278824209D900EB0D
:107220004000C20003EBC0000169C90701D5985CAA
:107230007047FF20704700BF703B002052160020AF
:107240000C4A0346106890B10B4A12789A420DD945
:1072500003EB430300EBC300D0E9043213F0010059
:107260004FF0000104D01846114670470020014637
:10727000704700BF703B00205216002070B51C46BE
:10728000124B9DF810601968D1B1114B1B788342E5
:1072900018D900EB4000551E01EBC0012543D1E990
:1072A000040301D0C5070FD52EB110432343C1E914
:1072B0000403002070BD20EA020023EA0403F6E77D
:1072C0000220F7E72120F5E72D20F3E7703B0020AF
:1072D00052160020134B1B68F0B503B3124C2778ED
:1072E00000266FEA000C6FEA010EF4B2A74201D843
:1072F0000020F0BDD3E9044514F0010F07D014F0CD
:10730000020F04D132B104430D43C3E904450136F1
:107310001833EAE70CEA04040EEA0505F5E7022053
:10732000E7E700BF703B0020521600200B4B1B68A4
:1073300070B52BB10A4A16780024E2B2964201D801
:10734000002070BDD3E9042502400D402A4304F11A
:10735000010403F11803F0D00120F2E7703B002094
:10736000521600202DE9F0470026174DDFF85C800B
:10737000B246FF2798F800305FFA86F94B4502D8ED
:107380003846BDE8F0872B792F2B0FD928460AF015
:10739000A0FE2B796C7903F0070304F00304834209
:1073A0002CBFE4182418E4B2A24506D95446B946C5
:1073B00012350136A2464F46DCE7288801F09EF8D8
:1073C0000028F3D1F4E700BF76400020F844002005
:1073D0002DE9F04F89B082460AF031F9029050460B
:1073E0000CF0CCFB411C0546C9B25046F2F7F4FC48
:1073F00000F01F00023500EB40000026EAB27F4F8C
:1074000050FA85F5EDB23446B346B146B046AA42CD
:1074100076D97B4E3378002B6FD0A400B4FBF3F405
:10742000E4B2042C029808BF0324F3F7FFFD0546DD
:1074300000283FD1FFF796FFFF285ED0714B0490E4
:1074400005B218786D4F0AF02BFE05EBC505804597
:107450002CBF04EB08012118B8F1000F14BF012361
:10746000022307EB450553FA81F3284603930AF0FC
:1074700030FE95F804C06B79039A0CF0070103F015
:10748000030388422CBF1B185B18DBB29A4234DA24
:10749000049AB8F1000F04D119B13378033B5B456E
:1074A0002BDC029910460AF0BCFD05B205EBC505C0
:1074B00007EB45052B791E09B8F1000F7ED0414638
:1074C00028460AF030FE032128460AF032FEB9F1C0
:1074D000000F09D1002E40F08480DEF7D1FAC0F30E
:1074E0000B014948F2F7BAFC6B7923F003031C4403
:1074F0006C7150460AF038F8A87309B0BDE8F08FF7
:107500004ED0424B03921B88ADF81C304FF0000365
:107510008DF81E30002300935146032307A80AF07C
:10752000B0FA9DF81E30BDF81C10039A03921B0997
:1075300018BF09F10109CDE9041318BF5FFA89F9F1
:107540000AF0F8FB0499039A059B884203D19DF841
:107550001E8008F00F082E4890F800C014E017F8BD
:107560000E0C10F0070003D00BF1010B5FFA8BFB40
:10757000AA4207D037F812EC8E4503D113B108B1F7
:107580000134E4B20136F6B2AA4207F112070BD178
:10759000B4450FD917F80E0C10F00700E4D1F1E74D
:1075A00000234FF6FF71D6E737F8120C884201D856
:1075B000B445D4D80332123FD2B228E7022E14D9F0
:1075C0005B0707D0414628460AF0B3FDB9F1000F2A
:1075D00083D089E7032128460AF0ABFDB9F1000FFB
:1075E00082D1062E3FF679AF7EE7314628460AF073
:1075F000A0FD59EA06063FF470AF75E7764000201B
:1076000016160020A345002010360020D8F60300EF
:10761000F84400202DE9F04385B0082300248DF8BC
:107620000830CDE900440646022302AA01214FF6A4
:10763000FC700CF07FFAADF80A00E0B1DFF8A08032
:10764000DFF8A090274699F80020E3B29A4225D8A7
:10765000BDF80A4020460CF091FA411C47F0600248
:10766000C9B22046F2F7CCFB0023BDF80A001A4647
:107670001946F4F771FADEF703FA184AC0F30B0162
:10768000137801F55A51013113B1013B8908137088
:10769000304605B0BDE8F043F2F7E0BB18F80E5CE9
:1076A0006F2D17D840462D0130F8123DADF80C3043
:1076B0000AF00FFD05F0700528448DF80E00012337
:1076C000032203A90DF10A00F2F7E2FA0028D2D151
:1076D0000137FFB2013408F11208B4E7F444002086
:1076E00088400020F844002010B5054C2046F2F7F1
:1076F00051FC20460021BDE81040F2F7AFBB00BFAF
:10770000103600202DE9F043284D294FDFF8B080D6
:10771000DFF8B09087B0F6F705FC2A7824492548B1
:10772000FFF7FCFB2A78244809210CF041FC0026D5
:107730002B78F4B2A34202D807B0BDE8F0830B2344
:107740002246182103A805F0BDFCBDF814209DF8C1
:107750001630511E89B24FF6F670814216D8C3F327
:10776000C003DB184FF0000040EB0001CDE9003111
:1077700003AB2146FFF702FC0028DDD14FF4805314
:1077800027F8143048F8240029F814000123224671
:107790001B210DF10A0005F095FC074BBDF80A20EE
:1077A0001A55064B80221A550136C1E71D160020D6
:1077B00086420020C8160020B9440020E54400207D
:1077C000343500207842002010B50A4B1C78FFF7B2
:1077D000A7FCFF280DD0084A012C32F8101038BF42
:1077E0000124230219B101EB1313A3EB111322F8A7
:1077F000103010BDA3450020784200202DE9F0474D
:107800000025DFF84C90DFF84C8006460F46AA466C
:1078100099F80030ECB2A34202D85046BDE8F08798
:107820002046FFF70DFDC2070CD52046FFF708FDE7
:10783000830707D438F8143037B1334328F81430AD
:107840004FF0010A0135E3E723EA0603F6E700BF3C
:107850001D1600208642002010B5094B094A1C78ED
:107860000023D9B28C4201D8002010BD32F8021B8F
:1078700030EA010103F10103F3D10120F5E700BF74
:107880001D16002086420020F0B50C4687B04FF64A
:10789000F7718A429DF8306086461D4602D9002065
:1078A00007B0F0BD596818680DF10C0CACE8030086
:1078B0002A49ADF814200978A142F0D98DF8166054
:1078C000B610002106F0020601910096214670468E
:1078D000FFF754FB0028E2D1214B224A43F8240051
:1078E0009DF83830204E1B0222F814304FF4A0438C
:1078F00026F8143003AA0B232146182005F0EBFBD1
:107900009DF83430194A13F0040F1BBF012313559F
:10791000174B36F8143007BF1B78135543F0080394
:1079200026F814302244012321461B2005F0D3FB06
:10793000104B114A1B782344002142F8231028469B
:10794000E7F7C0FC0D4B1855284607F0F0FC0C4A31
:107950001378013313700120A2E700BF1D16002029
:10796000343500207842002086420020B9440020AF
:10797000061600201616002060340020E544002082
:10798000F7440020054B1B78834206D9044B054A77
:107990001B780344002142F8231070471D16002075
:1079A0001616002060340020074B084A1878002380
:1079B000D9B2884200D87047118821F4805122F84A
:1079C000021B0133F4E700BF1D1600208642002091
:1079D00030B585B004460D46E7F724FBA04202D837
:1079E000932005B030BD2046FFF72AFCC007F7D52D
:1079F0000B232246182101A805F064FB01AB03CB41
:107A00009DF80E2069609107286030D412F0080FAD
:107A10000CBF042303232B722046FFF7FFFA154BFC
:107A200068811B5D6B732046FFF7F2FB124A2873D7
:107A3000135D03F00F03AB73135D13F00F031FBF50
:107A400003F1FF32022393403C2218BF53430B4AF9
:107A500008BF0A2352F824204FF47A71B2FBF1F2E6
:107A60009A4234BF9B1A00232B610020B9E70223FE
:107A7000D1E700BFE5440020B944002034350020A0
:107A8000F8B51F4E33788342044637D0FFF7C6FA65
:107A90004FF6FF77B84231D020463470FFF766F9D1
:107AA0002046FFF7BBFA05460AF044F901230146D8
:107AB0001A4628460CF049FA2046FFF78DFA05468B
:107AC000E0B9104A1378013B1370F4F7EFFB294635
:107AD00020460BF01BFD0C4B23F814500B4B80225F
:107AE0001A550B4B204623F814500BF071FF2A4611
:107AF0003946112007F0AFFBFF233370F8BD00BFFC
:107B000053160020F744002086420020E544002060
:107B1000784200202DE9F04F8BB01F469DF850B001
:107B20009DF85430059382460E4615464FF00008E6
:107B30004E4B1B785FFA88F4A34207D84FF6F773D1
:107B40009D421AD817F002083ED018E02046FFF7F1
:107B500065FA0B2381462246182107A805F0B2FAE0
:107B60004FF6FF737EB9994516D19DF826304FF632
:107B7000F772954203F0EF0311D94FF6FF752846CF
:107B80000BB0BDE8F08F994506D0082207A9304612
:107B90000CF0E4F90028E8D008F10108C8E79F429A
:107BA00007F002092DD0F3F757FC00285BD1304BCA
:107BB000304A1B7853FA88F312F8238020460BF0E2
:107BC000C5FCB9F1000FDAD1E7F72CFA2A4B1B7884
:107BD0008342D2D000210846FFF772FAFF280446FC
:107BE000CBD0059B0097CDE901B3014633462A4629
:107BF0005046FFF749FE0028BFD0F4F757FBC146B7
:107C000012E02046FFF70AFAA842CCD1B9F1000FE2
:107C1000B5D13046E7F756FB5FFA88F8174B03F803
:107C20000800304607F083FB594620460BF047FC1E
:107C30002046FFF7F3F905460AF07CF800230146D9
:107C4000012228460CF081F9F3F706FC28B9084B0D
:107C5000084A1B78234442F8239020460BB0BDE825
:107C6000F04FFFF7DBB94FF00008A7E71D16002023
:107C70001616002060340020F7440020E544002060
:107C8000F8B5114F00263C78F5B2AC420FD800256C
:107C90000E4B0F481D706400224629460CF088F9EF
:107CA000224629460B48BDE8F8400CF081B9284629
:107CB000FFF75CF8002128460BF028FC2846FFF768
:107CC0008BF90136DFE700BF1D160020F7440020C6
:107CD0008642002078420020024B03481A78802117
:107CE0000CF066B91D160020E544002038B5FFF7FA
:107CF00017FAFF28044614D00A4D35F810301B0738
:107D00000FD5094B094A1B7813540146012302443D
:107D10001B2005F0E0F935F8143023F0080325F8AE
:107D2000143038BD8642002006160020B9440020D9
:107D30002DE9F04F784B1B78022B8BB005468A4615
:107D4000174604D0002630460BB0BDE8F08F0BF08C
:107D5000A3FB06460028F5D14FF6F9739D4263D088
:107D60004FF6F8739D4277D02B0A0DF11E0128467D
:107D70008DF81C308DF81B50F2F722FC002883464A
:107D800015BFB0464FF0200806230E2318BFB34698
:107D9000022229463846039300F0ECFC039B04467C
:107DA0000122002840F0B580DFF878918DF8182086
:107DB00099F800208DF81A20CDE900008DF81D00FB
:107DC000514606AA4FF6FC708DF819800BF0B2FEF2
:107DD00082460028B6D009F0ADFFB8420FD0504619
:107DE00009F0CAFC3946043009F07FFB04A9384683
:107DF0000BF017FB70B104A950460BF02AFF474B5C
:107E00001B78033B012B2BD84FF6FF7150460AF02D
:107E1000C1FB064699F80030FF2B1ABF0133DBB2D5
:107E2000012389F800308EE74FF008084FF0200B4F
:107E30003A4B1B78033B012B84D909F07BFFB842F6
:107E400080D109F077FFFC238DF81B30FF238DF8DC
:107E50001C30054606239BE74FF01008C346E7E7B2
:107E60000BF03CFC80460028D4D009F063FFA84208
:107E700002D12B4B1B7843B108F107025946284623
:107E800000F0A4FC04460028C4D0002350461A4643
:107E90000321F3F761FE824620B399F8003088F899
:107EA00004300023A8F8007088F8053088F80830FE
:107EB00009F040FFA84202D1194B1B7853B109F0D9
:107EC00039FFB84206D12CB1237923F0030343F0E4
:107ED0000103237100224FF6FF710C2007F0BBF95C
:107EE000564697E7002C95D0237903F00303012B26
:107EF00090D109F01FFFA84203D1094B1B78002B3A
:107F000088D0237943F0030323714FF6FF73238056
:107F100080E7164617E700BFFE440020FF4400201C
:107F200054160020C345002013B50D4B1B78033BAE
:107F3000012B0C4610D90B4B1B78012B0ED09A1E2F
:107F40005342534159010DF1070200F03FFC18B1B3
:107F5000448000210BF0A9FB02B010BD1021F2E714
:107F6000FF4400200D1600202DE9F0438BB0857AE8
:107F7000B0F8069004460E46174609F0DBFE814530
:107F800005F04005804642D1608800210AF0B6F82D
:107F90000246002E45D1082304A9C14501EB030682
:107FA0000CBF244902A90868496803C6AAB3022184
:107FB0008DF81010217A8DF81210A1888DF8131009
:107FC0008DF81720090A012200268DF81410E18887
:107FD0008DF81510CDE90026090A45F020058DF829
:107FE000161060888DF81150083304AA31460BF042
:107FF000A1FD054688B1618809F0F5FA790033469C
:10800000324601F0FE012846F3F7A6FD06E0E088BF
:1080100002A90BF006FA0028B6D100200BB0BDE88B
:10802000F0833068716806AB03C345F01005102378
:10803000B2E700BF744500202DE9F74388461E468D
:108040000746914609F098FB0021044630460AF0A5
:1080500055F808F107010546C9B23846F1F7AAFEFE
:108060007DB1B9F1000F02D103781D44EDB2057066
:1080700063781A0716D569463046F2F7A1FA024628
:1080800018B1002003B0BDE8F0830821684609F06C
:10809000FFFD0028F5D120460BF0AFFD0822694610
:1080A0000BF06CFF09F046FE0146201D09F01DFA99
:1080B0006378DB0603D50C4938460BF0CAFD314620
:1080C000A01C09F012FA3146384609F08CFA074A2A
:1080D00013780133DBB21370E371A3790BB1012084
:1080E000D0E70123A371FAE774450020FC44002087
:1080F0002DE9F04F8FB0FF23814605918DF8223096
:1081000016461AB301230BAA0BF042FA9DF836501B
:10811000EF06044625D5059BBDF83080002703F106
:108120000802D2B249460097082309A8CDE9097789
:1081300009F0A7FC3A4609A94046F8F777FC002861
:1081400040F08C80A90627D510210DE013460BAA1C
:108150000BF01EFA9DF836500446A80663D506219A
:1081600002E0AA0618D50821059ABDF8327000234E
:108170001144CAB2CDE9093300934946082309A83E
:1081800009F07FFC86F0010209A93846F8F74EFC99
:10819000002863D1002E46D0BDF8307009F0CAFD2A
:1081A000874249D038460BF077F98046002E45D1FA
:1081B000BDF82EB00021584609F0A0FFBDF82C30C4
:1081C0000390184606930BF067F9064609F0B2FDD6
:1081D000069B834242D0B74B1B78033B012B3DD912
:1081E00015F04003049339D1039B0BB9002E35D011
:1081F0009DF83570039B05F018051F44FFB2082D4C
:108200008DF835706CD120230493002C40F044810C
:108210000BF064FA054608B3002E40F0B3803346F5
:108220000126B24674E0BDF8327009F083FD874242
:10823000B8D14FF00108BBE74FF00108002C43D044
:108240009D4BE279678803EBC20633F83220BDF814
:1082500032309A4205D04FF6FF7323800FB0BDE84D
:10826000F08FBDF82EA0B8F1000F08D000213046E5
:108270000BF01BFAA6F802A00AF012FFEEE7BDF819
:1082800030000BF01AFA4146054630460BF00DFA65
:10829000A6F802A0894E2DB1414628460BF005FAFA
:1082A00063886B800AF0FCFE3378002BD6D00599EA
:1082B0003B4600224846FFF7BFFE0028CED0394695
:1082C00048460AF067F9C9E70AF0EAFE7B4B1B78DB
:1082D000002BC3D0B8F1000FC0D14FF6FF77E6E70F
:1082E000102D01D1049590E7B8F1000F8DD1002C2D
:1082F0003BD0C246BDF832000DF12202002100F051
:1083000065FA03460028A9D0002E40F0CD8025460E
:108310000499BDF8300007930DF1230200F056FADE
:10832000044600289AD0654A079B1278002A7BD021
:10833000BAF1000F27D102462C466179B94240F2CA
:108340008180A4F802B0677125461446002B00F026
:10835000A0809DF82230EA799A4200F09A80002E9F
:1083600040F09080EB71002541E00BF0B7F9044636
:1083700000283FF473AF4FF0010ABBE7002201264B
:108380001346DAE70126B8F1000F20D1DDF778FBBC
:1083900005997E230531B0FBF3F202FB1300C9B24D
:1083A0003A465FFA80FA4846F1F72AFD4FF6FF7128
:1083B000484609F018F9039B032B2DD9AAF17E0A30
:1083C0005FFA8AF2002302214846F3F7C5FB069BB9
:1083D0002B809DF834302B710023A5F802B06F710B
:1083E0002B72002E42D19DF82230EB710125B8F19D
:1083F000000F3FF433AF09A948460BF00BFC0028EF
:108400003FF42CAF2A4609A90BA8FFF7ADFD25E7DD
:10841000002625463446B9E7039B012B94BF0AF199
:10842000020A0AF1420ACBE7BAF1000FCFD169790B
:10843000B94209D9A5F802B06F71002B89D1002E7D
:1084400091D024E025461446049A002A3FF406AF52
:108450008F427FF403AF0393DDF712FB83077FF4B2
:10846000FDAE039BA5F802B06F716FE7FF23EB71C0
:10847000002CBBD001252379A4F802B023F003031C
:108480002371B4E7FF23EB71002C3FF46CAF0025A0
:10849000F1E7002CD3D166E7002E7FF46FAFB24630
:1084A00025460126534633E7BAF1000FB0D15646B0
:1084B000524642E7FF440020F04100201C160020F5
:1084C00070B50C4B02460C481C784FF6FF75002324
:1084D0009C4201D1002005E00688964206D1AA42BE
:1084E00001D10B7070BD8679002EFAD001330830AF
:1084F000DBB2EDE71B160020F041002010B50B4B5E
:108500001C780B4B0022D1B28C4201D8002010BD48
:108510005988814204D11979890701D1997911B11A
:1085200008330132EFE70120F1E700BF1B160020FE
:10853000F041002010B5084B084A1C780146002382
:10854000D8B2844201D8FF2010BD914203F101034B
:10855000FAD00832F4E700BF1B160020F0410020DB
:1085600038B50446FFF7E6FFFF28054603D10C485F
:108570003F21DDF72BF94FF6FF732380A3712046CF
:1085800003210BF092F8074B07481A780732D210F4
:1085900002FB05000021BDE838400BF009BD00BF1B
:1085A000E0F603001D160020D4440020F8B5134D5A
:1085B000134F044600263A78F3B29A4209D8114B79
:1085C0001D78114B00224FF6FF71D0B285420BD8B7
:1085D000F8BDFF2C02D0AB79A34202D12846FFF7A9
:1085E000BFFF08350136E6E7FF2C02D0187AA0421B
:1085F00001D1198019720A330132E6E7F0410020F7
:108600001B1600201A160020C8410020FF28F8B5CC
:1086100004462CD0164B1B78834203D81548802182
:10862000DDF7D4F8144A02EBC40032F834100379B1
:108630004FF6FF75A94203F0030318D0012B16D1A2
:108640000E4B1F780E4B0022D6B2B74203D8BDE8BE
:10865000F840FFF785BF1E88AE4205D093F807C0EB
:10866000A44504D0B14202D00A330132ECE7F8BD90
:108670001B160020E0F60300F04100201A1600202F
:10868000C84100202DE9F74304F0F0FC324B1B7881
:10869000033B012B21D9314B1D88451BADB2E5B100
:1086A0002F4A188013782B44C3F3C81403F07F03B8
:1086B00013702C4B2C4A1E7800204FF6FF77C3B264
:1086C0009E420DD8294CDFF8A89000264FF6FF7780
:1086D00099F80020F3B29A4216D803B0BDE8F083AF
:1086E0001388BB420DD0137999070AD104EB93117B
:1086F000022928BF022189B203F03F0343EA811314
:10870000137108320130DAE734F80A8CB84506D024
:1087100014F8043CAB4205D95B1B04F8043C013659
:108720000A34D5E709F006FB804534F80A3C04F822
:10873000027C24F80A7C09D00DF107011846FFF7E6
:10874000BFFE18B19DF80700FFF760FF14F8030C97
:10875000FFF75CFFE3E700BFFF4400202043002059
:10876000C44500201B160020F0410020D24100200B
:108770001A160020F0B503461148DFF84CC0067801
:10878000104800244FF6FF77E5B2AE4201D8002032
:108790000FE005889D4210D13AB1012A16BFC57974
:1087A00005793CF83550A94207D1BB4202D11423C8
:1087B0008371F0BD057A002DFBD00A300134E3E768
:1087C0001A160020C8410020F0410020F8B50D46DF
:1087D000114607461646FFF773FE002837D1214B96
:1087E000214C197802464FF6FF7CD3B2994206D845
:1087F0001D4C00238B4222D1F8BD0834F5E7B4F8B4
:1088000000E0E64502F10102F7D133700123278031
:1088100023710021A17165B1144B1A7845F0080548
:10882000D31D2571DA103078114B02FB00300BF0AC
:10883000BFFB237903F03F0323712046DCE7227955
:108840009209022AE1D001330834DBB2D2E703797E
:108850009A071EBF23F0030343F00103037104468C
:10886000D7E700BF1B160020F04100201D16002096
:10887000D444002073B50DF107010546FFF720FE33
:1088800040B103799A0705D113F0300404D043F0C6
:108890000303037102B070BD28460AF016FF094BAE
:1088A0009DF80760084A1D784FF6FF712346D8B23D
:1088B0008542EFD9D079B04204BF118011720133E3
:1088C0000A32F4E71A160020C841002030B50A4BDE
:1088D0000A4D1B780733CC08DB1000FB034001F086
:1088E000070101238B402C5CDBB212B11C432C54DA
:1088F00030BD24EA0304FAE71D160020D44400200A
:1089000070B50B4B1B788342044604D8094840F2EB
:108910004B21DCF75BFF084E00253378E8B2834239
:1089200000D870BD00222146FFF7D0FF0135F4E7E3
:108930001D160020E0F603001B160020FF2810D0B3
:10894000FF290ED0084B1B780733CA08DB1000FB49
:108950000323064AD05C01F00701C84000F0010083
:1089600070470020704700BF1D160020D44400202F
:108970000148F0F767BE00BF224300202DE9F04711
:108980001E464D4B8CB01B689DF85090154607460F
:10899000884603F0080A09F0CDF9A8423FD1B9F1A1
:1089A000000F14D06EB9ADF806603D46042422468F
:1089B000414628460AF025FF00F001000CB0BDE852
:1089C000F0870023ADF806303D4606243AE03846ED
:1089D000FEF7A6FBFF28044605D0F2F73DFD10B1D7
:1089E0002046FEF7CFFF96B10023ADF80630F8F72A
:1089F000CFF80028E8D006240DF1060202A940466F
:108A00000AF06DF8D8B94046F8F7BAFA17E0ADF8B1
:108A10000660F8F7BDF80028C7D00424ECE73EB3A1
:108A2000BAF1000F2ED00023ADF806300B24B9F1B7
:108A3000000F0AD1F8F7ACF82F460028DCD13D46EC
:108A4000002EB4D0BAF1000FB1D004F0040242F00D
:108A50001102414628460AF0D4FE22460646414607
:108A600028460AF0CEFE002814BF30460020A3E7B7
:108A7000BAF1000F14D0ADF806600124B9F1000F6F
:108A800095D1D7E70B2402A92846F1F799FD0746AF
:108A900068B902A807F086F820B9ADF80600EDE73E
:108AA0000124F0E744F00204ADF80670E6E7002385
:108AB000ADF80630E2E700BFA43600202DE9F0470C
:108AC0001E46644B8CB01B78DDF8508007460D467F
:108AD0001446BBB309F02EF930B35F4B1B689807FF
:108AE00022D44FF6F7739C422CD843463A4631467F
:108AF0002046FBF7DBFD09F01DF9854200F0A6805A
:108B00003046FEF7BBFAA04203D1FEF709FB0AF09C
:108B10001DFDBA1E534253412946002220460CB087
:108B2000BDE8F0470BF011BAA7B1F91ED1F1000969
:108B300049EB01094FF6F7739C420ED903212046F9
:108B400006F0CFFB09F0F6F8A8427FD04FF6FF738E
:108B50009C42D3E74FF00109ECE72B463A463146F9
:108B6000204604F01EFD2146CDE900082B46324682
:108B7000384607F02CF880460146204606F0B1FB47
:108B8000B8F1000F51D1B9F1000F3FD0002F3DD007
:108B9000324B03AA03F1100E9246186859689446A6
:108BA000ACE80300083373456246F6D107A806F027
:108BB000CFFB3068716803238DF81C3008AB03C30A
:108BC0009DF8293007A843F002038DF8293006F0FC
:108BD00095FD88B13068716808AB03C3042307A80A
:108BE0008DF81C3006F08AFD30B1022307A88DF8FD
:108BF0001C3006F083FD48B9514607A806F0E5FD94
:108C000020B1F4F78FFB00283FF475AF88F0010323
:108C100003F001032A463146CDF800902046FFF7C5
:108C2000ADFE09F087F8A84268E7B8F1010FEDD072
:108C3000B8F1020F7FF45FAF07A92846F1F7C0FC37
:108C400020B9324607A928460AF0A2FD0CB0BDE8BB
:108C5000F08700BFFA440020A4360020F0F603009D
:108C6000044B1A880AB100221A8000210846F9F73D
:108C7000D7BE00BF224300202DE9F04F00238FB064
:108C8000CDE903334E7804460D4609F053F850B150
:108C9000B34B1B689B0706D4092103A804F037FED9
:108CA0000FB0BDE8F08F03A92046F1F789FC034619
:108CB000002840F05181022E38D0042EECD1A94A70
:108CC0001278002A42D0022A40F0218109AF0246E0
:108CD000394606F0D1FE012103A89DF8255006F083
:108CE000A0FF2840FF2800F0338105AD284608F09A
:108CF000DAFF002840F02E8195E80F0087E80F008A
:108D00003246394603A806F0C9FD0246002840F065
:108D10001F81032303A9CDE9005320463346FBF707
:108D200099F800280CBF13210621B6E78C4B1F6869
:108D300017F00207B0D102358B48082229460BF004
:108D40000DF90028A8D0894B1B780BB91121A4E795
:108D5000874B884E1B782BBBFFF782FF308800289B
:108D600068D10DF10C082946404606F0EFFA0028BC
:108D700000F0CA802846F1F707FC4FF6FF739842CF
:108D8000814600F0BD800DF1240B584608F08BFFA2
:108D9000002840F0B580002F7AD14246AA464846C6
:108DA0003B4681E03088002844D139463846F0F708
:108DB000E9FE308000283BD00123082203A9304679
:108DC000F0F766FFA0BB0123082229463046F0F7E2
:108DD0005FFF68BB01236748ADF82440022209A960
:108DE000F0F756FF0346308823B1002848D04FF0F3
:108DF000100A21E0F0F71CFE5E498046204601F093
:108E000039FA3088F0F714FE5FFA88F8804509D106
:108E1000FF238DF82430012356481A4609A9F0F79C
:108E200037FF28B900210120F9F7FAFD0C2134E7BA
:108E30003088DAE74FF0070AF0F7DEFD8046308829
:108E4000F0F7DAFD348800F1080911212046F0F727
:108E5000C3FF102183462046F0F7BEFF08220446D8
:108E600003A948460BF07AF8002877D10822294652
:108E700040460BF073F8002870D1BAF1070F01D00B
:108E800010210AE704EB0B24A4B24D466BE701273F
:108E9000308828B11221F0F79FFFFF28814615D1B5
:108EA0002A46C2462046402343F00303CDE900B3DF
:108EB00051460323FAF7CEFF10B30721504604F0C2
:108EC00026FD002FE3D0FFF7CBFEE9E600210846A0
:108ED000F0F758FEADF8140048B105A9204601F09E
:108EE000C9F9BDF81400F0F7A3FD0028D8D1142368
:108EF000009333884A464146204601F083F9CFE784
:108F0000FFF7AEFE0F21C8E6FFF7AAFE1EE7012A13
:108F100001D00621C1E605AD02460090294603A80E
:108F2000F9F784FC024608B10A21B6E60C4B1B682F
:108F30005B0003F0040343F00303CDE9005303A9EE
:108F400033462046FAF786FF0028E2D11321A4E633
:108F50000521A2E61221A0E60B219EE60E219CE649
:108F6000A4360020B744002074450020B6440020F9
:108F7000B44400202243002030B50E4C85B0227846
:108F80008DF805200123D5180E228DF806200A68D9
:108F9000CDF807204A68CDF80B2001A90B228DF8E7
:108FA00004302570F0F774FEB0FA80F0400905B087
:108FB00030BD00BFFB44002030B519498BB01423ED
:108FC0007F22098805460DEB030004F07BF8BDF80D
:108FD0001430DA0721D413F0060FC3F3410208BF9F
:108FE000C3F341220F4B9C5C0DF1160122466846EB
:108FF0000BF004F804F12802BDF826306A4402346C
:1090000002F8283C1B0A02F8273C69462A46E0B2CF
:1090100009F042FD00200BB030BDB720FBE700BFD8
:10902000949D030000F7030010B58AB00446ADF824
:1090300026200022CDE9052204920CAA02924FF6C6
:10904000FF720192074AAC2104FB01220120603229
:10905000009203900DF126024CF620010AF0F3FB7A
:109060000AB010BD6C3A002000B58BB00320ADF8FB
:1090700024309DF8303003900B498DF8263009A834
:109080000023CDE90130CDE90533049301F16003FC
:109090000093B1F85C3002204CF660410AF0D3FB3B
:1090A0000BB05DF804FB00BF6C3A002010B5204AFD
:1090B000B2F86800B2F85E10B2F85C308AB04FF6D1
:1090C000FF74A042ADF82600ADF824104FF6FD70F5
:1090D00018D081424FF00000CDE90500CDE9030032
:1090E000CDE9010094BF09AA6032009294BF48F60E
:1090F00060014CF660010DF1260204200AF0A3FB8A
:109100000AB010BD814288BF60324FF0000098BFA6
:1091100009AA0092CDE90500CDE90300CDE90100DF
:10912000044A8CBF4CF6604148F66041E5E700BF59
:109130006C3A0020D63A002000B54FF6FF738BB092
:109140000022CDE90522CDE90322CDE90132074A0B
:1091500000924CF640010DF126020620ADF82630B3
:109160000AF071FB0BB05DF804FB00BFCC3A0020A5
:1091700000B50E4B8BB00022B3F85E30ADF8243052
:10918000CDE90522CDE90322CDE9012209AA4FF656
:10919000FF7300924FF400610DF126020720ADF835
:1091A00026300AF050FB0BB05DF804FB6C3A00204F
:1091B00030B58BB010498DF825301B0A8DF826305C
:1091C000002391F85840CD6DB1F85C000493CDE9CF
:1091D000053307230393603108ABCDE90103009108
:1091E0004FF6FF734CF62041082008958DF8244077
:1091F0000AF029FB0BB030BD6C3A002070B52A4C48
:10920000B4F85E1094F85C001D464FF6FE76B4F894
:109210005C30B142A2B04FEA132321D14FF4404158
:109220006034ADF808108DF80B0003CC8DF80C30CD
:10923000CDF80D00CDF811100DF115042270120AB1
:1092400062700022A270E27011461046ADF806204E
:1092500008F070FAADF8060090B9002022B070BD99
:109260004FF400448DF80D10090AADF808408DF850
:109270000B008DF80C308DF80E100DF10F04DDE7AA
:10928000043402A9621A0123D2B20DF10600F0F7EC
:10929000FFFC0028E1D1BDF806002A460121F0F7C5
:1092A00049FCBDF80600D9E76C3A0020034B1A7858
:1092B0001AB1FF2A04BF00221A707047C645002069
:1092C00070B5084C084E2378F55C1DB107483E2167
:1092D000DCF77CFA2378FF22F2540023237028461F
:1092E00070BD00BFC5450020C645002005F703003E
:1092F000034B044A1B78D05CFF3818BF012070472D
:10930000C5450020C645002010B50849082204467E
:109310000AF024FEB0FA80F0228940094FF6FF736C
:1093200040009A4208BF40F0010010BD1AF7030048
:109330002DE9F3410E460021054608F06CFA134F63
:10934000ADF8060000232B800DF1060008F05EFA50
:10935000044610B102B0BDE8F08121460DF10600CF
:1093600008F0CBFA8046F0F747FB438AB34207D9AF
:109370009B1B438222464146284608F052FAE3E707
:1093800043895B07E0D53B88F3E700BFA8150020C1
:1093900008B50A48F0F7FEFD09484FF47A71FFF767
:1093A000C7FF074808F032FA30B9BDE80840034863
:1093B0004FF47A71F0F752BD08BD00BFF4140020DD
:1093C000D015002030B5044685B00D4602B9084AD4
:1093D0001068516801AB03C301AB03CBADF80C506F
:1093E0001B88206020466160238105B030BD00BF2E
:1093F0002EB603001FB50146002201A8FFF7E2FFC9
:10940000064801A90AF013FB20B1F0F7F5FA4089EC
:10941000C0F3400005B05DF804FB00BFD01500208C
:1094200030B585B00D460022014601A8FFF7CAFFFE
:10943000084801A90AF0FBFA50B1F0F7DDFA04463A
:109440000146082228460AF099FD6089C0F34000D1
:1094500005B030BDD015002010B5044C204608F0F2
:109460003AFA6388181A80B210BD00BFD0150020E8
:10947000F8B50546F8B11048002108F0CCF90446CB
:10948000A8B10D4F2046F0F7B7FA0646FFF73CFFAC
:10949000830705D40822294630460AF05FFD38B11B
:1094A0002146384608F00DFA04460028EAD1002487
:1094B000201E18BF0120F8BDD015002010B50C46A5
:1094C000014606480AF0B3FA30B1F0F795FA43893D
:1094D0001C4214BF0120002010BD00BFD015002089
:1094E0001FB51446024601A8FFF76CFF074801A903
:1094F0000AF09DFA40B134B1F0F77EFA1422014629
:1095000020460AF03BFD012004B010BDD01500201C
:109510001FB50146002201A8FFF754FF094801A921
:109520000AF085FA58B1F0F767FA4389024613F05A
:10953000020004D0507B80F00800C0F3C00005B0EA
:109540005DF804FBD0150020014601480AF094BAEA
:10955000D0150020F8B504460E4614200021F0F77F
:1095600011FB0546204608F0B6F96388834225D9E9
:1095700025B3314620460AF07FFA08BB2846F0F7AB
:109580003BFA0A22074631460AF0F8FC082206F1A7
:109590000A0107F10A000AF0F1FC0A4B1B887B82E2
:1095A000238823B908484FF47A71F0F757FC204616
:1095B0000022294608F035F90020F8BD1C20FCE700
:1095C0002E20FAE7A8150020F414002010B5044658
:1095D00086B0B0B1FFF798FE10F0020011D1CDF8BF
:1095E0000E006168CDF81200ADF8160020682289DF
:1095F00001AB03C304481A8001A9FFF7ABFF06B013
:1096000010BD2120FBE700BFD0150020F8B50D46A6
:1096100016461F46044648B3FFF776FE30BB204689
:10962000FFF792FFE0B1214611480AF000FAF0F787
:10963000E3F9438905734673877343F00203218975
:1096400043812046F2F702F8FF28044606D0F1F7DE
:1096500003FF18B1074B002243F82420002004E048
:109660002046FFF7B3FF0028DDD0F8BD2120FCE73E
:10967000D015002060340020F7B59DF824400194F7
:109680009DF8204000940D4606461F46FEF742FA1C
:109690004FF6FF718842044610D0BB0711D428460C
:1096A000F1F7DCFD2046FDF73BFDFF281FBF084A10
:1096B00032F8103023F4804322F81030204603B0F3
:1096C000F0BD0246294630460AF0DDF9EAE700BF60
:1096D0008642002073B50E46014614480AF0A7F9E9
:1096E0000546D8B1F0F788F943893340044612D0D3
:1096F0009B0736B20BD5002E09DAA17B437B02898A
:10970000007B0191012100912146FFF7B5FF63899C
:1097100023EA06036381628912B1012002B070BDA1
:109720002946024808F008F9F7E700BFD0150020E5
:109730000148EFF787BF00BFD01500201FB50C4AC6
:109740000C46014601A8FFF73DFE01A8FFF7FCFE0D
:1097500060B101A907480AF06AF9F0F74DF903680A
:10976000236043686360002004B010BD2D20FBE738
:109770001AF70300D01500202DE9F0431E46544B84
:109780001B788FB0033B012B9DF8588007460C4691
:10979000154607D8F4F70EFC20B1F0F76FFD08B1BD
:1097A00044F400544B4B1B7813B924F40074A4B256
:1097B000200509D546B904A92846F0F701FF00287D
:1097C00040D024F40064A4B2ADF81840ADF81A50AB
:1097D00008F0B0FA404BADF81C00B8F1000F02D011
:1097E0001A78424501D293F800803C4A8DF81E80D9
:1097F00013780133E105DBB213704CBF0DF1210189
:1098000008A922058DF81F3004D533680B607368F2
:109810004B600831E30405D5314A13680B60536887
:109820004B6008310DF11808A1EB08005FFA80F9D0
:1098300000214846F0F7A6F9064628B900200FB0E7
:10984000BDE8F08304AEBFE7F0F7D6F841464A46DC
:109850000AF0D4FB3046F0F7EBF880463046F0F7DC
:10986000CBF80023024600935FFA88F104234FF6F9
:10987000FF7007F034FFADF80E000028DED040F294
:1098800001131C421AD14FF6F7739D4216D8F0F718
:10989000CFF80DF10E010446284600F0EBFCBDF8B0
:1098A0000E00F0F7C5F8E4B2A04207D9BDF80E00EB
:1098B00007F062FF437843F004034370BDF80E00E5
:1098C0003A460121F0F736F9BDF80E00B7E700BFC0
:1098D000FF440020FA44002008160020FC44002029
:1098E00074450020F0B50829D58889B028D00C2906
:1098F00026D0AE0424D405F040030B43424C267816
:1099000016B105F0200423432FB2002FB8BF43F057
:109910008003032920D11223AC068DF80430937AFA
:1099200010D48DF805300DF1060401A9621A012347
:10993000D2B2F0F7ADF9B0FA80F0400909B0F0BD4D
:109940000B46DBE732228DF804208DF80530002E1F
:10995000E9D00DF11304E8E70C298DF8043009BFB4
:10996000138953798DF805301B0A0BBF8DF806302B
:109970008DF805300DF107030DF1060354881C70B6
:10998000240A5C7014889C700239240ADC70012956
:1099900014791C7111D8917A5971002F31DA12891A
:1099A000DA710221120A997103F109041A72002E68
:1099B000BBD0AB06B9D50534B7E7A9071AD4002F39
:1099C0000CDA117A51B1917A59711189127A03F135
:1099D000080492B102229A71D971E8E70B4C217800
:1099E000917201F1010C84F800C09C1D002F597187
:1099F000DDDAEAE7917A9C1DF8E701229A71090AFB
:109A0000EAE79C1DD3E700BFFA440020FB44002096
:109A1000014B1870704700BFF2440020074B1A78C2
:109A200044F6FF7040F6FF73012A18BF1846044B36
:109A30001B780BB140F40040704700BFFF4400208A
:109A4000F2440020F7B50D4604460021284616468C
:109A50001F46F2F769FE0A4B002183F859402A4657
:109A6000009733462046FFF7DFFA014630B1022265
:109A70002046F0F72BFEC0B203B0F0BD0120FBE79B
:109A80006C3A00202DE9F843074603F0EBFA05464F
:109A90001B4808F0B7F81B4B60B31C683C1B2C44F8
:109AA000A4B2194BDFF868901B78184D99F8006044
:109AB00003EB830305EB430500225FFA82F846457A
:109AC0000AD9AB88A34205F10A0016D9B21A0A23B3
:109AD0005A4329460AF052FA013689F80060AC80F0
:109AE000B8F1000F03D106483946F0F7B7F9284618
:109AF000BDE8F8831D603C46D3E701320546DCE74C
:109B000014150020743B0020C7450020A43F00200E
:109B1000C84500201FB5154A154C1378013BDBB230
:109B200013706168206801AA03C221891180114A5B
:109B30001278D21805D00A235A43E11820460AF0B9
:109B40001DFA9DF806301B070DD0BDF80C00FFF77D
:109B500099FF8288ADF8082001AA034603CA12883B
:109B6000186059601A8104B010BD00BFC7450020BD
:109B7000A43F0020C845002008B5094B0948002132
:109B80001970094B1970094B1A7802EB82025200C6
:109B90000AF00EFABDE808400548F0F7FBB900BF2F
:109BA000C8450020A43F0020C7450020141600200F
:109BB00014150020F8B5094D094F0A4E00243B78D2
:109BC0003178E2B20B449A4204F1010400DBF8BDA3
:109BD0002846EFF737FD0A35F1E700BFA43F002024
:109BE000C8450020C7450020F8B50D4B16460D4A64
:109BF0001B78127813440C4A1278934207460D469C
:109C00000CD03046FFF73EFF013506810780857096
:109C1000044603F022FAE0800120F8BD0020FCE7B2
:109C2000C7450020C84500201416002010B5064C7A
:109C3000207828B10548F5F747FF10B1034B188885
:109C400010BDFFF767FFF3E7C7450020A43F0020E2
:109C500008B50A4A0346107860B1094A108898424C
:109C600009D121B99378103323F00F039370FFF7D4
:109C700051FF012008BD0020FCE700BFC7450020C0
:109C8000A43F00202DE9F74F03F0ECF9DFF8F8804E
:109C90003A4CB8F800C0DFF8F490394D99F80070EC
:109CA0001FFA80FEAEEB0C039BB201932378009366
:109CB000002603EB830305EB43033A46B246ACEBC5
:109CC0000E0CB3465FFA86FEBE4515D3BAF1000FFF
:109CD00001D0009B2370BA422AD3002F37D02378BB
:109CE000C8F800000A2202FB03532648998803B0F3
:109CF000BDE8F04FF0F7B2B8B3F804E001998E4533
:109D000012D8009993F802E0A3F804B001310EF1E3
:109D1000FF3EC9B2013A83F802E00091D2B24FF09F
:109D2000010A0A330136CDE7E644A3F804E0F8E778
:109D300089F800204AB12378C8F800000A2202FB03
:109D4000035310489988F0F789F8237813B903B0C2
:109D5000BDE8F08FFFF76AFF06460028F5D007F050
:109D60002CFC0146304608F015FC20B10021288863
:109D7000FFF76EFFE9E76621F9E700BFC74500205E
:109D8000A43F002014150020743B0020C84500208B
:109D900038B50E4B05460E481C88F0F74BF8012DE0
:109DA0000CD10C4B1C88FA21614358B1884209D26E
:109DB0008408012C204638BF012038BD022D08BF81
:109DC0000224F0E70248F0F749F8F2E7A03F00204C
:109DD000703500209E3F002008B5064B0648012242
:109DE0001A700021F0F73AF8BDE808400020FFF7AC
:109DF000CFBF00BFCB440020703500201E4B1A8817
:109E000002F108039BB2012B73B502D81B4B1B78E0
:109E100023B902B0BDE87040F0F7BCB8184B194D3B
:109E200000241C70184B1C702B787BB1174E4FF61A
:109E3000FC730093308823462246214609F0BBFA82
:109E40004FF6FD732C70338001200FE0104B10464D
:109E50001978F5F79DF90028F6D10C4B1A884FF6C2
:109E6000FD739A42F0D001232B70022002B0BDE8AE
:109E70007040FFF78DBF00BFA23F0020CB44002001
:109E8000CE440020CC440020CD4400209C3F002044
:109E9000CF440020012808B50AD002280CD020B9F0
:109EA000084B18700848F0F775F84FF0FF3008BD00
:109EB000BDE80840FFF790BFBDE808400020FFF76D
:109EC00067BF00BFCB4400207035002002280CD8AB
:109ED00059B1064A13780133DBB21370044A127881
:109EE0009A4202D80220FFF7D5BF7047CD44002028
:109EF000D044002038B500F15703DBB2012B0446F3
:109F00000D4615D80D4A13780133DBB213700C4A95
:109F100012789A420CD80B4B19884FF6FD72914279
:109F200001BF1D80084B00221A700020FFF730FF90
:109F300029462046BDE8384003F086BCCE440020C8
:109F4000D14400209C3F0020CC440020064A00233E
:109F50001370064A1370064A4FF6FD711180054AC8
:109F60001370054A13707047CE440020CD44002082
:109F70009C3F0020CC440020CB44002030B5094B4E
:109F80001B78024633B1084B084C19780023D8B22D
:109F9000884201D3FF2004E0013334F82350954276
:109FA000F5D130BD13160020D34400207C3F0020A3
:109FB000054B064800221A70054BFF211970054B0E
:109FC0001A78920009F0F4BFD3440020803F0020AB
:109FD000D244002013160020F7B58DF807100DF1BC
:109FE0000701044603F06BFB234B1D78002D41D085
:109FF0002046FFF7C3FF214E214B3178FF2805D1C2
:10A00000204A107885422DD9451C1570884219D0F8
:10A010001C4A1B4D92F800C00022D7B2BC450CD997
:10A020002F46013297F803E0864505F10405F4D187
:10A0300002B203EB8202D278FA7002B203EB820220
:10A04000D170307002B203EB820123F82240FF226C
:10A050008A709DF80720FF2A02D003EB82039870D4
:10A0600003B0F0BD0A46104603EB8202D278FF2A05
:10A07000F9D1CBE7FF20F3E713160020D2440020EC
:10A08000803F0020D34400202DE9F843FFF776FFFE
:10A09000FF2804466AD0364FDFF8E080354E03B221
:10A0A0004FF6FF7227F8232098F80050A54202D1FE
:10A0B0000020BDE8F88320B23378810007EB8000F0
:10A0C000A34290F803E011D0294A00235FFA83F9F4
:10A0D0004D45944607D99CF80390A14503F101032F
:10A0E00002F10402F2D18CF803E001E086F800E00E
:10A0F000013DEDB22A1BD2B204319200394409F07D
:10A100003DFF88F800503378FF2B04D0A34224BFD2
:10A1100003F1FF333370164B00214FF6FF70CAB2C4
:10A12000AA420CD3144A00234FF6FF71DCB2AC42B2
:10A13000BAD2013332F823008842F7D1B4E79A78D3
:10A14000A2420BD11880DA78FF2A04D0A24224BFA1
:10A1500002F1FF32DA7001310433E0E7FF2AF2D076
:10A16000A24224BF02F1FF329A70ECE70320A0E77D
:10A17000803F0020D24400207C3F0020D3440020B8
:10A18000F8B51C4B1B780546084673B3FFF7F6FE7F
:10A19000FF28044629D02846FFF7F0FEFF2806D006
:10A1A000154B164E1A780023D9B2914218D3FF21CD
:10A1B0002846FFF711FFFF28014616D0104F05462D
:10A1C00023B207EB830237F823009678FFF704FFEA
:10A1D000A84208BFFF25FF2E214608D12846F8BD1A
:10A1E000013316F823108142DED1FF25F6E734460D
:10A1F000E6E700BF13160020D34400207E3F002076
:10A20000803F00202DE9FF414FF0000C9DF82850C1
:10A210008DF80FC00DF10F0CCDE9005C1F4606460E
:10A220008846144603F01BFA9DF80F3093B9414657
:10A230003046E4F75BFE0E4B1B785BB10B2C09D864
:10A240003046FF21FFF7C8FE05EB44040646E4B2A2
:10A25000A54202D104B0BDE8F0812946384607F096
:10A260005DFC3146FFF7B8FE02350646EDB2EFE77A
:10A27000131600202DE9F34700230DF107028DF896
:10A28000073004460E4603F005FA9DF807300546F0
:10A2900063B92046FFF772FE04465EB13088EFF7DF
:10A2A000C7FB5FFA80F8FF2C46D10025284602B094
:10A2B000BDE8F087B046F6E701320C2AF5D02DB2A2
:10A2C00007EB8505AD78FF2DF6D112F0FF0AECD033
:10A2D0004FEA4A050235EDB2002EE7D008EB050142
:10A2E000C9B2304607F0B4FB0028DED130885246B0
:10A2F0004146EFF785FD0AF1FF3208F1010108F14F
:10A3000002093088D2B2C9B25FFA89F9EFF778FD55
:10A3100024B207EB8404A478FF2CC7D023B2308882
:10A3200037F82320494607F009FC0028BDD109F180
:10A3300002095FFA89F9EBE7014F25460022BEE7E3
:10A34000803F0020FF2810B51FBF064B03EB8004A1
:10A3500033F820300B801DBFA3781370002003203A
:10A3600010BD00BF803F002081F0004102E000BF2F
:10A3700083F0004330B54FEA41044FEA430594EAC5
:10A38000050F08BF90EA020F1FBF54EA000C55EA00
:10A39000020C7FEA645C7FEA655C00F0E2804FEAD1
:10A3A0005454D4EB5555B8BF6D420CDD2C4480EAB3
:10A3B000020281EA030382EA000083EA010180EAE3
:10A3C000020281EA0303362D88BF30BD11F0004F31
:10A3D0004FEA01314FF4801C4CEA113102D0404267
:10A3E00061EB410113F0004F4FEA03334CEA1333A2
:10A3F00002D0524263EB430394EA050F00F0A780BA
:10A40000A4F10104D5F1200E0DDB02FA0EFC22FAB4
:10A4100005F2801841F1000103FA0EF2801843FAA8
:10A4200005F359410EE0A5F120050EF1200E012A99
:10A4300003FA0EFC28BF4CF0020C43FA05F3C018D7
:10A4400051EBE37101F0004507D54FF0000EDCF150
:10A45000000C7EEB00006EEB0101B1F5801F1BD3F9
:10A46000B1F5001F0CD349085FEA30004FEA3C0CFD
:10A4700004F101044FEA445212F5800F80F09A80F3
:10A48000BCF1004F08BF5FEA500C50F1000041EBF7
:10A49000045141EA050130BD5FEA4C0C404141EBFB
:10A4A0000101013C28BFB1F5801FE9D291F0000FF6
:10A4B00004BF01460020B1FA81F308BF2033A3F1A5
:10A4C0000B03B3F120020CDA0C3208DD02F1140C9C
:10A4D000C2F10C0201FA0CF021FA02F10CE002F1D7
:10A4E0001402D8BFC2F1200C01FA02F120FA0CFCD0
:10A4F000DCBF41EA0C019040E41AA2BF01EB045119
:10A50000294330BD6FEA04041F3C1CDA0C340EDC16
:10A5100004F11404C4F1200220FA04F001FA02F359
:10A5200040EA030021FA04F345EA030130BDC4F117
:10A530000C04C4F1200220FA02F001FA04F340EA0C
:10A540000300294630BD21FA04F0294630BD94F0BD
:10A55000000F83F4801306BF81F480110134013DA4
:10A560004EE77FEA645C18BF7FEA655C29D094EA15
:10A57000050F08BF90EA020F05D054EA000C04BF93
:10A580001946104630BD91EA030F1EBF002100207E
:10A5900030BD5FEA545C05D14000494128BF41F01D
:10A5A000004130BD14F580043CBF01F5801130BD81
:10A5B00001F0004545F0FE4141F470014FF000000C
:10A5C00030BD7FEA645C1ABF194610467FEA655CBD
:10A5D0001CBF0B46024650EA013406BF52EA03355F
:10A5E00091EA030F41F4002130BD00BF90F0000F4D
:10A5F00004BF0021704730B54FF4806404F1320489
:10A600004FF000054FF0000150E700BF90F0000F41
:10A6100004BF0021704730B54FF4806404F1320468
:10A6200010F0004548BF40424FF000013EE700BF38
:10A6300042004FEAE2014FEA31014FEA02701FBFC8
:10A6400012F07F4393F07F4F81F06051704732F0FA
:10A650007F4208BF704793F07F4F04BF41F4002151
:10A66000704730B54FF4607401F0004521F00041AF
:10A670001CE700BF50EA010208BF704730B54FF039
:10A6800000050AE050EA010208BF704730B511F03A
:10A69000004502D5404261EB41014FF4806404F172
:10A6A00032045FEA915C3FF4D8AE4FF003025FEAF8
:10A6B000DC0C18BF03325FEADC0C18BF033202EB7C
:10A6C000DC02C2F1200300FA03FC20FA02F001FAD6
:10A6D00003FE40EA0E0021FA02F11444BDE600BF79
:10A6E00070B54FF0FF0C4CF4E06C1CEA11541DBF28
:10A6F0001CEA135594EA0C0F95EA0C0F00F0DEF8F3
:10A700002C4481EA030621EA4C5123EA4C5350EAD7
:10A71000013518BF52EA033541F4801143F4801328
:10A7200038D0A0FB02CE4FF00005E1FB02E506F0B9
:10A730000042E0FB03E54FF00006E1FB03569CF00E
:10A74000000F18BF4EF0010EA4F1FF04B6F5007F14
:10A7500064F5407404D25FEA4E0E6D4146EB060686
:10A7600042EAC62141EA55514FEAC52040EA5E500F
:10A770004FEACE2EB4F1FD0C88BFBCF5E06F1ED8B9
:10A78000BEF1004F08BF5FEA500E50F1000041EBF0
:10A79000045170BD06F0004646EA010140EA02009D
:10A7A00081EA0301B4EB5C04C2BFD4EB0C0541EABF
:10A7B000045170BD41F480114FF0000E013C00F3D4
:10A7C000AB8014F1360FDEBF002001F0004170BDF8
:10A7D000C4F10004203C35DA0C341BDC04F1140411
:10A7E000C4F1200500FA05F320FA04F001FA05F29D
:10A7F00040EA020001F0004221F0004110EBD3706A
:10A8000021FA04F642EB06015EEA430E08BF20EA95
:10A81000D37070BDC4F10C04C4F1200500FA04F338
:10A8200020FA05F001FA04F240EA020001F00041CA
:10A8300010EBD37041F100015EEA430E08BF20EA3D
:10A84000D37070BDC4F1200500FA05F24EEA020E85
:10A8500020FA04F301FA05F243EA020321FA04F0B4
:10A8600001F0004121FA04F220EA020000EBD3706B
:10A870005EEA430E08BF20EAD37070BD94F0000F6B
:10A880000FD101F00046400041EB010111F4801F9F
:10A8900008BF013CF7D041EA060195F0000F18BF50
:10A8A000704703F00046520043EB030313F4801F8C
:10A8B00008BF013DF7D043EA0603704794EA0C0F46
:10A8C0000CEA135518BF95EA0C0F0CD050EA41065C
:10A8D00018BF52EA4306D1D181EA030101F00041D9
:10A8E0004FF0000070BD50EA410606BF1046194601
:10A8F00052EA430619D094EA0C0F02D150EA01360D
:10A9000013D195EA0C0F05D152EA03361CBF10464D
:10A9100019460AD181EA030101F0004141F0FE41EC
:10A9200041F470014FF0000070BD41F0FE4141F470
:10A93000780170BD70B54FF0FF0C4CF4E06C1CEA70
:10A9400011541DBF1CEA135594EA0C0F95EA0C0F25
:10A9500000F0A7F8A4EB050481EA030E52EA0335E0
:10A960004FEA013100F088804FEA03334FF0805501
:10A9700045EA131343EA12634FEA022245EA11152E
:10A9800045EA10654FEA00260EF000419D4208BFDF
:10A99000964244F1FD0404F5407402D25B084FEA8C
:10A9A0003202B61A65EB03055B084FEA32024FF438
:10A9B00080104FF4002CB6EB020E75EB030E22BF95
:10A9C000B61A754640EA0C005B084FEA3202B6EB55
:10A9D000020E75EB030E22BFB61A754640EA5C0004
:10A9E0005B084FEA3202B6EB020E75EB030E22BF94
:10A9F000B61A754640EA9C005B084FEA3202B6EB95
:10AA0000020E75EB030E22BFB61A754640EADC0053
:10AA100055EA060E18D04FEA051545EA16754FEAB5
:10AA200006164FEAC30343EA52734FEAC2025FEAD3
:10AA30001C1CC0D111F4801F0BD141EA00014FF062
:10AA400000004FF0004CB6E711F4801F04BF014333
:10AA50000020B4F1FD0C88BFBCF5E06F3FF6AFAE4F
:10AA6000B5EB030C04BFB6EB020C5FEA500C50F1DF
:10AA7000000041EB045170BD0EF0004E4EEA113162
:10AA800014EB5C04C2BFD4EB0C0541EA045170BD69
:10AA900041F480114FF0000E013C90E645EA060EAD
:10AAA0008DE60CEA135594EA0C0F08BF95EA0C0FDB
:10AAB0003FF43BAF94EA0C0F0AD150EA01347FF423
:10AAC00034AF95EA0C0F7FF425AF104619462CE7FA
:10AAD00095EA0C0F06D152EA03353FF4FDAE10465D
:10AAE000194622E750EA410618BF52EA43067FF4AE
:10AAF000C5AE50EA41047FF40DAF52EA43057FF43E
:10AB0000EBAE12E74FF0FF3C06E000BF4FF0010C48
:10AB100002E000BF4FF0010C4DF804CD4FEA410CAC
:10AB20007FEA6C5C4FEA430C18BF7FEA6C5C1BD079
:10AB300001B050EA410C0CBF52EA430C91EA030FFA
:10AB400002BF90EA020F0020704710F1000F91EA57
:10AB5000030F58BF994208BF90422CBFD8176FEA25
:10AB6000E37040F0010070474FEA410C7FEA6C5CF3
:10AB700002D150EA013C07D14FEA430C7FEA6C5CFA
:10AB8000D6D152EA033CD3D05DF8040B704700BF26
:10AB90008446104662468C461946634600E000BF74
:10ABA00001B5FFF7B7FF002848BF10F1000F01BD46
:10ABB0004DF808EDFFF7F4FF0CBF012000205DF811
:10ABC00008FB00BF4DF808EDFFF7EAFF34BF012096
:10ABD00000205DF808FB00BF4DF808EDFFF7E0FF2F
:10ABE00094BF012000205DF808FB00BF4DF808ED80
:10ABF000FFF7CEFF94BF012000205DF808FB00BFE7
:10AC00004DF808EDFFF7C4FF34BF012000205DF8C8
:10AC100008FB00BF4FEA410212F5001215D211D510
:10AC20006FF47873B3EB625212D94FEAC12343F049
:10AC3000004343EA505311F0004F23FA02F018BFCB
:10AC4000404270474FF00000704750EA013005D194
:10AC500011F0004008BF6FF0004070474FF0000057
:10AC6000704700BF4A0011D212F5001211D20DD563
:10AC70006FF47873B3EB62520ED44FEAC12343F002
:10AC8000004343EA505323FA02F070474FF00000AC
:10AC9000704750EA013002D14FF0FF3070474FF05B
:10ACA0000000704753B94AB9002908BF00281CBFEB
:10ACB0004FF0FF314FF0FF3000F06AB9ADF1080CF2
:10ACC0006DE904CE00F006F8DDF804E0DDE90223CA
:10ACD00004B070472DE9F047089D0C46002B4ED17B
:10ACE00094468C458646B2FA82F262D94AB1C2F1E4
:10ACF0002003914020FA03F30CFA02FC194300FAF6
:10AD000002FE4FEA1C471FFA8CF6B1FBF7F44FEA3C
:10AD10001E4307FB141143EA014304FB06F1994269
:10AD20000AD91CEB030304F1FF3080F01381994230
:10AD300040F21081023C6344591A1FFA8EF3B1FBB2
:10AD4000F7F007FB101143EA014300FB06F69E42B1
:10AD50000AD91CEB030300F1FF3180F0FD809E4215
:10AD600040F2FA80634402389B1B40EA0440002111
:10AD70001DB1D3400022C5E90032BDE8F0878B4207
:10AD800005D90DB1C5E9000100210846F5E7B3FA80
:10AD900083F1002946D1A34202D39042C0F0F18052
:10ADA000861A64EB03030120002DE6D0C5E9006399
:10ADB000E3E7002A40F09180A1EB0C044FEA1C4825
:10ADC0001FFA8CF70121B4FBF8F64FEA1E4308FB8B
:10ADD000164443EA044307FB06F0984208D91CEBEB
:10ADE000030306F1FF3402D2984200F2CE802646D9
:10ADF0001C1A1FFA8EF3B4FBF8F008FB104443EA68
:10AE0000044300FB07F79F4208D91CEB030300F142
:10AE1000FF3402D29F4200F2B1802046DB1B40EAA1
:10AE20000640A5E7C1F120068B4022FA06F71F4332
:10AE300020FA06FC04FA01F343EA0C03F44000FA9A
:10AE400001F8380C4FEA1349B4FBF0FE1FFA87FCF7
:10AE500000FB1E4449EA04440EFB0CF9A14502FA2A
:10AE600001F20AD93C190EF1FF3A80F08580A14524
:10AE700040F28280AEF1020E3C44A4EB09041FFABA
:10AE800083F9B4FBF0F300FB134449EA044403FBE9
:10AE90000CFCA44507D93C1903F1FF3068D2A44546
:10AEA00066D9023B3C4443EA0E40A0FB0293A4EB6C
:10AEB0000C049C42CE469C4652D34FD055B1B8EBC1
:10AEC0000E0364EB0C0404FA06F6CB40CC401E43A0
:10AED000C5E900640021BDE8F087C2F1200320FA33
:10AEE00003F10CFA02FC24FA03F394400C434FEAFA
:10AEF0001C4800FA02FE1FFA8CF7B3FBF8F008FBBF
:10AF00001031230C43EA014300FB07F1994208D9B1
:10AF10001CEB030300F1FF362CD299422AD90238E8
:10AF200063445B1AA4B2B3FBF8F108FB113344EAA3
:10AF3000034401FB07F3A34208D91CEB040401F10D
:10AF4000FF3613D2A34211D902396444E41A41EA0C
:10AF5000004138E70446EFE6084605E7C845ADD2AC
:10AF6000B9EB020E63EB070C0138A7E73146EDE7BA
:10AF7000034698E73046D4E7D6467EE76344023876
:10AF80004CE70646234608460EE7023E63442FE799
:10AF9000704700BF08B5064B044613B10021AFF35C
:10AFA0000080044B1B6803B19847204600F005FD64
:10AFB00000000000B43C0020024B0146186800F07D
:10AFC000DBB900BF34150020014809F00BB800BF01
:10AFD000C9450020014809F006B800BFC945002056
:10AFE000242B2DE9F0478646904601D8012B06D147
:10AFF00000F098F9162303600020BDE8F08736487A
:10B000000D462A4615F8014B065D16F00806F8D1E4
:10B010002D2C24D12C780126951C2BBB302C30D024
:10B020000A2306F1004C0CF1FF3C0022BCFBF3F9B3
:10B03000104603FB19CAA4F13007092F28D83C4653
:10B04000A34234DD571C07D081452DD301D1A24541
:10B050002ADB00FB0340012215F8014BEBE72B2C08
:10B0600004BF2C78951CD8E7102BDAD1302CD8D11E
:10B070002A7802F0DF02582AD3D16C7810230235E7
:10B08000CFE72B7803F0DF03582BF6D00823C8E76F
:10B09000A4F14107192F01D8373CD1E7A4F161078A
:10B0A000192F04D8573CCBE74FF0FF32D4E7531C9D
:10B0B00008D12223CEF800306046B8F1000F9CD0B2
:10B0C000691E06E006B14042B8F1000F95D0002A93
:10B0D000F6D1C8F8001090E725F7030013460A469A
:10B0E000014602480068FFF77BBF00BF341500200F
:10B0F0002DE9F043364E86460D46284615F8014B9D
:10B10000375D17F00807F8D12D2C26D12C780127B0
:10B11000851C3BBB302C32D00A234FF0FF38002671
:10B12000B8FBF3F803FB08F96FEA09093046A4F10C
:10B13000300CBCF1090F29D86446A34237DDB6F1C3
:10B14000FF3F07D080452FD301D1A1452CDB00FB69
:10B150000340012615F8014BE9E72B2C04BF2C789E
:10B16000851CD6E7102BD8D1302CD6D1287800F00A
:10B17000DF005828D1D16C7810230235CDE72B7829
:10B1800003F0DF03582BF6D00823C6E7A4F1410CE7
:10B19000BCF1190F01D8373CCFE7A4F1610CBCF129
:10B1A000190F04D8573CC8E74FF0FF36D2E7731C9D
:10B1B00006D12223CEF80030304632B9BDE8F08304
:10B1C00007B14042002AF9D006B1691E1160F5E7C7
:10B1D00025F7030013460A46014602480068FFF7B8
:10B1E00087BF00BF341500202DE9F04F85B0904691
:10B1F000464A029089461E460D462B4615F8014BDD
:10B20000175D17F00807F8D12D2C41D12C780127B4
:10B210009D1C002E41D1302C4CD00A2607F1004A4B
:10B2200007F1FF3B0AF1FF3AF31732465846514601
:10B230000393FFF737FD019200228E4684461146A4
:10B240001046A4F13003092B05D9A4F14103192BB1
:10B2500037D8A4F137039E423DDD541C15D08445F8
:10B260007EEB010234D38E4508BF844502D1019A9A
:10B270009A422DDB039A714300FB0211A6FB0002E8
:10B280000A44181842EBE371012215F8014BD8E784
:10B290002B2C04BF2C789D1CBBE7102EBED1302C6C
:10B2A000BCD12B7803F0DF03582BB7D16C78102674
:10B2B0000235B3E72B7803F0DF03582BF6D00826CE
:10B2C000ACE7A4F16103192B05D8A4F15703C2E739
:10B2D0004FF0FF32D9E7531C0AD1029A22231360A0
:10B2E00058465146B8F1000F0AD105B0BDE8F08FBD
:10B2F00017B1404261EB4101B8F1000FF5D00AB13E
:10B3000005F1FF39C8F80090EFE700BF25F703000B
:10B3100013460A46014602480068FFF765BF00BFB2
:10B3200034150020014B1868704700BF3415002009
:10B3300070B50D4D0D4C641BA4100026A64209D11A
:10B340000B4D0C4C08F07CFE641BA4100026A6429A
:10B3500005D170BD55F8043B98470136EEE755F826
:10B36000043B98470136F2E7701600207016002063
:10B37000701600207416002038B50546002941D00B
:10B3800051F8043C0C1F002BB8BFE418FFF71CFE5B
:10B390001D4A136833B9636014602846BDE838401D
:10B3A000FFF718BEA34208D9206821188B4201BFBD
:10B3B00019685B6809182160EDE71A465B680BB1F4
:10B3C000A342FAD911685018A0420BD12068014459
:10B3D000501883421160E0D118685B6853600844DC
:10B3E0001060DAE702D90C232B60D6E72068211819
:10B3F0008B4204BF19685B68636004BF0918216051
:10B400005460CAE738BD00BF783B0020ECF7BEBEF1
:10B4100008B501F0EDFE01F0F8FEDAF73BFEFAE7C1
:10B42000704708B5D5F784FFD6F73AFBD5F7E0FCAF
:10B43000D5F7ECFCD5F7F8FCBDE80840D5F7CABD58
:10B4400008B500F02DFADBF729F900F0B3FED5F7C7
:10B45000ABFCBDE80840D5F7A1BB08B5D8F756F955
:10B4600000F0A6FED8F75EF9DDF79EFFDEF74CF898
:10B47000BDE80840DEF784B870477047D5F7B4BB25
:10B4800008B502F015F8BDE8084002F038B870477A
:10B49000D5F798BC012070470120704738B5D5F723
:10B4A0009DFB044601F0EAFD051E18BF2546DEF7A8
:10B4B00005F9041E18BF2C46FFF7ECFF002818BF43
:10B4C000204638BD38B5DAF7EBFE0446D5F780FCE8
:10B4D00004281ED002284FF0000508BF012401F007
:10B4E000CFFD042817D0022808BF012402F025F858
:10B4F000042812D0022808BF0124FFF7CDFF04283A
:10B500000DD0022808BF0124002D18BF00242046BA
:10B5100038BD0125E3E70125E8E70125EDE7002433
:10B52000F5E7FF20704708B5FFF7FBFF002008BDD7
:10B530001FB544F20212ADF80C2003AA0346009294
:10B54000042100220120DDF7D9F805B05DF804FBE5
:10B550001FB544F20212ADF80C2003AA0346009274
:10B56000042105220120DDF7C9F805B05DF804FBD0
:10B570001FB503AA034600920120022203218DF881
:10B580000C00DDF7BBF805B05DF804FB1FB54FF408
:10B590008172ADF80C2003AA0346009205214122D6
:10B5A0000120DDF7ABF805B05DF804FB1FB542F2F2
:10B5B0000122ADF80C2003AA0346009204210222C6
:10B5C0000120DDF79BF805B05DF804FB1FB50222F2
:10B5D0008DF80C2003AA03460092052106220120C3
:10B5E000DDF78CF805B05DF804FB1FB502228DF87D
:10B5F0000C2003AA03460092032100220120DDF75C
:10B600007DF805B05DF804FB07B500220092012229
:10B61000034603211046DDF771F803B05DF804FB23
:10B6200007B500220346009206210120DDF766F8E7
:10B6300003B05DF804FB1FB540F20112ADF80C2019
:10B6400003AA03460092062140220120DDF756F8A6
:10B6500005B05DF804FB07B5002200920122034605
:10B6600006211046DDF74AF803B05DF804FB07B584
:10B67000002203460092062141220120DDF73EF818
:10B6800003B05DF804FB07B50022009204220346D4
:10B6900011460120DDF732F803B05DF804FB1FB559
:10B6A00002228DF80C2003AA0346009205210322F2
:10B6B0000120DDF723F805B05DF804FB1FB5022279
:10B6C0008DF80C2003AA03460092042103220120D6
:10B6D000DDF714F805B05DF804FB1FB54FF4817277
:10B6E000ADF80C2003AA0346009205210222012096
:10B6F000DDF704F805B05DF804FB07B5002203464A
:10B70000009211460120DCF7F9FF03B05DF804FB5D
:10B710001FB54FF48172ADF80C2003AA03460092C6
:10B72000052104220120DCF7E9FF05B05DF804FBE8
:10B7300007B5002203460092062102220120DCF711
:10B74000DDFF03B05DF804FB1FB540F20112ADF858
:10B750000C2003AA03460092032140220120DCF7BB
:10B76000CDFF05B05DF804FB1FB502228DF80C205B
:10B7700003AA00920122034604211046DCF7BEFF13
:10B7800005B05DF804FB1FB54FF48172ADF80C20D5
:10B7900003AA00920122034605211046DCF7AEFF02
:10B7A00005B05DF804FB07B50092027D0B46818968
:10B7B000806802F0FBFA003818BF0120C00103B016
:10B7C0005DF804FB704708B50020E1F795F800200C
:10B7D000E2F780FD0020DEF767FF0020DFF706FCC0
:10B7E0000020E0F701FBBDE808400020E0F728BB9F
:10B7F000012002F098B908B50220E1F71DF90220F6
:10B80000E0F7FCFA0220E3F74BF8BDE8084002201D
:10B81000E0F776BE704702F076BD70477047DEF7FE
:10B82000D5BE7047704770477047704710B50446E3
:10B83000E0F78CFD2046BDE81040DFF7F7B902F0D5
:10B8400025BA02F02FBADFF7DBBB704770477047AD
:10B850007047704770477047704770477047704730
:10B860007047E0F777BA7047704770477047704786
:10B8700082B06B4683E8060093E8060002B0DEF76C
:10B880002DB8704770477047704703F05DB903F0FB
:10B8900061B970470020704703F05EB903F06AB9E0
:10B8A0000F20704770B5002506462C46052C20D881
:10B8B000DFE804F003070B0F13175B210820D5F70F
:10B8C0009DFD0C210820D5F799FDD1210820D5F741
:10B8D00095FD80210820D5F791FD00210820D5F79E
:10B8E0008DFD294608206C1CD5F788FDE4B225465D
:10B8F0000624A4F10E03012B05D85A210820D5F700
:10B900007DFD0134D2E7102C05D1BDE870405D21EA
:10B910000820D5F773BDB31F195DEFE707B520F019
:10B920007F4040EA81700123019068460093FFF751
:10B93000B9FF03B05DF804FBFEE74FF40040704729
:10B940004FF47A70704700230360704703680B6000
:10B950000160704710B538B132B129B10023013907
:10B96000D45C14B90023037010BD8B42FAD200F8E6
:10B97000014B0133F4E7034638B10020814204D083
:10B980001A5C02B970470130F8E770474FF0FF3199
:10B99000FFF7F1BF70B50C461646054660B15AB1C7
:10B9A00051B1FFF7F3FF844206D9211A32462844E9
:10B9B000BDE87040FFF7CEBF70BDFEE7436803B13E
:10B9C000184722207047436903B11847FF2070478A
:10B9D00030221C2302FB003000F1047000F52040EF
:10B9E00001EBC00189000868704738B50D682B78F5
:10B9F000022B0C460CD069792879FFF7E9FFB0FAE1
:10BA000080F0400928702046BDE83840D5F79AB844
:10BA100038BD03681878704710B504682378022B86
:10BA200015D061792079FFF7D3FFA279012A15D1CA
:10BA30000038638818BF012040EA430363F03F03E6
:10BA40009BB24FF6E0718B4202D12270638010BD31
:10BA50004FF6DF729342F9D10022F6E7002AF6D1C1
:10BA6000B0FA80F040092070F1E703681A78022AE2
:10BA700003D100225A80D5F72DBC704713B5046856
:10BA80002378022B10D0A379022B0BD160790021EF
:10BA9000D6F71EF8627920790023CDE900331146EC
:10BAA000D7F7F2F90223237002B010BD4FF06042C5
:10BAB0000123D2F8001E83400B43C2F8003E002051
:10BAC00070474FF060410122D1F8003E824023EAE6
:10BAD0000203C1F8003E00207047D0E90003184778
:10BAE000836800681847C3680068184703690068DE
:10BAF000184783890B807047037A01229A400369B3
:10BB000003F1C0631A637047037A01229A40036904
:10BB100003F180631A63704738B505698269EB6980
:10BB20008181013AB3FBF2F35943FFF7EDFF037A4A
:10BB300005EB0315E966BDE83840FFF7DDBF437844
:10BB400010B5012204780C219A40302313FB041312
:10BB5000817803F1804303F5204319B903F1806331
:10BB60001A6010BD03F1C063FAE7437810B50122F3
:10BB700004780C219A40302313FB0413817803F1DD
:10BB8000804303F5204319B903F1C0631A6010BD67
:10BB900003F18063FAE74178037801228A4030217B
:10BBA0004B4303F1804303F520439A6170470246FB
:10BBB00000780C21302313FB001303F10473517838
:10BBC00003F5204301EBC3039B0018689378C0B2D0
:10BBD00013B9B0FA80F04009704710B50446006808
:10BBE000D5F72EFC012809D06068D5F729FC01287B
:10BBF00004D0A068D5F724FC012801D1012010BD94
:10BC000000232376FBE710B504460068FFF774FFB6
:10BC10006068FFF771FFA068FFF76EFF01232376CE
:10BC200010BD10B504460068FFF76EFF6068FFF7AF
:10BC30006BFFA068FFF768FF0023237610BD037E2B
:10BC40000BB9FFF7E0BFFFF7ECBF007E704770B5A0
:10BC5000044600681D4603681646984723686068D6
:10BC60001B68314698472368A0681B682946BDE8D1
:10BC70007040184770B5044600681D464368164674
:10BC80009847236860685B68314698472368A068D6
:10BC90005B682946BDE87040184710B484690068A5
:10BCA000A4465DF8044B604710B588B004460E9872
:10BCB00007900D9806909DF8300005900B98049021
:10BCC0009DF8280003900020CDE9013000920B463A
:10BCD00022460121D5F77CFC08B010BD704713B592
:10BCE000044601A8D7F76EFB9DF80630238040F28A
:10BCF00001136380D7F78CFB6060002002B010BD99
:10BD0000D7F718BA08B5D7F705FA002008BD10B55F
:10BD1000044644EA010313F00303084609D19342A1
:10BD200001D1002010BD54F8231040F82310013336
:10BD3000F5E79200214608F061F9F2E7704708B58F
:10BD4000D6F750F8013008BDEFF3108072B6704797
:10BD500000B962B67047602383F311887047EFF330
:10BD60001180602383F31188704780F31188704736
:10BD700084B00B6800934B6801938B680293CB6887
:10BD80000393009B0360019B0360029B0360039B82
:10BD900003600023009301930293039304B0704760
:10BDA00084B00368009303680193036802930368F7
:10BDB0000393009B0B60019B4B60029B8B60039B7A
:10BDC000CB600023009301930293039304B0704768
:10BDD00030B5D1E90223D1E9005405600460026066
:10BDE000036030BD30B50568046802680368C1E9C6
:10BDF0000054C1E9022330BD7FB58A0704460B46D3
:10BE000010D06D4601F11006186859682A4603C221
:10BE10000833B3421546F7D169462046FFF7D8FFED
:10BE200004B070BD0091009904B0BDE87040FFF708
:10BE3000CFBF30B58B0785B00C4610D06946FFF7F1
:10BE4000D1FF0D46234604AC2A4603CAA24218601D
:10BE50005960154603F10803F6D105B030BD0091D5
:10BE6000009905B0BDE83040FFF7BCBF00F1424388
:10BE700003F58013102A10B54FEA43130AD10122AB
:10BE80001A6000F58870FFF773FF1031BDE81040AD
:10BE9000FFF76EBF00221A602430F7E7F0B50B46BB
:10BEA000990789B0044615462DD0082A19D16D4648
:10BEB00003F11006186859682A4603C20833B342D2
:10BEC0001546F7D1082269462046FFF7CFFF032227
:10BED0006B460020013A186003F10403FAD209B05E
:10BEE000F0BD6E4603F1200718685968324603C258
:10BEF0000833BB421646F7D12A4669462046FFF76B
:10BF0000B5FF0722E4E70093009909B0BDE8F040CF
:10BF1000FFF7ACBF10B52030FFF742FF102A04D165
:10BF2000BDE810401031FFF73BBF10BD30B58B07A7
:10BF300089B00C46154625D06946FFF7EBFF082D62
:10BF40006A4613D104AD134603CBAB422060616057
:10BF50001A4604F10804F6D103226B460020013A88
:10BF6000186003F10403FAD209B030BD08AD1346DE
:10BF700003CBAB42206061601A4604F10804F6D19D
:10BF80000722EAE70091009909B0BDE83040FFF7C9
:10BF9000C1BF704770477047D6F706BCD6F796BB4F
:10BFA00070B505460E461446FFF7CEFE2B685C4082
:10BFB00034405C402C60BDE87040FFF7C9BED7F745
:10BFC00001B90A7810B50AB902234360002343621D
:10BFD000CB788C781B0443EA04634C7A2343CC79F6
:10BFE00043EA84230C7A43EA04234C7843EA84131B
:10BFF0008C7A43EAC413CC7A43EA44130C7B43EAB9
:10C0000004134C7B43EAC4030C7943EA44334C7970
:10C01000897943EA047343EA417303600AB1012357
:10C02000436010BD10B5537814781B0643EA84634F
:10C0300094792343947843EA0443D47843EA04335D
:10C04000147943EA8423547943EA0423D47943EAF4
:10C050008473147A43EA4473547A43EA0413947A57
:10C06000D27A063143EA8403090143EA027343505A
:10C0700010BDCB435B0003F00A03C360C16070478F
:10C0800038B5D7F715FA8B7C04460D461BB103680B
:10C0900043F080430360EB7C1BB12B7D43F08003B6
:10C0A000A3652A8A6B7B1343EA89134363602B7B66
:10C0B000D5E901122046D7F7B7F96B7D1BB123688C
:10C0C00043F480332360AB7D1BB1236843F400430A
:10C0D0002360EB7D2A7E1B07120502F4E00203F0C9
:10C0E000E04313432366636F23F030036367626F9B
:10C0F0006B7E134363672B78E36038BD38B5D7F7A1
:10C10000D7F90B8A026843F0010313438A7B43EAA1
:10C110008223036003680A7D43EA427303608B7CD9
:10C1200004460D461BB1CB7C43F0800383652B7B1B
:10C1300043F480536360D5E901122046D7F7A6F98E
:10C140006B7B0BB11023E3606B7D1BB1236843F461
:10C1500080332360AB7D1BB1236843F4004323602D
:10C16000EB7D2A7E1B07120503F0E04302F4E00298
:10C17000134323662B78E36038BD03695A06FCD568
:10C18000416303699B06FCD5C069C0B2704703696F
:10C190005B06FCD541637047002070470020704764
:10C1A0000020704701207047012070470F20704722
:10C1B000E5F778BC704770B504460D46FFF7C4FD3F
:10C1C000A36A102B064604F10501284614BF10226D
:10C1D0000822FFF763FE05F1840004F14C01FFF72C
:10C1E0000BFE3046BDE87040FFF7B2BD2DE9F043CD
:10C1F000074685B016461C460D4631B9D7F7AAFA50
:10C20000054601463846FFF7D6FF44B3FFF79CFDCD
:10C2100097F842308046F3B10E2200210DF1020062
:10C2200007F0C6FE0E2CBB8DA14628BF4FF00E09AD
:10C230005BBA31464A460DF10200ADF8003007F016
:10C24000DDFE69462846D7F7A9FA0023A4EB0904C6
:10C250004E4487F842302CB94046FFF779FD05B0CF
:10C26000BDE8F083102C27464FF0100228BF10279E
:10C270000021684607F09CFE31463A46684607F0C2
:10C28000BDFE69462846D7F789FAE41B3E44E2E73B
:10C290002DE9F04F8BB00546DDF85080169E17460D
:10C2A0009A460C464FF0010900297BD1D7F752FA84
:10C2B000CDF8009004462B6E2F714FF000095FFA05
:10C2C00088F7EB62C5F8449085F86C704246514699
:10C2D00005F15C00019307F091FE159A019BC7F1EF
:10C2E0000F0B023AC7F10E07B3EB0903FFB24FEA97
:10C2F000520247EAC20218BF012342EA83135146A1
:10C3000042460DF109008DF8083007F077FE06AAC5
:10C310004B465FFA8BFB9146D9B28B4547D8002E2E
:10C3200059D166602660FFF70FFDAB6A0190102BB4
:10C3300014BF10220822691D2046FFF7AFFDC4F884
:10C34000886002A9C4F888602046C4F88860C4F8F0
:10C350008860D7F723FA0198FFF7FAFC4246514666
:10C360000DF119008DF8187007F048FE08F1010072
:10C370005A463146484407F01BFE01238DF827300A
:10C38000FFF7E2FC04F18407064649463846FFF70A
:10C3900033FD3046FFF7DCFC009B6BB900200BB08F
:10C3A000BDE8F08F002380F84290009383E702F805
:10C3B000016D0133360AAFE7FFF7C6FC05F14C010A
:10C3C00006463846FFF735FD3046FFF7C1FC2046EC
:10C3D000D7F7CAF9E2E76FF08600E0E701440023EF
:10C3E000884200D1704700F8013BF9E72DE9FF478B
:10C3F000DDF83890DDF848800C46064617469A4628
:10C40000D7F7A8F90C9BC6F8609022460093014626
:10C41000CDE90187054653463046FFF739FF04460C
:10C42000C8B90D9A4B4629463046FFF7DFFE3FB1AB
:10C43000109B00933A460F9B29463046D7F718FACF
:10C44000119A434629463046D7F7B6F9044610B943
:10C450002846D7F789F9204604B0BDE8F0872DE9D2
:10C46000F8431546894607469846D7F773F90023DF
:10C47000436003600446FFF767FCB9F1100F14BF77
:10C48000102208223946064604F180072046FFF7AD
:10C4900005FD41463846FFF7AFFC3046FFF758FC34
:10C4A000012D0CBF05230623A360256915F00205A5
:10C4B000FBD1FFF749FC089906463846FFF7B9FC5F
:10C4C0003046FFF745FC2046D7F74EF92846BDE831
:10C4D000F8832DE9F04190461E46054678B38B421D
:10C4E0002DD1D7F737F90023436003600446FFF7E7
:10C4F0002BFC102E074614BF102208222946204686
:10C50000FFF7CCFC3846FFF723FC0523A360256921
:10C5100015F00205FBD1FFF717FC102E14BF1022F7
:10C520000822414607462046FFF700FD3846FFF740
:10C530000FFC2046D7F718F92846BDE8F0816FF0C8
:10C540008600FAE770470020704700207047C368F4
:10C550001944836853F8210030F8023B1360704798
:10C5600010B5012380F888300378044653B100F0F9
:10C5700064FA21462046D7F709FE2046BDE8104060
:10C5800000F050BA10BD38B50D460446D7F7E6FDA9
:10C590006B68C4F8B032A968204600F098F94FF0F3
:10C5A000FF33C4F8B4322046FFF7CDFF38BDD0F8D2
:10C5B000B432013310B5044601D0002010BD00F0A4
:10C5C000BFFAC4F8B4020130F7D194F8B80280F091
:10C5D0000100F3E708B5D7F7FBFD08BD0A782D2A5F
:10C5E00008BF012200F1FF300CBF89180022D7F7E5
:10C5F00039BE07281BD8DFE800F0060A0D10131516
:10C6000004170120704700220820D7F72BBE002214
:10C610001020FAE700222020F7E70820FFF7DEBF0E
:10C620001020FBE72020F9E70846D7F77DBE002061
:10C6300070472DE9F7430728DDE90A760C46904656
:10C640001D4608D8013806280AD8DFE800F01D2763
:10C65000303A44574A00212850D003B0BDE8F08357
:10C66000002211462046FEF7B5FD3368C0B205EB47
:10C6700083013A6845F82300013348F822103360FB
:10C680003B6801333B60E8E7002211462046FEF795
:10C69000A1FD336880B205EB8301EAE70022114671
:10C6A0002046FEF797FD336805EB8301E1E70022A2
:10C6B00011462046FEF712FD336840B205EB8301B8
:10C6C000D7E7002211462046FEF708FD336800B286
:10C6D00005EB8301CDE7002211462046FEF7FEFC64
:10C6E000E1E700238DF8063089461E461D4619F8FD
:10C6F000013F7D2B06D125702D0A65703B6848F8F7
:10C700002340BDE7202BF2D006F00102013612B91A
:10C710008DF80430EBE71022002101A88DF80530D8
:10C72000FEF7DCFC631901359870ADB2DFE72DE947
:10C73000F04F9B4685B000238B45CDE902338146FF
:10C74000884692466BDC1A461E4619F80340FF2CB9
:10C7500008D15B4496B1013B434516DD2B2005B063
:10C76000BDE8F08F172C04D8102C28BF012201330C
:10C77000EBE7203C012C98BF0126F8E762B1013BB2
:10C780004345EBDC3546374602E000252F462E4672
:10C79000454504DB0020E2E79845F3D0DEE75D4540
:10C7A0003BDB19F80730202B18D109EB07035B7826
:10C7B000FF2BD3D1CEB95AF825102046FFF719FF29
:10C7C00078B303AB019302AB00935AF82510DDE96F
:10C7D0000E232046FFF72DFF0135D9E7212B0ED17F
:10C7E00009EB07035B78FF2BB8D1029B0E995AF82F
:10C7F000252041F82320013302930126ECE7A3F121
:10C800001004072C02D901371C46D3E709EB0703B4
:10C810005B78FF2BA2D1E4B2CCE70624CAE7212043
:10C820009DE726209BE72DE9F04F85B0DDE90FABB2
:10C83000DDF8449007460E461546984604462068A3
:10C8400008B3DAF80020D8F800108A421BDA0E9BF1
:10C8500053F82210D4F71CFD48BBDAF8002001324F
:10C86000CAF800206268117BFE291BD10E9B10685C
:10C870000093CDE902B9CDF804A043462A46012130
:10C88000FFF7D1FF04462B7843B999F800302BB954
:10C890007EB1012389F800303C462B70204605B05C
:10C8A000BDE8F08F01238BF800302B70EBE70C34E0
:10C8B000C5E73446F2E710B50446236803B910BD56
:10C8C000237A13B92046D7F765FD0C34F5E710B588
:10C8D00041B10A7932B901249C300C71FFF736F866
:10C8E000204610BD0020FCE72DE9F041BAB0054616
:10C8F0000AAA084603A900F05FF90446B0B90DF191
:10C900000A0301930DF10B038DF80A0000930AAAA4
:10C9100004AB03A92846D7F703FF9DF80A20B2B15C
:10C920009DF80B2048B12AB1D7F734FD20463AB024
:10C93000BDE8F081FFF7BFFFF8E7D5F89C50002D68
:10C94000F4D0A86808B1FFF7B6FF2D68F7E700B389
:10C95000466803991AAB06F10C082AAF01930097B9
:10C96000049B0AAA4046FFF7E2FE04460028DDD1F8
:10C97000039B0595CDE90637049B05A8CDE908384A
:10C98000DAF752FC05A83368984705A800F0ACFC1C
:10C99000CCE72D24CAE710B50446AC3007F03CFBC9
:10C9A00004F1AB031A180020934200D110BD13F814
:10C9B000011F0029FAD00A2908BF0130F4E700233B
:10C9C000F0B50B6013600646D0F8AC0278B196F86B
:10C9D000AC0060B1012406F1AC07D6F8AC02844289
:10C9E00011D306F1AC00B3F5007F11D30120F0BDE7
:10C9F0000D6801350D60156801351560F85C0A2871
:10CA000003F1010302D0B3F5007FF1D30134E4E771
:10CA1000C15C0A29EAD00029E8D01168013111600F
:10CA20000133E0E710B5D0F88C200021044607F070
:10CA3000BFFA0023C4E9243310BD73B5044600F1E6
:10CA4000AC0580212046FEF796FF4FF400710646A4
:10CA50002846FEF790FF0136C0F50070864220465A
:10CA60001FD807F0D9FA0646284607F0D5FA01364E
:10CA7000421C2946A81907F081FA204607F0CCFA93
:10CA800021460246284607F0B9FA204607F0C4FAC4
:10CA900020440A2380F8AC300023C4F8AC3202B042
:10CAA00070BDFFF778FF01AAC4F8AC0269462046C2
:10CAB000FFF785FF009B2344002283F8AC20C0E7EA
:10CAC00073B50D460446FFF766FF6B1C1FD1D4F803
:10CAD000AC3213B1013BC4F8AC320025204607F05C
:10CAE0009BFAA8421BD82046FFF79CFFD4F8AC3233
:10CAF0005BB101AA69462046FFF761FF28B1009D9E
:10CB000004F1AC06019BAB4214D802B070BD012DFC
:10CB1000FBD1D4F8AC328342F7D20133DBE70820F3
:10CB200000F01DF8202000F01AF8082000F017F897
:10CB30000135D3E7715D2046D7F724FF0135E1E7E2
:10CB400007B500200DF1070100F0EFF820B99DF8BE
:10CB5000070003B05DF804FB4FF0FF30F9E710B5B4
:10CB6000C1B20446002000F0D0F800280CBF2046D7
:10CB70004FF0FF3010BD0FB407B504A951F8040BF6
:10CB80000191E3F74FF8002003B05DF804EB04B027
:10CB9000704710B54C1C0B460119045D222C03D0C4
:10CBA0007B2C01D05C2C05D1D21A184407F0E6F991
:10CBB000012010BD0020FCE72DE9F0470546914615
:10CBC000884607F029FA2A460646134601321978A4
:10CBD0002029FAD0C9F800305C1B0123C8F80030C6
:10CBE0006FF0404AA64201D8002015E02F5D7B2F50
:10CBF00005EB040112D0222F2ED1D8F80030621C90
:10CC000053442A4449F82320012C09D911F8013C46
:10CC100013F0DF0F04D02120BDE8F0877D27F3E774
:10CC200001342B5DBB4209D12B195B7813F0DF0374
:10CC3000F1D1222F00D12B550134D3E75C2B07D142
:10CC4000324621462846FFF7A4FF0028E3D0013EE4
:10CC50000134A642E5D8DEE75C2F08D132462146F2
:10CC60002846FFF796FF0028D5D0013EE4E7202FA5
:10CC7000E2D1631C0022B3420A70DDD2EA18EB5CF9
:10CC8000202BD9D0D8F800300F2B05DC49F8232011
:10CC90000133C8F80030CFE71E20BDE713B50223EB
:10CCA0000024684600948DF804408DF80530D5F7CF
:10CCB0002DFE204602B010BD70B50C46154610B9C9
:10CCC000D7F7D6FF38B143682BB12A462146006812
:10CCD000BDE870401847232070BDF7B50D461646D5
:10CCE0001C4648B103B901AC87685FB123463246A0
:10CCF00029460068B84706E0D7F7BAFF04B901AC87
:10CD00000028F1D1232003B0F0BD07B501228DF832
:10CD100007100DF10701FFF7CFFF03B05DF804FB2B
:10CD20000B4601461846FFF7F0BF00230122FFF72C
:10CD3000D4BF0EB403B503AA52F8041B0192D7F76F
:10CD4000A3FF02B05DF804EB03B07047034670B177
:10CD500090F8382090F83C002AB1022803D1012233
:10CD600083F83C20704704284FF00102F8D00120DE
:10CD7000704780F82C10704790F82C00704790F89E
:10CD800039007047037A3022534303F1804303F59F
:10CD90006223D3F89410D0E903231344994214BFBB
:10CDA000084610467047F8B590F8393004460D46ED
:10CDB00081B173B990F83A60FEF7C6FF01210546CC
:10CDC0003046D9F7CBF82846FEF7C2FF012384F896
:10CDD0003930F8BD002BFCD090F83A70FEF7B4FF64
:10CDE000294606463846D9F7B9F83046FEF7B0FF6F
:10CDF00084F83950EDE72DE9F8430446164690F8DB
:10CE00002C800D46FEF7ABFF94F8382003469AB10C
:10CE1000FEF7ABFF94F83B90FEF796FF0121074623
:10CE20004846D9F79BF83846FEF792FFFEF797FF82
:10CE30000022034684F838201846FEF796FF2E4459
:10CE4000B54204D1236A0121204698473CE094F87A
:10CE50002D3023B3FEF783FF237E0746E3B1204640
:10CE6000FFF790FFE168D4F830C0013888423EBF38
:10CE7000206900F1FF30401803469C450BD013F8A1
:10CE80000129112A01D0132A21D1A2F111035A42FA
:10CE90005A4184F8342020633846FEF766FF94F840
:10CEA0003430002BCCD0B8F1000F06D02B780A2BF1
:10CEB00003D1E3690D2120469847E36915F8011B6A
:10CEC000204698470028BBD00020BDE8F88399424F
:10CED00082BF236903F1FF335B18CEE7F8B590F802
:10CEE0003830044603F0FF06A3B9036A3146984779
:10CEF000012384F8383094F83B70FEF725FF314663
:10CF000005463846D9F72AF82846FEF721FF0223BE
:10CF100084F83C30F8BD026CD36C43F00403D36456
:10CF20007047026C10B5044613695906FCD50023FE
:10CF30001A4694F8491094F84800D5F7E9FF002301
:10CF40001A4694F84B1094F84A00D5F7E1FF94F88C
:10CF50005030DA0707D5002394F84D1094F84C00B0
:10CF60001A46D5F7D5FF94F850309B0707D5002314
:10CF700094F84F1094F84E001A46D5F7C9FF206C6C
:10CF8000C36C23F00103C364C36C23F00403C364C4
:10CF90000021FFF76EF8606C0021D4F7DDFE002061
:10CFA00010BD08B5006CFFF7F2F8002008BD036C57
:10CFB000DA6C19B142F00102DA64704722F0010222
:10CFC000DA6401229A64704738B50468206C056CF5
:10CFD00015F0010509D00123836403699B060FD571
:10CFE0002046BDE83840FFF779BF042384F83C3081
:10CFF000237E33B9C36C23F00403C3640123237677
:10D0000038BD637E23B394F82D300BB384F83550CC
:10D010001321FFF7BCF8236CDA6C42F00402DA64E7
:10D02000DB69DBB2112B0ED1012384F83430237A73
:10D030003022534303F1804303F56223D3F8943045
:10D04000013B2363DCE7132BDAD184F83450EEE79D
:10D05000C36C23F00403C364D2E708B5D8F7CEF855
:10D0600080B208BD08B5D8F7C9F808BD08B5FFF704
:10D07000F9FFFA23B0FBF3F080B208BD012070473E
:10D080000420704740F20160D8F782BB70477047B8
:10D0900070477047032000F020B80120704700203F
:10D0A000704749BA89B280EA0103C3F303125340BF
:10D0B000180380B258405B0103F4FF535840704797
:10D0C00042DE704710B404460846114622465DF819
:10D0D000044BD9F7E3BED9F723BFD9F761BF10B42A
:10D0E00004460846114622465DF8044BD9F776BF40
:10D0F000D9F7F6BF704708B50846E2F77FFD002074
:10D1000008BD104430B5054602B930BD01F00F032B
:10D110000A2B34BF302437242344013A05F8013D5B
:10D120000909D2B2F0E710B5FEF70EFE0446D8F7B3
:10D1300089FE2046BDE81040FEF70ABE7047FEF7A4
:10D140002BBF70477047012070474FF41670D8F717
:10D1500091BF2DE9FF410D4616461F460446A8B172
:10D160004FF00008C0F81C80D9F7D2FABDF82C3077
:10D1700002939DF828304246CDE900732946334694
:10D180002046D9F72BFA04B0BDE8F0812220FAE757
:10D19000F0B587B01F4600230D4616468DF81730B0
:10D1A0000446A8B1C3610DF11701D9F7E1FA9DF862
:10D1B00017207AB9BDF8343002939DF830302946F3
:10D1C000CDE9007320463346D9F708FA07B0F0BD21
:10D1D0002220FBE70320F9E738B5FEF7C0FD05463E
:10D1E000D9F7AAFC04462846FEF7BFFD204638BD05
:10D1F00008B5D3F731FDFEF714F9FEF721F9FEF774
:10D200002CF9BDE80840FEF737B908B5FEF735F947
:10D21000FEF734F9FEF734F9BDE80840FEF737B9F8
:10D22000704707B503469B0753BF6FEA01414FF6AE
:10D23000FF7343EA01416FEA11410422019120F09A
:10D2400003000DEB0201FEF7BAFE03B05DF804FB2C
:10D2500041EA000313F001032DE9F04104460E46B4
:10D2600015463FD1002A3BD04FF6FF7234F8131019
:10D27000914205D036F8131011B14B20BDE8F08172
:10D280000133AB42F2D1D5F745FF012D01D0A30701
:10D290000ED531882046FFF7C4FF10B1D5F74AFFFD
:10D2A000EBE7013D012D04F1020406F102060ED95F
:10D2B00025F001084FEA48073A4631462046FEF776
:10D2C0007EFE0028EAD13C443E44A5EB08052DB182
:10D2D00031882046FFF7A5FF0028DFD1D5F72AFFC8
:10D2E0000020CBE70120C9E701F08ABCDFF7FEBBD5
:10D2F000FFF7C8BED0E9023253F822300021187877
:10D30000DFF732B9704705F055BF01F02CBCC36898
:10D310008268013BDBB252F823305B78652B02D187
:10D320000020E1F733BB6E2B01D10120F9E7662B1A
:10D3300001D10220F5E7704710B50446C0B2DAF714
:10D3400073FF200ABDE81040DAF76EBF1FB5D0E9C1
:10D35000023253F82230ADF80E10187821230093D2
:10D3600000220DF10E03032101F0D3FA05B05DF8A0
:10D3700004FBD0E9023253F822301878DBF75EB8AC
:10D380007047E0F7A9B808B501F0D5FCBDE8084042
:10D39000E1F7EEB9D0E9023253F82230186801F013
:10D3A000C8BC0020E1F7E6BA0120E1F7E3BAC268A1
:10D3B0008368013253F822301988002908BF3C21C4
:10D3C000FFF7C4BF0021FFF7C1BF0221DAF7CCBFCE
:10D3D0000321DAF7C9BF0521DAF7C6BF08B5014650
:10D3E0000C20DAF79DFFBDE80840DAF729BF08B541
:10D3F00001460020DAF794FFBDE80840DAF720BFC5
:10D4000007B5C26883680432012153F822301B88B3
:10D41000ADF806300DF106020023DBF7D7FC03B0B0
:10D420005DF804FB2DE9F04F87B000250390894695
:10D430001E46ADF81450ADF816504FF018081446BB
:10D440001AB3DDF840B00DF1140A04E0DDF844B081
:10D4500034460DF1160A00210846ECF793FBAAF8B2
:10D46000000008B300273BF81730ADF81030022257
:10D47000012304A95046ECF70BFC10F0FF0813D170
:10D480000137FAB2A242EED315B90125002EDDD143
:10D49000BDF848300093BDF81420BDF8163003984D
:10D4A000494601F01DFE8046404607B0BDE8F08FBA
:10D4B00008B5FFF71FFEBDE80840EDF721B810B52D
:10D4C0001446DBF7CFFF2146BDE81040ECF7C6BCA1
:10D4D00008B5DBF7C7FFBDE808400021ECF7BEBC8C
:10D4E00008B5DBF7BFFFBDE80840ECF753BD08B552
:10D4F000DBF7B8FFBDE80840ECF79CBC704708B507
:10D50000FFF7F8FDFFF7FAFFFEF784F9BDE80840E2
:10D51000DBF7F4BF704738B50546FEF715FC01216F
:10D5200004462846D8F71AFD2046BDE83840FEF7E5
:10D530000FBC012070470120704708B5DCF7BEF82A
:10D5400000280CBF0420012008BD704770B50446B8
:10D550000D46164601F052FB324629462046FEF79C
:10D560005AF9324629462046FFF7EFFFBDE87040E2
:10D5700001F046BB2DE9F34104469DF820800D469D
:10D5800016461F4601F03AFBCDF800803B46324676
:10D590002946204600F0DBFE02B0BDE8F04101F074
:10D5A0002FBB2DE9F04104460D4616461F4601F0FB
:10D5B00025FB3B46324629462046DEF785FD3B46A5
:10D5C0008046324629462046FEF728F901F018FB2E
:10D5D0004046BDE8F081704708B501F00FFBFEF74B
:10D5E0001EF9FFF7F8FFBDE8084001F009BB012074
:10D5F00070472DE9F04104460D4616461F4601F0DE
:10D60000FDFA3B46324629462046FFF7F0FF3B46EF
:10D610008046324629462046FEF703F901F0F0FA2B
:10D620004046BDE8F081012070472DE9F0410446F5
:10D630000D4616461F4601F0E1FA3B4632462946A2
:10D640002046FFF7F0FF3B468046324629462046FB
:10D65000FEF7E8F801F0D4FA4046BDE8F0812DE984
:10D66000F743DDF82C909DF8288004460D461646B9
:10D670001F4601F0C3FACDE900893B4632462946F0
:10D680002046FEF7D0F803B0BDE8F04301F0B8BA89
:10D6900000207047F8B504460D46164601F0AEFA74
:10D6A000324629462046FFF7F3FF32460746294611
:10D6B0002046FEF7B9F801F0A3FA3846F8BD38B5B0
:10D6C00004460D4601F09AFA29462046FEF7ADF8C9
:10D6D000BDE8384001F094BA10B5044601F08EFA66
:10D6E0002046FEF7A3F82046D3F74AFABDE81040DB
:10D6F00001F086BA704738B504460D4601F07EFA4F
:10D7000029462046FEF79BF829462046FFF7F2FF00
:10D71000BDE8384001F074BA704770B504460D4654
:10D72000164601F06BFA324629462046FEF789F884
:10D73000324629462046FFF7EFFFBDE8704001F072
:10D740005FBA704738B504460D4601F057FA2946CE
:10D750002046FEF778F829462046FFF7F2FFBDE89D
:10D76000384001F04DBA704738B504460D4601F017
:10D7700045FA29462046FEF768F829462046FFF775
:10D78000F2FFBDE8384001F03BBA704738B50446B7
:10D7900001F034FA204600F088FD05462046FEF7E9
:10D7A00055F829462046FFF7F0FF01F029FA2846F0
:10D7B00038BD704738B5044601F020FA2046DFF73F
:10D7C0006DF905462046FEF742F829462046FFF748
:10D7D000F0FF01F015FA284638BD704710B5044631
:10D7E00001F00CFA2046FEF733F82046FFF7F5FF6C
:10D7F000BDE8104001F004BA704738B504460D4644
:10D8000001F0FCF929462046FEF723F82946204678
:10D81000FFF7F2FFBDE8384001F0F2B9704770B58C
:10D8200004460D46164601F0E9F9324629462046DF
:10D83000FEF710F8324629462046FFF7EFFFBDE815
:10D84000704001F0DDB9704738B504460D4601F06F
:10D85000D5F929462046FDF7FEFF29462046FFF769
:10D86000F2FFBDE8384001F0CBB9704738B5044647
:10D870000D4601F0C3F929462046FDF7EDFF294684
:10D880002046FFF7F2FFBDE8384001F0B9B9704714
:10D8900010B5044601F0B2F92046FDF7DEFF204640
:10D8A000FFF7F5FFBDE8104001F0AAB9704710B5C9
:10D8B000044601F0A3F92046FDF7D0FF2046FFF70C
:10D8C000F5FFBDE8104001F09BB9704738B504463C
:10D8D0000D4601F093F929462046FDF7C0FF294681
:10D8E0002046FFF7F2FFBDE8384001F089B97047E4
:10D8F00010B5044601F082F92046FDF7B1FF20463D
:10D90000FFF7F5FFBDE8104001F07AB9704738B570
:10D9100004460D4601F072F929462046FDF7A1FFA5
:10D9200029462046FFF7F2FFBDE8384001F068B90C
:10D9300070477FB50C46054601F060F92146284640
:10D94000FDF791FF00230DF10F008DF80E308DF8DB
:10D950000F30F8F7FFFE0DF10E00F8F7F3FE20464A
:10D96000ECF766F806462046ECF746F89DF90F20DE
:10D970009DF80E100090F3B22846FFF7D9FF01F092
:10D980003FF904B070BD704770B504460D4601F014
:10D9900035F929462046FDF767FF2046ECF748F8A1
:10D9A00006462046ECF728F8F1B202462846FFF773
:10D9B000EAFFBDE8704001F023B9704730B5044676
:10D9C00085B001F01BF92046FDF74FFF00230DF154
:10D9D0000F008DF80E308DF80F30F8F7BBFE0DF10B
:10D9E0000E00F8F7AFFE6088ECF722F80546608875
:10D9F000ECF702F8EDB2019000959DF90F309DF81B
:10DA00000E2061782078FFF7D8FF01F0F9F805B013
:10DA100030BDB5207047B520704738B5044601F0D9
:10DA2000EDF82046FFF7F7FF05462046FDF71EFFFD
:10DA30002046FFF7EEFF01F0E3F8284638BD7047B7
:10DA400010B5044601F0DAF82046FDF710FF204635
:10DA5000FFF7F5FFBDE8104001F0D2B882B002AB8D
:10DA600003E9060002B0704737B505466C4684E806
:10DA7000060001F0C3F894E806002846FDF7F8FE1A
:10DA800094E806002846FFF7E9FF03B0BDE8304000
:10DA900001F0B6B8002070470020704738B5044642
:10DAA00001F0ACF82046FFF7F7FF05462046FDF7EA
:10DAB000E8FE2046FFF7EEFF01F0A2F8284638BD49
:10DAC000704708B5FDF7DEFEFFF7FAFF08BD08B5A1
:10DAD00001F094F8FDF7D7FEFDF798FCBDE808408B
:10DAE00001F08EB80020704770470B68DA7B10B5E4
:10DAF0000AB1812010BDDC7C002CFAD1DBF754FE8A
:10DB00000028F6D02046F5E7704708B5DBF766FE3B
:10DB1000BDE80840DBF766BFDBF760BE7047DBF7A8
:10DB200061BFDBF767BF08B5DBF75CFFBDE8084006
:10DB3000DBF760BF0121DBF7A1BF0221DBF79EBF4E
:10DB40000421DBF79BBF0821DBF798BF1021DBF72F
:10DB500095BF70477047002070471378032B10B5AE
:10DB60000CD15479CBB29C4208D19379B3EB112FED
:10DB700004D153781B1A5842584110BD0020FCE7CD
:10DB80007FB505460E4600246946E0B205F003FB6A
:10DB900028B96A4631462846FFF7DFFF18B9013435
:10DBA0000A2CF1D1002004B070BDFFF7E9BF08686E
:10DBB00008B5C37B0BB1812008BDC37C052BFAD807
:10DBC000DFE803F003150C120F09DCF72FF800282B
:10DBD000F1D00020F0E7DCF77FFAF8E7DCF7C0F8D7
:10DBE000F5E7DCF71BFAF2E7DCF79AF9EFE7DCF789
:10DBF0005FF8ECE770477047DCF732BB13B50DF107
:10DC000006010446DCF7FAFA38B9BDF8061009B186
:10DC1000013989B22046DCF709FB02B010BD09B911
:10DC2000DCF71EBB7047086808B5C37B0BB18120C9
:10DC300008BDC37C23B1012BF9D1DCF771FB01E0F6
:10DC4000DCF744FB0028F2D00020F1E70020704709
:10DC5000DCF7C2BC7047FFF7FDBF08B50B68DA7B85
:10DC60000AB1812008BDDB7C012B09D0022B0AD030
:10DC7000002BF6D1DDF7FCF80028F2D00020F1E708
:10DC8000DDF706F9F8E7DDF713F9F5E713B500233B
:10DC90000C46CDE9003301461A46E0B2DDF718F92B
:10DCA00002B010BD13B50023144601900093012269
:10DCB000E0B2DDF70DF902B010BD0020704710B5DD
:10DCC00086B002A90446D3F75FF970B9059B0193AA
:10DCD000049B00939DF80A20BDF80C30BDF8081095
:10DCE0002046DDF781FC06B010BD0020FBE713B530
:10DCF00001A90446D3F736F940B99DF80620BDF8CE
:10DD000004102046DDF778FD02B010BD0020FBE7CF
:10DD1000086808B5C37B0BB1812008BDC37C062B06
:10DD2000FAD8DFE803F004191310160D0A00FFF704
:10DD3000C6FF0028F0D00020EFE7DDF785FBF8E70D
:10DD4000DDF73AFFF5E7DDF7F9FAF2E7DDF766FA16
:10DD5000EFE7DDF7B1FEECE7FFF7C9FFE9E7D0E950
:10DD6000023253F822301868DEF738B8086810B568
:10DD7000C47B0CB1812010BDC37C402BFAD1DEF7EF
:10DD80006FF80028F6D02046F5E770471944914215
:10DD90000ADC4218002003B9704712F8011D013B4C
:10DDA00001EB0020DBB2F6E7002070472DE9F04FD1
:10DDB00085B007460E46144600934FF0000A009BBC
:10DDC0001A785FFA8AF39A4203D8002005B0BDE8BA
:10DDD000F08F009A02EB430307EB040893F80190DD
:10DDE00093F802B019F0400309F03F0504D063191D
:10DDF000B34217DC2B4634E0042D07D865B1AB1EC7
:10DE0000022B0BD8DFE803F01F3746003E2D4DD024
:10DE10003F2D5FD03D2D61D00320D7E7B4424FF0B6
:10DE20000105E7D319F0800F65D00E9B2A4603EB5E
:10DE30000B00002106F0BCF83446002323449CB2BA
:10DE40000AF1010ABBE7A31CB342EBDC0223324612
:10DE500021463846FFF79AFF0DF10A08ADF80A008F
:10DE6000022301930E9B2A4603EB0B00414606F06A
:10DE7000C5F8019BE2E7E31CB3423ADC03233246D8
:10DE800021463846FFF782FF0425039003230DF156
:10DE90000C08E6E7231DB342C4DC042332462146C6
:10DEA0003846FFF773FF04230390F0E7731E9C428C
:10DEB0001FDA0223324621463846FFF767FF4FF646
:10DEC000FF7380B298421ABF023083B202231A193C
:10DED00096420EDB0E9A42F80B80AFE7B44208D2AE
:10DEE00098F80030FF2B14BF01330123E218B2422F
:10DEF000F0DD042596E7022068E710B586B00881BA
:10DF0000089C04940024CDE902440124CDE90034A6
:10DF100013460A4601460320DEF740F906B010BD5D
:10DF200013B500240094FFF7E8FF02B010BD2DE9FF
:10DF3000FF410E461746054680B379B372B34FF0E2
:10DF4000000869465FFA88F005F025F9044640B9F3
:10DF50009DF80030032B08D008F10108B8F10A0F32
:10DF6000EFD1204604B0BDE8F0819DF801202B7967
:10DF70009A42F1D1BDF802206B889A42ECD19DF80B
:10DF80000430BDF805006B7128813B4632462946B6
:10DF9000FFF7C6FF0028DFD00446E2E70224E0E7EF
:10DFA00010B586B0089C04940024CDE902440124F5
:10DFB000CDE9003413460A4601460620DEF7EEF8A6
:10DFC00006B010BD13B500240094FFF7E9FF02B0BE
:10DFD00010BDF0B502288BB005460E4614461F460C
:10DFE0000AD106A9F0B205F0D6F898B99DF8193013
:10DFF00023719DF81C306371119B04930023CDE9BC
:10E0000002330193109B009322463B46314628463B
:10E01000DEF7C4F80BB0F0BD13B500240194049CE6
:10E020000094FFF7D6FF02B010BD2DE9F04305467E
:10E030008BB00F4690469946002606A9F0B205F02F
:10E04000AAF8044630B99DF81830012B06D00136E5
:10E050000A2EF2D120460BB0BDE8F0839DF81920BE
:10E060002B799A42F3D1BDF81A206B889A42EED1EF
:10E070009DF81C306B712A46CDE90309CDE90100FA
:10E08000CDF800803B46B1B20220DEF787F80028C9
:10E09000DDD00446DEE70023FFF7C7BF10B5044616
:10E0A000DEF716FD631E04F10F02002113F8010FC5
:10E0B000FF2808BF19709342F8D10023237410BDC4
:10E0C0002DE9F04788B099460C469246BDF840804D
:10E0D000119F0646F8F746FBCDE9034705468DF844
:10E0E0000860ADF81480ADF816008DF818A08DF812
:10E0F000199000F05FF98DF81A0000F05DF9002327
:10E100008DF81B0002A88DF81C3000F01FFDA8B987
:10E1100043463A4621462846E0F79AF970B9434605
:10E120003A4621462846DEF757FA38B9CDE900507D
:10E1300043463A4631462046E0F71AFD08B0BDE8AE
:10E14000F0870020704770B506461D46DEF7B4FB29
:10E15000044608B9022070BD3046DEF735FE0028BF
:10E16000F8D0A0682A46FF21FFF7A9F99DF81030E2
:10E1700063719DF81430A3710020ECE713B59DF88E
:10E180001040CDE9003413460022FFF7DCFF02B057
:10E1900010BD07B500230093FFF7F0FF03B05DF853
:10E1A00004FB08B5DEF788FB28B18068FF21FFF784
:10E1B00097F9002008BD0220FCE70022FFF7F1BF1D
:10E1C0001FB50B466A460146184604F065FC6A46D0
:10E1D0000823002032F8021B013B13F0FF0380EA02
:10E1E0000100F7D1012838BF012080B205B05DF8E9
:10E1F00004FB2DE9F74F9846DDE90C3B07460E4638
:10E200001446414600221846BDF838909DF83CA0BF
:10E21000019303F0E9FA0546002840D0019B4146EE
:10E220001846FFF7CDFFABF80000062F3BD8DFE81C
:10E2300007F00404040D162A21002B46224631461D
:10E24000384603B0BDE8F04FF3F718BB0C222B465D
:10E250001146204603B0BDE8F04FF3F7F9BAE27A71
:10E260002B4611462046CDE90C9A03B0BDE8F04F8D
:10E27000F3F7CCBA2B460C222146304603B0BDE85A
:10E28000F04F04F041BE0D95E37A0C9352462346BD
:10E290003146484603B0BDE8F04FF3F7A1BA182065
:10E2A00003B0BDE8F08F0220FAE77FB5054603F022
:10E2B00041FD48B16B88B3F5006F05D1681D04B00E
:10E2C000BDE8704000F039BC284600F050FC044620
:10E2D000B8B9E6B26946304604F05DFF9DF80030FB
:10E2E0001843C0B248B929463046F6F7FBFA10B1D8
:10E2F000752806D08C2004B070BD01340A2CE8D1FA
:10E30000F8E78D20F7E72DE9F04385B005460DF1DC
:10E310000E0014460E46F8F715FA0DF10F00F8F747
:10E3200019FA20469DF80E809DF90F90EBF780FBBF
:10E3300007462046EBF760FB4B46CDE900704246AE
:10E3400031462846FFF7BCFE05B0BDE8F0832DE955
:10E35000FF47054618461E4690460F469DF830A0DA
:10E36000EBF74AFB81463046EBF762FB0446514629
:10E370002846E4B2FBF7AAFD21464846FFF720FFF6
:10E380005346CDE901904246394628460094DEF7CF
:10E39000DFF93346424639462846CDF830A004B06E
:10E3A000BDE8F047FDF739BA03F0C4BC03F0DFBCA9
:10E3B000EBF75CBFF3F7D8BA1FB56846F8F7E0F99A
:10E3C000C8B902A9F6F710FC082269460DEB020055
:10E3D00005F0C4FD10B9002004B010BD02A9012051
:10E3E000F6F702FC082269460DEB020005F0B6FDC7
:10E3F00090B90120F0E7F8F7B5F94FF6FF739842AE
:10E40000044609D00020F6F707FC8442E3D001203F
:10E41000F6F702FC8442ECD0FF20DDE7DEF7ECBA31
:10E42000DEF7A8BADEF7CABA10B504460846EBF71D
:10E4300051FF2046BDE81040EEF7B8B8EEF7B6B889
:10E44000EBF7BEBE002070470A20704708B5EBF717
:10E450008FF8C0F3471008BD08B5EBF7C7F8C0F355
:10E46000471008BDEDF71EBD7047DEF789BB70B5DC
:10E4700006460C46154600F025F860B10CB90020A0
:10E4800070BD002DFBD0204600F0A4FB013080B20F
:10E49000A842F4D8F4E7304600F01AF840B1002C56
:10E4A000EDD0012DEBD9204600F099FB0230EEE7CC
:10E4B0003046DEF723FBEBE7413803288CBF002012
:10E4C00001207047413801288CBF0020012070478F
:10E4D000433801288CBF002001207047002070477E
:10E4E000002070470388B3F57C4F01D3FFF7F8BFD6
:10E4F0000846FFF7F3BF10B54A880488A2420DD141
:10E50000037B0C79234009D0B2F57C4F08D3FFF789
:10E51000E7FF0B891B1A5842584110BD0020FCE749
:10E520000120FAE738B50D88D488A5420AD10388BE
:10E53000B3F57C4F08D2FFF7D5FF13891B1A584259
:10E54000584138BD0020FCE70120FAE72DE9F041F1
:10E550000779064600254FF01408E8B2874201D833
:10E5600000241AE0D6F800C008FB05F00CEB00040C
:10E570003CF8000081421AD132B1802A10D194F9BE
:10E580000CC0BCF1000F12DAB0F57C4F05D3204669
:10E59000FFF7A6FF834200D04BB92046BDE8F081CB
:10E5A000402A04D194F80CC01CF0400FECD1013586
:10E5B000D3E70121DEF7B4BA08B513460022DEF72F
:10E5C00015FC003818BF012008BD08B513464022CD
:10E5D000DEF70CFC003818BF012008BD08B5134653
:10E5E0008022DEF703FC003818BF012008BD08B503
:10E5F00040220023DEF7FAFB003818BF012008BDD7
:10E600000023DEF7F3BB0021DEF78ABA4022DEF7F3
:10E6100015BC0021DEF780BC10B501210446DEF7F1
:10E620007BFC2046BDE81040FDF72EB97047F8B5D9
:10E6300016461F469DF81820BDF81C300546DEF72B
:10E64000D5FB78B10421DEF7EDFC044650B1284635
:10E6500000F0E2FA3A4631462846A047BDE8F840C5
:10E6600000F0CEBAF8BD2DE9F74FDDF830909DF8F7
:10E6700034B01E460746BDF83830884614462AB3E3
:10E68000B9F1000F22D00EB392F804A099F800203F
:10E69000618812F0080F0CBF802240225046DEF73E
:10E6A000A5FB98B10821DEF7BDFC054670B15046C8
:10E6B00000F0B2FACDE9009B334622464146384687
:10E6C000A84703B0BDE8F04F00F09ABA03B0BDE828
:10E6D000F08FF8B5BDF8187016461A463B4604464A
:10E6E000DEF784FBE0B177B90221DEF79BFC05463B
:10E6F000B0B1204600F090FA31462046A847BDE868
:10E70000F84000F07DBA1021DEF78CFC054638B1E8
:10E71000204600F081FA3A4631462046A847EEE707
:10E72000F8BD73B5BDF8184016461A46234605468F
:10E73000DEF75CFBB8B1C4B92021DEF773FC0446F8
:10E7400070B1284600F068FA099B00939DF81C20E0
:10E750009DF8203031462846A047044600F050FA84
:10E76000204602B070BD8624FAE70024F8E72DE9C0
:10E77000F04186680446007800F04EFA0025142720
:10E780003279EBB29A4203D8BDE8F04100F038BAD2
:10E790007B4332682078D15A02EB030800F0ABF9D2
:10E7A00001214046DEF73EFC034608B12078984739
:10E7B0000135E5E72DE9F04F89B01C46BDF84880EA
:10E7C0009DF84C3001939DF8503002939246434699
:10E7D000224607460D46DEF709FB8DF81470ADF8AA
:10E7E00016508DF81840ADF81AA0ADF81C800646FA
:10E7F00018B9012009B0BDE8F08F05A9FFF77BFE2D
:10E800000028F6D000252F46A8462C4634E00C23DD
:10E8100031881FFA85F903FB09F97368B1F57C4F5C
:10E8200033F8092003EB090B1AD333F809005045DC
:10E830002CD3019BA3422DD900F0A8F99BF802002C
:10E84000DFF70CF8029B43B19BF8043013F0010F83
:10E850000CBF05200720DFF701F80134A4B219E04E
:10E86000ADF81A20594605AA30460393FFF75AFE21
:10E87000039B0028D9D101353289ABB29A42C6D860
:10E8800004EB0800C31B58425841B3E708F10108E4
:10E890001FFA88F80137BFB2EDE72DE9F04786B0DF
:10E8A0000446DDF83C909DF840A0BDF83880CDF8D6
:10E8B0000080CDE9019A0D4616461F4600F013F977
:10E8C000A8B1431EDBB2012B0ED800230493831E94
:10E8D00058425841CDE902A0CDE900893B46324675
:10E8E00029462046DEF7E8FC06B0BDE8F0870120A7
:10E8F000FAE730B587B000240125CDE903549DF82F
:10E900002C5002950A9DCDE90045DEF7D5FC07B0F5
:10E9100030BD30B587B000240125CDE903549DF802
:10E9200028500094CDE901354023DEF7C5FC07B03F
:10E9300030BD10B586B04FF0010C0024CDE9034C7A
:10E940009DF828400294099C0194BDF82040009451
:10E95000DEF7B2FC06B010BD1FB5089C03949DF80D
:10E960001C400294069C019400240094DEF788FD6C
:10E9700004B010BD30B585B000249DF8205003943C
:10E98000CDE9013500944023DEF77AFD05B030BDB6
:10E990002DE9F84F02290C9D0746884604D84FF010
:10E9A000000A5046BDE8F88F1BBB02700124DFF758
:10E9B000D7FF04F1020A385501349DF828303B5541
:10E9C0004FF000090B9A5FFA89F3D45C002CE8D071
:10E9D000732C18D82E464C2C56F804BB45D0532C1B
:10E9E0001DD0622C4DD1AC8805F1080600231A46D3
:10E9F0001EE00429D3D942F0040243701B0A0270BE
:10EA000083700324D3E7A4F17503032BC7D8763CA6
:10EA10002E1D022C52D8DFE804F0565A58006A68BE
:10EA200094B2D2B2B2F1FF0305F1080618BF012378
:10EA30000AEB040119448845B1DB50461946002908
:10EA400047D153441FFA83FA5CB1BBF1000FA6D043
:10EA5000224607EB0A00594605F0D0FA54441FFA43
:10EA600084FA09F101093546ACE76A684FF6FF738D
:10EA700094B205F1080622469C4214BF02230023EB
:10EA8000D6E76C2C05D1584600F0A9F8841CA4B236
:10EA9000ACE7732C04D1584600F09CF8441CF6E710
:10EAA000A4F13003DAB2092A01D89CB29EE7A4F19E
:10EAB0004103062B3FF673AF373CE8E70123002400
:10EAC0002A68A346B4E70223F9E70323F7E7042300
:10EAD000F5E700F1010C01393A54C9B2120A1FFAE4
:10EAE0008CF0ACE77047012070470120704701208F
:10EAF0007047B5207047704700207047002070476E
:10EB000000207047002070470020704700207047A9
:10EB1000002070470120704701207047B5207047E2
:10EB20000020704700207047002070470020704789
:10EB3000704700207047B5207047842070477047A9
:10EB40000020704700207047002070470020704769
:10EB50000020704700207047002070470020704759
:10EB6000002070477047B520704700207047002094
:10EB70007047704700207047704770477047B52056
:10EB800070477047704700207047704738B505469A
:10EB9000C0B2DEF763FE0446280ADEF75FFE14B15A
:10EBA000002808BF0024204638BD10B4CC18944279
:10EBB00003DC5DF8044BFFF7E9B800205DF8044B77
:10EBC00070470423FFF7F1BF08B50223FFF7EDFFFD
:10EBD00080B208BD0078FF2808BF0020704708B544
:10EBE00002220021FFF7F0FF4FF6FF73984208BFA3
:10EBF000002008BD002818BF702070470020704713
:10EC00000020704708B5FFF7D4FCFF284FF0FF3015
:10EC100018BF0020C0B208BD08B5FFF7F3FFFF28FA
:10EC20000CBFA320002008BDF8B506460C461546CB
:10EC30001F4600F011F810B12544AC4200D1F8BDD8
:10EC400014F8012B39463046DEF7D8FEF5E70146C9
:10EC500000220220DEF762BE0120704773B506462F
:10EC6000DDF77AFA81250446019614B9284602B0E8
:10EC700070BD2378B3B9336862685B889A4211D15A
:10EC8000A368F27B99B292B1328A91420AD1727D25
:10EC9000B2EB134F06D1E36801A90020984710F0AA
:10ECA000FF05E3D02046DDF75FFA0446DDE74FF6C7
:10ECB000FF72EAE738B50446436808460D469847B0
:10ECC000B4F90830002B02DB2B78042B06D100238B
:10ECD00063602046BDE83840DFF746BA38BDF0B57E
:10ECE000044685B00D462020002117461E46EAF74F
:10ECF00049FFADF80E00D0B102210DF10E0002F077
:10ED0000A7FE3A460021BDF80E0002F017FFBDF83D
:10ED10000E20002E4FF48A53009329460ABF134653
:10ED200000230022204600F0DBF905B0F0BD1820DA
:10ED3000FBE7FFF723BFFFF7F3BE1FB502230093E6
:10ED400000220DF10E030321FFF714FE38B9BDF8C0
:10ED50000E00003818BF012005B05DF804FB00204C
:10ED6000FAE708B5EDF778F820B9EBF77FFA08B9BC
:10ED7000FFF7BFFEFFF7F6FEBDE80840FFF702BF52
:10ED80000020DFF72FBE0021DFF7C4BE0022DFF72F
:10ED900083BED28812F0200F10B503460CBF522458
:10EDA00049240846510544BF083CE4B2110544BF5C
:10EDB000083CE4B2120444BF023CE4B2032B11D875
:10EDC000DFE803F005020A0EC0B2F5F725FFFFF7F2
:10EDD000B0FE201AC0B210BDC0B2F5F735FDF6E79F
:10EDE000013CE4B24FF6FD70F1E7F8B50646174670
:10EDF0000D4681B10C78FF2C0BD00846FFF7EAFED8
:10EE0000B84228BF3846C4B22246691C701C05F0BF
:10EE1000B5F83470F8BD0C46FBE770B504461546EE
:10EE20000E4611B94170017070BD0B78FF2B05D1F2
:10EE30004B78FF2B02D103704370F5E73046FFF7A4
:10EE4000CEFEA84228BF284685B22A46B11CA01C87
:10EE500005F094F825702D0A6570E5E7F0B523B943
:10EE6000013A531C2FD1002020E0042AFBD80023B4
:10EE7000551E1C466E1C1AD1042A10D0D200012146
:10EE8000501E01FA00F020421EBF914049420C433F
:10EE900018421EBF4FF0FF3101FA02F213439C42A9
:10EEA00016DCB4BF4FF0FF30002040B2F0BD40B1DF
:10EEB000465DEF00BE4034434E5DBE403343013DEE
:10EEC000D8E70646F5E78C5C20B1835CA34202D903
:10EED0000120EBE70346A34202F1FF32C1D24FF01B
:10EEE000FF30E3E7283807288CBF00200120704757
:10EEF0001D2813D004D860B11C2805D08A20704783
:10EF00001E38C0B20128F9D81B2934BF00208A203E
:10EF100070470B390F2988BF8A2070470929F4E709
:10EF200038B5C36819448368144653F821501AB1A0
:10EF3000284605F071F82070284638BD2DE9F341C8
:10EF400016460DF107021C469DF82050FFF7E8FF1A
:10EF50009DF80730A34288BF8DF807409DF80770E1
:10EF600080460DB1E41BE5B22A460021304605F08B
:10EF70001FF83A464146701905F000F8384602B0CD
:10EF8000BDE8F0812DE9F341164601AA1D469DF822
:10EF90002040FDF7DCFA019B9D4238BF0195019F9F
:10EFA000804604B1EC1B22460021304605F000F8F3
:10EFB0003A464146301904F0E1FFF8B202B0BDE82C
:10EFC000F08173B51546002401AA1E460194FDF791
:10EFD000BEFA019B072B0AD92146CCB216B1C4F167
:10EFE0000704E4B2425C2A5501310829F5D1D8B2B0
:10EFF00002B070BD1FB5030A8DF80E3003230093D5
:10F0000003AB8DF80D0000F00AF905B05DF804FBC4
:10F010001FB5030A8DF80F1004218DF80E300091F2
:10F0200003AB8DF80D0000F0FAF805B05DF804FBB5
:10F03000F0B589B016689DF83C50CDF809608DF8A0
:10F0400011305668BDF83830109FBDF84440CDF8F7
:10F050000D60012DADF812308DF8145014D0032D31
:10F0600019D13B68CDF815307B68CDF819309DF883
:10F0700048308DF81D3016230093BDF84C2002ABAC
:10F0800000F0CDF809B0F0BD8DF81540240A8DF8D8
:10F0900016400F23F0E70120F4E71FB504460846A9
:10F0A00011461A4602238DF80D100093214603AB3A
:10F0B00000F0B5F804B010BD10B586B014461A467D
:10F0C0000B68CDF80D304B68CDF811300A23009352
:10F0D000342103AB8DF8154000F0A1F806B010BD47
:10F0E0002DE9F04F89B00D4601901C4616463AB303
:10F0F0001046EAF79DFCC0F347091CB32046EAF727
:10F1000097FCC0F34707DFF749FF019B8DF8180014
:10F110008DF819308DF81B501B0A2D0A002206218C
:10F1200006A88DF81A308DF81C508DF81D9002F04D
:10F130005BFBADF8160038B9182009B0BDE8F08FB8
:10F140009146DAE72746DEE74FEA4901C9B28B1D4F
:10F1500007315FFA81F801EB4701DBB2C9B20DF16B
:10F160001600029302F074FC82460028E4D10346A4
:10F170000625D9B28945BDF816B012D802993A468B
:10F180005846EAF73DFE5FFA8AF5AF42BDF81660D1
:10F1900025D8BDF84820019833460621DFF708FF3F
:10F1A000CBE7490001F0FE0130460393EAF714FE75
:10F1B000294602465846EAF723FE691FC9B230467F
:10F1C000BDF816B0EAF708FE691C0246C9B25846F7
:10F1D000EAF716FE039B02350133EDB2C9E76D0075
:10F1E000EDB229462046EAF7F7FD41460246304691
:10F1F000EAF706FE691CC9B22046BDF81660EAF7B8
:10F20000EBFD08F101010246C9B2304608F10208DF
:10F21000EAF7F6FD0AF1010A5FFA88F8B3E72DE98B
:10F22000F0411C469DF818800E4617460546DFF74C
:10F23000B5FE002220704146204602F0D5FA034672
:10F2400030B13A4631462846BDE8F041DFF7B0BE5E
:10F250001820BDE8F08130B589B00446ADF806103D
:10F260008DF81020EAF77CFF05462046EAF788FF74
:10F2700003469DB1BDF80600ABB902F051FDFF2871
:10F2800008BF00208DF80F000DF10F030593DDE995
:10F2900004122046FEF7E8FB09B030BD0028F6D086
:10F2A0000DF10603F2E702F03BFDFF28BDF8063042
:10F2B000ADF81A3008BF00208DF80F008DF8180047
:10F2C00006ABE3E7704708B5E8F7B4FF00280CBFCA
:10F2D000A520002008BD70477047704770477047F1
:10F2E0007047704700207047704770470020704794
:10F2F0007047704710B51C4602F03EFA02F0F3F872
:10F3000000232370C0F34020400010BD002208B548
:10F310000B461146FFF7EEFF023818BF012008BD6B
:10F320007047B1FA81F0400970470120704770477B
:10F330007047002070477047002070477047B52025
:10F3400070470120704770470120704701207047C7
:10F350001422002104F02CBE704730B540780128FB
:10F3600087B00C464FF0110301F1100516D10222AF
:10F3700001A9EAF789FE234601AC186859682246BC
:10F3800003C20833AB421446F7D11123022201A96C
:10F390000020EAF779FE002007B030BD062201A95F
:10F3A0000120EAF771FE234601AC1868596822462D
:10F3B00003C20833AB421446F7D111230622E6E715
:10F3C00030B5407887B001280C464FF011030BBFD1
:10F3D0000222062201A901A918BF0120EAF754FE62
:10F3E00005AD01AA2346144603CCAC42186059600F
:10F3F000224603F10803F6D1002007B030BD10B556
:10F4000088B00C461A23082201A90120EAF73CFE25
:10F4100021460DF10E0304F1100251F8040B43F8DC
:10F42000040B9142F9D11A23082201A90020EAF71E
:10F430002BFE002008B010BDF0B58BB004460D4681
:10F4400002F078FCB0B101A8F3F7C2F990B1667B85
:10F4500016F0020F04F1040705D0082201A938466E
:10F4600004F07CFDD0B901AB03CB46F0020660602E
:10F47000796066731A23082203A90120EAF704FEC3
:10F480000DF1160329460DF1260253F8040B41F83D
:10F49000040B9342F9D100200BB0F0BD2D20FBE707
:10F4A00070B505468AB00C46252200210DF10300F7
:10F4B00004F07EFD6B68CDF81D30AB68CDF82130CF
:10F4C000234603F1100601AC18685968224603C2AE
:10F4D0000833B3421446F7D16A7B012312F0040FBC
:10F4E0008DF802300CBF4FF480734FF4A0731107F6
:10F4F00048BF43F48063ADF80030930748BFBDF8C0
:10F500000030684644BF43F00803ADF80030F1F71F
:10F5100097FC003818BF01200AB070BD30B5427B9F
:10F520000D46D1078BB0044607D5407801A9F1F705
:10F53000EFFCD8B12D200BB030BD9307FAD5C2F344
:10F54000800310074FEA8313ADF8023044BF43F441
:10F550008063ADF80230BDF80220201D0AB10DF124
:10F56000020201A903F0B5FA0028E3D001AB03CBF6
:10F570009DF814302373BDF81030A160590648BFC0
:10F58000627B606044BF42F0040262735A0542BF6E
:10F59000627B42F0080262731B0742BF637B43F049
:10F5A000020363732B4606AC0AAD224603CAAA4285
:10F5B00018605960144603F10803F6D10020BAE739
:10F5C000F0B5044693B00D46252200210DF123002D
:10F5D00004F0EEFC6368CDF83D30A368CDF841300F
:10F5E00004F1040C2B4609AE05F1100718685968A0
:10F5F000324603C20833BB421646F7D105238DF8C5
:10F600002230637B5B0103F40073ADF82030637834
:10F61000FF2B19D100231A4601A9604600F02CFAED
:10F620009DF80530FF2B0CD100231A46184601A97E
:10F6300000F022FA9DF80530FF2B02D11C2013B0F8
:10F64000F0BD9DF805306370617808AA002000F0D5
:10F65000EAFA0646F0B919231946627801A8FDF7BF
:10F6600031FD2B4603AD186859682A4603C208339A
:10F67000BB421546F7D1637B6178DB0642BF9DF83C
:10F680001C3063F07F038DF81C30192301AA184643
:10F69000FDF721FD301E18BF0120D0E710B504464C
:10F6A0008AB02422002101A804F082FC637B590760
:10F6B00044BF4022ADF810201A0742BFBDF8102009
:10F6C00042F48062ADF81020DB070FD5607801A905
:10F6D000F1F71EFC10B12D200AB010BD01AB03CB19
:10F6E000637B606043F00203A160637304A9201D83
:10F6F00003F0F1F90028EED00020EDE71FB56946D0
:10F7000000F08DF8002818BF2D2005B05DF804FB2F
:10F7100073B50D4614460646DFF7BCFD6B881A0725
:10F720001AD522463146102003F0B6F92046DFF7FD
:10F73000B1FD6B88D90717D50023224601210DF1B1
:10F7400007008DF80730DFF711FE6B88002B0CBF28
:10F750002120002002B070BDDE06EAD52246082135
:10F76000281DDFF703FEE1E79A0701D50223E4E74E
:10F770005B07EAD50323E0E70F20704710B586B09A
:10F78000044601A9022211230120EAF77DFC9DF81D
:10F790001430E37001A803F0C3FC80F001000622DE
:10F7A00001A9607011230120EAF76EFC9DF8143066
:10F7B000A37001A803F0B4FC80F001002070F1F701
:10F7C00051FC6060002006B010BD1FB50C466946B4
:10F7D00000F025F810222146684604F0BFFBB0FA7D
:10F7E00080F0400904B010BDB8B1B1B14388A3B9ED
:10F7F0000378013B082B10D8DFE803F00507090B5D
:10F800000F0F0F0F0D00FFF7A8BDFFF7F8BDFFF7B3
:10F8100047BEFFF7D5BEDFF7EFBE2120704738B5F2
:10F820000D4609B300B30378013B082B1AD8DFE873
:10F8300003F0050D1013191919191600FFF7C0FD73
:10F840000446284603F044FB204638BDFFF7F4FD8C
:10F85000F6E7FFF763FEF3E7DFF73AFDF0E7DFF7E0
:10F86000D5FEEDE72124ECE72124EDE770B586B065
:10F87000064601A80C461546FFF76AFD04238DF8DD
:10F8800004301CB12068616802AB03C3294601A89B
:10F890008DF80560FFF7A8FF06B070BD70B504468F
:10F8A00086B001A80D461646FFF752FD2068616834
:10F8B0008DF8116003238DF8043002AB03C3294691
:10F8C00001A8FFF791FF06B070BD30B585B00D46B9
:10F8D00069460446FFF7A3FF20B92A462146684639
:10F8E000FFF716FF05B030BD10B5044686B01123F2
:10F8F000062201A90120EAF7C7FBA3789DF814208E
:10F900009A4207D08DF814300622112301A9002055
:10F91000EAF7BAFB1123022201A90120EAF7B4FB9E
:10F92000E3789DF814209A4207D08DF81430022213
:10F93000112301A90020EAF7A7FB06B010BD30B5DE
:10F94000437B13F001028BB004460D4607D040788C
:10F9500001A9F1F7DDFA70B12D200BB030BD9B0786
:10F96000FAD5ADF8022001A90DF10202043003F02E
:10F97000B0F80028F0D000210E22A81C04F018FBDB
:10F98000BDF810302B80039BAB60BDF81230AB810B
:10F990009DF81430237301AB03CB6060A16000209D
:10F9A000DBE770B5437BDB078AB005460E4602D421
:10F9B0002D200AB070BD4078694600F030F9044649
:10F9C0000028F5D1DDF81D306B60DDF82130AB602B
:10F9D0006B7B43F002036B730E220146B01C04F0F4
:10F9E000E7FABDF80030069AB26043F004033380B2
:10F9F000059B73602046DCE70B4610B504461022D9
:10FA00000021184604F0D4FA2278032A09D0042AE7
:10FA10000DD0022A11D101462046BDE81040DFF783
:10FA2000FFBD01462046BDE81040FFF788BF0146F4
:10FA30002046BDE81040FFF7B4BF262010BDF8B542
:10FA40000C460746084616461D46FFF781FC042370
:10FA50002370637B677043F0010363733146204674
:10FA6000FFF7DDFE08B12D20F8BD29462046FFF73F
:10FA7000C3FF0028F8D0F6E7F8B50C46054608465F
:10FA80001F461646FFF764FC0423237025B10822A5
:10FA90002946E01804F072FA637B43F002036373B3
:10FAA0004EB932460121284600F0C4F8FF286070A4
:10FAB00007D12D20F8BD31462046FFF7B0FE0028C3
:10FAC000F7D1637B43F0010363730DB90020F1E7C5
:10FAD000002FFBD039462046FFF78EFFF6E7F8B53A
:10FAE0000C460746084616461D46FFF731FC2046E1
:10FAF000032300F8043B3946082204F03FFA637BF5
:10FB000043F00203637331462046FFF788FE08B1D5
:10FB10002D20F8BD29462046FFF76EFF0028F8D0BB
:10FB2000F6E7F8B50C460746084616461D46FFF7A9
:10FB30000FFC03232370637B677043F0010363733F
:10FB400031462046FFF76BFE08B12D20F8BD29464F
:10FB50002046FFF751FF0028F8D0F6E718B18022C1
:10FB6000012100F067B8FF20704730B589B00D461D
:10FB7000FFF7F4FFFF28044612D019230246194666
:10FB800001A8FDF79FFA2868696801AB03C3192330
:10FB9000184601AA2146FDF79EFA002009B030BDA3
:10FBA0002D20FBE707B5002300931A461946F2F70C
:10FBB0003DFEB0FA80F0400903B05DF804FB7047E9
:10FBC00070470020704770470F20704770479DF8BE
:10FBD000000070470F2070470F20704700207047CB
:10FBE0000F207047002070470020704784B08DE8D8
:10FBF0000F00002004B07047002070477047704726
:10FC00000020704770470020704770470020704701
:10FC10000120704770470020704701207047B520D1
:10FC20007047FF207047B5207047B520704700200F
:10FC300070477047FF20704770477047002070473B
:10FC4000704770477047002070477047002070472A
:10FC500000207047002070477047704700207047B1
:10FC600070470020704700207047704700207047A1
:10FC700038B50546FCF768F804462846FBF79CF9BA
:10FC80002046BDE83840FCF763B810B50446C069AB
:10FC9000FFF7EEFF20462422BDE81040002104F0CB
:10FCA00087B970472DE9F84F98460D9B15469A077E
:10FCB000DDE90B4906460F4623D02A460A9B03EB93
:10FCC000040A1444A24220D10D9B9B0705D5A2EB48
:10FCD000050AD14505EB0A0420D82046BDE8F88F77
:10FCE000434639462020B0470AF1010ACA450AEBCB
:10FCF0000B02F5D3A9EB04024C4588BF00222A442D
:10FD0000DCE7A246A5EB040BF0E702F1010B1AF8C1
:10FD1000010D43463946B0475A46D3E7434622468B
:10FD200039462020B0470AF1010AD2E72DE9F04711
:10FD30009E46DDE90D3C1CF0020FDDE90874DDE9AB
:10FD40000B659DF828801FD10CF001094BB1B9F16A
:10FD5000000F06D0B8F1000F02D11CF00C0F00D03C
:10FD6000013B4FF0300A02E007F804A00134A5423D
:10FD700001D9202CF8D1B9F1000F05D04FF030098E
:10FD8000A34201D9202C1BD11CF0100F15D01CF45C
:10FD9000806F32D1C4B1AC4201D09C422DD1651EDE
:10FDA00012D0102E3FD11CF0200FA4F1020456D126
:10FDB00078263E5530267E556C1C202C29D00DE02F
:10FDC00007F804900134DBE7102E10D11CF0200F4F
:10FDD0002FD178243C7030247C700224B8F1000FBD
:10FDE00031D02D253D55013414E06224F2E7022E76
:10FDF000FBD030243C700124F0E7102E1BD11CF006
:10FE0000200F2AD1202C04D0651C78263E55202DA9
:10FE1000D0D12024CDE90A3CCDE908747346BDE871
:10FE2000F047FFF73FBF022EC4D162247C55013555
:10FE3000EDE75824CEE7022E03D1202CE9D0254649
:10FE4000F3E72546E3E71CF0040F01D02B25C9E7B3
:10FE50001CF0080FDED02025C4E7202CD9D0651C6B
:10FE60005826D3E72DE9F04391B0189D1A9F1D9EA7
:10FE70002DB926F0100416F4806F264622D116F014
:10FE8000200F14BF4FF0410E4FF0610EAC460DF144
:10FE900020080025AEF10A0EBCFBF7F907FB19C9D3
:10FEA0005FFA89F4B9F1090F94BF30347444E4B2B5
:10FEB000BC4508F8014BBCFBF7F405F1010501D383
:10FEC000202D10D11C9C05941B9C0696CDE9037433
:10FED0009DF86440CDE9015408AC0094FFF726FF7B
:10FEE00011B0BDE8F083A446D6E72DE9F04F95B0F8
:10FEF000DDE91E76CDE90A2357EA0603CDE90801BC
:10FF0000DDE9229B269C05D124F0100314F4806FB8
:10FF10001C4637D114F0200F14BF412361230DF18B
:10FF2000300A0025A3F10A0831464A465B463846A6
:10FF3000FAF7B8FED2B2092A94BF303242444F4594
:10FF4000D2B276EB0B060AF8012B05F1010501D3BD
:10FF5000202D14D1259B0593249B0694CDE9039372
:10FF60009DF88030CDE901530CAB0093DDE9080129
:10FF7000DDE90A23FFF7DAFE15B0BDE8F08F07468A
:10FF80000E46D1E70025E5E708B100F014B8704748
:10FF900010B1D1E900311847704738B5441E14F844
:10FFA000015F25B90A2000F006F8284638BD28462A
:10FFB00000F001F8F3E701460020FCF7A6BE436914
:10FFC000406CDA1C1438B2FBF0F203EBC203CA1D1A
:10FFD000B2FBF0F2013201EBC2010333B3FBF0F3E9
:10FFE000023300FB0310704738B5446905462146CB
:10FFF000FFF7E5FF6A6CE31D143AB3FBF2F301333C
:020000023000CC
:1000000004EBC304204438BD73B506460D460024F6
:10001000F36B01225B6901A928199847019B013301
:1000200009D1736C043462196A405B421A42EFD002
:10003000204602B070BD0024FAE770B505460C46B4
:10004000D1F7F0FDEB6B2046DB68BDE87040184748
:1000500070B5002586B004460562E369AB4202D85C
:10006000206A06B070BD666C2068E36B05225B6990
:1000700001A906FB0500984701A800F009FC00F063
:100080002CFC10B1236A013323620135E5E738B552
:100090000446456C006804F1400305FB0101E06B78
:1000A00000F028FC05462046FFF7D2FF284638BD61
:1000B000F0B5054687B00026EC69013CB44203D890
:1000C0000C46204607B0F0BD01B14C1E6F6C28688D
:1000D000EB6B05225B6901A907FB0400984701A8A7
:1000E00000F0D6FB00F0F9FB0028EAD101362146EA
:1000F000E2E7F0B50446466CE36B00685B6987B0E5
:100100000D46052201A906FB0500984701A800F04D
:10011000BFFB00F0E2FB20B101A800F090FB07B0AC
:10012000F0BD29462046FFF7C3FF676CE36B064628
:1001300020685B69052201A907FB0600984701A812
:1001400000F07DFB431CEAD0B54238BF0130E6E742
:100150002DE9F043D0F824804FF6FF7987B00446AC
:100160000E46C84514BF454600250027E369BB423B
:1001700002D807B0BDE8F083E26B2368606CD2F868
:1001800014C001A9052200FB0530E04701A800F0DA
:100190007FFB022806D0C8450CD1721C2946204698
:1001A000FFF775FFE36901350137B5FBF3F203FB98
:1001B0001255DBE729462046FFF79BFFB0F1FF3FD2
:1001C00014BF024632460132E8E7F0B5036887B053
:1001D00006460025CC1A436CB4FBF3F4F369376888
:1001E000706C5A1E954208D3706C336800FB043063
:1001F00007B0BDE8F04000F07BBB0134B4FBF3F284
:1002000003FB1244F36B05225B6901A900FB047038
:10021000984701A800F03CFB00F05FFB0028E3D109
:100220000135DBE710B423F0030422449B070A44A2
:10023000436C18BF04325B4282EA0104234203D0BC
:100240005DF8044BFFF7C1BF10465DF8044B7047E3
:100250002DE9F041D0E90A369E4286B0044628D105
:10026000C3694568142202FB1355284606B0BDE851
:10027000F0812068676CE26B331AD2F81480B3FB0C
:10028000F7F3052201A907FB0300C04701A800F00E
:10029000FFFA012804D0636C1D44013B3340ED1A82
:1002A00031462046FFF791FF0646A36AB342E0D1EC
:1002B000DBE70025F9E7F0B5002587B004462E46B8
:1002C000E369B34202D8284607B0F0BD636C2768E3
:1002D00003FB0677E36B05225B6901A93846984763
:1002E00001A800F0D5FA00F0F8FA58B1384600F04D
:1002F000FFFA01462046FFF787FE636C143B8342FA
:1003000008BF01350136DBE708B508301346D1E9EF
:100310000012E1F789F8012008BD13B50C46002151
:1003200021760093616813462246DFF799FC18B1E5
:10033000E37D03B1A07EA075A07D02B010BD73B5B2
:1003400000F1080516460C460DF10702096828461B
:1003500000F09AF9032E06D16368834203D1216825
:10036000284600F077F9012002B070BDD01E009B36
:1003700042424241187E824211D11A688A420ED806
:100380005A688A420BD35A6901325A61D3E903028F
:1003900082423FBF986840F8221001321A61012062
:1003A000704710B5032A029C07D1A26A5340626CC1
:1003B0005242134201D100F04DF9012010BD08B5A1
:1003C000C36800209847BDE80840D1F733BC70B53A
:1003D000002401281C7014BF04200220CC7D42435D
:1003E000101D02F002024CB91AB1012220F00300E4
:1003F0001A7000F108034868184470BD1AB1012250
:1004000020F003001A700C7E002301F12005DAB2FF
:10041000944201D80020F0E735F83320824203F1FE
:10042000010606D901EBC30300F10802D8691044A4
:10043000E3E7801A3346EAE773B590F84260054671
:100440001C4630460DF10303FFF7C1FFEB6B012E95
:100450005B690DD1324601A998479DF8033013B16D
:10046000BDF806300193BDF80430236002B070BDC2
:100470000122214602B0BDE870401847F0B505469C
:1004800087B04868EB6B00245B6902940E4601223A
:1004900002A908309847274695F84230012B40F0D2
:1004A0008480632C02D9029807B0F0BD612C08D873
:1004B00005AB224631462846FFF7BEFF9DF81430B3
:1004C0001BB305AB2246314628468DF81070FFF766
:1004D000B3FF95F84230012B059B55D14FF6FF72C3
:1004E000934200F09680082205A904A800F057F96D
:1004F000059B9DF81010C3F30722914240F08980BC
:10050000DBB2029A1A44029283E095F84230012B42
:1005100030D103AB224631462846FFF78DFF04ABAE
:10052000621C31462846FFF787FF05ABA21C314607
:100530002846FFF781FF102208230DEB02010DF181
:1005400007008DF8073000F02AF9102205A90DF1F7
:10055000070000F024F9039BDAB2002A52D19DF87B
:100560000720B2EB132F4DD1DDE9043203EB024338
:10057000029347E0302C2BD944E09DF80720B2EBE2
:10058000134F3FD1049BF3E7013342D0102205A95A
:100590000DEB020000F003F9059B9DF81010C3F36A
:1005A0000742914235D19BB2ABE7312C3FF67BAF8E
:1005B00087D005AB224631462846FFF73DFFBDF800
:1005C0001430002B7FF47DAF95F84230012BA0D082
:1005D00003AB224631462846FFF72EFF04AB621CD0
:1005E00031462846FFF728FF102320220DEB030198
:1005F0000DF107008DF8073000F0D1F8039B9AB297
:10060000002ABAD095F84230012B14BF01230223EF
:100610001C44013440E713B500240194049C009469
:10062000DFF7BEFE02B010BD30B5446800234FF0C6
:10063000FF329C4202D10023037230BD016801EBFE
:10064000C30541F833206A600133F2E7C0E90012C4
:10065000FFF7EABFF0B5456800239D4211D004685A
:1006600054F83320B2F1FF3F4FEAC30704EBC3064F
:1006700008D0C2F31302914204D14FF0FF33E3518B
:100680007360F0BD0133E8E7F0B5456800239D4293
:1006900002D14FF0FF300FE0046854F83340671C7C
:1006A0004FEAC30609D0C4F31307B94205D1240D9C
:1006B0001470036833445868F0BD0133E7E713B59D
:1006C0000446002301461B220DF107008DF8073078
:1006D00000F065F822689DF80730B3EBD26F0CBFCD
:1006E0000120002002B010BD13B5002304460146CE
:1006F00020220DF107008DF8073000F050F80DF1C1
:1007000007001A22211D00F04AF862689DF80730A0
:10071000B3EB926F0CBF0120002002B010BD006847
:10072000431C584258417047006810F07E0F0CBFC0
:10073000C0F3C160002070470068C0F3D310704759
:10074000006800F07F0001288CBF00200120704766
:10075000036813F07E0F14BF04200820704703685D
:1007600013F07E0F03D1406820F07C40704713F0F7
:1007700078001CBF03F07F03D81F7047006800F0AB
:100780007F007047032809D0022803D1C1F102017C
:10079000C8B2704700290CBF0720002070471F2AED
:1007A0000B689EBF4FF0FF3191408B43590801F019
:1007B00055315B1A03F033319B0803F033330B449C
:1007C000017803EB13130A4403F00F334FF00131A8
:1007D0004B43A2EB13620270704737B501F10C0472
:1007E000436905466946012220469847BDF8003016
:1007F00001930122AB6901A92046984703B030BD9F
:1008000037B501F10C0443690122694605462046CB
:100810009847009B4FF6FF7299B291420DD11B0C85
:100820001B0443F4254343F0A50301930122AB6964
:1008300001A92046984703B030BD0020FBE737B53B
:1008400004461B22011D00250DF107008DF80750FD
:10085000FFF7A5FF60689DF80720B2EBD06F03D1CA
:1008600020F0784003B030BD0DF107001B2204F1E9
:1008700008018DF80750FFF792FFA0689DF8073038
:10088000B3EBD06F01D1C043EAE74FF0FF30E9E7A7
:1008900003684BF29A22B2EB134F10B5044613D102
:1008A0009BB2012B13D1FFF7CAFF01300CD0E068D7
:1008B0004FF6FF72B2EB104F4FEA104309D180B2EE
:1008C000C01A18BF012010BD2368013303D00420D3
:1008D000F9E70220F7E70320F5E701288CBF0020A5
:1008E00001207047033801288CBF00200120704789
:1008F000143070472DE9F0410546984603690846D3
:100900000E4617469847044638B943463A4631469C
:100910002846E0F765FE044618B131462846FFF741
:100920005CFF2046BDE8F081E4F7F2BA38B5044632
:100930000D46E5F7F1FD28B929462046BDE83840C7
:10094000E4F7BABA38BDE5F781BA70B516460C4679
:10095000FBF7FAF9314605462046E2F75BFD04460F
:100960002846FBF7F5F9204670BD00F0E3B938B52D
:10097000044648880D4600F0ADF8D4F8A0302BB9F5
:1009800029462046BDE83840E4F73ABC022038BD8D
:1009900000F0A1B800F025BA73B5044600200D465A
:1009A00000F098F8D4F8A06069462046FFF7F2FFFF
:1009B0005EB99DF800102A462046D2F7B7FD0146E1
:1009C000204600F0DAF902B070BD00231A4629462D
:1009D0002046B047F7E7E4F711B9E1F739BC38B57D
:1009E00005460C46FBF7B0F92B6B1C40EB6A234322
:1009F000EB62FBF7ADF9211E18BF0121002049026F
:100A000038BD38B504460D46FBF79EF9236B1D40F3
:100A1000E36A23EA0505E562FBF79AF9284638BD43
:100A2000C06A704710B501210446FFF7EAFF20466F
:100A3000BDE81040E2F7E2BC38B504460D464FF47D
:100A40008811FFF7DEFF29462046BDE83840E1F770
:100A500079B80846E2F712B800F089B8E1F79EBE0F
:100A6000084708B5E4F74AF980B208BD022A01D860
:100A700000F095BA01207047022A01D800F0A0BA10
:100A800001207047022A01D800F0ACBA012070475B
:100A9000E5F7C0BA0846E5F7DFBA00F0E0BA002093
:100AA00070470020704738B50D6804462846E1F7C6
:100AB0003BF8D4F8903043B15B6933B1013504BFE2
:100AC0006FF001020A600A681A60002038BDE5F77D
:100AD00097B97047704770477047704738B50D46F3
:100AE0000446E2F7EBF8AC4042F2107364095C4351
:100AF0006423B0FBF3F0B4FBF0F038BD022807D05C
:100B0000062807D0003818BF01204042C0B2704705
:100B1000012070470020704730B51F23B0FBF3F36E
:100B20005D1CEDB24FF0FF34C3EB4313AC40C01A71
:100B3000E4430130E4B2C0B21460086030BD70B567
:100B400005460E46C0B201F00F01FFF7C7FFC6F31E
:100B500003110446C5F30720FFF7C0FFC6F30321C6
:100B60000444C5F30740FFF7B9FF204470BD08B542
:100B7000E1F756FDBDE80840E1F7DCBD10B50446DD
:100B8000E1F74EFD844288BF01F1FF31204601F0BC
:100B90000301BDE81040E1F7CDBD38B50446FFF7CD
:100BA000E6FF0546FFF7E3FF431BA342FAD338BD38
:100BB0000020704710B50446E2F704F9C4F30113AE
:100BC000022B05D0032B09D0012B00D1400810BD0A
:100BD000C4F3C4240134B0FBF4F0F8E78008F6E76E
:100BE00000F03003202B10B513D110F4E02FC0F328
:100BF00002440AD010F4C01FC0F3C423B3FBF4F4C2
:100C000018BF6400052C0ED86408FFF7D3FF6043BB
:100C100010BDC0F382136FF012041C4104F00104F4
:100C2000C4F10204F1E70424EFE710B5044651B122
:100C30000B6843B15B6833B11A68032A03D99C6A15
:100C4000640E204610BDFBF77FF801462046E2F710
:100C5000FBFA04460846FBF77BF8F2E7E3F7AEB988
:100C6000E3F7ACB9E3F7AAB9E3F7A8B97047436B68
:100C700003F06003402B0DD0602B03D0203B584283
:100C80005841704749B10B68012B06D9486940F0BB
:100C90000100704740F20110704700207047034682
:100CA00070B10268022A0BD9426A12F47F4FC2F374
:100CB000072006D01B6AD2B25A43B2FBF0F070474D
:100CC00000207047F0B5144687B01E460F4619B98C
:100CD0000024204607B0F0BD002AF9D00028F7D044
:100CE00001A9E5F76FFE0028F2D0BDF80630BDF887
:100CF0000850A2199A42C4BF9B1B9CB2B54212D99C
:100D00000399AD1BADB23144A5420391ADF8085033
:100D10000DD22A46384603F071F90499621B7819FE
:100D200003F06CF9D5E70499761B3144049122460F
:100D30003846F5E70846E2F71DB90220E1F75ABC4C
:100D4000D0F894304BB11A68022A06D993F82500DE
:100D500028B11B6AB3FBF0F0704700F0D1B97047BF
:100D600008B50146D0F89400FFF799FF20B9BDE817
:100D70000840084600F0C8B908BD10B590F8D0305A
:100D80000E2B04462BD00175D0F8900020B3D4F878
:100D9000A0304BB994F8D9308B420BD320460022B7
:100DA000BDE81040E4F786BAB4F92420B0F9123057
:100DB0009A42F3DD94F8D91000222046E4F77AFA3B
:100DC00060B9C4F89000204600F0EEF901462046D4
:100DD000BDE81040E5F7A0BBFF23637510BD0220FE
:100DE000FCE70346D0F8D0000860B3F8D4308B801D
:100DF0000020704790F8D0300E2B14BF407DFF20AC
:100E0000704738B505460C46E5F7F8F888B10CB1DF
:100E1000002038BD4FF400612846E3F717FD00229B
:100E20004FF480712846E3F7FDFC003818BF01201D
:100E3000EFE74FF400612846E3F708FD40B1002CCE
:100E4000EDD095F8CA30002BE2D14FF48072E7E77D
:100E50002202E5E74FF48071E3F7F8BC4A024FF451
:100E60000071E3F7DFBC8A024FF48061E3F7DABC7C
:100E70004FF40071E3F7EABC3F2B084610B511466A
:100E800019D9B3FA83F3C3F11902D2B2062A01D8F1
:100E9000192B0ED0062A28BF0622931DDBB201248F
:100EA0009C40A4B2A14228BF2146E5F7A3FB2046FF
:100EB00010BD0022F1E70024F9E713883F2B10B59D
:100EC000084616D9B3FA83F3C3F11901C9B206294A
:100ED00001D8192B0BD0062928BF06218C1DE4B29E
:100EE0000123A3401380E5F7A3FB002010BD0021E0
:100EF000F4E70120FAE7E3F7EFBC10B50846144623
:100F00000121E1F7E9FE20460121BDE81040E1F7AB
:100F1000E3BEF8B504460E461746FAF715FF3A4603
:100F200005463146204600F02CFA04462846FAF7DA
:100F30000FFF2046F8BD0220704703207047E1F7FD
:100F400051BB10B5E4F7BEFD044608B9E2F758FE00
:100F5000204610BD704770B505460E461446FFF793
:100F6000BCFD3146284600F0EAF8FFF7B6FD04F074
:100F70000903082B04D10C2C1CBF24F00804A4B2D4
:100F800021462846E3F7C0FE00224FF400312846F0
:100F9000E3F748FC002070BD8021E3F757BC7FB524
:100FA000531C05AAADF81410029202210022CDE9CB
:100FB0000021DBB21146E3F753FC07B05DF804FBF8
:100FC0007FB5531C05AAADF8141002920421022229
:100FD000CDE90021DBB200220121E3F741FC07B09B
:100FE0005DF804FB1FB5531C029100220821CDE9D6
:100FF00000210122DBB21146E3F732FC05B05DF8B7
:1010000004FB07B591F82830009391F82B3091F844
:10101000292091F82A10E4F7CFFF03B05DF804FB14
:1010200038B50546E3F76AFE04462846E3F744FE72
:10103000072811D1D5F89030DB6924F47F4121F0E5
:10104000080103B15B7841EA032141F02001284601
:10105000BDE83840E3F758BE24F02001F7E7081E4A
:1010600018BF012070470020704702207047002001
:101070007047012070470020704700207047012012
:10108000704700207047E4F705BF08461146E5F7B2
:10109000F1B870B505460C4611461A46E5F70CF84E
:1010A00006682B462046B446BDE87040604710B540
:1010B000E5F702F8BDE8104083681847E1F7F8BE8D
:1010C0004942FFF7FBBF7047431E012B03D9031FA3
:1010D00058425841704701207047FFF7FABC4FF45F
:1010E000A472002102F064BF10B500210446FFF78E
:1010F0002AFC2046BDE81040E4F7AABBE3F7E4BDB4
:10110000E4F704B8FFF71CBEE4F706B8FFF728BE03
:10111000D0F88C0070B5C468002324259C4201D10E
:10112000012070BD826805FB0322D6898E4202D859
:10113000128A8A4201D20133F0E70020F1E7F8B5C4
:1011400005460E46E5F758F8D5F88C307BB15B695B
:101150006BB1E1F7B3FDD5F88C305B691B1A5842CF
:1011600040F26B124FF042015841E5F70DFAF76873
:1011700000224FF6FF734FF0240CD0B2B84208D3D0
:101180001C4621462846E5F7C7F9FFF7A5FC20468F
:10119000F8BDB1680CFB0011CC899C4202D2002C36
:1011A000EFD023460132E8E7008B70470A7838B564
:1011B00005461046FFF788FF60B14C782046FFF7E0
:1011C00083FF38B12243530704D42846BDE8384092
:1011D000E3F7A8BF012038BD10B504460878FFF733
:1011E00073FF58B14A781046FFF76EFF30B1042AFA
:1011F00004D02046BDE81040E3F7CCBF012010BD6D
:10120000E3F708BDE4F76EBA73B50D7806460C46F1
:1012100035B304238DF8043023798DF8053001A906
:101220003046FFF7D9FF0546B8B92278A37952BBFB
:101230008DF80430E3798DF8053001A93046FFF7C9
:10124000B5FF054648B923783BB161883046E4F7DD
:10125000D9F801213046FFF7D4FD284602B070BD11
:101260002946FFF7CEFD29463046FFF7F7FD294610
:101270003046FFF7F8FD2378002BCAD123798DF88B
:1012800004306379C9E702228DF80420D3E7FFF721
:10129000E5BDFFF7EDBDFFF7EFBDFFF70EBE08465A
:1012A0001146E5F78FBBC0F89C1000207047E4F7AB
:1012B000E7B870B5144686B005460E4612220021E6
:1012C0000DF1060002F074FE23680093694628467B
:1012D000ADF80460E4F7CEF9009B236006B070BD62
:1012E00038B50446154609B1FFF705FE25B120467D
:1012F000BDE83840E4F7DAB938BD084611461A4669
:10130000BDF80030FFF7DEBC2DE9F74F1C469DF815
:1013100030300193036803F00703063301259D4035
:101320000646174605F1FF380B46A1B1416804EAAD
:10133000080BA5EB0B0A41F00059524509EB0B01D4
:1013400014D95246184602F059FE7A1B5A444946AF
:10135000504402F053FE019B2BB13C4448EA05087F
:1013600004EA0804F46003B0BDE8F08F1846F0E723
:1013700037B5002500951446FFF7C6FF204603B099
:1013800030BDF7B505460F4668461146E5F7E8FB60
:10139000064698B197B1DDE900311B0A43EA0163C3
:1013A000A5FB0343090A05FB0135E1F787FC002390
:1013B000024629462046F9F775FC3860304603B0EE
:1013C000F0BD38B14FF47A735843A0F6AC50401AD0
:1013D000E5F782BC4CF25030FAE700228A4202D193
:1013E0004FF0FF30704750F8223093FAA3F30BB957
:1013F0000132F3E7B3FA83F000EB4210704710B507
:101400000446E5F729FE21460020E7F7E1FCBDE8A8
:101410001040002000F0C8B9704708B5E8F730FC6C
:1014200080F00100C0B208BDFFF716BB7047002076
:101430007047704770B5144681F0010519B90D2A3F
:1014400007D1FF2018E00D2A03D100780538C0B27B
:1014500012E0084400F047F8C5F1040110F44066BA
:101460000246C9B209D1042C084605D0052C16D174
:1014700012F0400F18BF084670BDC5F10603042CDA
:10148000D8B2F9D0B6F5006F03D1C5F10805E8B2BE
:10149000ECE7B6F5406FE9D1C5F10E05F7E712F4B8
:1014A000404107D1062CE7D0072CE5D0082C13D1FA
:1014B0000130CCE755065CBF831CD8B2062CDBD0CC
:1014C000B1F5004F02D1831CD8B2EDE7B1F5404F22
:1014D000EAD100F10803F7E7130744BF0530C0B2B3
:1014E0000C2CC9D9ADE7008870470170090A41701A
:1014F000704710B50024E3B210B9C3F10303DBB2A7
:101500000134042CCA544FEA1222F4D110BD10B594
:101510000B784C788A78C97828B910462246044658
:1015200008461946034642EA012043EA042343EAF7
:10153000004010BD10B50C46E8F75EFA048010BDFF
:1015400038B50C461546E8F757FA03881DB11C4319
:10155000A1B2018038BD23EA040189B2F9E708B5D8
:10156000E8F74AFA008808BD08B5E8F745FAC078F8
:1015700008BD08B5E8F740FA008800F00C0008BD87
:1015800008B5E8F739FA008800F00C00031F58424C
:10159000584108BD38B50546E8F72EFA04462846F6
:1015A000FFF7EEFF30B904F11000FFF79CFF00F4E5
:1015B000406038BD4FF40060FBE738B50546E8F7FA
:1015C0001BFA04462846FFF7DBFF014648B91034F2
:1015D00020460422E6F7AAFE2044BDE83840FFF783
:1015E00082BFA08838BD10B50C46E8F705FA8480A4
:1015F00010BD38B50546E8F7FFF904462846FFF761
:10160000BFFF014608B1201D38BD1034042220461A
:10161000E6F78CFE2044F7E738B50546E8F7ECF925
:1016200004462846FFF7ACFF30B904F11000FFF77D
:101630005AFF00F4404038BD4FF40060FBE738B576
:101640000546E8F7D9F904462846FFF799FF014611
:1016500048B9103420460622E6F768FE2044BDE86B
:101660003840FFF740BFA08838BD38B50546E8F7D9
:10167000C3F904462846FFF783FF014608B1201D41
:1016800038BD103406222046E6F750FE2044F7E726
:1016900008B5E8F7B1F9007A08BD08B5E8F7ACF984
:1016A00090F9090008BD08B5E8F7A6F9807A08BDE9
:1016B00008B5E8F7A1F9C06808BD10B50C46E8F711
:1016C0009BF9047210BD10B50C46E8F795F9447209
:1016D00010BD10B50C46E8F78FF9C46010BD2DE9B8
:1016E000F8430F468046002107F110001646994640
:1016F000E8F748FA0446D0B1E8F77EF905462046F7
:10170000E8F796F900210246284602F051FC002332
:10171000AB7049F004012046FFF70CFFA5F80480E8
:101720002EB13A46314605F1100002F067FC204622
:10173000BDE8F883F8B505460F4610200021E8F70C
:1017400021FA0446B0B1E8F757F906462046E8F713
:101750006FF900210246304602F02AFC0023B370E4
:1017600039462046FFF7E6FE25B12A4601212046EC
:10177000E8F7E0F92046F8BD08B5E8F73DF9103084
:1017800008BD08B5E8F754F91038C0B208BD10B567
:101790000C46098821B90846F7F7EAFC208008B111
:1017A000012010BD0220FCE70020E7F73DBA08B594
:1017B000E7F7C2FC002008BD4088C0F30C000330EE
:1017C000800840000430704708B520B1E7F728FFD3
:1017D00000F0010008BD0120FAE708B5E7F758FE60
:1017E000BDE80840FFF7F0BF70B50E46054611464C
:1017F0003046E8F7C7F9044635B128B1E8F7FCF8F8
:101800003246294602F0BAFB204670BD0088B0FA85
:1018100080F040097047008810B1C9B2E8F776B986
:1018200070472DE9F041B0F8008006460C46D5B26D
:10183000B8F1000F11D029464046E8F767F9224673
:10184000074629464046E8F775F93A4629462046B4
:10185000E8F770F93480BDE8F0810F46F5E738B558
:10186000058800220446FFF7DCFF05B1258038BD5E
:10187000F8B507460D46008800211646E8F746F9F8
:10188000B042044605D129463846BDE8F840FFF786
:10189000E6BF00212046E8F739F9B04205D02046DE
:1018A0000021E8F733F90446F3E72A4620460021F1
:1018B000E8F740F9324628460021BDE8F840E8F74D
:1018C00039B9034608461B888B4202D00021E8F74D
:1018D0001DB90020704738B5044638B10021FFF724
:1018E0009AFF002301465D1C09B998B238BD204615
:1018F000FFF7E7FF2B460146F5E7F8B505880746F1
:101900007DB1CCB221462846E8F700F9854206466B
:1019100009D100233B80002221463046E8F70AF92E
:1019200035462846F8BD2146E8F7F0F8214602463C
:101930002846E8F7FFF8EEE72DE9F04707888246EA
:10194000884614465FB33846E8F772F83D460646C7
:10195000E4B221462846E8F7D9F84045814616D139
:101960002146E8F7D3F8214602462846E8F7E2F890
:10197000474504D1454508BF0025AAF8005000227C
:1019800021464046E8F7D6F83046BDE8F087874262
:10199000FAD0E8F74DF8304486B24D46D9E73E46D6
:1019A000F2E72DE9F04780460F4602F1FF3906467F
:1019B0000024BC4202D219F8015F25B9A6EB080049
:1019C000C0B2BDE8F0879A46A5F13102012A5AF863
:1019D000041B10D83246322D02F8011B06D1013407
:1019E000E4B2A74232D30912B21C71700134E4B2DE
:1019F00053461646DDE7342D0CD10334BC42DDDA04
:101A00000B0A317073700B0C090EB370321DF1703C
:101A1000E4B2EBE7A5F13302062A0DD8303DEDB272
:101A20002B19BB42CADA2A463046013C02F0A6FA1C
:101A300055FA84F47219EBE7A5F14102062A01D8A0
:101A4000373DECE71D7903F1080AE9E71646B5E7EB
:101A500070B5054600880C46E7F7EAFF84422888FF
:101A60000AD9E7F7E5FF0023221AD2B22846194621
:101A7000BDE87040E8F70CB92146E7F7F5FF002014
:101A800070BD2DE9F8430746084616469DF820909C
:101A900088461C46E7F7B0FF8519CCB1C5B1404672
:101AA000E7F7C6FF2644864214DC2246B9F1000F50
:101AB00006D12946384602F061FA0020BDE8F883D5
:101AC000B9F1010F39462846F5D002F097FAF4E74C
:101AD0002120F3E71D20F1E738B50546E7F78CFF35
:101AE00004462846E7F7A4FF002201462046BDE849
:101AF0003840FFF779BEF8B516460C461D46BDF8CE
:101B00001870E7F779FF04443046E7F775FF3A4667
:101B100041192046BDE8F84002F030BA70B50C46D5
:101B20000131C9B20646E8F757F921460546304665
:101B3000E8F752F900EB052080B270BD1FB5012314
:101B4000ADF80C2000930A460223014603A8FFF7D4
:101B500098FF05B05DF804FB73B504460D464020C0
:101B600000211646E8F70EF8ADF80600E7F744FF47
:101B7000BDF8063013B9002002B070BD40213346D5
:101B80002A462044FFF70DFF2118C9B20DF10600C7
:101B9000FFF75EFF0028EED1BDF80600ECE70EB4BB
:101BA00003B503AA52F8041B0192FFF7D5FF02B058
:101BB0005DF804EB03B0704700220123C0E9002365
:101BC0007047F8B5044601270026FAF7C8F82368DD
:101BD0003BB9FAF7CAF863680022012B0ED16360A3
:101BE000F8BD1D691F612660FAF7BFF8012DF2D01C
:101BF0002B462D691E61012DFAD1E6E719691A619C
:101C00000B46EAE70069003818BF012070470368F7
:101C100023B94068012803D0E8F70CB900207047C9
:101C20004FF0FF307047F8B50546FBF71BFA01236C
:101C30000646A8602B730027FAF791F82B68024636
:101C40007BB11C692169A1420CBF2F60196127611A
:101C50001046FAF78AF8012C08D0636820469847A6
:101C6000EAE76C68012C04D1FAF77FF800232B73A4
:101C7000F8BD6169711AB1F1004FF5D82169696049
:101C80002361E5E77020704770207047002070479F
:101C90000144884201D10120704710F8013B934272
:101CA000F7D0002070470821FDF70DBB30B5014685
:101CB00093B005460020E5F7C1FF10F0FF040BD1FB
:101CC0006A4621462046E6F7A5FF6A462146204699
:101CD0008DF80250E7F77EFA204613B030BD00B50C
:101CE000002193B06A460846E6F794FF9DF902008A
:101CF00013B05DF804FB00B5002193B06A460846B6
:101D0000E6F788FF9DF8000013B05DF804FB08B506
:101D1000E6F7E8FA003818BF012008BD0120704737
:101D20000020704770477047704770477047704792
:101D30007047704700B5002193B06A460846E6F741
:101D400069FFBDF8060013B05DF804FB10B5002173
:101D500092B004466A460846E6F75CFF00216A46F0
:101D60000846ADF80640E7F735FA12B010BD00B5E9
:101D7000002193B06A460846E6F74CFFBDF8040020
:101D800013B05DF804FB10B5002192B004466A461A
:101D90000846E6F73FFF00216A460846ADF80440D2
:101DA000E7F718FA12B010BD70472DE9F04F85B073
:101DB0000C4691468046FFF7DCFB671C054638461B
:101DC000FFF791FB042D40F08B804046FFF7D4FCD9
:101DD000037803F00303012B4FF009024FF00101D8
:101DE000204614BF4FF0020B4FF0030BE6F79EFAAC
:101DF0000922002105462046E6F798FA21788DF859
:101E00000F000139002289B22046FFF7EDFC04EBF8
:101E1000090A0646D0B12A4601460DF10F0358467D
:101E2000FBF703FC0228054626D13046E7F700FE03
:101E3000C0B220700023013800930122C3B23146A2
:101E40003846FFF71EFE2378013323704046FFF724
:101E500086FB020424D49AF8013021789B071FD511
:101E60000139A1EB09014246C9B25046EDF7AEF97E
:101E700023781844207013E020B92070284605B05C
:101E8000BDE8F08F032809D15046FFF72CFB20F462
:101E9000007189B25046FFF728FBD7E70428D5D157
:101EA0000125217800222046FFF79EFC06460028E7
:101EB000E4D00023014601221846FBF7B6FB0228B6
:101EC00019D13046E7F7B4FDC0B2207000230138C5
:101ED00000930122C3B231463846FFF7D2FDCDE769
:101EE00080F0800520F0800081B23846C5F3C0152F
:101EF000FFF7FBFAD5E70028C0D12070BEE708B590
:101F00000020FFF78AFA80F00100C0B208BD0A463F
:101F100008B501460020E8F7D9FBB0FA80F0400987
:101F200008BD0020E7F788BA00210846E6F700BFA1
:101F30000020E5F761BE08B5E8F730FC003818BFAF
:101F4000012008BD01207047E8F74CBD10B50C46D4
:101F5000098821B90846F7F7EFF8208008B1012079
:101F600010BD0220FCE710B50446FDF77AFE08B963
:101F7000FDF779FE03050FD40C231B2B01D10020A4
:101F800009E020FA03F1C90703F1010206D5DBB22B
:101F9000E31A5842584110BD0B23F9E71346ECE70A
:101FA00010B50C46098819B90846F7F7E1F8208002
:101FB000012010BD402908B5104604D009D811B140
:101FC0003F290CD0C9B200F02AFBBDE80840FBF75E
:101FD00078BD412905D04C29F4D18D21F3E7312179
:101FE000F1E74221EFE770B592B004460D46164680
:101FF0006A46E6F70FFE6A46294620468DF81F60BE
:10200000E7F7E8F812B070BD07B50DF10701E8F782
:1020100019FF20B19DF8070003B05DF804FBFF2015
:10202000FAE710B50C46E9F713F82046BDE8104072
:10203000E8F724BF0129F8B505460C461DD0032951
:102040001ED0052920D0072922D0002600240027F1
:102050000120E6F7C7F8304485421DDA0320E6F791
:10206000C1F82044854219DA0520E6F7BBF8384468
:102070008542B4BF07200520F8BD6FF00406E5E7F0
:102080006FF004040526E2E700266FF00407DFE79F
:10209000002426460527DBE70120EDE70320EBE7D8
:1020A00038B5054600242046E6F79CF80134A842DE
:1020B000E4B202D9062CF6D10724204638BD38B147
:1020C0004379490023F00C0301F00C010B434371E9
:1020D000704710B5044678B141794088490801F04D
:1020E00006010131000AFFF7A5FF0246014620461E
:1020F000FFF7E5FF104610BD0722FBE738B50D4698
:10210000E8F794FF044608B9002038BDFFF7E1FF67
:10211000002DFAD1237913F00703F5D0984238BF88
:102120001846C0B2F1E7037923F0070319430171A0
:102130007047037903F00F0343EA011303717047FB
:102140000022E9F719BB002108B50122E9F714FBC9
:10215000401A18BF012008BD38B51546FFF7F0FF3B
:1021600004462846FFF750FF84B1FF2804D0626878
:1021700022FA00F3DB0701D5012038BD012383409B
:1021800013436360E3780133E370F5E72046F4E737
:10219000E9F760BD0146102307220120E7F774BF6D
:1021A00010B5E7F729FC00F110042046FFF79BF972
:1021B00020F4007189B22046BDE81040FFF795B9C0
:1021C0002DE9FF418DF80D301B0A15468DF80E30B4
:1021D00001919DF82C308DF80C0001218DF80F3005
:1021E0000091042303AA28469DF828809DF83070AA
:1021F0009DF8346001F09EFC044670B12946FFF75B
:10220000F2F9B8F1000F02D12046FFF7C9FF2FB154
:1022100046B931462046F4F75FFC0024204604B05E
:10222000BDE8F08100231A4619462046E9F794FCE0
:10223000F3E74FF47A70E9F7E9BDF0B5064687B0E9
:1022400010461C460F461546FFF796FA9DF83030AB
:1022500018444378A4B1617811F0020F4FF00102E5
:102260000CBF032100210020CDE90310CDE901427C
:102270000095072239463046E9F764FE07B0F0BD05
:1022800022462146EFE708B5E7F784FEBDE808409F
:102290000020EAF789B81FB504466846FFF77AFFC1
:1022A00054B100238DF80530102307226946002021
:1022B000E7F7EAFE04B010BDFFF73CFDADF80600FD
:1022C000FFF755FDADF80000EEE700B58BB06846AE
:1022D000FFF760FF009BBDF80600069304A9E9F72D
:1022E0003BFD0BB05DF804FB1FB504466846FFF7E5
:1022F00051FF02AB03CB2060616004B010BDFF2230
:10230000EAF76CB938B5D31E012B04460D461046CA
:1023100007D8EAF777F829462046BDE83840FFF7A6
:10232000EEBF022038BD1FB5062304468DF80C30E1
:10233000EAF7B4F90023CDE900338DF80D0002234C
:1023400003AA0121204601F0F5FB04B010BD70B5D1
:102350000C4605460120EBF78FF8237B4BB1FFF7C6
:10236000E9FC014623462A460120BDE87040EAF711
:1023700023BB4FF6FE71F5E7F8B50E460746FFF7AB
:10238000FBF90546FFF7AFF800F44040B0F5404FC9
:1023900014BF0022062202F10A030B32EB5C5C0040
:1023A00004F00E045B08144403F0380338461C4460
:1023B000FFF7E7F9844208D2001BC2B20F2A28BFF8
:1023C0000F222919304601F019FE2046F8BDD02011
:1023D000EBF778BF13B5F4F721FE6946044601F028
:1023E00020F858B1FFF7A6FC40B1E7F7E9FE28B1A5
:1023F0000023022269462046F2F758F902B010BDC8
:10240000FF224FF6FF71ECF7A5B90020FFF7F8BFE8
:1024100037B5082305460C46092269460120E7F72F
:1024200033FE15B19DF806302B700CB1009B236074
:10243000BDF8040003B030BD07B500210DF1070061
:10244000FFF7E6FF9DF8070003B05DF804FB07B552
:1024500008238DF80600ADF80410009269460922A1
:102460000020E7F711FE03B05DF804FB13B5044646
:1024700001A90020FFF7CCFF019A01462046FFF793
:10248000E6FF204602B010BDF0B50F46002187B030
:10249000044608461646FFF7BBFF012305460DF12B
:1024A0000A008DF808408DF80930FFF71DFF092C50
:1024B0001DD131460DF11200FFF717F805AB02AA46
:1024C0009B1A0021CDE900112846DBB2642101F0FE
:1024D00031FB0546E0B1092C15D1ECF7FFFA0446B3
:1024E00088B12846ECF70EFB204607B0F0BD314618
:1024F0000DF113008DF812704FF6FF75FEF7F5FF22
:102500000DF11503DBE7284600F02EF80446EBE753
:102510000446E9E77FB50D461646ADF80E00E7F72D
:1025200087FA841BE4B2BDF80E20631B9BB21046F1
:10253000009329467319FFF7DEFA21460DF10E00CC
:10254000FFF786FA04B070BD38B504460D4600F0BA
:10255000A3FF40B1AC4206D02046F4F7E1FDBDE850
:10256000384000F0F3BF38BD10B50446FFF704F95A
:102570000230FEF7B8FF4FF6F7739842204603D9B2
:10258000BDE81040ECF744BCECF78EFCB0FA80F0EC
:10259000400910BD0022ECF75DBB70B50546FFF7A2
:1025A000EBF80646284601F0E9FA01462846E7F727
:1025B00013FC04462846FFF700F84FF6F7739842DD
:1025C00008D8337803F00303012B05D1A31E58422A
:1025D000584170BD0120FCE70020FAE730B585B016
:1025E00041F203330D46ADF808300446FFF7A2FB75
:1025F0008DF80A00FFF79EFB0021000A8DF80B0002
:10260000CDE90011052302AA20468DF80C5001F0F7
:1026100091FA10B12146FFF7BDFF05B030BD70B58E
:1026200004460D4691B131294FF0000600D13546E0
:102630002046FEF79EFF08280AD101212046E7F731
:1026400065FA2946BDE87040FBF740B90126EFE77F
:102650002046FEF78EFF024630B9BDE870404FF6C7
:10266000FF710120FCF7F7BD2046FEF793FFB0F5A0
:10267000006F0ED12046FEF7A0FF4FF6FF73984281
:10268000014617D0002D0CBF032005200022FCF7C7
:10269000E2FD29462046E9F71DFB68B92946204698
:1026A000EEF780F840B9324629462046BDE8704032
:1026B000ECF7BEBE0120E9E770BD37B54FF6F67501
:1026C000D3F7DEF9431E9BB2AB420446F8D8E8F7D5
:1026D000ADFC0028F4D169462046E7F771FF0028D9
:1026E000EED0204601F000F80028E9D12046FFF79F
:1026F0002AFD0028E4D12046EEF7C6F80028DFD1F5
:10270000204600F0C9FE0028DAD12046FCF7EEFD95
:102710000028D5D1204603B030BD73B504460E461F
:10272000EEF7B2F8054688B92046EEF707F92146DC
:1027300000952B460D224FF6FD7000F053F8314600
:10274000204602B0BDE87040EEF7BAB802B070BDE6
:1027500037B5054614460C2914D8DFE801F02913D3
:102760002913131307131313132424006946E7F7DF
:1027700027FF18B901216846F2F75EFB422029467F
:10278000F7F7B8FBBCB12046FEF7F6FF0230FEF7C4
:10279000AAFE4FF6F77398420DD9204603B0BDE864
:1027A0003040ECF74BBD0B2914BFAA20A920E6E767
:1027B000F6F760F8E6E703B030BD1FB503460846FC
:1027C00003218DF80C108DF80D3000210123CDE987
:1027D0000031ADF80E20042303AA01F0ABF905B0D7
:1027E0005DF804FB2DE9F34106469DF820800F4675
:1027F00014461D46FFF79EFAB04207D1002221463B
:10280000384602B0BDE8F041FFF7A2BF3A46314674
:102810002046FFF7D2FFADF8060060B10D2C05D1C0
:1028200000224FF6FF712820FCF715FD35B9BDF8E1
:102830000600FFF799FE02B0BDE8F0810123424691
:1028400029460DF10600E7F723FABDF80630002B04
:10285000EDD1F0E7F7B50C460546FEF78DFF611C9C
:10286000C9B206462846E7F7B7FAA11C0746C9B21F
:102870002846FFF753F9014604463846FAF7F6FFB3
:102880000D2F34D12046EDF7FFFF78B1301DFEF754
:102890002AFE04462846F679FEF7D1FE3146024666
:1028A000204603B0BDE8F040FFF756BCB01CFEF771
:1028B0001AFE4FF6F773984202D92846ECF7BEFC91
:1028C0002046EEF73BF8FFF735FAA04205D100208D
:1028D00003B0BDE8F040EEF775B8B068F1686B463C
:1028E00003C369462046EDF7EBFF03B0F0BD2A466F
:1028F0003946204603B0BDE8F040FFF729BF142257
:10290000002101F055BB2DE9F0470B078EB00446BE
:102910000E4615465CD10120DCF752FE09A8FCF7F3
:1029200017FD092309A88DF82430FCF715FD09A827
:10293000DCF718FE01A909A8FCF771FF26F00F07C4
:102940002F4404F1100804F10F09BD4211D123698D
:102950003344236101A909A8FCF746FF0020DCF7F6
:102960002FFEB6F1005F2CBFB12000200EB0BDE8F5
:10297000F08705AA23469646186859689446ACE83D
:102980000300083343456246F6D12B46224605F143
:10299000100A53F8041B42F8041B5345F9D1714641
:1029A00009A8FCF721FF09A8DCF7DCFD2246214637
:1029B0000120DCF797FD013D631E13F8012F15F888
:1029C000011F4B4582EA01021A70F6D15546BCE759
:1029D0007020CBE7F0B585B0174605460C461022AF
:1029E0000021684601F0E4FABFB3C4B30F2C04F031
:1029F0000F0608D924F00F043A4621462846FFF76F
:102A000082FF40BB274432463946684601F0F6FA59
:102A10002F6906F1100337446B448022B7F5005F3D
:102A200003F8102C2F61C6F110061AD3062E1FDDF5
:102A3000FB001A0E8DF80A201A0C5BBA8DF80B20D9
:102A4000ADF80C306A4610212846FFF75CFF2B6971
:102A5000103B2B61002005B0F0BD3E46D8E726466E
:102A6000D6E7022E04DDFB005BBAADF80E30E9E7D5
:102A70006A4610212846FFF746FF2B69A3F1100490
:102A80002C6110220021684601F092FAB7F5005F30
:102A90004FEAC403CDD2E7E770B586B00E460546CF
:102AA00001A81446FFF72BFF3246294601A8FFF77D
:102AB00091FF05AE054601AB22461C4603CCB4424D
:102AC00010605160234602F10802F6D1284606B094
:102AD00070BDEEF719B80A460021EEF715B8F0B54B
:102AE0008BB00C4601A9EEF70FF8054688B32522F6
:102AF0000021E01C01F05CFABDF810700123A37006
:102B0000FA054FF00E03238010D523464FF4877249
:102B100023F8042B06AE0DF1280C324603CA624599
:102B200018605960164603F10803F6D13B0605D537
:102B3000238843F080032380069B636001AB03CBB3
:102B4000039BC4F81D00C4F82110A361EFF732FA0B
:102B5000606128460BB0F0BD30B5054687B001A8CE
:102B60000C46FCF7F5FB2868696802AB03C39DF8C7
:102B7000113043F002028DF8112074B12288510601
:102B800044BF43F006038DF81130530542BF9DF852
:102B9000113043F008038DF8113001A8FCF77EFDD9
:102BA000B0FA80F0400907B030BD70B58AB00D466C
:102BB000002201A90446EDF7A7FF88B104A9204629
:102BC000FFF7CAFF60B1BDF81060FFF7B3F838B97E
:102BD000720601D5730503D529462046FAF797FEFC
:102BE0000AB070BD2DE9F3410F4605461646E6F7DB
:102BF0001FFFC41BE4B24FF000082946CDF8008047
:102C000023463A463046FEF73CFF01212846E6F7C8
:102C10007DFF88B101212846E6F778FF0746E6F7F1
:102C200007FFC5B22B463019CDF800804246394621
:102C3000FEF727FF2544ECB2204602B0BDE8F08144
:102C40002DE9F74F0C9E9DF8348089460546934642
:102C50001C46E6F7EDFE012723464A4629468246F2
:102C600000975846FEF70DFF39462846E6F74EFF17
:102C70004C4428B339462846E6F748FF5FFA8AFAFB
:102C80005445814611DAE4B2AAEB040B5FFA8BFBE0
:102C90002246304600975B4629464444FEF7F1FE43
:102CA000A4EB0A045E4404F0FF0801230C93002205
:102CB00043464946304603B0BDE8F04FFEF7E1BE5B
:102CC0000C974346E2B22946F4E72DE9F04186B07D
:102CD0000026074608460C4615469846CDE902668A
:102CE00004968DF81460E6F7A3FE411BCBB20D2BC2
:102CF00028BF0D2300962A46214602A8FEF7C1FEF2
:102D0000424602A93846EEF769F99DF808200646C2
:102D100029462046E7F774F8304606B0BDE8F08152
:102D20002DE9F04F0E46CBB00121054617461C4653
:102D3000E6F7ECFE23463A462946814606A8FFF709
:102D4000C4FF0DF1280A00EB070B5FFA8BFB52461C
:102D500031462846FFF746FFB34503D200204BB06B
:102D6000BDE8F08FABEB06085FFA88F808F10403C2
:102D70009842F3DB331F1844C4B204230193A31B0E
:102D8000DBB20093CDF808A043465246002106A8C6
:102D9000DCF72EFBC0B20028E0D1A4EB0B040AEB59
:102DA0000803E4B252462846009331464346019454
:102DB000FFF746FF39462846E7F70EF8394600F098
:102DC000F8022846E7F71CF801212846E6F79EFEA0
:102DD000002818BF4D462846ADF81650E6F728FEE5
:102DE000011FC9B20DF11600FEF732FE0120B6E751
:102DF0002DE9F041044600F0C1FE411C074689B2AE
:102E0000204600F08EFE98B397B339462046E6F789
:102E1000E3FF00F00C03042B054629D000F0030863
:102E2000B8F1020F00D11BBB284600F030FF2B0683
:102E30000744BEB216D5711C89B2204600F071FE5F
:102E4000B0B1F9B22046E6F7C7FFB8F1010F01466D
:102E500000F003030CD0032B0AD0284600F026FF15
:102E6000304486B231462046BDE8F04100F059BEFC
:102E70000020BDE8F081F8B5064600F041FE0546A9
:102E800004463046FEF778FC43785B0718D5AC1C47
:102E9000A4B22146304600F044FEB8B1294630467F
:102EA000E6F79AFF691C0746C9B23046E6F794FF79
:102EB0001FB1874201D8FF2808D104EB4704A4B210
:102EC00021463046BDE8F84000F02BBE0020F8BD9A
:102ED00013B5044601A8EEF7C1FABDF80430DA07CD
:102EE00010D49B0707D410220021204602B0BDE871
:102EF000104001F05DB8224621461020FFF7CCFDBE
:102F00000028F0D102B010BD13B50024CDE9003483
:102F100013460A4601460620EEF7CCFA02B010BD71
:102F200008B50246EEF7BCFA510544BF0838C0B2F6
:102F3000130544BF0838C0B208BDF0B5D3078BB045
:102F400005460C4649D5008800F018FE00230646C9
:102F5000029314B9CDE9034403AC002208212046B2
:102F6000FEF796FEA0B12888FEF706FC0230FEF7B9
:102F7000BAFA21460746E7F723FB48B1002240236F
:102F80001146384600F02AFABE2528460BB0F0BD9F
:102F900031462888E6F720FF10F0030F0CBF01260A
:102FA0000026EDF7F5FD46EA4000C0B2009002AB06
:102FB00005AA00212046EFF739FC0546EDF7E8FDAC
:102FC0000028E2D0002DE0D0009602AB05AA002137
:102FD0002046EFF72BFC0546D7E7A625D5E70146A7
:102FE0001A2308220120E7F74FB800231A46EFF70B
:102FF00079BB30B58BB005AD04462846FCF7A8F97F
:10300000022301A928468DF81430FCF708FC01AA18
:103010002346144603CCAC4218605960224603F1A3
:103020000803F6D10BB030BD08B50023024619469F
:103030001846EFF757FB012008BD37B50446684630
:10304000EFF7C6FB054648B108222146684600F066
:1030500085FFB0FA80F0400903B030BDFF2208219F
:103060002046FEF715FE034628B106212846FFF745
:10307000BCFF0120F0E722460146EFF733FBF8E7FB
:1030800007B56846EFF7A4FB10B16846FCF78AFD68
:1030900000F0010003B05DF804FB0120F0F7E8B890
:1030A000704737B504460846FEF7A3FA0546FEF713
:1030B00041FE00230146009322462B460120F5F7EE
:1030C000FDFC03B030BD30B589B0054603A8FCF760
:1030D0003FF9012401A88DF80C40FCF74FFB9DF847
:1030E00006209DF80730AA4209D0AB4209D103A8B7
:1030F0008DF80D40DCF736FA012009B030BD002410
:10310000F5E70020F9E708B5002211461046F0F770
:10311000F5FBBDE8084000214FF6FF70FFF765BFE3
:1031200000221021FEF7B4BD7FB502460D460D23E7
:1031300017216846F9F7C6FF02AE6B462A461C46C1
:1031400003CCB44210605160234602F10802F6D16C
:10315000206810602379137100236B7304B070BD75
:10316000F0B585B06C4606460B4601F108072246CD
:1031700018685968254603C50833BB422C46F7D169
:10318000186828601B792B7131460D231720F9F739
:10319000A2FF05B0F0BD38B504460D46DBF73CFF95
:1031A000A04205D920462946FFF7BEFF002038BDC2
:1031B0006920FCE730B585B000248DF80040DBF7CE
:1031C0002BFFE5B2A84204D8F1F798FC002005B027
:1031D00030BD69462846FFF7C3FF0134EFE738B535
:1031E00004460020F3F76CFFFF2805460FD0F4F7E4
:1031F00027F810F0010009D02846F4F721F840081C
:1032000040EAC17080F0010000F0010038BD04F018
:103210000100FBE7F8B5014606460020F1F7A8FBE0
:10322000FF2801D00120F8BDDBF7E6FE00240546AB
:10323000871CDBF7E5FEE3B2984201D80020F2E7F5
:1032400035F82430B34203D117F82430002BE9D1EC
:103250000134EEE738B50D4601210446E6F756FC89
:1032600030B101212046E6F751FC2880012038BD0D
:103270002C80204600F079FD0130C0B2F7E72DE93F
:10328000F04788B00746894610460DF10A011D46F1
:103290009046FFF7DFFFBDF80A6004464FF0000AD2
:1032A0003046CDE905AACDF81BA0E6F7C1FB031B0C
:1032B000DBB20B2B28BF0B23CDF800A022463146F2
:1032C00005A8FEF7DEFB48F21F039D4243D00BD852
:1032D00085F40043012B15D9009723464246494601
:1032E0002846FCF777FC33E048F23A039D42F3D1DD
:1032F000FEF720FDB8422BD02246414605A8FCF738
:103300009CFC25E09DF8143013BBBDF81D40DDF892
:103310001500DDF8191003AB03C303A92046DBF742
:10332000E5FD012203A92046EDF780FBA7420646F2
:103330000ED0012103A8F1F77FFD48F201039D4261
:1033400006D12EB9334632463946204600F0FDFDFF
:1033500008B0BDE8F0879DF81450002DF8D1023474
:103360009DF81570E4B2A846EBB2BB42F0D22246FB
:1033700008233146CDF8008003A8CDE90388FEF785
:1033800080FB03A8F3F77AFEF3F7CAFE083400F0D7
:10339000DDF80135E4B2E7E708B5E6F7FBFDBDE887
:1033A0000840F2F775B810B500248480418004808D
:1033B000C280038110BD13B5BDF81040CDE90034C3
:1033C0000023F2F7BBF902B010BD13B5BDF81040F1
:1033D00001900094F2F7B2F902B010BD07B5009366
:1033E0000123FFF7F2FF03B05DF804FB0123F2F7BE
:1033F0003BBA0121F3F770BB08B500F00EF8FF28C7
:1034000004D0F3F71DFFC0F3C00008BD0120FCE7A6
:1034100001464FF6FF70F3F787BA01460020F3F735
:103420004FBE10B50C46F3F77BFEFF2808D0F3F72C
:103430000DFE20B10368236043686360012010BD66
:103440000020FCE710B50446FEF7A4F8B0F5006FC5
:10345000204605D1FEF7B1F8BDE81040F3F760BE95
:10346000FEF7C7F8BDE81040FFF7D7BF08B5F3F780
:1034700057FEFF280CD0F3F7E3FE10F0010309D04C
:10348000400840EAC17080F0010000F0010008BD72
:103490000020FCE71846FAE708B5F3F741FEFF38CD
:1034A00018BF012008BD1FB502460B2301A8182133
:1034B000F9F708FE9DF80E0005B05DF804FB30B585
:1034C00011F0010587B0044616D001A9F4F780FA7F
:1034D00090B92046F3F7B4FE10F0010109D0204660
:1034E000F3F7AEFE430843EAC17383F0010303F030
:1034F000010101A8F1F7A0FC2046F5F701FA2946E1
:10350000204607B0BDE83040FAF72EB930B585B097
:103510000C460546F3F782FDA04215D04FF6F7732F
:103520009C4211D80B232A46182101A8F9F7CAFD9D
:10353000294618200B2301AAADF80C40F9F7CBFD62
:1035400021462846F3F706FE05B030BD10B5044607
:10355000DBF768FDA0420FD92046F3F75FFD4FF679
:10356000FF73984208D020460021FFF7A8FF2046AD
:10357000BDE81040F4F784BA10BD10B50446FEF75C
:10358000D9FB002102462046BDE81040F4F7D0BB2D
:103590002DE9F04114460F4605469846FEF7ECF833
:1035A00006460430FDF79FFF20802846FEF747F8C7
:1035B0006080B379E372791CC9B22846E6F70CFC47
:1035C000B91CA072C9B22846E6F706FCFE1C2072A0
:1035D000F6B2B8F1000F18D031462846FEF79EFA31
:1035E0000537FEB2A08031462846FEF797FAB11C97
:1035F000E080C9B22846E6F7EFFB6072217AA08826
:103600000122BDE8F041F5F7B5B82088EAE72DE9D9
:10361000F04186B090461E4604460D46FEF78AFBF2
:103620004FF6F7739845074632D8A0424FF005038E
:103630008DF80C304FF0010214BF012300234FF02E
:103640000001CDE900211ABF8DF80D30ADF80E0054
:103650008DF80D30284614BF0423022303AA00F07E
:1036600069FA0546A0B1A7421AD0FEF785F80746C9
:1036700021460430803EFDF738FFFE7104A9204644
:10368000FFF7CFFE40B904A92046F5F7C9FE18B9E7
:10369000002006B0BDE8F08104A9284600F0D9FA60
:1036A00041462846FEF776FFF3E7037923F003034C
:1036B000194301F03F010171704707B50DF1070192
:1036C000F4F7FEFE03B05DF804FB08B5FFF7F5FF65
:1036D00018B1BDE80840F4F743BF08BD0022114609
:1036E0004FF6FF70F5F746B810B50446FFF7E5FF53
:1036F000024638B901462046F5F73CF8003818BFB5
:10370000012010BD0120FCE7F8B5174604460E461F
:10371000FFF7D3FF0546386068B1037903F0030370
:10372000337023B93A68137903F03F0313713B6890
:103730005C882046F8BD01462046FEF7DFFC0746C0
:1037400028B1E7F783FE874201D83570F1E73146AB
:103750002046FCF739FA0028EBD0032333704FF6EC
:10376000FF74E6E707B501AA0DF10301FFF7CCFFEF
:103770009DF8033053B9019828B1037913F0300F45
:1037800014BF0120002003B05DF804FB0020FAE71D
:103790002DE9FF410646104688461546F3F76EFCB4
:1037A0000746FEF7C7FA044648BB4FF6FF739E4232
:1037B00025D09F4206D00146384604B0BDE8F0410E
:1037C000EBF7D8B807238DF804302B68CDF8053017
:1037D00002466B68CDF80930092101A8FEF704F80C
:1037E000024618B9182004B0BDE8F0810123414613
:1037F0003046F0F717FA0028F4D02046F3E770209F
:10380000F1E72DE9F04391B0064603AD0BA89046D1
:103810000F464FF00109FBF79BFD29460BA8ADF8B9
:103820002C90FBF7FCFF95E80F0007AC84E80F0035
:10383000CDE900484B46002239463046F0F70AFBF6
:1038400011B0BDE8F0832DE9F04F002785B0814627
:103850000C467E203946BDF83CB09DF844A0BDF82A
:103860004C5001929846ADF80E70E6F78BF906467B
:10387000002800F0AA80E6F7BFF839467E2200F063
:1038800097FB3046E6F7B8F800903046E6F7B4F814
:10389000B9F1FF0F14BF44F0030727463B0A14F4A5
:1038A0004062077043705FD1C31C4FF00808184690
:1038B0000199424600F062FB04F44044034643444D
:1038C00084B1790606D419464FEA1B2201F802BBDF
:1038D0005A700B46B4F5004F56D0A4F540425442FE
:1038E0005441E400224618460E9900F047FB009A26
:1038F00003462044A0EB02085FFA88F89DB14FF41C
:103900007C521A53841C2846E6F776F883462846EC
:10391000E6F78EF8C5B22A465946204600F06EFBFF
:1039200060190235EDB2B9F1FF0F2FD0109900F8F0
:10393000019B524600F062FB08F101015AFA81F145
:1039400029443046E6F790F80C21FF00002207F0EA
:10395000800739431046FDF7EDFEADF80E00E8B9DB
:10396000002005B0BDE8F08FB2F5006F80F803804D
:103970004FEA182880F8048000F1050314BF4FF0C7
:1039800008084FF0020892E70224ABE708EB0A01AF
:1039900029443046E6F768F80821D6E73046E6F7CE
:1039A0002BF804463046E6F743F80123C2B221461D
:1039B0000DF10E00E6F76CF90028D1D1BDF84820D2
:1039C000BDF80E000121E6F7B5F8BDF80E00C8E716
:1039D0007047F8B506460D46F5F796FC03280446F1
:1039E00021D02846F5F790FC032807461BD010F09D
:1039F000020318D1A0070DD5F90716D401233C43C3
:103A0000E20704D431892A89914218BF002303F0C8
:103A10000100F8BD08222946304600F09FFAB0FAAE
:103A200080F35B09EBE70020F3E71846F1E770B598
:103A30000D4600210646FDF7EEFE044630B1E5F7DF
:103A4000DBFF01462846FFF7C4FF08B1204670BDE2
:103A500021463046FDF735FFEFE77FB54FF6FF71A2
:103A600001AAF5F73DFD20B1BDF80C0007B05DF8E7
:103A700004FB4FF6FF70F9E708B5FFF7D8FF0038F1
:103A800018BF012008BD08B51046E7F70DFCBDE8DA
:103A90000840E7F7C7BC2DE9F7430F4601218146EF
:103AA0001646E6F733F8054658B1FEF715F83080AC
:103AB00088B92846E5F7BCFF68B1182003B0BDE817
:103AC000F0834846E5F7B4FFFF2FA0EB0704E4B20C
:103AD00014D014B934800020F0E72A462146284645
:103AE000FDF782FE80460028E7D000943B464A4618
:103AF0002946FEF700F8A6F80080ECE70120DDE794
:103B000008B5FDF739FE437803F001001A074CBFF2
:103B100010300830DB0644BF0830C0B21030C0B2ED
:103B200008BD10B50C46E5F783FFA04234BF002066
:103B3000012010BD7FB59DF820600091144641F230
:103B40000921024641F60920002E18BF01461D46F4
:103B50000020099BF5F710FEADF80E0010B900200B
:103B600004B070BD01232A4621460DF10E00E6F790
:103B70008FF80028F3D1BDF80E00F1E738B50546FF
:103B8000FFF7BEFF04462846E5F752FF631C9BB2D1
:103B900083420FD82846FDF7EFFD43785B0707D532
:103BA00021462846E6F718F9013004EB4004E4B258
:103BB000204638BD0024FBE730B585B0ADF80E00D7
:103BC000E5F736FF0446BDF80E00FFF7D7FF00F11A
:103BD0000E03DBB2E5B2BDF80E20ED1AADB2014620
:103BE00000951046FDF787FFA4F10E01C9B20DF153
:103BF0000E00FDF72DFF05B030BD4278034612F0F0
:103C0000080006D0D20702D403F10800704703F180
:103C10000900704737B505460C46FDF7ADFD437802
:103C200013F0100211D094B103F001021B074FF002
:103C30000003009354BF183220320823294620463F
:103C4000FDF71FFF012003B030BD1046FBE7204603
:103C5000F9E773B505460C46FDF78EFD437813F082
:103C6000100210D08CB103F0010201261B0754BFD3
:103C7000183220320096082329462046FDF701FF1E
:103C8000304602B070BD1046FBE72046F9E700F071
:103C90000303012B08D0C30606D400F00C000C2847
:103CA00014BF08200920704702207047034611F016
:103CB000030005D003F00303022B14BF02200320EE
:103CC00070472DE9F0414E1C07460D46E5F7B0FE62
:103CD000864203D900242046BDE8F08129463846B3
:103CE000E6F77AF88046FFF7D2FF18F0800F044617
:103CF000F1D006443846E5F79BFEB6B28642E9D8D5
:103D00002919C9B23846E6F767F801464046FFF779
:103D1000CDFF2044C4B2DEE7F8B506460D46FFF7F6
:103D2000D0FF044610B900242046F8BD294630468D
:103D3000E6F752F88206F7D53046E5F779FE6F1CB4
:103D40002744BFB28742EED82919C9B23046E6F7F8
:103D500043F800F01803082B14BF05340634E4B20E
:103D6000830644BF0834E4B2DEE738B50546FFF702
:103D700005FF044608B9002038BD01462846FFF774
:103D8000CBFF0028F7D02044C0B2F5E72DE9F0437F
:103D900087B005460C46FDF7EFFC8046FDF7A3FB18
:103DA00007462846FFF7EAFE064601462846FFF783
:103DB00088FF0022034600922946324602A8FDF7FA
:103DC00060FE9DF8086006F00C030C2B06F003095A
:103DD0000BD0B9F1010F59D0F10657D49DF8093035
:103DE0000DF10A056371002007E0FF2363710DF1F7
:103DF0000900FDF778FB0DF10B05208198F80130E3
:103E0000DA0704D508F10200FDF76DFB2081B9F156
:103E1000010F5FFA89F83DD0F3063BD42846FDF741
:103E200062FB6080A81CFDF75EFB053515F8013CC0
:103E3000208023712B78A372B00606F0400348BFA0
:103E400043F02003390627D543F40073F80448BF34
:103E500043F48063390548BF43F400633206E380CE
:103E600011D56A7812F003020DD0A9786FEA4343A6
:103E70006FEA5343B8F1020FE3800B4611D1EB78A0
:103E800041EA0321218107B0BDE8F083FF230DF152
:103E90000905A7E7FF23CCE77A0648BF43F4807300
:103EA000D4E7012A04BF0B029BB22381EBE770B574
:103EB0000646F5F7B3FD04463046E9F79FFB224678
:103EC000034600213046F5F799F90546C0B1FDF7E4
:103ED00053FC04462846E5F78FFDE21D121A002325
:103EE000D2B229460820F9F7A0FB0138C0B2012858
:103EF00006D8294630460122BDE87040E6F7E6BB09
:103F000070BD10B513460A4600210446F5F750F976
:103F1000014628B102222046E6F7D8FBC0B210BD08
:103F20000120FCE707B5009313460A460021F5F788
:103F30009BF830B10021F2F7CFFDC0B203B05DF8BD
:103F400004FB0120FAE7F6F733B80BB1F6F79CB89B
:103F50000AB9F6F715B9FF21F6F73EB810B50139E1
:103F60000244904201D1002005E0037811F8014F8E
:103F7000A34201D0181B10BD0130F2E7884210B5F2
:103F800001EB020402D98442234607D8431EA14212
:103F900008D011F8012B03F8012FF8E7024401467D
:103FA0008A4200D110BD13F8014D02F8014DF7E728
:103FB00002440346934200D1704703F8011BF9E71E
:103FC00010B56AB10139841810F8012B11F8013FBE
:103FD0009A4203D1A04201D0002AF5D1D01A10BDD7
:103FE0001046FCE77047704710F8012B11F8013BB1
:103FF000012A28BF9A42F7D0D01A70470A4491424A
:1040000000F1FF3300D1704710B511F8014B03F8F0
:10401000014F9142F9D110BD034613F8012B002A3C
:10402000FBD1181A01387047431C08BF0020E0F785
:1040300039BF000000000000000000000000000088
:10404000F8B500BFF8BC08BC9E467047F8B500BF85
:10405000F8BC08BC9E4670475FF800F05916002077
:104060000000000000000000000000000000000050
:104070000000000000000000000000000000000040
:104080004A6F696E002573206E6574776F726B20BE
:1040900025733A2030782530325800696E666F00FB
:1040A0006C696273006273656E6400726573657437
:1040B000007261770073656E645F6D756C7469631F
:1040C0006173740073656E642D7573696E672D6D11
:1040D000756C7469636173742D62696E64696E676F
:1040E0000074696D6573796E63006765742D707413
:1040F000692D726164696F2D636F6E666967006315
:104100006F6E6669672D6363612D6D6F6465007600
:10411000657273696F6E006576656E7473007365A2
:10412000637572697479007A69676265655F707238
:10413000696E7400706C7567696E006E6574006BF3
:10414000657973006F7074696F6E00706C756700CD
:104150006368616E67656B6579006368616E67654A
:104160006B007A646F007072696E742072656C61A6
:1041700074656420636F6D6D616E64732E0061748D
:1041800074720074696D65005A646F2072656C61A9
:1041900074656420636F6D6D616E64732E00726F61
:1041A00075746500706F776572006D676D742D6C46
:1041B0007169006D676D742D62696E64006C656174
:1041C0007665006E6F64650073696D706C6500697B
:1041D000656565006E776B00756E62696E64006E72
:1041E000776B2D757064006F75742D636C2D6C6921
:1041F000737400696E2D636C2D6C697374005A645E
:104200006F20696E2D636C2D6C6973742072656C00
:104210006174656420636F6D6D616E64732E005A06
:10422000646F206F75742D636C2D6C6973742072CC
:10423000656C6174656420636F6D6D616E64732E6F
:10424000005A646F206E776B2D7570642072656CF8
:104250006174656420636F6D6D616E64732E0073AD
:1042600063616E2D6368616E2D6D61736B007363A6
:10427000616E006368616E5067006368616E005A2A
:10428000646F20756E62696E642072656C6174651E
:104290006420636F6D6D616E64732E00756E69636B
:1042A000617374006368616E67656B657920726520
:1042B0006C6174656420636F6D6D616E64732E0054
:1042C0006C696E6B004F7074696F6E2072656C6103
:1042D00074656420636F6D6D616E64732E0072652A
:1042E00067697374657200746172676574006469EC
:1042F000736300696E7374616C6C2D636F64650029
:1043000062696E64696E672D7461626C65007072BB
:10431000696E742D72782D6D73677300617073729E
:104320006574727900415053207265747279206609
:104330006C616720666F72636520636F6D6D616E7F
:1043400064730064656661756C7400456E61626CCF
:1043500065732F44697361626C6573207072696E56
:1043600074696E67206F66205278206D6573736183
:104370006765732E00656E61626C650064697361C8
:10438000626C650042696E64696E67207461626C7C
:10439000652072656C6174656420636F6D6D616E1C
:1043A00064732E005365637572697479206B657947
:1043B000732072656C6174656420636F6D6D616EEE
:1043C00064732E0064656C657465004E6574776F68
:1043D000726B2072656C6174656420636F6D6D61D2
:1043E0006E64732E00666F726D0072656A6F696E1F
:1043F0002D646966662D6465766963652D747970D0
:10440000650065787470616E69640069736F7065CA
:104410006E0062726F61642D706A6F696E0063680E
:10442000616E67652D6368616E6E656C00696E69AB
:1044300074006368616E67652D6B6565702D616CD6
:104440006976652D6D6F64650074696D656F75744F
:104450002D6F7074696F6E2D6D61736B006D756C6F
:1044600074692D7068792D7374617274006D756C48
:1044700074692D7068792D73746F700066696E644D
:10448000006E6574776F726B2066696E6420636F6F
:104490006D6D616E64732E006A6F696E61626C652A
:1044A00000756E757365640069646C652D736C6569
:1044B000657000636F756E746572730067726F75F7
:1044C00070732D736572766572006964656E7469C8
:1044D0006679006E6574776F726B2D7374656572A3
:1044E000696E67007570646174652D74632D6C6905
:1044F0006E6B2D6B6579007570646174652D7463E6
:104500002D6C696E6B2D6B65792072656C617465BD
:104510006420636F6D6D616E64730074696D6572A4
:10452000007363656E65732072656C6174656420E9
:10453000636F6D6D616E64732E006E6574776F725C
:104540006B2D7374656572696E672072656C61743A
:10455000656420636F6D6D616E64732E00707265AB
:104560002D636F6E666967757265642D6B65792D55
:10457000736574006D61736B2072656C6174656442
:1045800020636F6D6D616E642E007375627472616D
:104590006374006964656E746966792072656C6124
:1045A00074656420636F6D6D616E64730067726F14
:1045B0007570732D7365727665722072656C6174A7
:1045C000656420636F6D6D616E64732E00656E614E
:1045D000626C655F7479706500737461636B006110
:1045E0007070007A636C006C65676163795F616607
:1045F0005F646562756700636F756E7465727320C2
:1046000072656C6174656420636F6D6D616E647357
:104610002E007072696E742D636F756E7465722DE5
:10462000747970650073696D706C652D7072696E58
:1046300074007072696E742D7468726573686F6C43
:104640006473007365742D7468726573686F6C644D
:104650000072657365742D7468726573686F6C643D
:10466000730073656E642D72657175657374007384
:10467000656375726974792072656C617465642014
:10468000636F6D6D616E6473007365742D616C6C26
:104690006F772D74727573742D63656E7465722DEA
:1046A00072656A6F696E2D7573696E672D77656CBB
:1046B0006C2D6B6E6F776E2D6B6579007365742D45
:1046C000616C6C6F772D74727573742D63656E7485
:1046D00065722D72656A6F696E2D7573696E672DCF
:1046E00077656C6C2D6B6E6F776E2D6B65792D74A5
:1046F000696D656F7574007365742D6B65792D72C6
:104700006571756573742D706F6C696379006D6682
:10471000672D746F6B656E00617073005365637510
:1047200072697479206170732072656C617465645C
:1047300020636F6D6D616E64732E004765742F7317
:104740006574204D464720746F6B656E2E00656E54
:1047500064706F696E742072656C61746564206347
:104760006F6D6D616E64732E00436F6D6D616E646D
:104770007320746F20636F6E74726F6C2069646C49
:10478000696E672F736C656570696E67206F662050
:104790007468652064657669636500666F72636539
:1047A0002D6177616B65006177616B652D77686559
:1047B0006E2D6E6F742D6A6F696E6564005072693C
:1047C0006E74732074696D652E005072696E747317
:1047D000206174747269627574652E00436C656142
:1047E000727320746865205A444F206C697374207A
:1047F0006F6620636C69656E742028696E2920637A
:104800006C7573746572732E004164647320636CFD
:1048100075737465727320746F20746865206B6E95
:104820006F776E20636C69656E742028696E29202D
:10483000636C757374657273206F6E20746869732E
:10484000206465766963652E00436C656172732030
:10485000746865205A444F206C697374206F662019
:10486000636C69656E7420286F75742920636C759C
:1048700073746572732E004164647320636C757386
:104880007465727320746F20746865206B6E6F7727
:104890006E20636C69656E7420286F7574292063BF
:1048A0006C757374657273206F6E20746869732001
:1048B0006465766963652E0053656E647320616E6E
:1048C00020757064617465206368616E6E656C202C
:1048D000726571756573742E006368616E6E656CC8
:1048E0001F0053656E647320616E2075706461747F
:1048F00065206368616E6E656C207061676520720B
:1049000065712E2054686520737461636B20736534
:104910006E6473206E776B20656E68616E6365648C
:10492000207570646174652072657120666F7220F5
:104930006E6F6E2D7A65726F20706167652E0063F1
:1049400068616E6E656C1F706167651F00506572EF
:10495000666F726D7320616E20656E657267792077
:104960007363616E2E007461726765744E6F646567
:1049700049641F7363616E4475726174696F6E1F61
:104980007363616E436F756E741F0042726F616472
:10499000636173747320746865204944206F6620D6
:1049A000746865206E6577206E6574776F726B2012
:1049B0006D616E6167657220616E64206163746908
:1049C0007665206368616E6E656C732E006E776B22
:1049D0004D676549641F6368616E6E656C4D6173F8
:1049E0006B1F00506572666F726D7320616E20657B
:1049F0006E65726779207363616E206F6E206769E0
:104A000076656E206368616E6E656C206D61736B98
:104A10002E007461726765744E6F646549641F731C
:104A200063616E4475726174696F6E1F7363616E4A
:104A3000436F756E741F6368616E6E656C4D617354
:104A40006B1F0053656E64732061206E6574776F11
:104A5000726B206164647265737320726571756531
:104A6000737420666F722074686520676976656E5E
:104A7000204945454520616464726573732E006961
:104A80006565651F00526571756573747320616E8D
:104A900020494545452061646472657373206261F5
:104AA000736564206F6E206120676976656E206E85
:104AB0006F64652049442E006E6F646549641F0071
:104AC00053656E647320612073696D706C6520643A
:104AD000657363726970746F722072657175657346
:104AE0007420666F72207468652073686F7274201A
:104AF0006164647265737320616E6420656E6470B6
:104B00006F696E74207370656369666965642E00F1
:104B1000646573741F746172676574456E64706F49
:104B2000696E741F0053656E64732061206D61743B
:104B3000636844657363726970746F7273526571F0
:104B40007565737420746F20746865206769766575
:104B50006E2064657374696E6174696F6E20776925
:104B600074682074686520676976656E2070726F5E
:104B700066696C652E006E6F646549641F70726FA4
:104B800066696C651F0053656E64732061206E6FEB
:104B900064652064657363726970746F72207265F6
:104BA000717565737420746F206120676976656E16
:104BB00020746172676574206465766963652E0090
:104BC0007461726765741F0053656E6473206120A1
:104BD0005A444F2042696E6420636F6D6D616E644C
:104BE00020746F2061206465766963652073706549
:104BF00063696669656420696E2074686520636F07
:104C00006D6D616E6420617267756D656E74732E73
:104C10000044657374696E6174696F6E1F536F75BC
:104C200072636520656E64706F696E741F4465738E
:104C300074696E6174696F6E20656E64706F696E01
:104C4000741F636C757374657249441F72656D6F70
:104C5000746545554936341F646573744555493646
:104C6000341F0053656E647320616E206163746944
:104C7000766520656E64706F696E742072657175FB
:104C800065737420746F2074686520646576696349
:104C90006520776974682074686520676976656E39
:104CA0002073686F72742049442E0053656E6473DC
:104CB00020616E20756E62696E6420726571756523
:104CC000737420666F72206120756E6963617374FE
:104CD0002062696E64696E6720746F207468652055
:104CE000746172676574206465766963652E00740B
:104CF00061726765741F736F75726365206575698E
:104D000036341F736F7572636520656E64706F69EA
:104D10006E741F636C757374657249441F646573A8
:104D200074696E6174696F6E45554936341F6465E8
:104D30007374696E6174696F6E20656E64706F69FB
:104D40006E741F0053656E647320616E20756E6211
:104D5000696E64207265717565737420666F722068
:104D600061206D756C7469636173742062696E642F
:104D7000696E6720746F207468652074617267655E
:104D800074206465766963652E007461726765746A
:104D90001F736F757263652065756936341F736F95
:104DA0007572636520656E64706F696E741F636CE5
:104DB000757374657249441F67726F7570416464DE
:104DC000726573731F0053656E64732061205A44CB
:104DD0004F204D616E6167656D656E74204C656135
:104DE000766520636F6D6D616E6420746F207468EA
:104DF0006520746172676574206465766963652EE9
:104E0000007461726765741F72656D6F76654368C3
:104E1000696C6472656E1F72656A6F696E1F0053FC
:104E2000656E64732061205A444F204D474D542DC8
:104E300042696E64202842696E64696E672054611D
:104E4000626C6529205265717565737420746F20DA
:104E5000746865207461726765742064657669633F
:104E6000652E007461726765741F73746172744992
:104E70006E6465781F0053656E64732061205A4428
:104E80004F204D474D542D4C514920284C5149201D
:104E90005461626C65292052657175657374207464
:104EA0006F2074686520746172676574206465762C
:104EB0006963652E0053656E64732061205A444F08
:104EC00020506F7765722044657363726970746FE8
:104ED00072205265717565737420746F20746865F3
:104EE00020746172676574206465766963652E005D
:104EF00053656E64732061205A444F20726F75743D
:104F000065207265717565737420636F6D6D616E78
:104F10006420746F20746865207461726765742EF4
:104F2000007461726765741F696E6465781F00693B
:104F30006E6465781F65756936341F696E737461B8
:104F40006C6C436F64651F00696E6465781F6575DE
:104F50006936341F6B65791F005443206C696E6B92
:104F6000206B6579207265717565737420706F6C44
:104F70006963791F417070206C696E6B206B657975
:104F8000207265717565737420706F6C6963791F29
:104F900000426F6F6C3A20616C6C6F772074727591
:104FA00073742063656E7465722072656A6F696ED2
:104FB000207573696E672077656C6C2D6B6E6F77EB
:104FC0006E206B65791F0070726F66696C6549644D
:104FD0001F636C757374657249641F007461726736
:104FE000657449641F00456E61626C657320707260
:104FF000696E74696E67206F66205278206D6573E4
:1050000073616765732E005365747320746865203F
:1050100062696E64696E67207461626C6500696EB6
:105020006465781F636C75737465721F6C6F636160
:105030006C45701F72656D6F746545701F6575698D
:1050400036341F00436C656172732074686520629A
:10505000696E64696E67207461626C652E005072BF
:10506000696E7473207468652062696E64696E6726
:10507000207461626C6520746F2074686520636FB2
:105080006D6D616E64206C696E652E00436C6561A8
:10509000727320616C6C207365637572697479201A
:1050A0006B6579732E0044656C6574652074686562
:1050B00020737065636966696564206C696E6B2036
:1050C0006B657920696E6465782E005072696E7424
:1050D0007320616C6C207365637572697479206BE1
:1050E0006579732E005465726D696E617465732005
:1050F000746865206D756C74692D50485920696E0F
:1051000074657266616365005573656420746F2011
:105110007374617274206D756C74692D50485920D8
:10512000696E74657266616365206F74686572206C
:105130007468616E206E617469766520616E6420AA
:10514000666F726D20746865206E6574776F726B20
:105150002E2054686520737461636B2075736573CA
:105160002073616D652050616E4964206173206E0B
:10517000617469766520726164696F206E65747709
:105180006F726B2E00706167651F6368616E6E657C
:105190006C1F706F7765721F6F7074696F6E734DDF
:1051A00061736B20284269742030203D20526F7556
:1051B0007465727320616C6C6F7765642C20426932
:1051C000742031203D2042726F61646361737420EA
:1051D000616C6C6F776564291F00417474656D7034
:1051E000747320746F206368616E676520746865EE
:1051F000206368696C642074696D656F7574206FD5
:105200007074696F6E206D61736B20746F206669B6
:105210006C746572206F757420756E646573697245
:1052200061626C652076616C7565732028652E67F8
:105230002E206E6F206D6F7265207468616E203352
:105240002064617973292E0074696D656F7574200F
:105250006F7074696F6E206D61736B1F0053776997
:105260007463686573206265747765656E20646930
:1052700066666572656E74206B65657020616C6929
:105280007665206D6F64657320737570706F7274CE
:105290006564206279206120726F757465722E00DA
:1052A0004B65657020616C697665206D6F64651F64
:1052B000005072696E747320746865206375727231
:1052C000656E74204E6F64652049442C2045554915
:1052D00036342C20616E642050616E2049442E00CB
:1052E000496E697469616C697A65732061206E65C5
:1052F00074776F726B3B20746869732069732061E7
:10530000207465737420636F6D6D616E64207573B6
:10531000656420666F722074632D737761702D6FE2
:1053200075742074657374696E672E0053657473A9
:1053300020746865206E6574776F726B20696E6487
:105340006578207573656420627920616C6C2066D5
:10535000757475726520434C4920636F6D6D616E85
:1053600064732E20204265666F72652065786563E0
:105370007574696E67206120434C4920636F6D6DC1
:10538000616E642C20746865206672616D65776F4C
:10539000726B20737769746368657320746F20740F
:1053A000686973206E6574776F726B2E202041667A
:1053B0007465722074686520636F6D6D616E642022
:1053C00066696E697368657320657865637574696D
:1053D0006E672C20746865206672616D65776F72E8
:1053E0006B207377697463686573206261636B20F7
:1053F000746F207468652070726576696F757320AC
:105400006E6574776F726B2E202054686520434C54
:10541000492075736573207468652073616D65201C
:105420006E6574776F726B20696E64657820756E37
:1054300074696C20746865206465766963652072A0
:105440006573657473206F722069742069732063BB
:1054500068616E676564207468726F756768207430
:1054600068697320636F6D6D616E642E00417474A2
:10547000656D70747320746F206368616E6765205A
:10548000646576696365206F76657220746F20614C
:1054900020646966666572656E74206368616E6E0D
:1054A000656C20676976656E20696E20746865207A
:1054B0006368616E6E656C20617267756D656E7490
:1054C0002E00546865206368616E6E656C20746F91
:1054D000206368616E676520746F1F0066696E6483
:1054E000556E7573656450616E49640066696E64DB
:1054F0004A6F696E61626C654E6574776F726B009E
:105500005065726D697473206A6F696E696E672089
:105510006F6E20746865206E6574776F726B20669D
:105520006F72206120676976656E206E756D6265A9
:1055300072206F66207365636F6E647320414E4402
:105540002062726F616463617374732061205A44D6
:105550004F204D676D74205065726D6974204A6FDD
:10556000696E696E67207265717565737420746FFA
:1055700020616C6C20726F75746572732E0041200F
:1055800073696E676C65206279746520696E646901
:10559000636174696E6720686F77206C6F6E672037
:1055A000746865206465766963652073686F756CDF
:1055B000642068617665207065726D6974206A6F19
:1055C000696E696E67207475726E6564206F6E20F7
:1055D000666F722E20412076616C7565206F6620A3
:1055E00030786666207475726E73206F6E207065F9
:1055F000726D6974206A6F696E20696E6465666990
:105600006E6974656C792E1F00436865636B732047
:105610006E6574776F726B20706A6F696E20737439
:10562000617475732E0057726974657320746865B0
:1056300020657874656E6465642070616E204944ED
:1056400020666F7220746865206465766963652ED4
:105650000065787470616E69641F0052656A6F69D5
:105660006E7320616E206578697374696E67206E51
:105670006574776F726B20696E2061207365637546
:105680007265206F7220696E736563757265206D37
:10569000616E6E6572207769746820612064696646
:1056A000666572656E7420646576696365207479D9
:1056B00070652E00426F6F6C65616E206E65747749
:1056C0006F726B206B657920617661696C616269CC
:1056D0006C6974791F4368616E6E656C206D6173CF
:1056E0006B1F416E20656E756D65726174696F6EBA
:1056F00020696E6469636174696E672074686520EF
:10570000646576696365207479706520746F2072B2
:10571000656A6F696E2061732E54686520737461C9
:10572000636B206F6E6C79206163636570747320A6
:10573000454D4245525F454E445F444556494345B9
:1057400020616E6420454D4245525F534C454550A3
:10575000595F454E445F4445564943452E1F00520C
:10576000654A6F696E732061206E6574776F726B26
:105770002E00426F6F6C65616E206E6574776F727C
:105780006B206B657920617661696C6162696C6917
:1057900074791F4368616E6E656C206D61736B1F59
:1057A000004C65617665732061206E6574776F7259
:1057B0006B2E005475726E73207065726D69742063
:1057C0006A6F696E696E67206F6E20666F722074F3
:1057D000686520616D6F756E74206F662074696DE9
:1057E0006520696E646963617465642E004120738D
:1057F000696E676C65206279746520696E6469639F
:105800006174696E6720686F77206C6F6E672074B3
:105810006865206465766963652073686F756C647C
:105820002068617665207065726D6974206A6F69A1
:105830006E696E67207475726E206F6E20666F726F
:105840002E20412076616C7565206F662030786669
:1058500066207475726E73207065726D6974206A4B
:105860006F696E20696E646566696E6974656C79CE
:105870002E1F004A6F696E732061206E6574776F0A
:10588000726B206F6E206120676976656E20636899
:10589000616E6E656C2C2077697468206120676981
:1058A00076656E20545820506F77657220616E6463
:1058B0002050414E2049442E0054686520636861A1
:1058C0006E6E656C206F6E20776869636820746FF8
:1058D000206A6F696E20746865206E6574776F72D8
:1058E0006B1F4F6E652D62797465207369676E65F5
:1058F000642076616C756520696E646963617469A2
:105900006E672074686520545820506F7765722048
:10591000746861742074686520726164696F2073B3
:10592000686F756C642062652073657420746F1FE6
:105930005468652050414E204944206F6E2077689E
:1059400069636820746F206A6F696E2074686520CF
:105950006E6574776F726B1F00466F726D73206196
:10596000206E6574776F726B206F6E20612067699F
:1059700076656E206368616E6E656C2C2077697445
:1059800068206120676976656E20545820506F77D3
:10599000657220616E642050414E2049442E0054AF
:1059A0006865206368616E6E656C206F6E20776835
:1059B00069636820746F20666F726D20746865205B
:1059C0006E6574776F726B1F4F6E652D62797465AB
:1059D000207369676E65642076616C756520696EF9
:1059E0006469636174696E67207468652054582027
:1059F000506F7765722074686174207468652072D6
:105A00006164696F2073686F756C642062652073D0
:105A1000657420746F1F5468652050414E204944BE
:105A2000206F6E20776869636820746F20666F72DC
:105A30006D20746865206E6574776F726B1F0054FB
:105A40006869732073657473207468652074686571
:105A500020616D6F756E74206F662074696D6520AE
:105A60006265747765656E207375627365717565BF
:105A70006E742074727573742063656E7465722021
:105A80006C696E6B206B65792075706461746573E9
:105A900020696E206D696C6C697365636F6E6473E9
:105AA0002E0054686520616D6F756E74206F6620DE
:105AB00074696D65206265747765656E20737562C3
:105AC00073657175656E7420747275737420636587
:105AD0006E746572206C696E6B206B6579207570D1
:105AE000646174657320696E206D696C6C6973659F
:105AF000636F6E64731F00436C656172732074681A
:105B000065207363656E6573207461626C65206FD8
:105B10006E20657665727920656E64706F696E744B
:105B20002E005072696E747320696E666F726D61BB
:105B300074696F6E2061626F75742074686520638C
:105B40006F6E74656E7473206F6620746865207361
:105B500063656E6573207461626C652E00537562B7
:105B60007472616374732061206368616E6E656C2A
:105B70002066726F6D20656974686572207468654F
:105B8000207072696D617279206F72207365636F26
:105B90006E64617279206368616E6E656C206D6100
:105BA000736B206F6620746865206E6574776F7202
:105BB0006B2D7374656572696E6720636F6D706FAE
:105BC0006E656E742E00546865206368616E6E6544
:105BD0006C206D61736B20746F20737562747261D9
:105BE000637420746865206368616E6E656C2066FE
:105BF000726F6D1F546865206368616E6E656C20FE
:105C0000746F2073756274726163742074686520A8
:105C10006D61736B2066726F6D1F00416464732049
:105C200061206368616E6E656C20746F20656974B5
:105C300068657220746865207072696D6172792080
:105C40006F72207365636F6E64617279206368613F
:105C50006E6E656C206D61736B206F662074686575
:105C6000206E6574776F726B2D7374656572696EE3
:105C70006720636F6D706F6E656E742E005468657B
:105C8000206368616E6E656C206D61736B20746F4C
:105C9000206164642061206368616E6E656C2074AD
:105CA0006F1F546865206368616E6E656C20746F49
:105CB0002061646420746F20746865206D61736B6B
:105CC0001F00536574732065697468657220746879
:105CD00065207072696D617279206F7220736563DF
:105CE0006F6E64617279206368616E6E656C206DA1
:105CF00061736B2E00546865206368616E6E656C1D
:105D0000206D61736B20746F2073756274726163B0
:105D10007420746865206368616E6E656C206672BD
:105D20006F6D1F5468652076616C756520746F20F7
:105D300073657420746865206368616E6E656C209D
:105D40006D61736B20746F2E1F0053657473207424
:105D50006865207072652D636F6E66696775726520
:105D600064206B657920736F207468617420746897
:105D700065206A6F696E696E672064657669636520
:105D80002063616E20656E74657220746865206E94
:105D90006574776F726B2E00536574732074686539
:105DA00020707265636F6E66696775726564206BDB
:105DB00065791F0053746F707320746865206E6579
:105DC00074776F726B207374656572696E6720708B
:105DD000726F636573732E005374617274732074F1
:105DE0006865206E6574776F726B20737465657279
:105DF000696E672070726F636573732E0041206D4A
:105E000061736B206F66206F7074696F6E732066AC
:105E10006F7220696E6469636174696E6720737064
:105E2000656369666963206265686176696F72207F
:105E300077697468696E20746865206E6574776F21
:105E4000726B2D7374656572696E672070726F6313
:105E50006573732E1F00446973706C6179732074CD
:105E600068652063757272656E74207374617475F1
:105E700073206F6620746865206E6574776F726B2F
:105E8000207374656572696E672070726F636573E5
:105E9000732E005072696E7420776869636820659C
:105EA0006E64706F696E74732061726520726570C4
:105EB0006F7274696E672E00436C65617273207433
:105EC00068652067726F757073207461626C6520FD
:105ED0006F6E20657665727920656E64706F696E8D
:105EE00074005072696E747320696E666F726D61B2
:105EF00074696F6E2061626F7574207468652063C9
:105F00006F6E74656E7473206F66207468652067A9
:105F1000726F757073207461626C652E00456E61DE
:105F2000626C652F64697361626C6520646562757B
:105F30006720606C656761637920617070206672AC
:105F4000616D65776F726B20646562756760207044
:105F500072696E7420747970652E00456E61626C92
:105F6000652F64697361626C651F00456E61626CC8
:105F7000652F64697361626C652064656275672072
:105F8000607A636C60207072696E742074797065D9
:105F90002E00456E61626C652F64697361626C6589
:105FA000206465627567206061707060207072693E
:105FB0006E7420747970652E00456E61626C652F79
:105FC00064697361626C65206465627567206063F3
:105FD0006F726560207072696E7420747970652EBE
:105FE00000456E61626C652F64697361626C652047
:105FF00064656275672060737461636B60207072A2
:10600000696E7420747970652E0053656E64732018
:1060100061207265717565737420666F72204F54CC
:106020004120636F756E746572732E0052657365DF
:10603000747320616C6C207468726573686F6C6433
:10604000732076616C75657320746F2030784646D6
:1060500046462E0053657473206120746872657320
:10606000686F6C642076616C756520666F72206164
:1060700020706172746963756C61722074797065E7
:10608000206F6620636F756E7465722E0054797090
:1060900065206F6620636F756E7465721F54687239
:1060A0006573686F6C642056616C75651F00507273
:1060B000696E747320746865207468726573686FA4
:1060C0006C6473206F6620616C6C2074686520635B
:1060D0006F756E746572732E00436C656172732008
:1060E000616C6C20636F756E7465722076616C757F
:1060F00065732E005072696E747320616C6C20633E
:106100006F756E7465722076616C7565732E0050C4
:1061100072696E7473207468652076616C75652091
:106120006F66207468697320706172746963756C3E
:10613000617220636F756E7465722E0054686520FD
:10614000636F756E746572207479706520746F204A
:106150007072696E741F005072696E747320616C86
:106160006C20636F756E7465722076616C756573F3
:1061700020616E6420636C65617273207468656D64
:106180002E00536574204D464720746F6B656E2C4E
:106190002043414E4E4F5420424520554E534554C6
:1061A00020425920434C492E005072696E74204D94
:1061B000464720746F6B656E2E005072696E7420B6
:1061C000616374697665206576656E74732E00442C
:1061D000697361626C652074686520656E64706FB8
:1061E000696E7420666F72205A434C206D6573731C
:1061F000616765732E00456E64706F696E74206907
:106200006E6465781F00456E61626C65732074680A
:106210006520656E64706F696E7420666F72205AB7
:10622000434C206D657373616765732E005072690E
:106230006E7420737461747573206F6620656E646C
:10624000706F696E74732E0053686F777320746873
:10625000652076657273696F6E206F66207468655D
:1062600020736F6674776172652E005365742074B5
:10627000686520636F6E6669677572656420383083
:10628000322E31352E3420434341206D6F6465201A
:10629000696E2074686520726164696F2E20536591
:1062A0006520646F63756D656E746174696F6E20CF
:1062B000726567617264696E67205241494C5F493B
:1062C0004545453830323135345F4363614D6F6445
:1062D000655F742E0041205241494C5F4945454558
:1062E0003830323135345F4363614D6F64655F74BC
:1062F0002076616C75651F0052657475726E73202F
:1063000050544920726164696F20636F6E666967DB
:1063100020696E666F726D6174696F6E20746F2094
:1063200064657465726D696E652074686520504897
:10633000592074797065206265696E672075736590
:1063400064206279205241494C2E20726574757226
:106350006E2076616C756520697320656E756D20A1
:106360005241494C5F494545453830323135345FFB
:10637000507469526164696F436F6E6669675F74D8
:1063800020652E6720205241494C5F4945454538DC
:1063900030323135345F5054495F524144494F5F88
:1063A000434F4E4649475F32503447485A203D20BC
:1063B0003078303055205241494C5F494545453889
:1063C00030323135345F5054495F524144494F5F58
:1063D000434F4E4649475F32503447485A5F414E1B
:1063E00054444956203D203078303155205241499F
:1063F0004C5F494545453830323135345F5054495A
:106400005F524144494F5F434F4E4649475F3250C8
:106410003447485A5F434F4558203D20307830324A
:1064200055205241494C5F49454545383032313558
:10643000345F5054495F524144494F5F434F4E4689
:1064400049475F32503447485A5F414E5444495699
:106450005F434F4558203D20307830335500536519
:106460006E647320612072656164206174747220AF
:10647000666F72207468652074696D65206F662090
:106480007468652064657669636520737065636907
:10649000666965642E2049742073657473206120D9
:1064A000666C616720736F207768656E2069742061
:1064B000676574732074686520726573706F6E739E
:1064C000652069742077726974657320746865202B
:1064D00074696D6520746F20697473206F776E2006
:1064E00074696D6520617474722E0049641F737243
:1064F00063456E64706F696E741F64657374456E76
:1065000064706F696E741F005768656E2073656EE6
:1065100064696E67207573696E6720612062696EB9
:1065200064696E672C2073706563696669657320A2
:10653000776865746865722061206D756C74696335
:106540006173742062696E64696E672073686F7529
:106550006C6420626520757365642E007573654DEB
:10656000756C74696361737442696E64696E671FE8
:106570000053656E64732061207072652D627566CC
:106580006665726564206D756C74696361737420EF
:106590006D65737361676520746F2061206769762C
:1065A000656E2067726F75702049442066726F6D4A
:1065B000206120676976656E20656E64706F696E14
:1065C000742E0067726F757049641F7372632D6556
:1065D0006E64706F696E741F0043726561746573D9
:1065E0002061206D65737361676520627920737027
:1065F0006563696679696E67207468652072617782
:106600002062797465732E20557365207468652047
:1066100073656E6420636F6D6D616E6420746F20AE
:1066200073656E6420746865206D6573736167655A
:10663000206F6E63652069742068617320626565F0
:106640006E20637265617465642E2045783A20720D
:10665000617720307830303046207B303020304138
:106660002030302031312032322033332034342076
:1066700035357D2073656E64732061206D6573739D
:1066800061676520746F20636C7573746572203167
:1066900035202830783030304629206F66206C65F0
:1066A0006E677468203820776869636820696E6354
:1066B0006C7564657320746865205A434C20686566
:1066C000616465722E00436C757374657249641F52
:1066D000446174611F00526573657473207468654A
:1066E000206E6F64652E0057726974657320612097
:1066F0006D6573736167652E00456E64706F696EBA
:10670000741F436C75737465722049441F4174741F
:106710007269627574652049441F4D61736B1F4433
:1067200061746120747970651F44617461206279BD
:1067300074651F0052656164732061206D65737319
:106740006167652E00456E64706F696E741F436CDF
:1067500075737465722049441F417474726962755F
:1067600074652049441F312069662073657276651F
:106770007220646972656374696F6E2C20302069C1
:106780006620636C69656E74206469726563746900
:106790006F6E1F0053656E64732061206D657373A7
:1067A0006167652E0044657374696E6174696F6E0C
:1067B0001F536F7572636520656E64706F696E74C8
:1067C0001F44657374696E6174696F6E20656E64D1
:1067D000706F696E741F00536F7572636520656E0C
:1067E00064706F696E741F004C69737473207768EE
:1067F000696368206F7074696F6E616C206C696288
:10680000726172696573206F6620746865207374A5
:1068100061636B2061726520696D706C656D656E7A
:10682000746564206F6E207468697320646576698E
:1068300063652E005072696E747320696E666F72A4
:106840006D6174696F6E2061626F75742074686524
:10685000206E6574776F726B2073746174652C2081
:10686000636C7573746572732C20616E6420656E41
:1068700064706F696E74732E00536574206F72209C
:10688000636C6561722073746179206177616B65F7
:10689000207768656E206E6F74206A6F696E65641C
:1068A00000536574206F7220636C65617220666F9F
:1068B000726365206177616B6500446973706C6118
:1068C000792074686520736C6565702073746174D9
:1068D000757300009B400300407A03000000000035
:1068E000A0400300307A030000000000A540030030
:1068F000207A030000000000A6400300107A030085
:106900000000000016BE0300FC7903000000000038
:1069100009BE0300E879030000000000AB4003005B
:10692000D879030000000000B1400300C8790300DB
:1069300000000000B5400300B8790300000000002B
:10694000C4400300A879030000000000E1400300F8
:106950009879030000000000EA40030088790300F2
:1069600000000000FF4003007879030000000000F1
:106970000F41030068790300000000001741030085
:10698000287903000000000004D20300A072030075
:10699000000000001E410300E07103000000000041
:1069A00027410300E47003000000000034410300AD
:1069B000246F03000000000012B50300FC6D03000B
:1069C000000000003B410300FC6D030001000000DB
:1069D0003F410300BC6D0300000000004441030080
:1069E000806C030000000000A98B0300806C030092
:1069F0000100000034410300246F03000000000088
:106A00004B410300246F03000100000050410300CC
:106A10004C6C0300000000005A4103004C6C030062
:106A200001000000624103007C6A030000000000D6
:106A30000DA30300486A03000000000000000000EE
:106A40000000000000000000586A030066410300D7
:106A5000A37B0300FE0000007E41030030730300AF
:106A600000000000834103002073030000000000C9
:106A70000000000000000000000000008C6A03001D
:106A800088410300A37B0300FE0000009E41030039
:106A9000B074030000000000A4410300A0740300D0
:106AA00000000000AA4103009074030000000000F1
:106AB000B34103008074030000000000BD410300E7
:106AC00070740300000000005F9E03003874030030
:106AD0000000000072A703002474030000000000FF
:106AE000C341030014740300000000004CA3030022
:106AF0000474030000000000C8410300F4730300A5
:106B000000000000CF410300E47303000000000018
:106B1000D4410300D473030000000000D8410300F7
:106B2000186C030000000000DF410300C06B03008D
:106B300000000000E74103008C6B03000000000030
:106B4000F3410300586B0300000000000000000048
:106B50000000000000000000686B0300FE4103001D
:106B6000A37B0300FE000000C27C030050730300FF
:106B7000000000004BC7030040730300000000004A
:106B80000000000000000000000000009C6B0300FB
:106B90001F420300A37B0300FE000000C27C030031
:106BA00070730300000000004BC703006073030014
:106BB00000000000000000000000000000000000D5
:106BC000D06B030041420300A37B0300FE000000E2
:106BD0005F420300C0730300000000007045030023
:106BE000B0730300000000006E420300A0730300B6
:106BF00000000000734203009073030000000000D7
:106C00007A420300807303000000000000000000CF
:106C10000000000000000000286C03007F42030019
:106C2000A37B0300FE0000000DBB03005C740300A7
:106C3000000000009C4203004874030000000000B4
:106C40000000000000000000000000005C6C030079
:106C5000A4420300A37B0300FE000000C042030027
:106C6000F07403000000000012B50300E07403009C
:106C70000000000000000000000000000000000014
:106C8000906C0300C5420300A37B0300FE000000DC
:106C9000DE420300A075030000000000E74203008D
:106CA0009075030000000000EE42030080750300B1
:106CB00000000000C0420300D07403000000000088
:106CC000F3420300C074030000000000004303000F
:106CD0007C6D0300000000000E430300486D0300BC
:106CE000000000001C430300086D030000000000CA
:106CF0001E410300E07103000000000000000000DE
:106D00000000000000000000186D03002543030090
:106D1000A37B0300FE0000000C7C030070750300E1
:106D2000000000001D7C03006075030000000000EF
:106D30004343030050750300000000000000000002
:106D40000000000000000000586D03004B430300EA
:106D5000A37B0300FE00000075430300C075030021
:106D6000000000007C430300B07503000000000039
:106D70000000000000000000000000008C6D030017
:106D800084430300A37B0300FE0000000DA3030067
:106D9000F4750300000000004BC70300E475030016
:106DA0000000000070450300D075030000000000E3
:106DB000000000000000000000000000CC6D030097
:106DC000A4430300A37B0300FE0000000DA3030007
:106DD0002476030000000000C4430300147603007F
:106DE000000000004BC70300047603000000000011
:106DF0000000000000000000000000000C6E030016
:106E0000CB430300A37B0300FE000000E543030027
:106E1000587703000000000003C703004877030011
:106E20000000000018440300387703000000000051
:106E3000BD41030028770300000000001EC70300C7
:106E40001877030000000000EA43030008770300FE
:106E50000000000002440300F87603000000000078
:106E60000B440300E8760300000000001244030016
:106E7000D8760300000000001E440300A87603003B
:106E80000000000070450300987603000000000039
:106E90002D4403008876030000000000137D0300EA
:106EA0007876030000000000324403006876030097
:106EB0000000000049440300587603000000000071
:106EC0005D44030044760300000000006D440300AD
:106ED00034760300000000007C440300F06E0300E1
:106EE00000000000000000000000000000000000A2
:106EF000006F030081440300A37B0300FE00000039
:106F000098440300C876030000000000A144030079
:106F1000B876030000000000000000000000000040
:106F200000000000346F0300A37B0300A37B030079
:106F3000FE000000A8440300E0720300000000000F
:106F4000B34403006471030000000000BC4403006C
:106F5000B070030000000000CA4403008870030002
:106F600000000000D3440300F06F030000000000A5
:106F7000DFBB0300BC6F030000000000E44403001B
:106F8000946F0300000000000000000000000000FB
:106F900000000000A46F0300F7440300A37B03007C
:106FA000FE0000001B45030068770300000000009E
:106FB000000000000000000000000000CC6F030093
:106FC00021450300A37B0300FE0000000DA3030086
:106FD00088770300000000004BC7030078770300A8
:106FE00000000000000000000000000000000000A1
:106FF000007003003A450300A37B0300FE0000007D
:1070000064B50300F8770300000000006744030044
:10701000E87703000000000077440300D8770300FE
:10702000000000005D450300C87703000000000079
:1070300069420300487003000000000000000000E7
:1070400000000000000000005870030074450300B9
:10705000A37B0300FE00000070450300B877030027
:1070600000000000C27C0300A877030000000000BD
:107070008A4503009877030000000000000000002C
:10708000000000000000000098700300934503001A
:10709000A37B0300FE0000000DA30300087803009B
:1070A00000000000000000000000000000000000E0
:1070B000C0700300AD450300A37B0300FE00000089
:1070C0000DA3030028780300000000004BC7030055
:1070D000187803000000000000000000000000001D
:1070E00000000000F4700300A37B0300A37B0300F7
:1070F000FE000000CD4503000C71030000000000FD
:107100000000000000000000000000001C710300EF
:10711000A37B0300A37B0300FE000000D94503000E
:107120007878030000000000CDD4030068780300E5
:1071300000000000DF450300587803000000000055
:10714000E34503004878030000000000E745030022
:10715000387803000000000000000000000000007C
:107160000000000074710300F7450300A37B0300D7
:10717000FE0000000DA30300F878030000000000EB
:1071800012460300E87803000000000025460300D3
:10719000D8780300000000004BC70300C878030044
:1071A0000000000032460300B87803000000000031
:1071B00043460300A8780300000000005146030086
:1071C00098780300000000006246030088780300FE
:1071D00000000000000000000000000000000000AF
:1071E000F07103006F460300A37B0300FE00000064
:1071F000894603002075030000000000BC46030020
:107200001075030000000000F7460300007503003E
:10721000000000000E4703006C7203000000000035
:10722000184703003872030000000000000000004F
:107230000000000000000000487203001C4703002B
:10724000A37B0300FE0000000C7C030040750300DC
:10725000000000001D7C03003075030000000000EA
:107260000000000000000000000000007C7203002D
:107270003B470300A37B0300FE000000EA4203003B
:10728000187903000000000070450300087903002E
:1072900000000000000000000000000000000000EE
:1072A000B07203004E470300A37B0300FE00000002
:1072B0000DA303005879030000000000754303008C
:1072C00048790300000000007C4303003879030084
:1072D00000000000000000000000000000000000AE
:1072E000F072030069470300A37B0300FE00000067
:1072F00064B50300707A0300000000009B470300A0
:10730000607A030000000000A7470300507A0300E2
:10731000000000000000000000000000000000006D
:1073200087D30200BD470300A37B0300FF000000DA
:1073300083D30200CA470300A37B0300FF000000C1
:10734000E18F0000DC470300A37B0300FF00000087
:107350007D8F000009480300D14F030001FF0000AA
:10736000E18F000049480300A37B0300FF000000F9
:107370007D8F000077480300D14F030001FF00001C
:1073800015900000B8480300D948030000FF000032
:1073900015900000E24803003F4903000000FF0091
:1073A000A19000004D49030066490300010001FF60
:1073B0000D9100008B490300CD4903000102FF003D
:1073C000A1900000E3490300124A030001000102FA
:1073D000FF000000618E0000434A03007F4A030063
:1073E00007FF0000818E0000854A0300B84A0300B1
:1073F00001FF0000958E0000C04A0300104B0300FF
:107400000100FF00BD920000254B0300764B0300F6
:107410000101FF00C58E0000864B0300C04B030036
:1074200001FF0000F18E0000C84B0300114C030067
:10743000010000010707FF003D910000634C0300BD
:10744000B84A030001FF000045920000AB4C030066
:10745000EF4C0300010700010700FF0001D4020008
:10746000444D03008A4D03000107000101FF0000A5
:10747000C5910000C64D0300014E0300010000FF4E
:10748000959100001F4E0300634E03000100FF00B2
:1074900065910000764E0300634E03000100FF007B
:1074A00015920000B54E0300C04B030001FF000021
:1074B00085920000F04E0300214F03000100FF0001
:1074C000517C0000A37B03002F4F0300000707FF40
:1074D000E97B0000A37B0300484F0300000707FF80
:1074E00041810000A37B0300544F030007FF00000D
:1074F00041810000A37B0300544F030007FF0000FD
:107500001D810000A37B0300594F03000000FF0012
:10751000FD800000A37B03002AC1030001FF0000DF
:10752000C5800000A37B0300914F030000FF000013
:10753000C97B0000A37B0300A37B0300FF000000C6
:10754000C97B0000A37B0300A37B0300FF000000B6
:107550000FD30200A37B0300A37B0300FF00000006
:107560000FD30200A37B0300A37B0300FF000000F6
:107570000FD30200A37B0300A37B0300FF000000E6
:10758000997B0000A37B0300C74F03000101FF00AC
:10759000857B0000A37B0300DC4F030001FF00009C
:1075A0000BD30200A37B0300A37B0300FF000000BA
:1075B0004D7B000053430300A37B0300FF0000004A
:1075C0004D7B0000E64F0300A37B0300FF0000009B
:1075D000E17C0000075003001E5003000001000082
:1075E00007FF000007D3020044500300A37B030001
:1075F000FF000000497A00005E500300A37B0300F7
:10760000FF00000081D302008C500300A37B030025
:10761000FF00000073D30200A6500300284F0300B0
:1076200000FF000019840000CB500300A37B03007F
:10763000FF0000001D790000E5500300A37B03005C
:10764000FF000000B17800000851030085510300DD
:1076500000000310FF0000008D790000DA510300E4
:107660004852030001FF0000617900005D520300F1
:10767000A052030000FF000075780000B152030023
:10768000A37B0300FF00000005D30200E0520300CB
:10769000A37B0300FF000000517800002C5303007F
:1076A000284F030000FF00001D7800006D54030008
:1076B000C254030000FF000001780000DC54030006
:1076C000A37B0300FF000000E5770000EC540300FB
:1076D000A37B0300FF000000F5D202000055030069
:1076E0007E55030000FF0000B57700000956030037
:1076F000A37B0300FF000000717700002656030003
:107700005156030007FF0000357700005B56030069
:10771000B4560300000500FFED7600005F5703003C
:10772000725703000002FF00C9760000A157030052
:10773000A37B0300FF000000F5D20200B357030053
:10774000ED57030000FF00005D7600007358030052
:10775000B9580300000301FF4D760000595903009A
:107760009F590300000301FF5FDD02003F5A030041
:10777000A25A030002FF000061B00000F75A0300A4
:10778000A37B0300FF0000007DB10000225B03002B
:10779000A37B0300FF000000C5A300005D5B0300A6
:1077A000C65B03000000FF00C5A300001B5C0300D4
:1077B0007D5C03000000FF0065A40000C25C0300C4
:1077C000F55C03000002FF00C1A500004A5D030054
:1077D000985D030007FF000099A50000B45D030059
:1077E000A37B0300FF000000ADA30000D85D0300F1
:1077F000FD5D030000FF0000B9A40000565E030019
:10780000A37B0300FF000000B1A10000935E030012
:10781000A37B0300FF000000459B0000B85E03004F
:10782000A37B0300FF0000000D9B0000E25E03004D
:10783000A37B0300FF0000004DDB02001D5F03007F
:107840005B5F030000FF000047DB02006B5F03008B
:107850005B5F030000FF000041DB0200925F03005A
:107860005B5F030000FF00003BDB0200B95F030029
:107870005B5F030000FF000035DB0200E15F0300F7
:107880005B5F030000FF00001DDB02000A600300D5
:10789000A37B0300FF00000023DB02002C60030039
:1078A000A37B0300FF000000699800005460030000
:1078B0008D6003000001FF0095980000AE6003009A
:1078C000A37B0300FF0000001FDB0200D960030060
:1078D000A37B0300FF00000019DB0200F46003003B
:1078E000A37B0300FF000000259800000F61030048
:1078F0003C61030000FF00000BDB02005761030046
:10790000A37B0300FF00000095810000826103005B
:10791000A37B0300FF00000095810000A961030024
:10792000A37B0300FF0000003D760000BA61030066
:10793000A37B0300FF00000009760000CF61030075
:10794000F661030000FF00000976000006620300F4
:10795000F661030000FF0000A17500002D62030026
:10796000A37B0300FF000000EDD202004862030089
:10797000A37B0300FF000000017200006B620300A4
:10798000D562030000FF0000E1710000F86203000F
:10799000A37B0300FF0000006D8D00005E64030008
:1079A000EB640300010000FF5D8C0000086503002C
:1079B0005C65030000FF0000918C0000716503000E
:1079C000C36503000100FF00FD8B0000D9650300C3
:1079D000C66603000107FF00F1D20200D66603006D
:1079E000A37B0300FF000000FD850000E7660300A5
:1079F000F9660300000101000007FF00ED840000AC
:107A0000346703004567030000010100FF00000028
:107A1000918C000094670300A5670300010000FF3C
:107A20006584000094670300D767030000FF00002F
:107A300011EE0000E8670300A37B0300FF000000D5
:107A40003572000034680300A37B0300FF000000D0
:107A50008D97000079680300D851030000FF0000F3
:107A600055970000A1680300D851030000FF0000F3
:107A700005970000BA680300A37B0300FF434C494D
:107A800020696E7374616E6365206578616D706CDA
:107A90006500000001000000A019002000000000A7
:107AA00000000000FFFF0000EBDA02000000000011
:107AB00004000000FFFF0000AFDB02000000000038
:107AC00003000000FFFF000027DC020000000000B0
:107AD00006000000FFFF00005BDC02000000000069
:107AE00005000000FFFF000011DD020000000000A3
:107AF00003000000FFFF00006DDD02000500000034
:107B00000000000000C2010000050000001000009D
:107B1000000000000000000084150020D5120000C5
:107B200019BA02006BBA02007DBA020013BA020051
:107B30008C150020D512000019BA02006BBA0200A1
:107B40007DBA020013BA0200D41500209D15000072
:107B50003FBB02006BBB020097BB0200AFBB020041
:107B6000D71500209D1500003FBB02006BBB020033
:107B700097BB0200AFBB0200B4100020DBBB0200C9
:107B800007BC020023BC02003FBC02004BBC020049
:107B90004FBC020075BC0200020102414400010218
:107BA0000102010001020200020122005A434C209E
:107BB000636F6D6D616E647300626173696300670A
:107BC000726F757073006F6E2D6F666600676C6FF5
:107BD00062616C006D66672D636F64650075736527
:107BE0002D6E6578742D73657175656E63650078AB
:107BF0002D64656661756C742D72657370007465B3
:107C000073742D726573706F6E73652D6F6E007473
:107C10006573742D726573706F6E73652D6F666614
:107C2000005A434C207363656E657320636C7573F3
:107C300074657220636F6D6D616E6473005A434C9E
:107C4000206F6E5F6F666620636C7573746572205B
:107C5000636F6D6D616E6473005A434C2069646597
:107C60006E7469667920636C757374657220636FD6
:107C70006D6D616E6473005A434C2067726F75704E
:107C80007320636C757374657220636F6D6D616EC4
:107C90006473005A434C20626173696320636C759E
:107CA0007374657220636F6D6D616E6473007265CD
:107CB0006D6F766500726D616C6C0073746F7265C8
:107CC000006561646400657669657700636F70794B
:107CD00000746F67676C65006F66666566666563EE
:107CE00074006F6E726563616C6C006F6E74696DA9
:107CF00065646F666600717565727900657A2D6DD1
:107D00006F64650074726967676572006164642DF1
:107D100069662D6964007274666400436F6D6D61FD
:107D20006E64206465736372697074696F6E206637
:107D30006F7220566965775363656E650067726F71
:107D400075702069641F7363656E652069641F0028
:107D5000436F6D6D616E64206465736372697074E6
:107D6000696F6E20666F72205669657747726F750E
:107D7000700067726F75702069641F00436F6D6DCE
:107D8000616E64206465736372697074696F6E20DC
:107D9000666F7220547269676765724566666563CF
:107DA00074006566666563742069641F6566666550
:107DB00063742076617269616E741F00436F6D6D2C
:107DC000616E64206465736372697074696F6E209C
:107DD000666F7220546F67676C6500436F6D6D61ED
:107DE0006E64206465736372697074696F6E206677
:107DF0006F722053746F72655363656E6500436FD5
:107E00006D6D616E64207468617420726573657451
:107E10007320616C6C206174747269627574652082
:107E200076616C75657320746F20666163746F7220
:107E3000792064656661756C742E00436F6D6D61A9
:107E40006E64206465736372697074696F6E206616
:107E50006F722052656D6F76655363656E65004382
:107E60006F6D6D616E6420646573637269707469AF
:107E70006F6E20666F722052656D6F766547726F08
:107E8000757000436F6D6D616E642064657363721D
:107E9000697074696F6E20666F722052656D6F76BF
:107EA00065416C6C5363656E657300436F6D6D6106
:107EB0006E64206465736372697074696F6E2066A6
:107EC0006F722052656D6F7665416C6C47726F758D
:107ED000707300436F6D6D616E64206465736372CF
:107EE000697074696F6E20666F7220526563616C91
:107EF0006C5363656E650067726F75702069641FEF
:107F00007363656E652069641F7472616E73697452
:107F1000696F6E2074696D651F00436F6D6D616ED2
:107F200064206465736372697074696F6E20666F34
:107F300072204F6E5769746854696D65644F666648
:107F4000006F6E206F666620636F6E74726F6C1FB9
:107F50006F6E2074696D651F6F6666207761697446
:107F60002074696D651F00436F6D6D616E642064E0
:107F700065736372697074696F6E20666F72204FEB
:107F80006E57697468526563616C6C476C6F6261AF
:107F90006C5363656E6500436F6D6D616E64206444
:107FA00065736372697074696F6E20666F72204FBB
:107FB0006E00436F6D6D616E6420646573637269FA
:107FC0007074696F6E20666F72204F6666576974B1
:107FD0006845666665637400436F6D6D616E64200D
:107FE0006465736372697074696F6E20666F722066
:107FF0004F666600436F6D6D616E642064657363E8
:1080000072697074696F6E20666F72204964656E64
:1080100074696679517565727900436F6D6D616E33
:1080200064206465736372697074696F6E20666F33
:1080300072204964656E74696679006964656E745E
:108040006966792074696D651F00436F6D6D616E9F
:1080500064206465736372697074696F6E20666F03
:1080600072204765745363656E654D656D62657218
:108070007368697000436F6D6D616E642064657331
:108080006372697074696F6E20666F7220476574E1
:1080900047726F75704D656D6265727368697000C7
:1080A00067726F757020636F756E741F67726F757E
:1080B00070206C6973741F00436F6D6D616E642076
:1080C0006465736372697074696F6E20666F722085
:1080D000456E68616E636564566965775363656E66
:1080E0006500436F6D6D616E6420646573637269D2
:1080F0007074696F6E20666F7220456E68616E6382
:1081000065644164645363656E650067726F757082
:108110002069641F7363656E652069641F747261F2
:108120006E736974696F6E2074696D651F73636522
:108130006E65206E616D651F657874656E73696F1D
:108140006E206669656C6420736574731F00496EE8
:10815000766F6B6520455A4D6F6465206F6E2061A8
:108160006E204964656E7469667920536572766520
:108170007200616374696F6E1F00436F6D6D616E95
:1081800064206465736372697074696F6E20666FD2
:108190007220436F70795363656E65006D6F64651F
:1081A0001F67726F75702069642066726F6D1F7330
:1081B00063656E652069642066726F6D1F67726FFC
:1081C000757020696420746F1F7363656E65206924
:1081D0006420746F1F004164642061207363656EC6
:1081E0006520746F20746865207363656E65207404
:1081F00061626C652E20457874656E73696F6E20C0
:108200006669656C642073657473206172652073A0
:108210007570706F727465642C20616E6420617279
:108220006520696E70757465642061732061727277
:10823000617973206F662074686520666F726D20A7
:108240005B5B636C75737465722049445D205B6C85
:10825000656E6774685D205B76616C7565302E2E87
:108260002E6E5D202E2E2E5D00436F6D6D616E644F
:10827000206465736372697074696F6E20666F72D3
:108280002041646447726F757049664964656E7415
:10829000696679696E670067726F75702069641F1F
:1082A00067726F7570206E616D651F00436F6D6D35
:1082B000616E64206465736372697074696F6E20A7
:1082C000666F722041646447726F75700000000031
:1082D000E345030030110020000000000000000012
:1082E0000000000000000000B97B0300C48303000D
:1082F00000000000BF7B0300B48303000000000007
:10830000CA440300A483030000000000C67B0300EE
:108310009483030000000000DFBB0300848303009C
:1083200000000000CD7B0300A4C403000000000097
:10833000D47B030074C603000000000083410300E7
:1083400064C6030000000000DD7B030054C6030088
:1083500000000000EF7B030044C6030000000000A3
:10836000FE7B030034C60300000000000F7C030006
:1083700024C6030000000000000000000000000010
:1083800000000000D4830300217C0300A37B0300D2
:10839000FE000000588403003D7C0300A37B030023
:1083A000FE000000AC840300597C0300A37B0300A3
:1083B000FE00000000850300777C0300A37B030020
:1083C000FE00000054850300937C0300A37B0300A0
:1083D000FE000000C27C0300F486030000000000E1
:1083E000C77C03006C85030000000000AE7C030026
:1083F000CC85030000000000B57C0300EC85030081
:1084000000000000BB7C0300AC85030000000000FE
:10841000E47C03000C86030000000000EA42030035
:108420008C86030000000000C17C0300BC860300B2
:1084300000000000C67C0300AC86030000000000C2
:10844000CC7C0300E0860300000000000000000078
:1084500000000000000000001D7C03005C8603009B
:10846000000000000C7C03003C86030000000000BC
:10847000D17C03009C85030000000000D87C030031
:108480004C86030000000000E27C03002C86030001
:1084900000000000EB7C03001C86030000000000CD
:1084A000000000000000000000000000137D030039
:1084B0007C86030000000000F67C03006C8603004D
:1084C00000000000FC7C0300D086030000000000D8
:1084D000047D03008C850300000000000C7C030079
:1084E0009CBD0300000000001D7C03008CBD030048
:1084F000000000000000000000000000000000007C
:10850000C27C03001887030000000000C77C030042
:108510007C85030000000000EA4203009C86030003
:1085200000000000AE7C0300DC85030000000000BA
:10853000B57C0300FC850300000000000C7D0300F7
:108540000887030000000000000000000000000099
:1085500000000000167D0300BC8503000000000041
:1085600000000000000000000000000087B70200CB
:108570001B7D03003D7D03000100FF0069B7020081
:10858000507D0300727D030001FF000049B7020027
:108590007C7D0300A27D03000000FF0031B70200D4
:1085A000BC7D0300A37B0300FF00000011B70200A5
:1085B000DB7D03003D7D03000100FF00FBB60200F0
:1085C000FE7D0300A37B0300FF000000DBB602007A
:1085D0003B7E03003D7D03000100FF00BDB60200AD
:1085E0005F7E0300727D030001FF00009FB6020062
:1085F000837E0300727D030001FF000087B6020046
:10860000AB7E0300A37B0300FF000000D90E000037
:10861000D37E0300F77E0300010001FFAD0E0000D2
:108620001A7F0300417F0300000101FF6FB60200C3
:10863000677F0300A37B0300FF00000057B6020022
:10864000977F0300A37B0300FF00000037B6020002
:10865000B27F0300A27D03000000FF0021B60200EC
:10866000D87F0300A37B0300FF00000009B60200CF
:10867000F47F0300A37B0300FF000000EBB50200C2
:108680001A8003003B80030001FF0000CDB502000B
:108690004A800300727D030001FF0000ADB50200B7
:1086A00075800300A08003000011FF008DB502005B
:1086B000B88003003D7D03000100FF00850E00002F
:1086C000E28003000B8103000100010617FF000098
:1086D00071B502004E8103007281030000FF0000AB
:1086E0005D0E00007A8103009C81030000010001FF
:1086F00000FF0000350E0000D68103000B8103004F
:108700000100010617FF000051B502006982030055
:10871000978203000106FF0031B50200AC8203001E
:10872000978203000106FF0201003F0403020001DB
:10873000028204050200010202043D083F0C02020D
:108740000001020202000102020200010202020014
:108750003D040202003D040102000102000102008A
:1087600001020001020002010001010005000000F9
:108770000000000040420F00050100000000000062
:10878000000000000000000013B779FAC925DDB72A
:10879000ADF3CFE0F1B614B8010200000000000014
:1087A000FFFFFFFF010000000100000000000000CB
:1087B00000000000000000000000000000000000B9
:1087C00000000000000000000000000000000000A9
:1087D00000000000000000000700000305BD0200CB
:1087E00001BD0200DFBC0200DDBC0200E11B000095
:1087F0000FBD0200A51B00002C00000002000002BB
:108800008000080002002000000140000400010078
:1088100010000806020004090703010540787D01E5
:1088200000000000005A620200010000C0CF6A0090
:1088300002000000809FD50002010000002D3101E0
:10884000020200000100000000000000040000001F
:1088500001000000080000000100000010000000FE
:1088600001000000000100000100000000080000FD
:108870001D000000000200001D00000000040000B8
:108880001D000000000001001D00000000030103A6
:1088900003030200000800FC08890300010001072F
:1088A000B4880300000800F8C4880300000000003A
:1088B0000000000083FFBFFFE2FFF1FFF9FFFEFFB2
:1088C000000000009600FCFEF8006D23441FEEFF40
:1088D000C700F20E8E37FAFF5C00A40324A7FFFF47
:1088E0003200D601AD3400001F003001004D000001
:1088F0001200C000CA4A00000B006E00F73C0000E6
:1089000005001F002F2000008C00FCFEFFFF000070
:1089100000000000FC00D2104C06FAFF75009B0519
:10892000F132FFFF3E0062020B35000025004B01D3
:10893000885F00001700E0005E5D00000E008C0004
:108940006A4F00000700250083280000000800FC93
:10895000C0890300010001076C890300000800F8CA
:108960007C890300000000000000000083FFBFFFBF
:10897000E2FFF1FFF9FFFEFF00000000C800FCFE6F
:10898000F800C50A571EFBFF7B0095047C02FFFF21
:108990004A00B60246DFFFFF2D00AD01412F000067
:1089A0001C000701854700001200A7009746000041
:1089B0000B0067001A3C000006002200682300003C
:1089C000C800FCFEFC00D80A066CFBFF88003705D7
:1089D00018E2FEFF53000403F5E3FFFF3200B90184
:1089E0009D43000029005701F85700001600D100F0
:1089F000585700000E007C00D049000007002800F6
:108A00001729000000000F400000000000040F4084
:108A1000010000003E2000556E6B6E6F776E206582
:108A200072726F72004D6178696D756D206E756D33
:108A3000626572206F6620617267756D656E747312
:108A400020657863656564656400546865206172BB
:108A500067756D656E74206973206E6F7420666F24
:108A6000726D617474656420636F72726563746C97
:108A70007900496E636F7272656374206172677505
:108A80006D656E74207479706500496E636F7272E3
:108A9000656374206E756D626572206F6620617209
:108AA00067756D656E7473004E6F20636F6D6D61D9
:108AB0006E6420666F756E6400000000A37B030087
:108AC000178A0300178A0300178A0300178A030016
:108AD000178A0300178A0300178A0300178A030006
:108AE000178A0300178A0300178A0300178A0300F6
:108AF000178A0300178A0300178A0300178A0300E6
:108B0000178A0300178A0300178A0300178A0300D5
:108B1000178A0300178A0300178A0300178A0300C5
:108B2000178A0300178A0300178A0300178A0300B5
:108B3000178A0300258A0300178A0300178A030097
:108B40004A8A0300178A0300178A0300178A030062
:108B5000178A0300728A0300178A0300178A03002A
:108B6000178A0300178A03008A8A0300178A030002
:108B7000A88A030075696E7431360075696E7438A1
:108B800000756E6B6E6F776E0077696C64636172EF
:108B900064006865786F707400737472696E676FD3
:108BA00070740075696E7433326F70740075696E1D
:108BB0007431366F70740075696E74386F7074003C
:108BC00068657800737472696E670075696E7433D6
:108BD00032002A002E2E2E200068656C70000A25B7
:108BE000730A257325730025732008000001080708
:108BF0000F000A00C8002000A000010000000000D3
:108C0000A00068010A200706020A0407000000020B
:108C10000700443A2F4765636B6F2F6765636B6F7F
:108C20005F73646B2F706C6174666F726D2F736508
:108C300072766963652F6C65676163795F68616CE3
:108C40002F7372632F626173652D7265706C61633F
:108C5000656D656E742E63002573203D2025346C90
:108C6000780052657365742063617573653A2057A7
:108C700061746368646F6720657870697265642CDD
:108C8000206E6F2072656C6961626C652065787416
:108C9000726120696E666F726D6174696F6E0A0031
:108CA00052657365742063617573653A205761740A
:108CB0006368646F6720636175676874207769749F
:108CC0006820656E68616E63656420696E666F0A10
:108CD00000496E737472756374696F6E20616464A9
:108CE000726573733A2025346C780A005265736597
:108CF000742063617573653A2041737365727420E3
:108D000025733A256C640A005265736574206361AB
:108D10007573653A2048617264204661756C740A07
:108D200000484653522E5645435454424C3A20650F
:108D300072726F722072656164696E672076656316
:108D4000746F72207461626C6520666F7220616E50
:108D500020657863657074696F6E0A0048465352E7
:108D60002E464F524345443A20636F6E66696775DD
:108D70007261626C65206661756C7420636F756CDE
:108D800064206E6F742061637469766174650A0093
:108D9000484653522E44454255474556543A20665C
:108DA00061756C742072656C6174656420746F20E9
:108DB0006465627567202D20652E672E2C206578EE
:108DC00065637574656420424B50540A00526573A4
:108DD00065742063617573653A204D656D6F7279B6
:108DE000204D616E6167656D656E74204661756CBE
:108DF000740A00496C6C6567616C2061636365731C
:108E00007320616464726573733A2025346C780A48
:108E100000434653522E25730A0052657365742031
:108E200063617573653A20427573204661756C7491
:108E30000A0041646472657373206973206F662051
:108E4000616E20696E737472756374696F6E2061F0
:108E50006674657220627573206661756C74206F2C
:108E6000636375727265642C206E6F74207468651C
:108E70002063617573652E0A00434653522E286E97
:108E80006F6E6529206C6F6164206F722073746F40
:108E9000726520617420616E20696C6C6567616C1D
:108EA00020616464726573730A005265736574208F
:108EB00063617573653A2055736167652046617516
:108EC0006C740A0052657365742063617573653A4A
:108ED000204465627567204D6F6E69746F7220461D
:108EE00061756C740A006D61696E00546872656129
:108EF000640048616E646C6572002573206D6F6458
:108F000065207573696E6720257320737461636BC8
:108F1000202825346C7820746F2025346C78292C17
:108F2000205350203D2025346C780A00257520629E
:108F30007974657320757365642028257525252946
:108F400020696E20257320737461636B20286F7510
:108F500074206F6620257520627974657320746FA4
:108F600074616C290A005350206973206F75747303
:108F700069646520257320737461636B2072616E70
:108F80006765210A00496E7465727275707473208A
:108F900061637469766520286F72207072652D6533
:108FA0006D7074656420616E6420737461636B65B9
:108FB00064293A0A004E6F20696E7465727275708A
:108FC0007473206163746976650A000D0A5B41530E
:108FD000534552543A25733A25645D0D0A00554EA7
:108FE0004B00474F200042544C00474F3200474F40
:108FF0003300474F3400474F3500474F3600474F47
:109000003700474F3800474F3900474F4100474F1F
:109010004200474F4300474F4400474F4500474FEA
:1090200046004A4D500042445200555052004254AE
:109030004D004D534D0046544C00554E4B00474F8C
:10904000200042544C004241440046544C004652D9
:1090500043004F54410044534C00554E4B0050497F
:109060004E00454D3400554E4B0048562000554E9D
:109070004B00455850004C574D00554E4B00524246
:10908000540044534C00454D3400554E4B00415361
:109090005400554E4B0056465900494E4800554E17
:1090A0004B004C434B0058544C004F424600554E29
:1090B0004B00485244004D454D0042555300555316
:1090C000470044424700444D410056435400554E2A
:1090D0004B0055502000525020004150300041506C
:1090E000310041502000445020004445430000001E
:1090F000DE8F0300E28F03003A9003005A900300D2
:10910000669003006E9003007A9003008A9003003B
:10911000929003009E900300AE900300CE90030057
:10912000554E4B004649420042544C0045585400AD
:1091300050575200574447002053570043525300A2
:109140004653480042414400464C540042524F00AE
:1091500001040000050B060B070B000000000000D7
:1091600001030109060001050000000000000000E5
:109170000306523000523100523200523300523452
:109180000052350052360052370052380052390032
:1091900052313000523131005231320052313328D5
:1091A0004C5229004D53500050535000504300780A
:1091B000505352004D535020757365640050535006
:1091C00020757365640043535441434B20626F74B0
:1091D000746F6D0049435352005348435352004942
:1091E0004E545F4143544956453000494E545F4107
:1091F0004354495645310043465352004846535262
:109200000044465352004D4D41522F4246415200B8
:109210004146535200526574300052657431005219
:1092200065743200526574330052657434005265BF
:109230007435004461743000446174310000454D60
:10924000555F4952516E004652435F5052495F4943
:1092500052516E0057444F47305F4952516E00578C
:10926000444F47315F4952516E004652435F495265
:10927000516E004D4F44454D5F4952516E00524171
:10928000435F5345515F4952516E005241435F5213
:10929000534D5F4952516E00425546435F4952510A
:1092A0006E004C444D415F4952516E004750494F4A
:1092B0005F4556454E5F4952516E005553415254D9
:1092C000305F52585F4952516E00555341525430ED
:1092D0005F54585F4952516E0041434D50305F49D1
:1092E00052516E00414443305F4952516E0049442F
:1092F0004143305F4952516E00493243305F495219
:10930000516E004750494F5F4F44445F4952516E80
:10931000005553415254315F52585F4952516E00CB
:109320005553415254315F54585F4952516E004C6D
:109330004555415254305F4952516E0050434E548E
:10934000305F4952516E00434D555F4952516E0096
:109350004D53435F4952516E0043525950544F3060
:109360005F4952516E004C4554494D4552305F495A
:1093700052516E004147435F4952516E0050524F67
:1093800054494D45525F4952516E00525443435F18
:109390004952516E0053594E54485F4952516E0024
:1093A0004352594F54494D45525F4952516E0052F4
:1093B0004653454E53455F4952516E004650554500
:1093C000485F4952516E00534D555F4952516E00EE
:1093D0005754494D4552305F4952516E00575449D8
:1093E0004D4552315F4952516E0050434E54315FEA
:1093F0004952516E0050434E54325F4952516E00F3
:109400005553415254325F52585F4952516E005584
:1094100053415254325F54585F4952516E004932A1
:1094200043315F4952516E005553415254335F529C
:10943000585F4952516E005553415254335F54584E
:109440005F4952516E0056444143305F4952516E5C
:10945000004353454E5F4952516E004C4553454EB3
:1094600053455F4952516E0043525950544F315F3A
:109470004952516E0054524E47305F4952516E006E
:109480004941434356494F4C3A20617474656D70AD
:1094900074656420696E737472756374696F6E208D
:1094A00066657463682066726F6D2061206E6F2D33
:1094B00065786563757465206164647265737300B3
:1094C0004441434356494F4C3A20617474656D7072
:1094D000746564206C6F6164206F722073746F72A6
:1094E0006520617420616E20696C6C6567616C2019
:1094F00061646472657373004D554E53544B45520D
:10950000523A20756E737461636B2066726F6D20C2
:10951000657863657074696F6E2072657475726EBC
:10952000206361757365642061636365737320767E
:10953000696F6C6174696F6E004D53544B455252A4
:109540003A20737461636B696E672066726F6D2079
:10955000657863657074696F6E20636175736564A7
:10956000206163636573732076696F6C6174696FE2
:109570006E004D4D415256414C49443A204D4D41AB
:109580005220636F6E7461696E732076616C6964DA
:10959000206661756C742061646472657373004940
:1095A0004255534552523A20696E73747275637412
:1095B000696F6E207072656665746368206361759B
:1095C00073656420627573206661756C7400505217
:1095D000454349534552523A207072656369736539
:1095E000206461746120627573206661756C74001B
:1095F000494D5052454349534552523A20696D7086
:10960000726563697365206461746120627573209B
:109610006661756C7400554E53544B4552523A2056
:10962000756E737461636B696E67206F6E20657809
:1096300063657074696F6E2072657475726E2063F5
:10964000617573656420646174612062757320665E
:1096500061756C740053544B4552523A20737461D7
:10966000636B696E67206F6E2065786365707469DF
:109670006F6E20656E747279206361757365642006
:109680006461746120627573206661756C74004258
:1096900046415256414C49443A2042464152206389
:1096A0006F6E7461696E732076616C6964206661A7
:1096B000756C74206164647265737300554E444523
:1096C00046494E5354523A20747269656420746F4F
:1096D000206578656375746520616E20756E6465BC
:1096E00066696E656420696E737472756374696F00
:1096F0006E00494E5653544154453A20696E766186
:109700006C69642045505352202D20652E672E2C05
:1097100020747269656420746F207377697463685C
:1097200020746F2041524D206D6F646500494E5684
:1097300050433A20657863657074696F6E20726576
:109740007475726E20696E746567726974792063CE
:109750006865636B73206661696C6564004E4F4396
:10976000503A20617474656D7074656420746F2064
:1097700065786563757465206120636F70726F63CF
:109780006573736F7220696E737472756374696F39
:109790006E00554E414C49474E45443A2061747421
:1097A000656D7074656420616E20756E616C6967AB
:1097B0006E6564206D656D6F72792061636365739A
:1097C000730044495642595A45524F3A20617474C5
:1097D000656D7074656420746F2065786563757459
:1097E000652053444956206F7220554449562077CE
:1097F0006974682064697669736F72206F662030BF
:10980000000000003E9203004792030054920300C0
:109810005F9203006A920300739203007E9203003A
:109820008B92030098920300A2920300AC92030073
:1098300068930300BB920300CA920300D99203000D
:10984000E4920300EE920300F992030003930300F5
:10985000DE93030011930300209303002F93030072
:109860003C93030047930300509303005993030074
:1098700066930300749303007D9303008B930300AE
:1098800095930300A0930300AF930300BC930300E0
:10989000C7930300D0930300DD930300EA93030012
:1098A000F5930300009403000F9403001E9403003B
:1098B0002894030037940300469403005194030056
:1098C0005B94030068940300759403008094030084
:1098D000C0940300A37B0300F894030039950300B0
:1098E000A37B0300A37B0300729503009F950300F5
:1098F000CE950300F09503001696030055960300DD
:10990000A37B0300A37B03008F960300BC96030098
:10991000F29603002D9703005D970300A37B0300DD
:10992000A37B0300A37B0300A37B030092970300A8
:10993000C2970300000008070A00000000CA9A3B13
:1099400000E1F5058096980040420F00A0860100D6
:1099500010270000E8030000640000000A00000077
:10996000010410400100000005000000000200009A
:1099700003000000DC9B0300D89B0300C49B030092
:10998000C09B0300BC9B0300B89B0300A69B030085
:10999000969B03007C9B0300749B03006A9B03005F
:1099A000689B0300509B03004D9B0300459B0300F5
:1099B000349B0300249B0300129B0300F89A0300CE
:1099C000F09A0300E49A0300E09A0300DE9A030091
:1099D000D19A0300C69A0300AD9A0300519A03007E
:1099E000509A0300409A0300189A03000A9A030051
:1099F000099A0300089A0300FC9903000000000084
:109A00000000000000000000000F00000000000047
:109A10000000000000000000000000000000000046
:109A20000000000000000000000000000000000036
:109A30000000000000000000000000000000000026
:109A40000100000000000000000000000000000015
:109A50000F000000000000000000000000000000F7
:109A600000000000000000000000000000000000F6
:109A700000000000000000000000000000000000E6
:109A800000000000000000000000000000000000D6
:109A900000000000000000000000000000000000C6
:109AA00000000000000000000000000000000000B6
:109AB00000000000000000000000000000000000A6
:109AC0000000000000000000000000000000000096
:109AD0000000000000000000000000000000000086
:109AE00000000000FFFFFFFFFFFFFFFFFFFF000080
:109AF0000000000000000000000000000000000066
:109B00000000000000000000000000000000000055
:109B10000000000000000000000000000000000045
:109B20000000000000000000000000000000000035
:109B30000000000000000000000000000000000025
:109B40000000000000FFFFFFFFFFFFFFFF9C000081
:109B5000FF00000000000000000000000000000006
:109B600000000000800000000000FFFFFFFFFFFF7B
:109B7000FFFFFFFF00000000FFFF000000000000EB
:109B800000000000000000000000000000000000D5
:109B9000000000000000FFFFFF00000000000000C8
:109BA00000000000000000000000000000000000B5
:109BB00000000000000000000000000000000000A5
:109BC0000000000000000000000000000000000095
:109BD000000000000000000000000000FC03010184
:109BE0000101010101010101010101010100000068
:109BF00000000001000A0600000601010000010348
:109C000002041104040211101A080A0218010811B2
:109C100010111A080A04020D0B195C0110280B011F
:109C2000010C000000000000000000000000000027
:109C30000001010101010100010101010101000018
:109C4000010100010001000101000000000000000E
:109C50000000000000000000000100000000000003
:109C6000000000000000000001FF010023E10100EE
:109C700075E4010063E2010063E5010062E10100B7
:109C800079EB010064EE010024E1010025E101000F
:109C900026E1010027E1010028E1010029E101009E
:109CA0002AE1010000000100800001000001010024
:109CB00080010100000201008002010020E2010099
:109CC00000030100000501008005010000060100FD
:109CD000800601000007010001E5010002E5010026
:109CE0000008010080080100238701008040010076
:109CF000443A2F4765636B6F2F6765636B6F5F73C4
:109D0000646B2F706C6174666F726D2F7365727601
:109D10006963652F746F6B656E5F6D616E616765FA
:109D2000722F7372632F736C5F746F6B656E5F6DF0
:109D3000616E616765722E6300443A2F4765636BFD
:109D40006F2F6765636B6F5F73646B2F706C6174EB
:109D5000666F726D2F736572766963652F746F6BB2
:109D6000656E5F6D616E616765722F7372632F73CD
:109D70006C5F746F6B656E5F6D616E756661637449
:109D80007572696E672E6300FFFFFFFFFFFFFFFF25
:109D900034B684327032F6101A1043757272656EE2
:109DA0007420436F6E6669673A20253078005365EA
:109DB0007420434341206D6F646520746F202564D7
:109DC0003A2025307800656E61626C6564006469D4
:109DD0007361626C6564006F757428636C69656E8D
:109DE000742900696E202873657276657229004DAA
:109DF000464720537472696E673A2025730041709C
:109E0000704275696C646572204D464720436F64EB
:109E1000653A20307825303458006E6F6465205BD9
:109E2000004164646974696F6E616C20696E746569
:109E300072666163657300202025643A20007061BA
:109E40006765205B25645D206368616E205B256427
:109E50005D20707772205B25645D006E6F742061F9
:109E60006374697665006572726F7220307825328E
:109E7000580070616E4944205B3078253034585D5D
:109E8000206E6F64654944205B3078253034585D1E
:109E900020007870616E205B307800706172656EB2
:109EA000744944205B3078253034585D20706172ED
:109EB000656E7452737369205B25645D006E6F6418
:109EC0006554797065205B005365637572697479B8
:109ED000206C6576656C205B25785D006E65747717
:109EE0006F726B207374617465205B253032585D2E
:109EF000200042756666733A202564202F20256471
:109F000000457020636E743A20256400657020253A
:109F100064205B656E64706F696E742025732C20FD
:109F20006465766963652025735D20006E776B201C
:109F30005B25645D2070726F66696C65205B3078AC
:109F4000253034585D206465764964205B3078257F
:109F50003034585D20766572205B307825785D005E
:109F600020202020257320636C75737465723A205D
:109F700030782530345820004E776B20636E743A69
:109F8000202564006E776B202564205B25735D00BF
:109F90005072696D617279202870726F29002020DB
:109FA0006E6F646554797065205B30782530325867
:109FB0005D002020736563757269747950726F66F5
:109FC000696C65205B3078253032585D0045502043
:109FD00025643A20257320004572726F723A202062
:109FE000556E6B6E6F776E20656E64706F696E7400
:109FF0002E00456E61626C65206576656E74206426
:10A000006562756720696E666F20696E20436F72A6
:10A010006520434C4920636F6D706F6E656E7400F0
:10A020006F6E6C7920636F6F7264696E61746F72AA
:10A03000732063616E20666F726D0A006A6F696ECD
:10A04000203078253032580A0025732030782530AA
:10A0500032580A0025732030782530327800726536
:10A060006A6F696E446966664465766963655479AA
:10A0700070650025732030782578006578742E206F
:10A0800050414E2049443A20004E574B206F706596
:10A090006E3A20257520736563004E574B20636C24
:10A0A0006F7365640066696E64206A6F696E6162D1
:10A0B0006C653A203078253032580066696E64202D
:10A0C000756E757365643A203078253032580043D8
:10A0D00068616E67696E6720746F206368616E6E79
:10A0E000656C2025643A2030782530325800696E3E
:10A0F00076616C6964206E6574776F726B20696E2F
:10A100006465780053686F72742049443A2030784F
:10A11000253034582C2045554936343A20002C201F
:10A1200050616E2049443A2030782530345800532D
:10A13000746172746564206D756C74692D706879D2
:10A1400020696E74657266616365004661696C655D
:10A150006420746F202573202573203078253032D9
:10A1600058005465726D696E6174656420257320B2
:10A17000307825303258004B65657020616C697607
:10A180006520737570706F727420656E61626C65A6
:10A19000642E006661696C656420746F2073657459
:10A1A000206B65657020616C697665206D6F6465F4
:10A1B0002E007375636365737366756C6C792073B9
:10A1C000657420746865206368696C642074696DC7
:10A1D000656F7574206F7074696F6E206D61736B3D
:10A1E0002E006661696C656420746F20736574204D
:10A1F000746865206368696C642074696D656F7547
:10A2000074206F7074696F6E206D61736B2E0064C3
:10A210006973636F766572004D61746368202570A1
:10A22000792066726F6D203078253034582C206587
:10A2300070202564004E574B20416464726573732F
:10A2400020726573706F6E73653A203078253034F4
:10A250005800494545452041646472657373207216
:10A260006573706F6E73653A20005365727669632B
:10A27000652025737920646F6E652E00232020747D
:10A280007970652020206E776B20206C6F63202012
:10A290002072656D202020636C75732020206E6F06
:10A2A0006465202020657569002020256420202019
:10A2B000203078253034582020307825303458200C
:10A2C000203078253034582030782530345820001C
:10A2D000656D62657247657442696E64696E672078
:10A2E0004572726F723A2030782532580A00256420
:10A2F000206F662025642062696E64696E67732032
:10A300007573656400656E61626C65642070726966
:10A310006E740064697361626C6564207072696E4A
:10A320007400616464206C696E6B206B6579004514
:10A3300052523A2043616C63756C617465642043CA
:10A34000524320646F6573206E6F74206D61746377
:10A3500068004552523A20496E7374616C6C204318
:10A360006F6465206D75737420626520382C203110
:10A37000302C2031342C206F7220313820627974D7
:10A38000657320696E206C656E6774680045525273
:10A390003A204145532D4D4D4F206861736820662A
:10A3A00061696C65643A20307825780053657420C3
:10A3B0006A6F696E696E67206C696E6B206B657978
:10A3C000007365742062696E642025643A203078D9
:10A3D0002530327800454D50545900554E4943417F
:10A3E000004D324F4E45004D554C5449003F202002
:10A3F00020200000D5A30300DBA30300E1A303009A
:10A40000E7A30300EDA30300496E64657820494586
:10A41000454520416464726573732020202020200C
:10A420002020204E574B496E6465782020496E20CD
:10A430004643202020202054544C28732920466C69
:10A440006167202020204B65792020202000256492
:10A4500020202020200020202564202020202020D3
:10A46000200020202530385820200020307825304A
:10A470003458202000496E646578204945454520C0
:10A4800041646472657373202020202020202020E6
:10A49000496E2046432020202020547970652020DA
:10A4A0004175746820204B6579002D2020202020E4
:10A4B000002563202020202025632020202020004C
:10A4C000696573005741524E494E473A2020524524
:10A4D0004144494E47204F46204B45592056414C58
:10A4E0005545532044495341424C4544204259204C
:10A4F0004D464720544F4B454E004E574B204B6521
:10A5000079002573206F75742046433A2025303832
:10A510005800257320736571206E756D3A20307870
:10A5200025780025733A20002573206F7574204626
:10A53000433A2025303878005443202573200025E5
:10A5400073205461626C650025642F256420656E5C
:10A55000747269657320757365642E005472616E40
:10A560007369656E74204B657900256420656E748F
:10A5700072257320636F6E73756D696E6720256435
:10A58000207061636B657420627566666572257301
:10A590002E0057494C4C0057494C4C204E4F54000C
:10A5A00054727573742043656E7465722025702033
:10A5B000616C6C6F772074727573742063656E7450
:10A5C00065722072656A6F696E73207573696E6754
:10A5D0002077656C6C2D6B6E6F776E206B65792EB6
:10A5E000005365742074696D656F757420666F72B1
:10A5F0002054727573742043656E746572207265A1
:10A600006A6F696E73207573696E672077656C6C0D
:10A610002D6B6E6F776E206C696E6B206B65792089
:10A62000746F202564207365636F6E64732E00451C
:10A6300052524F523A20002570737461636B206D43
:10A6400075737420626520646F776E2E004E4F4ED6
:10A65000450052656164696E6720416C6C6F776577
:10A66000640048617368696E67206F6E6C7900459D
:10A670006D6265724B657953657474696E67733A80
:10A68000203078253034580020205065726D697371
:10A6900073696F6E733A202573004572726F723A58
:10A6A000204661696C656420746F2067657420635F
:10A6B0006F6E6669672C207374617475733A20300D
:10A6C0007825303258004661696C65643A203078EC
:10A6D00025303258004D73673A20636C7573203013
:10A6E00078253034582C20636D6420307825303242
:10A6F000582C206C656E2025640062756666657254
:10A700003A2000454D4245525F002573534543555D
:10A71000524954595F4C4556454C3A2025303258E1
:10A720000025736572617365206B65792025643A35
:10A730002030782530325800636D64206E6F7420AD
:10A740006275696C74007372632065702025303205
:10A75000782C20636C757320253034780073656E17
:10A7600064696E6720746F206D756C7469636173C2
:10A77000742062696E640025733A2065703A202562
:10A78000642C20636C3A203078253034582C2061BA
:10A790007474723A20307825303458002C20737647
:10A7A000723A2025630025733A20726561643A206D
:10A7B000307825303278002C207376723A20256369
:10A7C0002C2064747970653A203078253032580036
:10A7D000417267756D656E7420617420696E646581
:10A7E000783A202564206973206F7574206F662085
:10A7F00072616E676500436F6D6D616E6420616CA0
:10A800007265616479206275696C742E20204361E1
:10A810006E6E6F7420736574204D464720737065AB
:10A82000636966696320636F646520666F72206385
:10A830006F6D6D616E642E004D464720436F6465F9
:10A840002053657420666F72206E65787420636F84
:10A850006D6D616E643A2030782530345800557340
:10A8600065204E6578742053657175656E6365204B
:10A8700053657420666F72206E65787420636F6D07
:10A880006D616E643A203078253032580044697327
:10A8900061626C652044656661756C7420526573F5
:10A8A000706F6E73652053657420666F72206E65DD
:10A8B000787420636F6D6D616E643A203078253056
:10A8C0003258004552523A2072656164696E6720C1
:10A8D0006174747269627574652025303278004540
:10A8E00052523A206174747269627574652073699A
:10A8F0007A6520256420746F6F206C617267652013
:10A90000666F7220627566666572004572726F725C
:10A910003A2061747472696275746520494420300C
:10A920007825303458207265706F727461626C657E
:10A93000206368616E67652069732073697A65209A
:10A940002564422C206275742025644220656E7453
:10A95000657265640A006E6F20636D6400457272F3
:10A960006F723A20434C492053656E6420666169DA
:10A970006C65642C207374617475733A203078258B
:10A98000303258004572726F723A20204555493670
:10A990003420617267756D656E7420697320656D12
:10A9A00070747920616E64206C6F6F6B75702062BB
:10A9B00079206E6F6465204944206661696C656426
:10A9C0002E00556E696361737400556E62696E6422
:10A9D00020257020257030782558005265717565E6
:10A9E00073743A20005A444F2073696D706C65206F
:10A9F00064657363207265712025303278005A4493
:10AA00004F206E6F646520646573632072657120EA
:10AA100025303278005573696E67206D79206C6F30
:10AA200063616C20455549363420666F7220646539
:10AA3000737420455549363420696E2062696E640E
:10AA4000696E67005A444F2062696E6420726571B6
:10AA5000202530327800636C7573746572206C69E0
:10AA60006D6974207265616368656400696E766102
:10AA70006C696420706167653A202564206F7220DC
:10AA80006368616E6E656C3A202564004368616E90
:10AA90006765206368616E6E656C207374617475A0
:10AAA000733A2030782530327800647572617469A9
:10AAB0006F6E206D75737420626520696E207261FF
:10AAC0006E67652030202D203500636F756E742011
:10AAD0006D75737420626520696E2072616E6765A2
:10AAE0002031202D2038007363616E2073746174EF
:10AAF00075732030782578006E6574776F726B20DF
:10AB00007570646174652073657420737461747505
:10AB1000732030782578004163746976652045504C
:10AB20002072657175657374207374617475733AFE
:10AB30002030782558004C5149205461626C6520C2
:10AB4000726571756573743A2030782558004269D2
:10AB50006E64696E67205461626C65207265717500
:10AB60006573743A2030782558004C65617665200D
:10AB700025703078255800506F77657220446573D2
:10AB800063726970746F7220257030782558005593
:10AB900073696E67206D79206C6F63616C20455519
:10ABA00049363420666F72206465737420455549B8
:10ABB000363420696E20756E62696E64696E670056
:10ABC000526F757465205461626C65202570307811
:10ABD0002558005A444F206D617463682064657382
:10ABE00063207265712025780000000000000000DD
:10ABF00000443A2F4765636B6F2F6765636B6F5F28
:10AC000073646B2F70726F746F636F6C2F7A6967E8
:10AC10006265652F6170702F6672616D65776F7206
:10AC20006B2F636F6D6D6F6E2F7A69676265655FFD
:10AC30006170705F6672616D65776F726B5F636F75
:10AC40006D6D6F6E2E6300457874656E646564206B
:10AC5000526573657420696E666F3A2030782532CC
:10AC600058202825732900443A2F4765636B6F2FBE
:10AC70006765636B6F5F73646B2F70726F746F6364
:10AC80006F6C2F7A69676265652F6170702F6672CD
:10AC9000616D65776F726B2F636F6D6D6F6E2F7A5D
:10ACA00069676265655F6170705F6672616D657727
:10ACB0006F726B5F736C6565702E630079657300EE
:10ACC0006E6F0053746179206177616B65207768DE
:10ACD000656E206E6F74206A6F696E65643A202518
:10ACE0007300466F726365642073746179206177C5
:10ACF000616B653A20202020202020202020257311
:10AD000000466F7263696E672064657669636520CB
:10AD1000746F2073746179206177616B6500416C99
:10AD20006C6F77696E672064657669636520746F00
:10AD300020676F20746F20736C6565700052583AFD
:10AD4000205265736574546F466163746F72794401
:10AD5000656661756C747343616C6C6261636B00F2
:10AD60002575292025703A2025750053657474696E
:10AD70006E67205468726573686F6C6420636F6DD2
:10AD80006D616E64003F3F3F004D6163205278204B
:10AD90004263617374004D616320547820426361A3
:10ADA0007374004D616320527820556361737400A1
:10ADB0004D6163205478205563617374004D616365
:10ADC0002054782055636173742052657472790041
:10ADD0004D61632054782055636173742046616926
:10ADE0006C004150532052782042636173740041DB
:10ADF00050532054782042636173740041505320B3
:10AE00005278205563617374004150532054782068
:10AE100055636173742053756363657373004150A8
:10AE2000532054782055636173742052657472798D
:10AE3000004150532054782055636173742046615B
:10AE4000696C00526F757465204469736320496EA4
:10AE500069746961746564004E65696768626F72E0
:10AE6000204164646564004E65696768626F7220A2
:10AE700052656D6F766564004E65696768626F72D2
:10AE8000205374616C65004A6F696E20496E646975
:10AE9000636174696F6E004368696C64204D6F76FE
:10AEA000656400415348204F766572666C6F770089
:10AEB000415348204672616D65204572726F720081
:10AEC000415348204F76657272756E204572726FDD
:10AED00072004E574B204643204661696C7572657F
:10AEE00000415053204643204661696C75726500ED
:10AEF00041534820584F66660041505320556E61BB
:10AF00007574686F72697A6564204B6579004E5775
:10AF10004B2044656372797074204661696C757268
:10AF20006573004150532044656372797074204604
:10AF300061696C75726573005061636B6574204262
:10AF4000756666657220416C6C6F6361746520463E
:10AF500061696C757265730052656C617965642016
:10AF600055636173740050687920746F204D4143BC
:10AF7000207175657565206C696D697420726561F5
:10AF800063686564005061636B65742056616C6929
:10AF9000646174652064726F7020636F756E7400F5
:10AFA0004E574B207265747279206F766572666CAD
:10AFB0006F7700434341204661696C757265730089
:10AFC00042726F616463617374207461626C6520A6
:10AFD00066756C6C00505441204C6F205072692093
:10AFE00052657100505441204869205072692052C6
:10AFF000657100505441204C6F20507269204465A7
:10B000006E6965640050544120486920507269207F
:10B0100044656E69656400505441204C6F20507245
:10B02000692054782041627274005054412048696C
:10B030002050726920547820416272740041646427
:10B040007265737320436F6E666C69637420536519
:10B050006E74000D004465627567207072696E74CD
:10B060002067726F75702025730A0057726F6E67C4
:10B0700020706172616D657465720A0065705B2590
:10B08000785D2069645B2532785D00436C65617290
:10B09000696E6720616C6C2067726F7570732E002B
:10B0A0004552523A204661696C656420746F206392
:10B0B00072656174652062696E64696E672028300C
:10B0C00078257829004552523A2042696E64696EAB
:10B0D00067207461626C652069732066756C6C0012
:10B0E0004552523A2077726974696E67206E616DBD
:10B0F0006520737570706F72742025780052583A0D
:10B100002041646447726F75702030782532782C46
:10B1100020220052583A205669657747726F757041
:10B120002030782532780075767300766965775F10
:10B1300067726F75700047726F7570733A20666141
:10B14000696C656420746F2073656E6420257320BC
:10B15000726573706F6E73653A203078257800677A
:10B1600065745F67726F75705F6D656D6265727330
:10B1700068697020726573706F6E736500646566D0
:10B1800061756C745F726573706F6E736500525891
:10B190003A2047657447726F75704D656D626572D0
:10B1A0007368697020307825782C00205B30782512
:10B1B00032785D007575620047726F7570733A2062
:10B1C0006661696C656420746F2073656E64202508
:10B1D000733A20307825780052583A2052656D6FC6
:10B1E000766547726F757020307825327800455249
:10B1F000523A204661696C656420746F2064656C06
:10B200006574652062696E64696E672028307825F0
:10B2100078290072656D6F76655F67726F75700073
:10B2200052583A2052656D6F7665416C6C47726F6B
:10B230007570730052583A2041646447726F75709C
:10B2400049664964656E74696679696E672030780D
:10B250002532782C202200747275650066616C734B
:10B260006500456E64706F696E74203078257820B3
:10B270006973206964656E74696679696E673A20DE
:10B280002570004552523A2072656164696E6720EC
:10B290006964656E746966792074696D65202578C6
:10B2A000004552523A2077726974696E672069646A
:10B2B000656E746966792074696D65202578005221
:10B2C00058206964656E746966793A4944454E54FC
:10B2D000494659203078253278004964656E746992
:10B2E00066793A206661696C656420746F207365C5
:10B2F0006E6420257320726573706F6E73653A20DB
:10B3000030782578005258206964656E74696679D2
:10B310003A5155455259004368616E6E656C206E16
:10B320006F742076616C69643A20256400507269FC
:10B330006D617279002570206D61736B206E6F777F
:10B34000203078253458005365636F6E64617279DC
:10B35000004D61736B206E6F742076616C69643A86
:10B36000202564007072696D617279007365636F86
:10B370006E646172790025703A20536574202570DF
:10B38000206D61736B20746F203078253458005322
:10B3900074617475730025703A2025703A00436813
:10B3A000616E6E656C206D61736B3A002020202009
:10B3B000283129203078253458205B002020202097
:10B3C000283229203078253458205B00537461746A
:10B3D000653A203078255820282573290043757256
:10B3E00072656E74206368616E6E656C3A202564C8
:10B3F00000546F74616C20626561636F6E733A20F4
:10B400002564004A6F696E20617474656D70747391
:10B410003A202564004E6574776F726B20737461F7
:10B4200074653A20307825580053746F7000257386
:10B430003A2025733A203078255800556E73757080
:10B44000706F7274656420666561747572652077CB
:10B4500068656E207573696E67206F7074696D69B9
:10B460007A6564207363616E732E20546F20757348
:10B4700065206120636F6E66696775726564206B15
:10B480006579207768656E206A6F696E696E672CD2
:10B490002061646420746865206B657920746F2076
:10B4A000746865207472616E7369656E74206B6573
:10B4B00079207461626C65207573696E67207468A9
:10B4C000652077696C646361726420455549202862
:10B4D000616C6C20464673292E0025702053746FD2
:10B4E000702E2020436C65616E696E672075702E2A
:10B4F000004B657920766572696669636174696F6E
:10B500006E206661696C65642E204C656176696E9B
:10B5100067206E6574776F726B0025703A20257016
:10B520000042726F616463617374696E6720706555
:10B53000726D6974206A6F696E0025703A202570FB
:10B540003A20307825580054727573742063656E04
:10B55000746572206C696E6B206B65792075706400
:10B56000617465207374617475730025733A205794
:10B5700041524E494E473A20656D6265725365747B
:10B58000496E697469616C53656375726974795346
:10B5900074617465206661696C65642E20436F6E0A
:10B5A00074696E75696E6720776974686F75742049
:10B5B000696E7374616C6C20636F64652E004572F4
:10B5C000726F723A20696E7374616C6C20636F6481
:10B5D00065207365747570206661696C65642E20E2
:10B5E000497320616E20696E7374616C6C20636FA7
:10B5F000646520666C6173686564206F6E746F208B
:10B60000746865206465766963653F00D0D1D2D3E4
:10B61000D4D5D6D7D8D9DADBDCDDDEDF005A6967CE
:10B62000426565416C6C69616E6365303900FFFF8E
:10B63000FFFFFFFFFFFF0025733A206973737569F1
:10B640006E67207363616E206F6E202573206368C0
:10B65000616E6E656C7320286D61736B2030782588
:10B6600034582900257320697320616C7265616408
:10B670007920696E2070726F6772657373005374FE
:10B68000617274004578616D696E696E67206265EC
:10B6900061636F6E206F6E206368616E6E656C20F3
:10B6A000256420776974682070616E496420307861
:10B6B000253258005468697320626561636F6E209B
:10B6C0006973206E6F742070617274206F662074CD
:10B6D00068652063757272656E74206368616E6E52
:10B6E000656C206D61736B20283078253458292EC5
:10B6F0002047657474696E67206E65787420626592
:10B7000061636F6E2077686F7365206368616E6E2A
:10B71000656C206269746D61736B20697320736559
:10B72000742E004572726F723A20257020636F7517
:10B730006C64206E6F7420617474656D7074206A1F
:10B740006F696E3A2030782558004E6F206265612F
:10B75000636F6E73206C656674206F6E2063757204
:10B7600072656E74206D61736B2E204D6F76696EFD
:10B770006720746F206E657874207374617465003F
:10B780002570206A6F696E696E672030782532787F
:10B79000206F6E206368616E6E656C2025640025E5
:10B7A000702053746174653A202570004572726F81
:10B7B000723A20257020636F756C64206E6F742060
:10B7C00073657475702073656375726974793A2056
:10B7D00030782558004572726F723A205363616E5B
:10B7E00020636F6D706C6574652068616E646C6554
:10B7F000722072657475726E656420307825580009
:10B800002573207363616E20636F6D706C65746562
:10B810002E20426561636F6E732068656172643AC1
:10B8200020256400257320737461636B2073746139
:10B830007475732030782558002570206E657477F4
:10B840006F726B206A6F696E65642E0025702074BC
:10B850007279696E67206E657874206E6574776F93
:10B86000726B2E005A6967426565416C6C69616E46
:10B87000636530394E574B205374656572696E6746
:10B88000004E6F6E65005363616E205072696D618A
:10B890007279204368616E6E656C7320616E6420FE
:10B8A00075736520496E7374616C6C20436F6465B9
:10B8B000005363616E205072696D61727920436834
:10B8C000616E6E656C7320616E64205573652043F4
:10B8D000656E7472616C697A6564204B657900539A
:10B8E00063616E205072696D617279204368616E88
:10B8F0006E656C7320616E642055736520446973B6
:10B900007472696275746564204B65790053636174
:10B910006E205365636F6E64617279204368616E57
:10B920006E656C7320616E642075736520496E735B
:10B9300074616C6C20436F6465005363616E2053C7
:10B9400065636F6E64617279204368616E6E656CC9
:10B950007320616E64205573652043656E74726157
:10B960006C697A6564204B6579005363616E20537E
:10B9700065636F6E64617279204368616E6E656C99
:10B980007320616E64205573652044697374726915
:10B990006275746564204B6579005363616E205055
:10B9A00072696D617279204368616E6E656C732097
:10B9B000616E642055736520416C6C204B65797312
:10B9C0002028696E7374616C6C20636F64652C2031
:10B9D00063656E7472616C697A65642C2064697346
:10B9E000747269627574656429005363616E2053D3
:10B9F00065636F6E64617279204368616E6E656C19
:10BA00007320616E642055736520416C6C204B651A
:10BA100079732028696E7374616C6C20636F646540
:10BA20002C2063656E7472616C697A65642C206485
:10BA30006973747269627574656429004F6E2F4F63
:10BA40006666207365742076616C75653A2025788A
:10BA5000202578004552523A2072656164696E670C
:10BA6000206F6E2F6F6666202578004F6E2F6F66F1
:10BA70006620616C72656164792073657420746FEF
:10BA8000206E65772076616C756500546F67676C12
:10BA900065206F6E2F6F66662066726F6D20257849
:10BAA00020746F202578004552523A2077726974CD
:10BAB000696E67206F6E2F6F666620257800436C75
:10BAC000656172696E6720616C6C207363656E6579
:10BAD000732E0077726974004552523A20257069BE
:10BAE0006E672025702030782578007363656E6559
:10BAF00020636F756E740063757272656E74207367
:10BB000063656E650063757272656E742067726F2F
:10BB10007570007363656E652076616C696400758D
:10BB200073696E672030782578206F7574206F6692
:10BB30002030782578207461626C6520736C6F7496
:10BB4000730025783A200065702025782067727090
:10BB500020253278207363656E6520257820747403
:10BB60002025640052583A2052656D6F7665536304
:10BB7000656E652030782532782C20307825780065
:10BB80007576750072656D6F76655F7363656E655A
:10BB9000005363656E65733A206661696C65642065
:10BBA000746F2073656E6420257320726573706FE7
:10BBB0006E73653A20307825780052583A205265E5
:10BBC0006D6F7665416C6C5363656E65732030787C
:10BBD0002532780072656D6F76655F616C6C5F739E
:10BBE00063656E65730052583A2047657453636508
:10BBF0006E654D656D626572736869702030782579
:10BC0000327800757576006765745F7363656E657D
:10BC10005F6D656D6265727368697000456E68611D
:10BC20006E6365640052583A202570416464536322
:10BC3000656E652030782532782C20307825782C78
:10BC40002030782532782C202200222C20006164BC
:10BC5000645F7363656E650052583A2025705669BB
:10BC600065775363656E652030782532782C2030F7
:10BC700078257800766965775F7363656E65006F18
:10BC80006E2F6F66660052583A2053746F72655378
:10BC900063656E652030782532782C2030782578E1
:10BCA0000073746F72655F7363656E650052583A16
:10BCB00020526563616C6C5363656E652030782536
:10BCC00032782C20307825782C2030782532780076
:10BCD0005363656E65733A206661696C65642074B0
:10BCE0006F2073656E642025733A203078257800C4
:10BCF0005374617274696E67207570646174652035
:10BD000074727573742063656E746572206C696EED
:10BD10006B206B65792070726F636573730055706B
:10BD200064617465205443204C696E6B204B6579C7
:10BD300000204E6577206B65792065737461626CB5
:10BD400069736865643A00204572726F723A0050F8
:10BD50006172746E65723A2000577269746573205F
:10BD6000746865204964656E7469667954696D65A7
:10BD7000206174747269627574652E00656E6470FA
:10BD80006F696E741F74696D651F0000C5D3020072
:10BD900059BD0300DE67030000FF0000AFD30200BF
:10BDA00059BD03007CBD03000001FF5A434C2067CE
:10BDB0006C6F62616C20636C757374657220636F65
:10BDC0006D6D616E647300646972656374696F6E32
:10BDD00000646973632D636F6D2D67656E00646920
:10BDE00073632D636F6D2D72656300657870656395
:10BDF000742D7265706F72742D66726F6D2D6D6526
:10BE000000757772697465006E7772697465007287
:10BE100065706F72742D726561640073656E642D58
:10BE20006D652D612D7265706F727400437265616E
:10BE3000746573206120676C6F62616C2064697344
:10BE4000636F76657220636F6D6D616E6420666FDF
:10BE50007220746865206173736F636961746564CF
:10BE60002076616C7565732E00636C7573746572F2
:10BE700049641F61747472696275746549641F6DE9
:10BE800061784E756D626572546F5265706F727431
:10BE90001F0043726561746573206120676C6F6277
:10BEA000616C2073656E64206D6520612072657021
:10BEB0006F727420636F6D6D616E6420666F7220A7
:10BEC000746865206173736F63696174656420765B
:10BED000616C7565732E00636C757374657249646B
:10BEE0001F61747472696275746549641F6461745A
:10BEF00061547970651F6D696E5265706F7274540C
:10BF0000696D651F6D61785265706F727454696DEB
:10BF1000651F7265706F727461626C654368616EF3
:10BF200067651F0043726561746573206120676CEB
:10BF30006F62616C2072656164207265706F7274EB
:10BF4000696E6720636F6D6D616E6420666F72202D
:10BF5000746865206173736F6369617465642063DD
:10BF60006C75737465722C20617474726962757477
:10BF70006520616E64207365727665722F636C69EB
:10BF8000656E7420646972656374696F6E2E0063F8
:10BF90006C757374657249641F617474726962753B
:10BFA000746549641F646972656374696F6E1F000C
:10BFB000476C6F62616C207265706F7274696E6736
:10BFC00020636F6D6D616E6400656E64706F696E85
:10BFD000741F636C757374657249641F6174747245
:10BFE000696275746549641F6D61736B1F004372EC
:10BFF0006561746573206120676C6F62616C20728B
:10C0000065616420636F6D6D616E64206D6573732F
:10C0100061676520746F20726561642066726F6D60
:10C020002074686520636C757374657220616E643A
:10C0300020617474726962757465207370656369D8
:10C04000666965642E00636C757374657249641F5C
:10C0500061747472696275746549641F0043726526
:10C0600061746573206120676C6F62616C20777208
:10C0700069746520636F6D6D616E64206D657373A7
:10C0800061676520746F20777269746520746F2012
:10C0900074686520636C757374657220616E6420CA
:10C0A0006174747269627574652073706563696622
:10C0B00069656400636C757374657249641F6174AB
:10C0C0007472696275746549641F747970651F6460
:10C0D0006174611F00437265617465206120657839
:10C0E000706563742D7265706F72742D66726F6DFA
:10C0F0002D6D65206D657373616765207769746860
:10C10000206173736F6369617465642076616C7517
:10C1100065732E00636C757374657249641F617476
:10C120007472696275746549641F74696D656F75B1
:10C13000741F0043726561746520612044697363F4
:10C140006F76657220436F6D6D616E647320476515
:10C150006E65726174656420636F6D6D616E6420DD
:10C1600077697468206173736F63696174656420B3
:10C1700076616C7565732E00636C757374657249B6
:10C18000641F7374617274436F6D6D616E64496492
:10C190001F6D6178436F6D6D616E6449641F00535C
:10C1A0006574732074686520646972656374696F6F
:10C1B0006E20666F7220676C6F62616C20636F6DBA
:10C1C0006D616E64732C2065697468657220636CA0
:10C1D00069656E7420746F20736572766572206F66
:10C1E000722073657276657220746F20636C696566
:10C1F0006E742E0053657473206120666C61672035
:10C20000736F207468617420746865206170706C4D
:10C2100069636174696F6E206672616D65776F72B4
:10C220006B2057494C4C204E4F5420726573706FF1
:10C230006E6420746F20746865206E657874205A6F
:10C24000434C206D65737361676520746861742069
:10C25000636F6D657320696E206F766572207468F8
:10C2600065206169722E0053657473206120666CCD
:10C27000616720736F207468617420746865206141
:10C2800070706C69636174696F6E206672616D6550
:10C29000776F726B2057494C4C20726573706F6ECC
:10C2A0006420746F20746865206E657874205A432A
:10C2B0004C206D65737361676520746861742063D9
:10C2C0006F6D657320696E206F7665722074686586
:10C2D000206169722E005365747320746865204470
:10C2E000697361626C652044656661756C74205287
:10C2F0006573706F6E7365204672616D6520436F64
:10C300006E74726F6C2062697420746F207573652F
:10C3100020666F7220746865206E65787420636F84
:10C320006D6D616E642069662074686520636F6D51
:10C330006D616E64206973206E6F7420616C72652C
:10C34000616479206275696C742E0064697361623E
:10C350006C6544656661756C74526573706F6E735D
:10C36000651F00536574732074686520666C61678F
:10C3700020746F207573652074686520696E637220
:10C38000656D656E7465642073657175656E636552
:10C39000206E756D6265722066726F6D20746865BF
:10C3A000206672616D65776F726B20666F722074A4
:10C3B0006865206E6578742072617720636F6D6D9B
:10C3C000616E642E007573654E6578745365717582
:10C3D000656E63651F00436C6920636F6D6D616EF0
:10C3E0006420746F2063616C6C20656D62657241BE
:10C3F0006653657454696D652066756E6374696F04
:10C400006E20646F63756D656E74656420696E205F
:10C4100061662E680075746354696D651F0053650D
:10C420007473207468652074776F20627974652056
:10C430006D616E7566616374757265722073706587
:10C440006369666963206964656E746966696572AB
:10C4500020746F2075736520666F72207468652084
:10C460006E65787420636F6D6D616E6420696620FF
:10C4700074686520636F6D6D616E64206973206EF2
:10C480006F7420616C7265616479206275696C7487
:10C490002E006D6667537065636966696349641F42
:10C4A00000000000B4C40300ABBD0300A37B030085
:10C4B000FE000000C7BD030014C60300000000001A
:10C4C000D1BD030004C6030000000000DEBD030070
:10C4D000F4C5030000000000EBBD0300E4C5030049
:10C4E0000000000009BE0300D0C5030000000000EA
:10C4F00001BE0300BCC503000000000008BE03002D
:10C50000A8C503000000000016BE030098C5030084
:10C510000000000025BE030084C5030000000000E9
:10C520000FBE030074C50300000000001BBE030023
:10C5300060C50300000000000FA2030050C5030007
:10C5400000000000000000000000000000000000EB
:10C55000DDD302002CBE030069BE0300010100FF11
:10C56000418B000092BE0300D7BE03000101000111
:10C570000107FF00FD8A000024BF03008FBF0300F6
:10C58000010100FF3D8A0000B0BF0300C9BF0300E6
:10C5900000010100FF000000EFD30200EEBF030026
:10C5A00046C003000101FF00D7D302005DC00300B5
:10C5B000B4C0030001010207FF000000D1D3020054
:10C5C0005DC00300B4C0030001010207FF000000CA
:10C5D000CBD302005DC00300B4C003000101020719
:10C5E000FF000000F1890000D5C0030014C1030062
:10C5F000010101FF9189000033C1030078C10300EC
:10C60000010000FF4D89000033C1030078C1030021
:10C61000010000FFD58900009FC10300A5BF0300F2
:10C6200000FF0000A9D30200F4C10300D8510300A9
:10C63000FF000000A3D3020067C20300D85103002B
:10C64000FF0000002D890000D6C203004BC3030089
:10C6500000FF00000589000063C30300C5C3030099
:10C6600000FF000095D30200D6C3030015C40300E9
:10C6700002FF0000CD8800001EC4030092C4030026
:10C6800001FF5258206964656E746966793A747264
:10C690006967676572206566666563742030782512
:10C6A000782076617269616E742030782578005444
:10C6B000727573742043656E746572204A6F696E7B
:10C6C0002048616E646C65723A207374617475738E
:10C6D000203D2025702C206465636973696F6E208E
:10C6E0003D20257020282578292C2073686F7274CE
:10C6F000696420307825327800554E736563757211
:10C700006564206A6F696E00646576696365206C94
:10C7100065667400554E7365637572656420726555
:10C720006A6F696E0075736520707265636F6E66FF
:10C73000696775726564206B65790073656E642046
:10C740006B657920696E2074686520636C65617221
:10C750000064656E79206A6F696E006E6F20616398
:10C7600074696F6E00616C6C6F772072656A6F69B7
:10C770006E73206F6E6C790016C70300F9C6030054
:10C7800008C7030014C7030025C703003BC7030005
:10C7900051C703005BC7030065C703006E6F7420B9
:10C7A000004E4554574F524B5F0025702570555031
:10C7B0002030782532580054727573742043656EAA
:10C7C000746572204555492068617320257363683C
:10C7D000616E6765642E0025702570444F574E00CA
:10C7E0005F4641494C45440025704A4F494E2570EB
:10C7F00000454D4245525F4E4554574F524B5F4F97
:10C8000050454E45443A2025642073656300454DEC
:10C810004245525F4E4554574F524B5F434C4F5326
:10C8200045440025703A2025703A2030782578005C
:10C8300064697374726962757465640063656E74AB
:10C8400072616C697A656400466F726D002570696B
:10C850006E67206F6E2063682025642C2070616EE7
:10C860004964203078253258004572726F723A2040
:10C8700044657669636520646F6573206E6F74200C
:10C88000737570706F7274202573206E6574776F86
:10C89000726B20666F726D6174696F6E00496E769F
:10C8A000616C696420536563757269747920507294
:10C8B0006F66696C653A203078255800704A6F6958
:10C8C0006E20666F72202564207365633A2030788D
:10C8D0002578004C696D6974696E672064757261B2
:10C8E00074696F6E206F66207065726D6974206A5E
:10C8F0006F696E2066726F6D20666F726576657205
:10C9000020283235352920746F20323534005258B2
:10C910003A205A444F2C20636F6D6D616E64203055
:10C92000782532782C207374617475733A203078CE
:10C9300025580053696D706C650052583A20257077
:10C9400020446573632052657370004D61746368A1
:10C95000002C204D6174636865733A20256400449F
:10C96000657669636520416E6E6F756E63653A200A
:10C9700030782532780052583A20494545452041C3
:10C9800064647265737320526573706F6E736500B3
:10C9900052583A20416374697665204550205265AB
:10C9A00073706F6E73652C20436F756E743A20251B
:10C9B00064004E6F6465002C204D6174636865737C
:10C9C0003A20307825327800737461636B20766585
:10C9D000722E205B25642E25642E25640020257090
:10C9E000206275696C642025645D005A444F0053D1
:10C9F0004500484100436C757374657200476C6F65
:10CA000062616C00257074782025782C20005072AB
:10CA10006F66696C653A2025702028307825325879
:10CA2000292C20436C75737465723A203078253256
:10CA3000582C2025642062797465732C00205A4399
:10CA40004C20257020436D642049443A2025640021
:10CA50005072652D52656C6561736500416C70683C
:10CA600061203100416C706861203200416C706857
:10CA70006120330042657461203100426574612099
:10CA8000320042657461203300474100000000001D
:10CA900050CA0300110000005CCA0300120000002D
:10CAA00064CA0300130000006CCA030021000000E8
:10CAB00074CA0300220000007BCA030023000000A8
:10CAC00082CA0300AA00000089CA0300FF00000018
:10CAD00000000000000001526573657420696E66F5
:10CAE0006F3A203078257820282570290064656CFD
:10CAF0006574652062696E64696E673A20257820E6
:10CB0000257800080109020A030B040C050D060E26
:10CB1000070F081001180119021A031B041C051D38
:10CB2000061E071F082001210222032304240525D5
:10CB30000626072708280129022A032B042C052D85
:10CB4000062E072F0830013102380239043A08E076
:10CB500004E104E204E802E902EA04F008F110004A
:10CB6000000000000000020570CB03000500120069
:10CB700000000000D4CB03000900000040000000CA
:10CB8000000000000300000040CC0300020004008D
:10CB900040000000000000000400000058CC03002A
:10CBA000020003004000000000000000050000003B
:10CBB00070CC0300060008004000000000000000E8
:10CBC00006000000B8CC0300020003004000000093
:10CBD000000000000000200120000000080000000C
:10CBE00001002001200000000000000002002001E0
:10CBF00020000000000000000300200120000000D1
:10CC0000000000000400422120000000000000009D
:10CC10000500422120000000000000000600421133
:10CC2000200000000000000007003001200000008C
:10CC300000000000FDFF21022000000003000000B2
:10CC4000000021020100000000000000FDFF2102A1
:10CC500000000000020000000000180100000000B9
:10CC600000000000FDFF21020000000003000000A2
:10CC70000000200100000000000000000100200171
:10CC8000000000000000000002002102000000007F
:10CC90000000000003001001000000000000000080
:10CCA000040018010000000000000000FDFF210248
:10CCB0000000000003000000000010010000000060
:10CCC00000000000FDFF2102000000000200000043
:10CCD000030000080300000203000108040000082C
:10CCE000040000020400010804000102040002081C
:10CCF0000400020204000308040003020400040804
:10CD000004000508050000080500000205000108F0
:10CD100005000102050002080500020205000308E3
:10CD200005000302050004080500040205000508CB
:10CD300005000608050006020600000806000108B6
:10CD40000600020804004100E59B000003004100CA
:10CD5000F9DB0200030042001FDC02000600410074
:10CD600057DC020005004100CDB00000008000004B
:10CD7000000000005752495445204552523A2000C5
:10CD80002570657020257820636C757320253278B6
:10CD9000206174747220253278206E6F7420737550
:10CDA00070706F72746564002570696E76616C696D
:10CDB0006420646174612074797065002570617409
:10CDC0007472206E6F74207772697461626C650092
:10CDD00057524954453A206E6F2077726974652C1A
:10CDE000206A757374206120746573740052454124
:10CDF000443A206174747269627574652073697A4B
:10CE00006520746F6F206C6172676520666F722099
:10CE100063616C6C657200636C6E74007372767221
:10CE200000525700524F00202052414D2020002038
:10CE3000746F6B656E200065787465726E200045B6
:10CE40004E44504F494E5420257800636C75732032
:10CE50002F2073696465202F2061747472202F2045
:10CE60006D666720202F74797065286C656E292F98
:10CE7000207277202F2073746F72616765202F20D6
:10CE80006461746120287261772900253278202F2F
:10CE9000202570202F20253278202F20002D2D2DA9
:10CEA0002D00202F2025782028257829202F2025A7
:10CEB00070202F202570202F2000556E7375707004
:10CEC0006F72746564004F544120524541443A20CA
:10CED00065703A2578206369643A25327820617458
:10CEE0007469643A253278206D736B3A2578206D29
:10CEF00066636F64653A25327800524541443A20B2
:10CF0000636C7573202532782C206174747220252F
:10CF10003278206661696C6564202578005245414D
:10CF2000443A20636C7573202532782C2061747428
:10CF300072202532782C20646174614C656E3A2031
:10CF400025782C204F4B00257820002825632925A3
:10CF5000582558255825582558255825582558000E
:10CF60002570642C2064726F7070696E6720657024
:10CF7000203078257820636C7573203078253278DE
:10CF800020636D6420307825780047656E65726196
:10CF9000746564005265636569766564004469730D
:10CFA000636F76657220436F6D6D616E647320727E
:10CFB0006573706F6E73652028636F6D706C657438
:10CFC000653A202563292C202573204944733A2093
:10CFD00000307825582000524541445F4154545256
:10CFE0000057524954453A20636C757320253278B6
:10CFF00020617474722025327820004641494C200B
:10D0000025780057524954453A20746F6F20736851
:10D010006F727400444953435F4154545200257069
:10D0200025703A20636C757320253278005F45586F
:10D03000540053766320446973633A200025705787
:10D04000616974696E672025642073656320666F6B
:10D050007220646973636F7665727920746F2063E0
:10D060006F6D706C65746500537461746520636FD7
:10D0700072726573706F6E64696E6720746F20746E
:10D080006865207468652072657175657374206EBB
:10D090006F7420666F756E640A002570636F6D7023
:10D0A0006C6574652E0A0025705365727669636538
:10D0B00020446973636F7665727920537461746577
:10D0C000206C696D69747320726561636865640AB8
:10D0D000002570496C6C6567616C2062726F6164D9
:10D0E0006361737420616464726573732C2072656C
:10D0F0006D617070696E6720746F2076616C696411
:10D10000206F6E652E0025704661696C6564207421
:10D110006F2073656E64206D617463682064697349
:10D12000636F766572793A203078257800257053E0
:10D1300074617274696E6720646973636F76657277
:10D140007920666F7220636C757374657220307815
:10D150002532780025704661696C656420746F2003
:10D1600073656E642049454545206164647265734A
:10D170007320726571756573743A20307825780074
:10D1800025704661696C656420746F2073656E64F8
:10D19000204E574B20616464726573732072657111
:10D1A000756573743A2030782578004572726F7215
:10D1B0003A202570206261642073696D706C65206F
:10D1C00064657363726970746F72206C656E6774E6
:10D1D000682E0025704D65737361676520746F6FED
:10D1E0002073686F72740025704D65737361676595
:10D1F00020746F6F2073686F727420666F72206E78
:10D20000756D2E20656E64706F696E747300257085
:10D210004D61746368257020666F756E6420667258
:10D220006F6D2030782532782E004572726F723A19
:10D2300020257020696E76616C6964206C656E676C
:10D2400074682028256420213D2025642920666FEC
:10D25000722041637469766520456E64706F696EF3
:10D260007420726573706F6E7365002570676F74DC
:10D270002061637469766520455020726573706F14
:10D280006E7365005554432074696D653A202564BA
:10D290002F25642F25642025643A25643A256420CF
:10D2A0002825347829001F1C1F1E1F1E1F1F1E1F2C
:10D2B0001E1F28556E6B6E6F776E20636C75732E14
:10D2C000205B30782532785D29000D0A54253478AA
:10D2D0003A005258206C656E2025642C2065702021
:10D2E00025782C20636C75732030782532782000E7
:10D2F000206D66674964202532780020464320254A
:10D30000782073657120257820636D64202578204E
:10D310007061796C6F61645B0007021F012F003739
:10D32000013F005701DF02E700FF0200000000009C
:10D3300000000000000000000000000000000000ED
:10D34000000000000000000000000000426173695E
:10D3500063004F6E2F6F6666000000000000000043
:10D360004CD30300040000002DB2030003000000B2
:10D37000328003000600000052D3030005000000C5
:10D38000A47E0300FFFF000000000000257052583B
:10D3900020706B7420746F6F2073686F72743A2002
:10D3A0002564203C202564002570525820706B7441
:10D3B000206D616C666F726D65643A202564203C57
:10D3C000202564002020456E61626C656400202089
:10D3D00044697361626C6564004572726F72207299
:10D3E000657472696576696E6720696E666F20661E
:10D3F0006F72206C696272617279204944202564E1
:10D40000002573206C6962726172792573207072D5
:10D410006573656E740020204861766520526F75D3
:10D4200074657220537570706F7274002020456EA1
:10D430006420446576696365204F6E6C79005A6993
:10D44000676265652050726F0042696E64696E673D
:10D4500000536563757269747920436F7265005378
:10D4600065637572697479204C696E6B204B6579C0
:10D47000730043424B45203136334B310043424B1E
:10D480004520445341205369676E004543430043A0
:10D49000424B4520445341205665726966790050DD
:10D4A00061636B65742056616C6964617465005AD0
:10D4B0004C4C0043424B45203238334B31004543FE
:10D4C00043203238334B310043424B4520636F7267
:10D4D00065004E4350004D756C7469206E6574771D
:10D4E0006F726B00456E68616E63656420426561B2
:10D4F000636F6E205265710043424B4520323833D2
:10D500004B312044534120566572696679004D7550
:10D510006C74692D50414E003ED4030049D4030081
:10D52000A37B030051D403005FD40300A37B03005B
:10D5300072D403007DD403008BD403008FD4030086
:10D540009FD403002DB90300AFD40300B3D403006C
:10D55000BED40300C8D40300D2D40300D6D4030041
:10D56000E4D40300F8D403000ED5030060090000E2
:10D570000080000000000000000000443A2F4765D2
:10D58000636B6F2F6765636B6F5F73646B2F707274
:10D590006F746F636F6C2F7A69676265652F737440
:10D5A00061636B2F73656375726974792F7A69672C
:10D5B0006265652D73656375726974792D6D616E31
:10D5C000616765722D6E6F2D7661756C742E6300C8
:10D5D0000000666E692B00666E69006E616E006603
:10D5E0006E692D0000000000000000000000F03F08
:10D5F000000000000000244000000000000059402E
:10D600000000000000408F40000000000088C34080
:10D6100000000000006AF8400000000080842E41F5
:10D6200000000000D01263410000000084D7974141
:10D630000000000065CDCD410202030000000000A3
:10D640000000020800000000FFFFFFFFFFFFFFFFD8
:10D65000FFFFFFFF000000000000000000000000CE
:10D660000000000000000000000000005241494C92
:10D6700000000000A0000000391801005000000068
:10D6800019190100FA04FA000033330A0A0A0304E4
:10D6900004080808080808400021000000010000F4
:10D6A0000101000101010000000000000000000075
:10D6B000A806000048704C0D4470D80C30706412FD
:10D6C0003C70AE163870340D34705A0D30700A0F3D
:10D6D0002C700A0F2870DC102470F41020703E0D9E
:10D6E0001C7080111870F21114703A0DB11007609F
:10D6F00001D80A7108B87F78020C7E78641000C6E1
:10D70000A01F00218CB8707801B007680F305CB39F
:10D710000F330111C04806984A022FB006D80C7189
:10D7200009DD087100B853A809BB1110076801682A
:10D730002148076004100112FF3221500760514850
:10D74000076000880698441300C4401F002103DDD1
:10D75000087214BA281400A000BA03DF107109DFA0
:10D760000672029860058CB8507800A04413281403
:10D7700041158110076002D81471108806982E1880
:10D7800000C00C70084006987C1A00910698600250
:10D790000060B83020D8067190BC637C784D54127C
:10D7A000F03240DE0472404804DB08720DDD0C727A
:10D7B000044BEF3014480698FC0600C4E010084003
:10D7C0004412076201322140084C287C811140D963
:10D7D0001C72B1123032CF4A013AB1DA107208D855
:10D7E000067104D80871B04C237C4070684C441218
:10D7F000FF328722047580B8D84C81D8327140D965
:10D800000472237C084B0698FC0604BA88B9767922
:10D8100000C1186008403579E049007906B904A9CB
:10D8200001D86E72227CBC4C307C0298320208D83F
:10D830003C7100C14C000840141110D93071104CDB
:10D8400000C11400084014111814076100C52060BD
:10D8500008405415FF35047110491814A84C44129F
:10D8600007620132067102981201B84C08D80C7197
:10D8700007BA24D8047106BA187004D80C7101BA1A
:10D8800040D80E7102BA0A7005BA20D8047203BAE1
:10D89000227C604C4411404C1814076118149111FB
:10D8A000383111429111076910D90472EF3200C169
:10D8B0000060084014111031016911422814A111AF
:10D8C000076118140698621A181400C10060084015
:10D8D00014110769FF31181400C13C3008401411BD
:10D8E000181407611814308802480698C005009380
:10D8F00008DB047101F800A05CB00F3000A01088B4
:10D90000B111076980D90A7100C18000084008116F
:10D91000009100A000C400010840441000A000C015
:10D9200020300E40041104101050F47200A0541561
:10D9300050451271069806070698960618B8707832
:10D9400000B841780698400390BA5B7A5C7A5D7AB9
:10D9500000C218500840241200C1501F0021281195
:10D96000069838182088008800C5441F00215415E7
:10D970005112FF350762FF3206986A020159512998
:10D98000047511590090212920750698860406987F
:10D99000A2040698FA02009203D80C728111076162
:10D9A00002D90472FF0FBA7018B8727800F804D860
:10D9B00042710088308800C0FC1F0021041000C1A3
:10D9C000501F00211412012A215A00C31850084088
:10D9D0003413312A1A7500C0006008400410073063
:10D9E000FE200C76381108B87F78020C7E78009300
:10D9F000009000A000C0F41F0021041000BB1DB463
:10DA000000A000C1DC1F002114111088FF3100C5E7
:10DA1000FFFF0000311207620762513A513B0E725C
:10DA20000698720C1159011201131E7031140088EE
:10DA300031100698720C1159415C41280698740CFB
:10DA4000513801130090012B0090208807600114C9
:10DA50000760FF30215D411207620762312D0876B1
:10DA6000FF34415C4128015D31100698740CFF3091
:10DA70003088011300C0E01F00210410512B0C76E8
:10DA8000076801150768FF356070315BFF32212B95
:10DA90000C75076001150760FF354E7000C5E41F67
:10DAA00000215415076507655112FF35FF30012B22
:10DAB000087521100760327021100768FF30012BB4
:10DAC0000A75211007600760207000C2E81F00215E
:10DAD0002412211007600760FF30012B0875211008
:10DAE0000768067021100760FF300093009200C1A4
:10DAF0000060084014142C490734FE242A761415BB
:10DB0000F0BC076C513C076803680154107100C4F5
:10DB1000FF0FFFFF513C01444811311200C5E81FBF
:10DB200000215415FF35076207622143544914123E
:10DB30002155FF355152281100A001D818710088D5
:10DB400000C00470084004108020FF300671069861
:10DB50004E03009000A002D8047200A0008806982E
:10DB600096061DB428B9112C408800C3EC1F002173
:10DB7000341440445A71441306982005411500C0DE
:10DB80000060084004100730FD20447500C2087092
:10DB9000084024100760FF3080DC34710698AE0C1A
:10DBA00001591C4A241007600260FF300698AE0C31
:10DBB0000158B2200129541331100698AE0C1128D7
:10DBC0000A75042554155045EE72069820050094F8
:10DBD000009000A07FB9066100C01C600840069854
:10DBE0004A1304155153113B3155581002984413F0
:10DBF000EBBD00C0401F00210411113D10D912716E
:10DC0000FF33076B00C190400846381118B974798A
:10DC1000581000A0069860028024E4240D3004729D
:10DC2000044800C11C510840141100C3DC1E00212F
:10DC3000911504351A72181388BB08D804716C7BCF
:10DC400004D804716A7B8CBB2F7C5B7B16703C4BC9
:10DC5000181388BB08D804716F7B04D804716D7BDE
:10DC6000217C0C300160069882060698680B0698A5
:10DC7000320700B8B111076940D9067202986606EA
:10DC800001BC00C20060084000DC0A712415016577
:10DC9000604A0A701C4A241507657C4A043508D975
:10DCA00020712024512A241200C180000840320C27
:10DCB0002811076228110762281107622811500CE9
:10DCC00000C1381F0021141200DC1A7120D806711F
:10DCD00001B80C70F0DA0C720CDB087102B806980F
:10DCE0008A0648240449141100C380000840FFB884
:10DCF000012011410871014118130824014200C19B
:10DD00002000084014110141036D51419115203547
:10DD1000016D514118132813481300C37C000840BB
:10DD2000341003D80C71073005DC0671084B227BD8
:10DD30008CB8507800B800C1381F00211412036855
:10DD40002150F0300152281100A04024066400C088
:10DD5000FFFF0100013C1DB002200158402806755C
:10DD60001EAC01EC00A0208800C01850084004122E
:10DD70001DB4211304123052F871066C402400C304
:10DD8000741F0021341014110698C00C066900920B
:10DD900011592129067600BB11590698960C80B8B6
:10DDA0000158013A0662313B0472215A412A00A00F
:10DDB00000C200010840317A00A0308880B90769AC
:10DDC00000C30000C0FF3110312800BC002D0C75CD
:10DDD00011541EAC01EC312DF470066C51134155F9
:10DDE000312C009300A000C028400E400413315194
:10DDF00007610C3107691153381000A006984A08D2
:10DE000000C0F41F0021041106983207217A237AFA
:10DE100000C3000010000698720700C0581F0021C0
:10DE20001DB1181000A000C0541F00211DB1181012
:10DE300000C09C1F00210410002D067500B826A804
:10DE40000698060700C09C1F00210410012C0675CF
:10DE50000698960628B010B9115911380EB911401C
:10DE600028A880B800C144300840081100C1F01F44
:10DE700000211410303B06710760076000C40830B1
:10DE8000084044111150FF30015118146FB8076851
:10DE900026A8217A050C21102048267800C063EFBF
:10DEA0000000314026A8050C20ECB11140D90872C1
:10DEB000247A20EC217A184826A828B00AB9015102
:10DEC0000F31115028A8050C207A20EC0F0C98B8BF
:10DED0004678417806986A0200C2441F0021241047
:10DEE0000151FF311150081200A006984A0800B8ED
:10DEF00026A800C05C1F00211DB1181000A030B87A
:10DF000040780DB101D9FC72427800C074300E40E7
:10DF100004114CBA407A1810144804115C7A181095
:10DF2000A4BB707B4E7B4F7B00C20430084000A036
:10DF300006984A08217A227A00BB0698720700C028
:10DF4000681F00211DB11810A4BB00C040300E4056
:10DF50000411033101492872B11207620762304887
:10DF6000041121510F3118726E7B6F7B1048041120
:10DF70004CBA7C7A181014480411607A1810B11049
:10DF800002D81071707B30B8627860780DB001D81B
:10DF9000FC7100C0F8600840041101D90C7100C088
:10DFA0001800084002B9181008B86E780EB84EB1C3
:10DFB00010D90C723EA8140C0FB83EA8107044A8DB
:10DFC000140C01B800C1B0300E40081100C07780B9
:10DFD0001F003DB201423DAA00C0FFFFFFFC013A15
:10DFE0003DAA140C00C077E01F0001423DAAFFB813
:10DFF00045207D7808B87E7800C12460084014115F
:10E0000007610631087100B906985A1006984A133C
:10E01000B11101D90E710698881A02D906720698B4
:10E02000AE0B06984413511406989606F4B845783A
:10E030000A0C00C0641F00211DB118100298341092
:10E04000FFB845205D7803B8076044A83EA800C12A
:10E05000B0300E40081110B807683DB101393DA934
:10E0600008B86F7800A046A800C0FFFF0000013B81
:10E07000076356AB94BA437A01D91471013C47B394
:10E0800000C0FE20FFFF013B314447AC637AFFB87C
:10E090002120407802D90471607800A0C8BC066CC9
:10E0A000415C512C06750698960606986E0DB110C7
:10E0B000076805D8347140BA06981A1308B865780D
:10E0C000911004D8187188B86E78577800C0640031
:10E0D000084021780698821001400A728CB8427874
:10E0E000069856130298400B08B86C7820B85978F7
:10E0F0005B7800C0F44008407878797800C1C81F88
:10E100000021141040A8184914130449408814141D
:10E110000C4914118112076A006A01DA187188B873
:10E12000577800C0CC1F002104100161076307630A
:10E13000076407640698B20900944EB010D8427282
:10E140004DB161B80158113840B102D90A72604826
:10E1500004BB41540870204802BB02BC4DA8F8B86B
:10E160007078190C3EB141413EA9F4B973797378C6
:10E17000717800C4F840084000C200410840227095
:10E1800000C20000010044AA230C00C200000B00E2
:10E1900044AA00C41041084000C21841084004BB12
:10E1A000587C050C597C0C240F0C2FAB050CB110BE
:10E1B00008D81471647A657A1CB879787B7820B8AD
:10E1C00079787B78607CF42441130698FC0651141E
:10E1D0004044067506989606727BFFB84D20050CE4
:10E1E000687840EC00C0601F00211DB1181091102C
:10E1F00004D8147100C0BC1E0021041080D8067120
:10E200001CB8737800F818B800C1D81E002100C2ED
:10E210001850084024122811767800F800C0B86021
:10E22000084004110761076180D9047240EC00C402
:10E23000F84008404EB010D80471182441130C2344
:10E24000527C407B11512FA9050C797C0A0C00C02F
:10E25000000001020814787C050C507C08B86D7829
:10E2600000A000C0287008400411108800C10018E8
:10E270000040181044480411108878480411108890
:10E2800000884CBA757A18103DB11088F4B84278FD
:10E290004420727828487378F8B873784FB200C475
:10E2A000FFFF8080413A4FAA01BC0164411307631C
:10E2B00000C06C70084003B918100110011001B9BA
:10E2C00018100110011001100110684804110761B5
:10E2D00001B80160003A0471044904D90472415242
:10E2E0000760003A0471084908D904723152046089
:10E2F000003B0E7200630064314241424FAAB2708B
:10E300004FAAF8B8537818205378284852780091CB
:10E310003DA90090009118100091784818100091C4
:10E320004448181000A0115910D906710760076001
:10E3300008D90471076004D90471036002D904711B
:10E34000016001D90471006000A000BA01D8067113
:10E350000148112A0069006001D8F6720138F6728E
:10E3600000A08020FF30FF48812000A000C218508C
:10E370000840241211592129127300210E7100C284
:10E380003050084024120121212900A006984A0893
:10E3900088B8577800C57C1F00215088044D88BC80
:10E3A00000C0C81E0021811101D91E71407C00955A
:10E3B0000115044D50881C4DFFBB076B315B0411E8
:10E3C0000698B80C3129F8750698761954150698F0
:10E3D000881A01D9087206987C0806700698DE082B
:10E3E00088BB547B009500F806988C090E7006983F
:10E3F000680B06988C0906986011069836089112E9
:10E40000211900C0246008400A78097800F810B982
:10E4100001BA069810130698341000C57C1F00211D
:10E4200000F89112033288B900C3BC1E00213413D6
:10E4300000C4A81008408CB84278707903DE0671D9
:10E4400044786E707179A11020D806710298160F69
:10E4500080DB507102D84C7205B8308807630763BF
:10E4600002DB2A7100C3AC0008403413066380DB72
:10E470000472804800C3102008403413315B0472DA
:10E4800040483128312802600814076800930814B6
:10E49000A11010300248081400B808149110076049
:10E4A00008148CB86278A11000DC0676517900BAA5
:10E4B00080DB587100C000000200003B4E715088A4
:10E4C0004110344803DE04719048041508200411FB
:10E4D000F82058101C2021780698AE0E00C0A40029
:10E4E00008400E7810D91C7151451A7100C53400CE
:10E4F000084407B8081500C53400084604B80815D4
:10E5000004702E78069874160095911120310269D6
:10E51000911004D80E7200C14C1F0021141101D9B2
:10E520000A71208806985A10009200C1180008400D
:10E530000533054B1872184C03DE0471904C4414DB
:10E5400000C3FF1F0000413BFF233811B849076A91
:10E550000698A20E0449087909791410214008117F
:10E5600000A000C554000840541551455071108852
:10E5700000C13400084407B8081101B83088076B9F
:10E5800040DB247100C0370C00000811364800C57C
:10E59000D01E0021541102D90E72104801D9087101
:10E5A00000C01104000000C134000846081100C179
:10E5B00034000840141530350093009100A000BDD0
:10E5C0000698440210B903DC047100B901BA069838
:10E5D000101302D9067100404E7201B107690F3164
:10E5E00006988210FFD82872811008D8187106DDAD
:10E5F0000A710698440203DC0C720698C81006984B
:10E6000056130C7006DD10710698CE10487020B8B5
:10E6100002A806DD107206988C090698360801F8E3
:10E6200040B802A800F800C0BC1E00210413076314
:10E6300001DB227191100111076911388CB910D8D2
:10E64000087144790298160F02DBFA72A11328DBD5
:10E65000F47203BD0698281006988C098CBA7F7A4C
:10E660000698FC0600C5801F00210698440200BAE7
:10E6700003DC3272044DA11002D804710C4D00C0AD
:10E68000140008400410026800C3701F00213411F8
:10E690001128FC2334110698960C00C10C51084037
:10E6A0000698B2065415212D00C0F86008400411E8
:10E6B00001D9227100C03C1F00210410033001DC8D
:10E6C000147200C0140008400411FD21087602BA3B
:10E6D000076A212D069848070298E809911001550C
:10E6E00003355150011900A000C1481F002114102A
:10E6F00001D8427101480760FE200E75811020D8B4
:10E70000087100C14C1F0021141101D9287100C0EB
:10E71000246008400412215107610F31076911522A
:10E72000281000C0006008400411911221512031CE
:10E730001152211900A0811380DB067201B800A0DC
:10E7400000C30C5008403410063030727C4B341239
:10E750002C4B34100760076040302072811080D845
:10E76000DC713410014A07620360803021508C480C
:10E770000A717F2355233410013000A000BD069894
:10E78000281088B847784578437800B8447800A0C6
:10E7900006988C090698C81000C58C1F00215415D6
:10E7A000069848070298E80900C374000840027BF5
:10E7B00006984A1350BA06981A1306988210FFD882
:10E7C0004A71911004D84872811007601CD84072B9
:10E7D00020D938721112FF322151347180218021E9
:10E7E000111400C0E41E00210413FFBA3151113A84
:10E7F000215111538CB938107B7940440E7200B905
:10E8000000C2C41E00211812067008B8607806986D
:10E81000441300F800B900C29C1008401812244AA2
:10E820000AB9181288BA507A517A577A8CB9427953
:10E830005F7900A00698440207DC10729110002056
:10E840000A75069860110298660D0698360801B997
:10E85000911004D8047100B910BA0698101300BAC8
:10E8600000402A7100C0BC1E00210411076101D9BB
:10E87000127104D9E2728110076001D8DA718CB884
:10E88000647800C11C5108400698B20606986011D1
:10E8900000C5901F00215415212D06987C0800C545
:10E8A000941F002100F800BC811108D9167280D98C
:10E8B000207201B910BA0698101300400E7101BC05
:10E8C00010700698C8100698561320B802A800F8D1
:10E8D0000698601181110231127100B900C20C104A
:10E8E00008401812244A02B918120698C81000C528
:10E8F000981F002154150698001A0298E80904117F
:10E900000121147188BA737A04200412281104209A
:10E9100004110121F47200A00698FC0601F8911080
:10E9200010D8347106984003069886040698A2040D
:10E9300000C51C51084054110698B80C00C5D41EDF
:10E94000002154155129E27518B875788CB84478AF
:10E9500001B802A800F8B110076810D82E7100C0E5
:10E960004810084000C3000008403114884C44118E
:10E970003411076101D9FA71441228100762281076
:10E980000762281007622810E87000C1BC1E002131
:10E99000141080D82C7100C154000840141111418A
:10E9A000207100C1000002401038167100C0340010
:10E9B000084407B9181000C03400084601B91810FF
:10E9C00002987A020698600211380472016A00BB4C
:10E9D00000C1E41E0021141120390C72911210DACA
:10E9E0000672417B00A006984A1300C2BC1E00219B
:10E9F000241220DA0472617B88BA527A00A088BAA5
:10EA0000727A811204DAFC7200A088B86B785778A9
:10EA100000C0640008402F7800A006986E100763BD
:10EA2000076390B9637900B902DB3671311207626E
:10EA300040DA2E7200C254000840241001402272B5
:10EA400002EC00C909B801D9507200C2AC000840FC
:10EA50000E7A10D904722E7A06987416E031076186
:10EA600002EC00CD114502EC00CC01DB087100BBCB
:10EA70000298CA1703B841110731FA211C76062102
:10EA8000911210DA087102DD10721E7020B806981B
:10EA9000720C3038147208B80698820600C0240040
:10EAA00008402978207800F8046020D80671029880
:10EAB0002C1502EC00CA05B823DA187104DBDA71F0
:10EAC00020DAD67110DAD27290B8617800B801DA23
:10EAD000067202EC00C8911110D9267100C1CC1E3B
:10EAE000002114111150FF300C720661A110115059
:10EAF00002300A7180DB0A720AB89E708CB97C7988
:10EB00000768911111402111C0311140011990B8CD
:10EB1000411108D90471667820D904726578A11072
:10EB200002D80672C0DA1E7190B8273123DD087250
:10EB300010DB1072607825DD0A7121DD087208DBB8
:10EB40000471627803B8411107310872A1152035AC
:10EB5000AA7102DD3272A11120D9A07102D92872E6
:10EB6000CCDA9872411140D9927206B802DB10716A
:10EB7000046500C1102008401411112D112D054D00
:10EB80005C720298BA1321114049C0D94E71A0316C
:10EB900041154035016551410361076308DA1E7272
:10EBA00004DA38721049A1150235067110DB0E72B5
:10EBB00001340A7108DB247190B86778CC321110E7
:10EBC0001A300ADC0872CCDE0471FD3100C00D0F72
:10EBD0000C0D0698740C01D8607207B80298E41303
:10EBE00000BA411108D90C7102EC00CA05B830DA3C
:10EBF000EC720734F031026101DA0471014900C09E
:10EC0000F300A3E30698740C01D8D07100C09814E7
:10EC100040680698740C4030014440DA0471204C7E
:10EC200004320162204A1110063000680142183196
:10EC30000269114202980214204A00C005170850C8
:10EC40000698740C113001422088FFBB0DDA507118
:10EC500000C1DE1B250180BC04DA107208DA0A72DA
:10EC600000C120841000E024A02407634143016414
:10EC700001DA06711E49024B00C02C1F00210763F8
:10EC80003810BC2002DA127101B91159A11380DBCE
:10EC9000087100C100FCFF0118100298561700C44B
:10ECA000BC1E0021441080D87C710092D0DA06711D
:10ECB0000DDA0C7190BD437DEFBD06983E050362F1
:10ECC0000DDA8672A11105D95C7100C238100840B6
:10ECD00024120C24281401D9067202D9327140D9A9
:10ECE0001E7102EC00CA211018320471FA2220D8D9
:10ECF00004720822FE22087502EC00C8F87001D9DF
:10ED00000E7102EC00C802D9067204DC187200C051
:10ED1000BC1E00210410026801D8067190B8647806
:10ED200018B873780298CA1700C50020084000C0C0
:10ED30000417000008D904720A480815104D00B8DD
:10ED400008D90472FF200815084D00C0088400008F
:10ED500008D9087200C02083B8ED0815104D207D39
:10ED600000A000B8011A00C0740008400278911099
:10ED70001030011905BA06981A1302D9067101B8A4
:10ED800002A800C0BC1E0021041380DB067102989B
:10ED900066138CBA7C7A01DB6C7100C2301F0021D3
:10EDA00024111114FF3402EC00C8FF24FA76076125
:10EDB0000698820C036111380F30036111140111A0
:10EDC00041100698820C01D8087203B80298E41327
:10EDD000044A02DB24712410112811280412023085
:10EDE00006710762076200C0FFFF0000213800C201
:10EDF00018000840FF200812411007600698820C96
:10EE000001D87C7120BC1033767100BB00C12C1F6F
:10EE100000211415C021112C5112076A0F320E71F6
:10EE2000408851140698FA1741430094511207651F
:10EE3000036A0F320E71411151140698FA17036CD0
:10EE400041430765513B00C1E81E00211411111216
:10EE500031100F30127100BA046101D804711142EF
:10EE600000600FD8F472311002601E30047201B8D5
:10EE7000003A087204B80298E4130298EA1500C038
:10EE8000381F002104110F3103DD1A7200C0006029
:10EE90000840041007D80E7200C01040084004B9A2
:10EEA000181000F806986E1006983C0500F8308897
:10EEB0005088FF34087102ECFF24F87002EC00CD9A
:10EEC000141001BB5150FFD8047131440760006B2E
:10EED00010DBF2710421FF22E4720F4C00950093C5
:10EEE00000A000C1C01E0021141100A030880698A7
:10EEF000381A8111076102D906720298141988BB69
:10EF0000557B076120D90671029804190088A11069
:10EF1000076806982E1808211415FC2590BB5C7B09
:10EF20005D7B00C10060084014110731FE2130767E
:10EF300008D82A725113FC23341304DB2071076BA9
:10EF4000FF33315B00C1087008401411076180492C
:10EF50000C71FF313029547590BB7B7B10707B7B2B
:10EF60007C7B00DD04717D7B01BB3815EC255413DF
:10EF700000DF5471042505DF5471541521112088D8
:10EF80000698B80C009251293E7500C100600840F7
:10EF9000141102DB0C710731315B31292A760C70B8
:10EFA00004DF0872006180D91E7206982E1800C016
:10EFB0000870084006987C1A06982E181411FFD97C
:10EFC000607202985A190090009300A05415A11184
:10EFD000076910D9A672082508D8A071082510D88D
:10EFE0009A71208821110698B80CFC255412112A18
:10EFF000F82554110C2520D80871F025541110253E
:10F00000202904762159181500920298C61818B9BB
:10F010007179811010D80A7188B8447800B84178A5
:10F0200088B9747908B9677900F88110A0D8087197
:10F0300088B9497900A0076002D8FA7106982E189D
:10F04000108806984A130762076210DA08710821CF
:10F050001415F025541100C20020FEFF202912755E
:10F060000698881A01D90A7206988C0906983608FB
:10F0700000941CBB41100C2006984A124111082133
:10F08000141006984A123128441111120761FF31F9
:10F09000FF3201221052107207691814042444131D
:10F0A000042438140C70076921411814082408142A
:10F0B000029844134044147100C1C41E0021141569
:10F0C0005113036B0FDB0C72066D06980607411592
:10F0D00000A00698360806984A1308BB51140698F3
:10F0E000C0194415FC2554150298480788B900C377
:10F0F000BC1E00213413076308DB1A718113A0DBE7
:10F100000671497910706979076302DB087208B9E2
:10F11000677900F800A08111076102D9107188B9E0
:10F12000757906982E181411FF3100A0FFB900A0C0
:10F13000041008211411F421081100A081110761A5
:10F14000076110310E7106982E1808211411F8214C
:10F15000141100A059500100115001001D50010070
:10F16000F15001003B0D03006B1003006F10030012
:10F170007B100300731003007710030000000000F1
:10F18000480100008817002094F1030000000000EF
:10F190000000000050F2030000000000ACF103008A
:10F1A000010000000000000000000000D0F103009A
:10F1B0004063598F404B4C000B000B001A00FF7F3F
:10F1C000C412002000000000000000000000000049
:10F1D000F81F0101F4F30300DC1F040102006206C2
:10F1E00009C805780704DC0678070607F41F010143
:10F1F00001000000FC1F01010000000038000200B7
:10F2000000000000000000002C6002000050010F10
:10F2100040B80040786001005063820BE860010054
:10F22000590B00001470011000F807001470013031
:10F23000F500000018700100001800007070030055
:10F24000030101000F9C030006E04900FFFFFFFFE0
:10F25000F01F01013F00370004000200018014008C
:10F260007F00000018000200000000000000000005
:10F270002800040000000000000000000000000062
:10F280000000000040000100A0070000480001004D
:10F290000000000054000200000000000000000018
:10F2A000A000040000400000FF4C000000410000EE
:10F2B000FF4D0000002001000407000010200100A5
:10F2C0000000000018200100088400000830010040
:10F2D00013AC00013030020024491000010000008E
:10F2E0004030010000000000A04001007A27000F1C
:10F2F000B840010000C0A300F4400100201000004D
:10F300003441020080080000E6870000404102000E
:10F310006D008800C0E6524D60410400000000000E
:10F320000000000006000000060000001460060057
:10F330001000000020F913040B0072006070000040
:10F34000008000000000000350600600FC0069001F
:10F350004108000001000000B0070700700A00002B
:10F36000000000007C600B009BC34A74F0030000A7
:10F3700003800000BE0A00000101103050707F7F42
:10F38000000000000000000000000000000000007D
:10F3900000000000E46001008000D78BEC600500F5
:10F3A000640483078813C83A9C200600006120008B
:10F3B000B756852004610300383E1200203000005B
:10F3C00088BB000020610100001E00001C700500C9
:10F3D00060000505030050AB8200000000008001C2
:10F3E000D5000000487002003C3D0000BC19000040
:10F3F000FFFFFFFF0D000000D754030000000000D6
:10F4000048F4030040F4030000000000001A9A00D2
:10F41000005A620280841E00042000002449000279
:10F4200000000000000000000000000000000000DC
:10F4300000000000D1841E00000000000000000059
:10F44000ED17000000000000193F01060410010044
:10F450000001010600102700000900000000000064
:10F4600000006C6F7765722D6D61632D7261696C40
:10F470002D3830322E31352E342E63006C69627295
:10F4800061696C2E610000010304756E636C616933
:10F490006D6564006275666665722D6D616E61678B
:10F4A000656D656E742E63006C65676163792D70A0
:10F4B00061636B65742D6275666665722E630065A7
:10F4C00076656E742D71756575652E630000070095
:10F4D000100008001A0006001100020011000400CC
:10F4E000040001000400090008000A000A000B00E3
:10F4F0000200000000000000EEF6030085F60300A5
:10F5000000000000EFF60300D0D50300000000006B
:10F5100075D5030077D503000000000079D50300FE
:10F520005DF6030004F70300D1D5030076D5030090
:10F53000000000007AD503004CF5030072D50300EB
:10F5400074D5030078D5030073D5030000020304CB
:10F550000508090A0B0001020304051D2000000034
:10F5600007050100AA000000BD6A0200E58B01004A
:10F5700025BB0100B59B020035BE0100291D03001B
:10F580002B1D03002F1D0300311D03002D1D030043
:10F590000D340200FD0A02006D520200A189010033
:10F5A000DDAA0100251D0300690F02007189020018
:10F5B0007DA00100271D03006BFC020031970200B3
:10F5C000D9D50200000000007A69676265652D7573
:10F5D000707065722D6D61632E63006E656967687A
:10F5E000626F722E63006173736F63696174696F18
:10F5F0006E2E6300001300000000000000000000F9
:10F6000000000000010000004113020002000000A1
:10F61000772E03000300000099120200040000008E
:10F62000F12D030005000000391202000000000067
:10F63000000000000023001B2200FF00000000006B
:10F640000C090202000000001C1A0B0303FF06084D
:10F650000402020204020A0B030302030480FF02F5
:10F6600004FF01010101080000000000000000315A
:10F6700038323173005A6967426565416C6C696163
:10F680006E6365303980313131310031343232319D
:10F6900000313231003273003132323131320031D7
:10F6A00032323131003238310038313100313832C4
:10F6B0003131003132313131323132323231730055
:10F6C00031323200313231313232310032323800AF
:10F6D0000000183810300000000000008F8E8C8071
:10F6E000726F7574652D7461626C652E6300818123
:10F6F0005A6967426565416C6C69616E6365303952
:10F7000006080C10806D61632D6D756C74692D6E2B
:10F710006574776F726B2E630000FFFFFFFFFFFFC2
:10F72000FFFFFFFF0020202020202020202028286D
:10F7300028282820202020202020202020202020B1
:10F7400020202020208810101010101010101010F1
:10F750001010101010040404040404040404041021
:10F7600010101010101041414141414101010101AF
:10F770000101010101010101010101010101010179
:10F780001010101010104242424242420202020285
:10F790000202020202020202020202020202020249
:10F7A00010101010200000000000000000000000F9
:10F7B0000000000000000000000000000000000049
:10F7C0000000000000000000000000000000000039
:10F7D0000000000000000000000000000000000029
:10F7E0000000000000000000000000000000000019
:10F7F0000000000000000000000000000000000009
:10F8000000000000000000000000000000000000F8
:10F8100000000000000000000000000000000000E8
:08F820000000000000000000E0
:08F82800B811FC7F0100000093
:0CF830003CF80300981000207801000054
:10F83C000000000000000000D4680300A0190020A4
:10F84C00B01C002002000000910D000008110020E7
:10F85C00EC100020D0100020008001401027000088
:10F86C00000100000000000000000000000000008B
:10F87C0002030D13FF000000008001401027000060
:10F88C0000010000000000000000000001030C1348
:10F89C00FF00000000800140102700000001000064
:10F8AC00000000000000000000030B13FF0000002C
:10F8BC000080014010270000000100000000000043
:10F8CC0000000000D0820300E8820300AC7B030040
:10F8DC00A37B0300FE000000C0EA2101C0EA210165
:10F8EC000080000000F049025411002000700F004D
:10F8FC00009000005C200020C8000000FE0000000A
:10F90C0000000000DC87030078160020C0EA21010B
:10F91C0034990300330000006D95000085AD0300A1
:10F92C0089AD030096AD0300A3AD0300B0AD030099
:10F93C00BDAD0300D0AD0300E2AD0300EFAD03009D
:10F94C00FCAD030009AE03001EAE030031AE030094
:10F95C0043AE030058AE030067AE030078AE03005D
:10F96C0087AE030097AE0300A3AE0300B0AE030056
:10F97C00C0AE0300D2AE0300E1AE0300F0AE030054
:10F98C00F9AE03000EAF030023AF030038AF030042
:10F99C0058AF030066AF030085AF0300A0AF0300B0
:10F9AC00B3AF0300C0AF0300D5AF0300E4AF030057
:10F9BC00F3AF030005B0030017B003002AB0030037
:10F9CC003DB00300000000000F0000000030E70411
:10F9DC0000C8180381B8030086B80300B1B803004F
:10F9EC00DFB803000DB903003AB903006AB903008C
:10F9FC009AB90300EAB90300005C260568120020DE
:10FA0C00060000009C7A03000000000001000300C7
:10FA1C0000000000C42900200100060000000000C6
:10FA2C00A4290020A30A03009F0A0300FFFFFFFF85
:10FA3C00292B0100FFFFFFFFFFFFFFFFFFFFFFFF71
:10FA4C00FFFFFFFFBD3F0100FFFFFFFF6D0C030039
:10FA5C00C71003007CF10300FFFFFFFFFFFFFFFF58
:10FA6C00000000006400000020A10700000000005E
:10FA7C0085740100000000006245002000000000B9
:10FA8C002C3B002001720100299E0100A37B030086
:10FA9C00000000000000000000000000000000005A
:10FAAC002C3B00205D7F010000000000A37B0300C5
:10FABC00000000000000000000000000000000003A
:10FACC008F1703002C3B0020098A0100299E01009E
:10FADC00A37B0300000000000000000000000000F9
:10FAEC00000000002C3B0020F1920100299E010037
:10FAFC00A37B0300000000000000000000000000D9
:10FB0C00000000008AF403002C3B002065B40100C7
:10FB1C0000000000A37B03000000000000000000B8
:10FB2C0000000000000000002C3B0020D9B90100AF
:10FB3C0000000000A37B0300000000000000000098
:10FB4C0000000000000000002C3B002039CE01001A
:10FB5C0000000000A37B0300000000000000000078
:10FB6C000000000000000000B80B00002C3B00203F
:10FB7C00ADD3010000000000A37B030000000000D7
:10FB8C000000000000000000000000002C3B0020E2
:10FB9C004DDF010000000000A37B0300000000000B
:10FBAC000000000000000000000000002C3B0020C2
:10FBBC0005E1010000000000A37B03000000000031
:10FBCC000000000000000000000000002C3B0020A2
:10FBDC00CF23030000000000A37B03000000000003
:10FBEC000000000000000000000000002C3B002082
:10FBFC0021E7010000000000A37B030000000000CF
:10FC0C000000000000000000000000002C3B002061
:10FC1C0045ED010000000000A37B03000000000084
:10FC2C000000000000000000000000002C3B002041
:10FC3C009B30030000000000A37B030000000000C9
:10FC4C000000000000000000000000002C3B002021
:10FC5C001D52020000000000A37B03000000000006
:10FC6C000000000000000000000000002C3B002001
:10FC7C00E169020000000000A37B0300000000000B
:10FC8C000000000000000000000000002C3B0020E1
:10FC9C009193020000000000A37B03000000000011
:10FCAC000000000000000000000000002C3B0020C1
:10FCBC00859C020000000000A37B030000000000F4
:10FCCC0000000000000000000000000038150020BB
:10FCDC00000000007C3B0020E43B00204C3C00205A
:10FCEC000000000000000000000000000000000008
:10FCFC0000000000000000000000000000000000F8
:10FD0C0000000000000000000000000000000000E7
:10FD1C0000000000000000000000000000000000D7
:10FD2C00030F020000000000030E0200FFFFFFFFA4
:10FD3C00CEFAEFBEFDFF02002C01001E2C01400686
:10FD4C001027FFFF0E000000000004F8FFFFFDFF6E
:10FD5C002C019C000000FFFFFDFFFFFFFFFF60EA8E
:10FD6C008000800010C1CDAB0000400003090103EE
:10FD7C0008010101FFFFFFFFFFFFFFFFFFFFFFFF78
:10FD8C00FFFFFFFFFFFFFFFFFFFFFFFFFFFFFFFF77
:10FD9C00FFFFFFFF0101FFFF0201FF0F010208033C
:10FDAC001E0605021601010A0C050A0705101001B2
:10FDBC000F08041001060101040301FF0EFE01FFF0
:10FDCC007F0150403000FFFFFF0B03FF64FF01FF7A
:10FDDC00050B0101FF03010305020201FFFFFFFFF9
:10FDEC00FFFFFFFF010102FFFFFF40FF01000000CA
:10FDFC0030BF4223013BFDD1024A5368DB00FCD4E7
:10FE0C00704700BF00300E40BD090000950900008E
:0400000300001111D7
:00000001FF
