S01100004C696768744F6E4F66662E73333713
S2140000000010002011110000D1590000D559000041
S21400001039B90200D9590000E159000039B9020087
S21400002039B9020039B9020039B9020039B90200FB
S214000030E55900008887030039B9020039B9020083
S21400004039B902007D47010039B9020039B902000A
S214000050BD3F0100690C0300650C03009D470100CD
S2140000605D0C0300F9190000591B000039B90200A5
S214000070C50D000091B4020039B9020039B902007A
S21400008039B9020039B90200751B000039B90200FF
S21400009039B9020039B9020039B9020039B902008B
S2140000A039B9020039B9020039B9020039B902007B
S2140000B0D1470100610C03001D6C00000D480100D3
S2140000C039B90200356B010039B9020039B90200AE
S2140000D039B9020039B9020039B9020039B902004B
S2140000E039B9020039B9020039B9020039B902003B
S2140000F039B9020039B9020039B9020039B902002B
S21400010039B9020039B9020039B90200000000000E
S214000110013800D0FCE770472DE9F04F93B0CDE9E9
S2140001200A329DED1C7BDDE91E530E9353EC172B14
S214000130CDE90801104619468DED067B209E2AF073
S21400014037FD80B1DDE90601C94B4FF0FF322AF0DA
S21400015057FD40B9DDE906014FF0FF326FF480131A
S2140001602AF030FD80B10E9B2096CDE91E539DED02
S214000170067BDDE90A32DDE908018DED1C7B13B054
S214000180BDE8F04F00F08CB9DDE90601002200233F
S2140001902AF018FD002800F03681DDE906A303F1F9
S2140001A0004BCBF30A5016F48063A0F2FF3008BF72
S2140001B006250F932AF02AFA9DA3D3E900232AF0F6
S2140001C08FFA9DA3D3E900232AF0D4F8CBF31304C7
S2140001D0894644F07F518046A64B0022504641F4A3
S2140001E040112AF0C5F896A3D3E900232AF078FA3E
S2140001F002460B46404649462AF0BCF82AF00AFD5D
S21400020004462AF003FA90A3D3E9002380468946E1
S2140002102AF066FA984B00222AF0ACF82AF0FAFC8C
S2140002208BA3D3E900230746494640462AF058FAEE
S2140002308046384689462AF0E9F987A3D3E90023A1
S2140002402AF04EFA02460B46404649462AF090F8F7
S21400025002460B46CDE90C232AF042FADDE90C23D0
S21400026080468946104619462AF084F8834BCDE925
S21400027010010022404649462AF05CFB804B0022D3
S2140002802AF078F802460B46404649462AF052FBCA
S2140002907C4B00222AF06EF802460B464046494642
S2140002A02AF048FBDDE90C238046894600204FF003
S2140002B080412AF05DF802460B46404649462AF041
S2140002C059F802460B46DDE910012AF033FB07F227
S2140002D0FF376D4B00222AF04DF800223B052AF02E
S2140002E0FFF952465B46804689462AF089FC00287C
S2140002F040F08C80CDE90C8904F16303C72B34BF32
S2140003000427052731051ED555A3D3E900235046FB
S21400031059462AF06BFC002800F0828052A3D3E9ED
S2140003200023504659462AF04DFC002878D0A542B6
S214000330C8BF2C1B4FF00007CCBF04F1FF350025CB
S21400034046F480663C460E9B9F4234BFA3EB0708EC
S2140003504FF0000816F0020903D0002F18BF4FF028
S21400036000083CB150465946DDE90C232AF0E2FA73
S21400037082468B46DDE90601002200232AF022FC95
S21400038010B10BF100439B4626F40063CDE90383CE
S214000390CDE900ABDDE90A32DDE90801029500F09F
S2140003A07FF802465FB316F0200F00F10105DDE985
S2140003B009130CBF65204520089EB047052305930A
S2140003C000220A23002CCDE9023207F1FF374FEA5C
S2140003D0D473B8BF644201932A46DDE908010A9B3C
S2140003E0049700942FF03EFD0246B9F1000F06D0A8
S2140003F00B9BC41A0B9B1A190E9BA34246D8104699
S21400040013B0BDE8F08FDDE906ABCAE61C4B002250
S214000410404649462AF08EFA013CCDE90C016BE7CE
S214000420002D90D00F9B002B8DD0013D8BE700BF99
S214000430FB799F501344D33FB3C8608B288AC63FCE
S21400044061436F63A787D23F71A379094F930A4030
S2140004501655B5BBB16B0240EF39FAFE422EE63FA9
S2140004602D431CEBE2361A3F0000000080842E412C
S214000470FFFFEF7F0000F83F0000E03F00002C4049
S21400048000002440000018400000F03FDDE909139A
S214000490089D2020A8470134ACE700BF00000000FC
S2140004A02DE9F04F97B0DDE920ABCDE90501CDE9A8
S2140004B00723504652465B465946DDE92257249E9E
S2140004C02AF076FB70B90323CDE922762193B44B4C
S2140004D02093DDE90501DDE9072317B0BDE8F04FFD
S2140004E02FF0E0BB4FF0FF326FF4801350465946B2
S2140004F02AF068FB28B104232193CDE92276A94B84
S214000500E6E7A94B4FF0FF32504659462AF078FBF3
S21400051068B1A64A06F00403002B08BF0322A44BCA
S2140005201CBF13460422CDE922762192D0E798A379
S214000530D3E90023504659462AF062FB38B996A301
S214000540D3E90023504659462AF03CFB68B1DDE962
S2140005500723DDE90501CDE92376CDE920AB229519
S21400056017B0BDE8F04FFFF7D7BD00220023504676
S21400057059462AF027FB002800F09A805B46524630
S2140005800020002129F0F4FE012382468B460993C1
S21400059016F4806400F08E80092D40F28E800EAB3B
S2140005A0A5F10902002430210134202C03F8011B98
S2140005B0A5EB040901D09442F6D1594650462AF0DC
S2140005C029FB7C4B03EBC90393ED007B05468DEDC1
S2140005D00A7B2AF01BF802460B465046594629F07D
S2140005E0C7FEDDE90A232AF07BF802460B46CDE972
S2140005F00C232AF037FB804629F0F8FF02460B460C
S214000600DDE90C0129F0B4FE02460B46CDE90C23C9
S214000610694B00222AF0F4FA002851D008F10108AC
S214000620404629F0E3FF02460B46DDE90A012AF0C0
S214000630D3FA10B101354FF00008B9F1000F50D1D0
S214000640284629F0E3FF02460B465046594629F055
S2140006508FFE594B0022804689462AF0B3FA30B105
S214000660554B0022404649462AF0CAFA10B1E80720
S21400067000D501350EAB1A190A21202C0AD095FB9D
S214000680F1F001FB1055303502F8015B01340546E8
S2140006900028F2D106F00302012A5FD1002F5DD0B8
S2140006A0099A12B916F00C0F00D0013F302244E030
S2140006B009906DE74FF006097FE7A94600247CE71E
S2140006C0DDE90C013C4B00222AF07CFA0028B4D16C
S2140006D0B8F1000F02D018F0010FAED008F10108F3
S2140006E0ABE70EAB23440A21202C0DD0B8FBF1F06B
S2140006F001FB10823032B8F1090F03F8012B09F123
S214000700FF3904F1010411D8A1440EAA3021202C8F
S214000710B0D0A14504F101030AD11C4609F15803E3
S2140007200DEB03092E2309F8203CA3E78046DBE700
S214000730A1541C46EBE71A550134A7420ED9202CCB
S214000740F9D1CDE90034CDE90276DDE90723DDE90C
S21400075005012FF0A7FA17B0BDE8F08F202CF0D0D7
S214000760099A3AB104F158026A442D2102F8201C75
S2140007700134E6E7710704D504F158026A442B21D8
S214000780F4E73207DDD504F158026A442021EDE78C
S2140007900000000065CDCD410000000065CDCDC154
S2140007A0DBD50300DFD50300FFFFEF7FD2D50300C4
S2140007B0D7D50300E8D503000000E03F00000000A6
S2140007C070B58EB02C22002103A833F0F1FB642311
S2140007D04FF00232CDE9052308930B238DF8343011
S2140007E0514B1B880121D8078DF8101000F1968018
S2140007F0084616F0ADFB4D4B4D494E484E4C0A226E
S2140008001A704FF42873ADF8123015F061FC2060B2
S21400081020B94A4840F25B2104F0D8FF2068052141
S21400082030F06CFC20B1454840F26B2104F0CEFF5E
S214000830206800F0D3FA424B2068196830F097F829
S21400084017F068FA0C256843099017F063FA6843B6
S21400085007900DEB0501206810F088FF20B137489F
S2140008604FF4207104F0B2FF36492068002230F0C1
S21400087009F920B1314840F2822104F0A7FF324E38
S214000880324D96F9000040F203532B807F284FF03C
S2140008900503AB7001D116F0B9FC3378EB7017F096
S2140008A039FA00EB80008000A88017F033FA0023A6
S2140008B0C000E880AB604FF0FF3019A3D3E90023F7
S2140008C04FF0FF3116F000FD2149206830F0EBFCB8
S2140008D0206802A930F0B0F820B1184840F2BB21D9
S2140008E004F074FF042220680DEB020130F02DF8AE
S2140008F0042804D0114840F2BE2104F067FF01A985
S214000900012030F004FE05F0A7F8012017F0A0FC47
S2140009102BF044FC17F0C6FC16F09EFB0EB070BD24
S2140009200A0020FF42030000A44200206645002083
S214000930796F0100D8120020C439002062F4030049
S214000940781100207445002028160020B8390020B1
S214000950197101000348044B834202D0034B03B1D4
S2140009601847704778160020781600200000000010
S2140009700548064B1B1AD90F01EBA301491002D0FC
S214000980034B03B1184770477816002078160020EE
S2140009900000000010B5064C237843B9FFF7DAFFD5
S2140009A0044B13B10448AFF300800123237010BD3D
S2140009B0244300200000000028F8030008B5054B7B
S2140009C01BB105490548AFF30080BDE80840FFF7B6
S2140009D0CFBF00BF000000006819002028F8030001
S2140009E0A3F5803A704700BF174B002B08BF134B88
S2140009F09D46FFF7F5FF00218B460F461348144A25
S214000A00121A33F0D5FA0E4B002B00D098470D4B38
S214000A10002B00D098470020002104000D000D4850
S214000A20002802D00C48AFF300802AF081FC20009A
S214000A3029002AF0EDFC2AF0ADFA00BF00000800FD
S214000A4000000000000000000010002078160020C3
S214000A50CC450020000000000000000008B5034858
S214000A602BF044F8BDE8084009F080BF607B030027
S214000A7013B50B4B0190044600930A4A0A4B01211A
S214000A80042008F0DBFF44B908482BF029F8084892
S214000A9002B0BDE810402BF026B802B010BD00BF73
S214000AA05FD003008540030080400300487B0300BE
S214000AB0607B030006291FB516D1AAB9402B13D1B7
S214000AC0012300930DF10F032DF054FF024688B961
S214000AD09DF80F3053B14FF6FF73084819462BF0B8
S214000AE0DCF806482AF0FCFF04B010BD03482AF0E4
S214000AF0FAFFF9E701482AF0F9FFF5E7787B0300EB
S214000B0008B5042201230E21092002F001FA012370
S214000B1000210422082002F0FBF906482AF0E3FF31
S214000B2005482AF0E0FFBDE808400449044808F0FC
S214000B30CDBC00BF607B0300487B03005D0A00005D
S214000B408019002010B504462AF03DFF70B1084B0E
S214000B509C4203D10748FF212CF0BAFC064B9C426E
S214000B6004D1BDE8104005482AF0C0BF10BD00BF44
S214000B70307B030080190020187B0300787B03007D
S214000B8008B504482AF0AFFFBDE8084002482AF03E
S214000B90A7BF00BF607B0300487B030030B50A4C4C
S214000BA00A4B22680A4D1A6085B00A4B2B600A4B26
S214000BB0019304F05DF82B68029001A92068039366
S214000BC02BF0E1FC05B030BDA41000207C270020EF
S214000BD078270020981000207D7A0300014B1868C3
S214000BE02BF0E5BCA410002038B5084D04F040F802
S214000BF02B680446D3F8B00204F02EF828682BF0D1
S214000C00E9FC2046BDE8384004F026B8A4100020D1
S214000C1038B501F017FC0E480E4C012101F09CF887
S214000C2001221146002001F071FB02250122114627
S214000C30C4F88050002001F069FB0122C4F88450FB
S214000C401146002001F062FBC4F88850002038BD31
S214000C5030253E0000400E4008B5224B01225A6463
S214000C6002F0CEFBA0B9204B4AF6E852C3F890211A
S214000C70D3F8982142F00402C3F89821C3F89001F3
S214000C80194AD2F8643143F40053C2F8643101E0E3
S214000C900128F5D0154A136A23F4441343F4881345
S214000CA01362A2F58042136843F48073136003F066
S214000CB0B5FF00F089F903F04FFF03F09BFF03F048
S214000CC061FFFFF7A5FF2BF0E9FF00F06FF900F0DA
S214000CD0B9FA04F0B1FA00F05BFFBDE8084005F091
S214000CE009B900BF00000E4000300E4000400E4024
S214000CF030B5204D0FCD97B00FAC0FC495E8070068
S214000D001D4B84E807001D4ACDE903234FF080738E
S214000D10059303F1022306934FF0F0511E23CDE90D
S214000D2007130E2200210DF12E0033F041F9144B6B
S214000D304FF44020CDE909030C238DF82C300D2309
S214000D408DF82D300F4B0C9320230D9301238DF837
S214000D5039300D4B00930FAA03AB09A90B4804F0DA
S214000D6097F9002104464FF4E1302AF0D7FD2046DB
S214000D7017B030BDFC7A03000042040000000140BA
S214000D801C000140254300205C1C0020B01C0020F5
S214000D90012905D8034B1B68186808B1436A184731
S214000DA0704700BFA810002008B50449044805F0A5
S214000DB04FF9BDE80840FFF79BBF00BFAC1000200E
S214000DC0D41C002001482CF0FFB800BFB01C002047
S214000DD0014B1A6A18681047B01C002008B510F0BE
S214000DE0F3FC024B00221A7008BD00BF45430020EA
S214000DF008B504482AF0E2FDBDE8084002482AF09B
S214000E00DDBD00BF307B0300187B030008B5044837
S214000E102AF063FEBDE8084002482AF05EBE00BF26
S214000E20607B0300487B030001482AF056BE00BFE3
S214000E30787B03001FB50849034602AA08680979AB
S214000E4002908DF80C10009205210022012007F078
S214000E5055FC05B05DF804FB987B03001FB50849F8
S214000E60034602AA0868097902908DF80C100092D1
S214000E7005214222012007F041FC05B05DF804FB85
S214000E809E7B03001FB50849034602AA0868097935
S214000E9002908DF80C10009205214022012007F0E8
S214000EA02DFC05B05DF804FB987B03001FB50949CF
S214000EB0034603AA08888978ADF80C008DF80E1052
S214000EC0009206214222012007F018FC05B05DF8CA
S214000ED004FB00BFA47B03001FB5094903AA034611
S214000EE0009208888978ADF80C0005228DF80E105F
S214000EF00120114607F002FC05B05DF804FB00BFB8
S214000F00A87B03000A4601492AF04DBC6687030009
S214000F100A4601492AF047BC638703000A4601498E
S214000F202AF041BC608703000A4601492AF03BBC10
S214000F305D8703000A4601492AF035BC5A8703003C
S214000F400A4601492AF02FBC578703000A46014982
S214000F502AF029BC528703000A4601492AF023BC1E
S214000F604D8703000A4601492AF01DBC4887030046
S214000F700A4601492AF017BC438703000A4601497E
S214000F802AF011BC3E8703000A4601492AF00BBC32
S214000F90338703000A4601492AF005BC2C87030064
S214000FA00A4601492AF0FFBB2787030008B5054813
S214000FB0012100F0D1FE2AF033FABDE8084000F027
S214000FC01DB800BF00350A000148012100F0C4BE6C
S214000FD000350A0007B508202AF068FD064B0222F5
S214000FE06846CDE900232AF05DFC082003B05DF8D2
S214000FF004EB2AF066BD00BF006A18102DE9F04326
S2140010003B4D3C4FDFF80091DFF800810FCD89B0F3
S21400101001AC0FC495E80700374D84E80700374851
S214001020012100F099FE38460121012400F094FECB
S214001030334B039301A928468DF812402BF05EF837
S2140010402346042200210A2001F062FF22460023E4
S21400105002210A2001F05CFF234604220721052016
S21400106001F056FF0422214623460A2001F050FFD5
S214001070244BAB670B236B6702264FF4487006F0D1
S2140010808FF8C9F8EC61142006F08AF8C8F8EC610D
S214001090232006F085F8C9F8EC61B92128462BF024
S2140010A06CF800231A461946C8F8EC610A2001F0CD
S2140010B02FFF00231A4631460A2001F029FF234657
S2140010C000220721052001F023FF234600222146A7
S2140010D00A2001F01DFF284602F0EAF90021A96760
S2140010E03846696700F038FE09B0BDE8F08300BFF7
S2140010F06C870300006204000008014000350A0007
S21400110000127A001E1D001200A0004400A0004637
S21400111008B500F083F8124B12498B4212D3124BDB
S214001120124900208B4218D3FFF75EFC186850F86F
S2140011302240586840F82240013298688242F5D32F
S2140011400C33EAE70022F8E71C6844F82200013274
S2140011505C68A242F8D30833E4E70022F8E700BF51
S21400116030F803003CF803003CF803003CF80300AA
S2140011700048704700F04902104AD2F8943003F055
S2140011800703023B032B13D8DFE803F00C14020E10
S2140011900B4B1B68D2F80001C0F304200130B3FBF0
S2140011A0F0F07047074BF4E7074B1B685B08F1E766
S2140011B0054BEEE74FF40043ECE700BF00400E405F
S2140011C0481100204C1100204011002008B5FFF700
S2140011D0D3FF054BD3F80831C3F308230133B0FB24
S2140011E0F3F0024B186008BD00400E40441100208A
S2140011F0014B1868704700BF4C110020054B186063
S214001200054BD3F8943003F00703022B01D1FFF708
S214001210DDBF70474C11002000400E40044B054ACD
S2140012209A60D3F8882042F47002C3F8882070478A
S21400123000ED00E000000000014B1868704700BF9A
S214001240481100200F4BD3F82838A3F17E62A2F590
S2140012508432B2F5104F10B511D219680A4A91427D
S2140012600DD10A4C227812F0FD0F01D0002010BDDF
S214001270DB6998470028FAD101232370F6E74FF47C
S2140012808170F4E70000E10F07B0CD5E4643002012
S21400129070B5D0B1C9B10E4E431E013913F8014FD7
S2140012A0325D02F00302012A11F8012FB55C05F049
S2140012B00305204608BF04F12000012D08BF203298
S2140012C0801A01D1002CE9D170BD0120FCE700BFD7
S2140012D025F7030037B5046801210546124800F0DB
S2140012E03BFD002361792079012201F011FE61792E
S2140012F020792AF06DFBB0FA80F35B092370A3799E
S214001300022B0ED100F0CCFB084960792A4600F08B
S214001310F1FB0123617902462079CDE9003301F023
S214001320B3FD002003B030BD00350A00EBB9020063
S21400133008B52948012100F00FFD012304220221EF
S214001340052001F0E5FD002001F092FD234B01226F
S214001350C3F810281146042000F0D8FF204800F0FB
S2140013604DFE204BD3F8F02042F00102C3F8F020E7
S214001370D3F8FC2042F08072C3F8FC20A3F55D434E
S214001380194A1A6000F5D520184B00F2FC40B0FB55
S214001390F3F0174B013802221861C3F8F0204FF41F
S2140013A08072C3F804234FF06043124AC3F8B02F8C
S2140013B0114AC3F8802ED3F8002E42F48072C3F888
S2140013C0002EFF2283F82020D3F8002E22F480720D
S2140013D0C3F8002E002008BD00350A000080144225
S2140013E006000E0000ED00E0FF030040F8590D0077
S2140013F0000004E055CEACC5090001004FF0604384
S21400140030B5D3F8802ED20715D501240B4D844075
S214001410D5F8FC2042F08072C5F8FC20D3F8002EE8
S2140014202243C3F8002E53F82020002AF0D003F8F9
S2140014302010002030BD1120FCE700BF00ED00E0CA
S2140014402DE9F0414A4B036004464A4B436088B09E
S2140014504948012100F080FC2369484A93422ED077
S2140014602AD8A2F5005293422BD0454D02F5806251
S214001470934218BF11252846012100F06DFC414B10
S21400148020694FF40072CDE90123002303933B4B00
S2140014909842A36902D03C4A904214D1012B17D837
S2140014A03548002100F058FC2846002100F054FC86
S2140014B0012008B0BDE8F081334A344DD8E7344DFA
S2140014C0D9E7344DD7E7023B4FF6FD729342E7D893
S2140014D0A37B217A003B18BF012301AA8DF80E30AA
S2140014E02AF0A0FD2C48012100F036FCA37BA17A4F
S2140014F0607A042201F00CFDD4F81080277AE67A90
S214001500FF002AF021FCD8F83420BE401F235640A6
S214001510BB4033405340C8F834302AF019FC6369A6
S21400152033B1284600F06AFD6369B0FBF3F3013B74
S214001530A2692569013AB3FBF2F35343934238BFDD
S2140015401346EB610D2200210DF1110032F030FD43
S214001550012304A928468DF810302AF032FD2046D3
S214001560A1892AF0D9FA2AF0CFFA0020A1E700BF15
S21400157019BB0200F3BA02004041050000A001407A
S214001580001204000001030000A401400032040021
S214001590002204000002040000350A0010B50121F4
S2140015A00446094800F0D8FB0848012100F0D4FBA7
S2140015B0A37820786178B3FA83F35B09042201F0FC
S2140015C0A7FC002010BD00BF4041050000350A0002
S2140015D02DE9F04F9A46554B85B01B78DDF83C90C8
S2140015E09DF844B0DDF8508006460F461546002BA1
S2140015F000F09680072A00F295800E9B002B00F0E4
S2140016009180B9F1000F00F08D80129BB3F5006F4A
S21400161000F38880012803D1109B002B00F0828005
S214001620434B03EB05131B7B002B7DD0414C102254
S2140016300021684632F0BCFC04EB451410229FBB28
S2140016403946204632F0B4FC43F210036380BBF107
S214001650000F03D1E37843F00303E370354A0E9B93
S214001660CDF800A002EB451CCCE90193129B581E56
S2140016709DF84C30690103F00303C0F30A009B0693
S21400168043EA001E53582C4818404EEA0003012E29
S214001690535017D0B8F1000F2ED19CF8023068F3E3
S2140016A004138CF8023027E00021204632F080FC3C
S2140016B04FF444736380BBF1000FCFD1E37843F05F
S2140016C03003CAE71323CCF80C309CE80F000CF16B
S2140016D0100E8EE80F00DCF81C20109BCCF814309F
S2140016E06FF0030161F39F02012FCCF81C2003D199
S2140016F0CCF81890CCF804300D4A290102EB0513FB
S21400170042F80180159A5A60002728462246694604
S2140017109F605E7301F080FC384605B0BDE8F08F30
S2140017200648FAE70648F8E70648F6E74743002083
S214001730DC1D0020DC1C00200F80FFF3028000F080
S214001740018000F0078000F038B5124B1B78054684
S214001750DBB1E0B12AF003FB0F4A00231146147BED
S21400176054B92B601A0101EB031301258C501D732D
S2140017702AF0FBFA204638BD0133082B02F110028E
S214001780EDD12AF0F2FA0548F5E70548F3E70548F3
S214001790F1E700BF47430020DC1D0020048000F076
S2140017A0028000F0018000F038B52AF0D8FA0C4A22
S2140017B005460023147B6CB90133082B02F1100296
S2140017C0F8D101F0DFFB074B28461C702AF0CDFA53
S2140017D0204603E028462AF0C8FA034838BD00BF72
S2140017E0DC1D002047430020058000F00D4B1B78D1
S2140017F010B5044693B1072812D82AF0B0FA0A4B5F
S21400180003EB04131A7B2AB100241C732AF0ADFAEA
S214001810204610BD2AF0A9FA0448FAE70448F8E77B
S2140018200448F6E747430020DC1D0020068000F051
S214001830028000F0018000F013B5164B1868019086
S21400184000238DF804302AF08AFA134B1C7824B152
S2140018502AF08BFA114802B010BD01221A702AF045
S21400186084FA0F4B1C731C7783F82C4083F83C409B
S21400187083F84C4083F85C4083F86C4083F87C40E7
S21400188004230DEB03008DF8073001F09BFB204688
S214001890E1E700BFD887030047430020038000F03D
S2140018A0DC1D00200A4A127808B55AB107280BD862
S2140018B0084A02EB00131B7B43B1002101F078FBC2
S2140018C0002008BD0448FCE70448FAE70448F8E7A7
S2140018D047430020DC1D0020028000F0018000F05D
S2140018E0078000F00A4A127808B55AB107280BD8C4
S2140018F0084A02EB00131B7B43B1012101F058FBA1
S214001900002008BD0448FCE70448FAE70448F8E766
S21400191047430020DC1D0020028000F0018000F01C
S214001920078000F00A4A127808B552B107280AD88C
S214001930084A02EB00131B7B3BB101F0BDFB002005
S21400194008BD0548FCE70548FAE70548F8E700BF84
S21400195047430020DC1D0020028000F0018000F0DC
S214001960078000F00D4B1B7893B1072812D889B179
S2140019700B4B03EB00131B7B73B10A4B1A6E012350
S2140019808340134214BF012300230B7000207047CE
S214001990054870470548704705487047474300208C
S2140019A0DC1D002000200E40028000F0018000F0C8
S2140019B0078000F00B4A127810B50C4662B1072873
S2140019C00CD859B1084A02EB00131B7B43B101F057
S2140019D089FB2070002010BD0448FCE70448FAE7A5
S2140019E00448F8E747430020DC1D0020028000F092
S2140019F0018000F0078000F02DE9F041DFF86480F8
S214001A00D8F86070D8F86C301F4000D5FEE7134C4D
S214001A1001260025374218D02368C8F86860A3B1AD
S214001A20A16862680131A16028469847637B012B54
S214001A300BD150B90A4B03EB45131A7B60F34102F6
S214001A401A731A7F60F341021A770135082D4FEAA0
S214001A50460604F11004DDD1BDE8F081DC1D00204F
S214001A60DC1C002000200E4070B50C4E04460125FC
S214001A7004B970BD94FAA4F0B0FA80F006EB001238
S214001A8005FA00F324EA03045368002BF0D0117B18
S214001A9011B191689847EBE79847E9E75C1E00208C
S214001AA008B5122000F086FD28B1084B4FF48022BE
S214001AB0C3F880211A600A2000F07CFD28B1034B91
S214001AC04FF48062C3F880211A6008BD00E100E090
S214001AD038B505460C462AF042F9054B03EB0513CC
S214001AE000225C601A73BDE838402AF03EB900BF99
S214001AF05C1E0020F8B505460E4617462AF02FF95C
S214001B00134BD3F8282422FA05F3DB0705F0FC0173
S214001B102C4612D500230133DBB2042B04D1FF245C
S214001B202AF023F92046F8BDEC1804F003040C4410
S214001B3022FA04FC1CF0010FEDD1FF2CF0D0054B6F
S214001B4003EB04130122C3E901671A73E8E700BF39
S214001B5000A000405C1E0020054BD3F82804D3F8F4
S214001B601C24104000F05530C3F82404FFF77CBF57
S214001B7000A00040054BD3F82804D3F81C241040DE
S214001B8000F0AA30C3F82404FFF76EBF00A00040A0
S214001B90024B1968024B18680FF084B950110020E8
S214001BA07011002070B59400224605460E462AF0B5
S214001BB006FA431C0AD058B922463146284632F067
S214001BC0CDF90028034808BF002070BD0248FCE796
S214001BD00248FAE710E000F021E000F024E000F010
S214001BE010B5044601F02EFB431C10D088B901F056
S214001BF00FFC20F0030023462044984201D1002029
S214001C0010BD53F8042B0132F7D00348F8E7034819
S214001C10F6E70348F4E700BF0EE000F021E000F02E
S214001C2024E000F008B52AF08FF8014B186008BDD4
S214001C304C270020014B18682AF08AB84C27002051
S214001C400C4B984205D90C4B984210D80122012320
S214001C5001E00022134609490B640949D1F8003116
S214001C6023F0807343EA0263C1F800317047022212
S214001C70EDE700BF0048E8010090D0030000C8432D
S214001C8000400E400F4B5B680F4B30B500221C46E1
S214001C90C9B21D798D4202D11D6885420DD201322E
S214001CA0052A03F10803F4D10321064A536823F0FA
S214001CB0407343EA0163536030BD04EBC2046179AC
S214001CC0F3E700BF00000E401C88030038B5074C41
S214001CD041F67133256C2364FFF74AFAADB2002152
S214001CE0FFF7D0FF0DB10023236438BD00000E407F
S214001CF0044BDB6B5B0604D4034AD2F8C830002BD7
S214001D00FBD1704700300E400000C64308B5FFF711
S214001D10EFFF024B5868C0F3014008BD00300E408C
S214001D20044BD3F84421D20703D4D3F84021104201
S214001D30FBD1704700400E4038B5064C256C41F686
S214001D4071332364ADB2FFF79DFF0DB1002323640A
S214001D5038BD00BF00000E4038B5C0F30323013B7A
S214001D60092B11D8DFE803F0052710102B221D10D1
S214001D701511154DC0F3043405F1424505F58015DF
S214001D8004EBC5008000016038BD104DC0F304347C
S214001D90F2E70F4DC0F304344FF48030FFF7C0FF76
S214001DA0EAE7C0F304340B4D1020F7E7C0F3043421
S214001DB0094D0120F2E7094DC0F30434DCE7084D75
S214001DC0C0F30434D8E700BF00400E4050410E4038
S214001DD0F0400E40E8400E40E0400E40C0400E404E
S214001DE0B0400E40C0F30313013B092B2AD8DFE8AE
S214001DF003F0050B0F1929291F23374B274BD3F860
S214001E000001C0F304207047244BD3F81401F8E710
S214001E10224BD3F80031C3F300630133012098400E
S214001E20013870471D4BD3F80C01C0F308207047EB
S214001E301A4BD3F80801F8E7194B984204D0194B0F
S214001E40984207D000207047144BD3F8203103F097
S214001E500F03E3E7114BD3F82031C3F30113DDE79B
S214001E60114B98420CD003F5B01303F580539842FB
S214001E70E8D10A4BD3F82831C3F301230433CDE766
S214001E80064BD3F82831E8E7084B9842DAD1034BE3
S214001E90D3F8300100F00300704700BF00400E404A
S214001EA08006160080162E0090171A00A00914004F
S214001EB000F00F000138072850D8DFE800F00415BE
S214001EC0244F34384F402B4BD3F8943003F007039D
S214001ED0023B052B06D8DFE803F049243F03054301
S214001EE00B20704705207047224BD3F8800000F087
S214001EF0070002283DD0042836D0012808BF03205A
S214001F0018BF012070471B4BD3F8843003F007033B
S214001F10013B032B03D8DFE803F0041F252701202D
S214001F20704703207047134BD3F88800DFE7114B48
S214001F301B6F13F0010F0CBF0720092070470D4BD5
S214001F40D3F85C3103F03003202B0FD0302B0FD0AA
S214001F50102B08BF0720D3E70220704700207047E9
S214001F600C207047062070470A20704704207047F0
S214001F700820704700400E4008B50146FFF798FF5E
S214001F801A4B994211D01A4B994212D0194B9942CA
S214001F9004D1194BD3F8800000F00700013803285D
S214001FA021D8DFE800F00A0E1612134BD3F884008F
S214001FB0F2E7114BD3F88800EEE7BDE8084029F0B9
S214001FC0BCBCBDE80840FFF737B9BDE8084029F0BB
S214001FD0B7BCFFF7D1F8084BD3F80031C3F3006362
S214001FE00133D84008BD0020FCE700BF03002000F6
S214001FF00500240002001E0000400E4000F4781386
S214002000B3F5B01F10B5044674D025D8B3F5402FED
S2140020105ED010D8B3F5802F49D005D83BB1B3F5C4
S214002020003F4FD0002010BDB3F5202FFAD1BDE8F9
S2140020301040FFF7A1B8B3F5801F00F08480B3F519
S214002040A01F4DD0B3F5602FECD14A48FFF730FF04
S214002050072878D00928E9E7B3F5381F53D013D8F6
S214002060B3F5001F58D00AD8B3F5D01F56D0B3F535
S214002070F01FD7D14048BDE81040FFF77DBFB3F54D
S214002080101FCFD13D48F6E7B3F5481F4DD0B3F546
S214002090781F65D0B3F5401FC4D13948FFF76CFFF1
S2140020A0384BD3F82831C3F30123043320E0FFF77D
S2140020B063F8344BD3F80C31C3F308230133B0FB79
S2140020C0F3F0B0E7FFF758F82E4BD3F80831F3E7F4
S2140020D0FFF752F82B4BD3F81431C3F30423EDE784
S2140020E02648FFF749FF274BD3F8303103F00303A8
S2140020F0D84098E72048FFF73FFF224BD3F820311F
S21400210003F00F03F4E71C48FFF736FF1D4BD3F828
S2140021102031C3F30113EBE71948ACE71848FFF783
S2140021202BFF184BD3F82831F3E71748FFF7C0FE0C
S214002130072808D0082809D004287FF473AFBDE824
S2140021401040FFF755B8114B18686CE7FFF714F806
S2140021500C4BD3F80031C3F3042303FB000062E703
S214002160FFF70AF80146204629F0E9FDB1FBF0F03A
S21400217059E700BF06000E0002001E0005002400FE
S2140021800300200000400E40B8003200741100200A
S21400219010B5FFF79BFD094B07225A67FEF7ECFFC9
S2140021A0FFF74EFDFFF712F80446FFF7AFFD0146B6
S2140021B02046BDE81040FFF7BFBD00BF00400E4000
S2140021C0014B1880704700BF96150020014B188001
S2140021D0704700BF9415002010B5042813D8DFE818
S2140021E000F047032F132100294AC1F30801D2F853
S2140021F06838002BFBD1274A136A23F4FF7323F0B9
S21400220001030B43136210BD214A01F07F01D2F88F
S2140022106038002BFBD11F4A136923F07F030B4362
S2140022201361F0E71A4A01F07F01D2F86438002BF8
S214002230FBD1184A936923F07F030B439361E2E7CF
S214002240144AD2F89030536A23F0300343F0100358
S2140022505362146B104BC1F3C31003300F2803EA0C
S214002260040328BF0F200B4343EA00731363CAE737
S2140022704F29074A28BF4F21D2F87438002BFBD1CC
S214002280044A936B23F07F030B439363BBE700BFC3
S2140022900020C84300400E4000F8FF0F104A536A63
S2140022A013F0300F18D0202913D0302914D000296D
S2140022B00C4B08BF4FF44003D2F8901033EA0101EC
S2140022C0FAD15B0246BFD2F8A000C0F380200120FE
S2140022D070474FF40003EFE74FF44003ECE700BF0E
S2140022E000400E40FF33E10702280AD129B1064B11
S2140022F04FF48060C3F8A800596612B10220FFF7B9
S214002300CDBF0120704700BF00400E400428F8B53E
S21400231048D8304B13F800C02F4B1D5C2F4B33F8BA
S21400232010702F4B33F810402E4B002940D0022857
S21400233039D15C6A14F0300F35D12B4CE46B5C6AF3
S214002340E40705D55E6A26F0300646F010065E62A3
S214002350264C244B25441F66AD002B68002BFCD072
S21400236002B36444A4002368002BFCD0022819D1D1
S214002370C1B11C4D696A11F0010116D0012220215D
S214002380FFF7B2FFD5F89C60012200210220FFF77C
S214002390BDFFC6F30A010220FFF71EFF2F66236863
S2140023A0002BFCD0F8BD0021D2E7FFF777FFE9E766
S2140023B001211C66A940D3F890000842FBD1002AF0
S2140023C0F0D00123074903FA0CF3D1F890201A4203
S2140023D0FBD1E7E71788030012880300088803008C
S2140023E0FE87030000400E4000300E408004F210CE
S2140023F010B50246B8B901221146FFF787FFFFF76E
S21400240065FC0F4B04225A67FEF7B6FEFFF718FC72
S214002410FEF7DCFE0446FFF779FC01462046BDE8E1
S2140024201040FFF789BC012807D10146FFF76EFF71
S214002430FFF74CFC024B0322E5E7FFF747FCE3E718
S21400244000400E4038B5FEF7D3FE0021044600F0EB
S214002450B7FA1248FFF7F4FB012211460220FFF7F5
S21400246055FFFFF733FC0CB1FFF742FC0C4B022282
S2140024705A67FEF781FEFFF7E3FBFEF7A7FE054669
S214002480FFF744FC01462846FFF756FC2CB92046C9
S2140024900121BDE8384000F093BA38BD0148E80194
S2140024A000400E40012210B511460320FFF72EFF14
S2140024B0FFF70CFC084B05225A67FEF75DFEFFF798
S2140024C0BFFBFEF783FE0446FFF720FC01462046CE
S2140024D0BDE81040FFF730BC00400E4010B5044683
S2140024E01120FFF7E5FC002101220220FFF70EFF76
S2140024F0184A217C536A23F00103022908BF43F0DF
S21400250001035362144B2178C3F8A014637AA188A0
S21400251043EAC123D362136BA07A217A03F07F6368
S2140025200343E08843EAC02343EAC11303310F297B
S21400253028BF0F2143EA01731363A37B617B1B0152
S21400254043EA0133E17B0B43217B43EA01435363B8
S21400255010BD00BF00400E400000C84338B50E4D09
S2140025600E4C01461120FFF7A3FCAA6B4B781440D3
S2140025700A78144344EAC3248B7844EA0364CB788D
S21400258044EA0324AB6BA34205D00021012208468F
S214002590FFF7BCFEAC6338BD00400E4080E4FFF899
S2140025A0034B5868C0F30800003818BF0120704776
S2140025B000ED00E04209054B53F8223000F01F0002
S2140025C023FA00F0C04300F00100704700E100E08D
S2140025D0034BD86B80F04000C0F38010704700BFFC
S2140025E000300E4042EA0322B2F5007F10B5194CC7
S2140025F029D00AD8B2F5807F22D040F201139A4241
S21400260015D062B9D4F81C320BE0B2F5407F1DD06D
S21400261040F201339A4210D0D4F8283201E0D4F8C0
S2140026202432C3F30722DBB203600A6010BDD4F87D
S21400263024321A0EC3F30743F6E7D4F82832F8E735
S214002640D4F81C32F5E7D4F82032EAE7D4F8203282
S214002650EFE700BF0081E00F08B5FFF7B9FF20B134
S214002660024AD2F8C830002BFBD108BD0000C64392
S21400267008B5FFF7ADFF80B1FFF7EEFF074B19680F
S2140026805A68C1F30121C2F3014291421A688CBF15
S21400269042F0100222F010021A6008BD00300E4010
S2140026A0064B1B68DB0608D5054B1B69C3F30443C2
S2140026B0082B02BF034B044A1A60704700300E40D6
S2140026C000400E4040110020C0EA210170B5FFF71F
S2140026D07FFF38B12D4B1A781023C2F102029340C7
S2140026E02B4A13612B492C4DD1F8804145F60E0339
S2140026F0C1F880312B6823F0AA03DB05DB0D0B66DF
S214002700FFF7AAFF224B1B68D80604F0010415D574
S214002710D1F84031DA01FBD4204B1B680B61204B0B
S2140027201B78052B0AD11F4B1E68FFF795FF184B29
S21400273059683046C1F30141FFF7FEFA184B1B7883
S214002740023B0A2B0AD8DFE803F006151709090929
S2140027500909091A1D000020FFF74AFE2B68DB074F
S2140027605EBF0C4B02221A661CB10A4B0022C3F84D
S214002770802170BD0120EFE7FFF764FEEEE7FFF76C
S21400278091FEEBE7FFF704FDE8E700BF48430020B3
S21400279000300E4000400E405427002050270020F6
S2140027A0494300204011002010B50B4C0B4BD4F8C9
S2140027B090201A601120FFF77BFB094B1870FFF77B
S2140027C04BFF084B084A5B68C3F301431370074B83
S2140027D022691A6010BD00BF00400E40542700203A
S2140027E04943002000300E40484300205027002078
S2140027F0064942780B6823F4407343EA0223022A10
S2140028000B6004BF024B5B6A704700BF00300E408F
S21400281000400E4010B5044608B1FFF7C5FFFFF7AD
S21400282027FF144A136943F00403136129F0B1FB30
S21400283029F0B0FB104B114AC3F8242403F55923A2
S2140028401B68DB060ED529F07FFA31F005FC29F06F
S2140028507FFA29F0A0FB03F0C7FD2CB1BDE81040BD
S214002860FFF734BF30BFF4E7FFF71AFFBDE81040AC
S214002870FEF7ACBC00ED00E000A000400000FFFF4B
S21400288010B5044608B1FFF78FFFFFF7F1FE1A4BAD
S214002890D3F8802145F60E01D207C3F8801148BF51
S2140028A000224FF42071196648BFC3F88021134AEE
S2140028B0136943F004031361114B124AC3F824242E
S2140028C029F067FB104B1B68DB060CD529F03CFA99
S2140028D031F0C2FB29F03CFA03F086FD2CB1BDE8CE
S2140028E01040FFF7F3BE30BFF6E7FFF7D9FEBDE8AE
S2140028F01040FEF76BBC00BF00400E4000ED00E04D
S21400290000A000400000FFFF00300E400E4A037992
S214002910916921F03F010B43017843EA8103417836
S21400292043EA4103817843EAC103C178012908BF1D
S21400293043F0010393611368417923F4403343EA7B
S21400294001431360704700BF00300E402DE9F04190
S21400295004460D46FFF73CFE60B3DFF86080FFF7E5
S2140029607BFED8F80430C3F301439C4222D0124BBE
S214002970D3F80031FEF700FC022C07464FF0100695
S21400298009D12146FFF7D8F9C8F8106095B1BDE81F
S214002990F041FFF761BEC4F102039E40C8F8106024
S2140029A00DB1FFF759FE2CB921463846BDE8F04177
S2140029B0FFF7C2B9BDE8F08100400E4000300E407F
S2140029C038B505460C46FFF703FEB8B145B90C4BC3
S2140029D0D3F80051FEF7D0FBC5F3042505FB000530
S2140029E0084B1B7821463BB1074B9D4204D802207A
S2140029F0BDE83840FFF7AABF0020F9E738BD00BFA2
S214002A0000400E404A430020002D3101034B02785F
S214002A101A7001210020FFF7D3BF00BF4A430020F1
S214002A20234B4AF6E85210B5596B5A639A6FD20791
S214002A30FCD41B6C13F0030306D01E4A01249842F4
S214002A40C2F8B44A1AD110BDA0B1431E012B17D844
S214002A50174A4FF40023D362936FDB07FCD4136C42
S214002A6023F0030343F001031364114A536A1C0363
S214002A70FCD505E00F4BC3F8B40AE4E7032BE4D01B
S214002A800B4B9A6FD207FCD41A6C22F00302024357
S214002A901A649A6F12F00102FBD10038054C18BF79
S214002AA001200129C4F8B40A08BF5A63CBE700BF67
S214002AB000300E400000C6432DE9F04F00238BB0D7
S214002AC0CDE90433CDE90633CDE90833A0F5E1635B
S214002AD0B3F5966F05460191934603D900200BB0D7
S214002AE0BDE8F08F624BDFF88C81D3F81842B0F562
S214002AF0E16F15BF4FEA146AC4F3072AC4F307440C
S214002B00E4B20694CDF824A0D8F84C60C6F301765B
S214002B108CBF01220022334607A904A815BF4FF434
S214002B20E1674FF496674FF496694FF4167903926F
S214002B30FFF758FDD8F8EC30039AC3F3012308A931
S214002B4005A80293FFF74EFDA5EB070CAAEB0402BF
S214002B500CFB02F2B2FBF9F214445445079F0498AA
S214002B60089A0599BAD8A2EB010E0CFB0EFEBEFB26
S214002B70F9FE11EB0E012CBF4FF0010E4FF0000EC8
S214002B808A42ABD3BEF1000FA8D13A1A0CFB02F270
S214002B90B2FBF9F280182CBF0122002287429DD397
S214002BA0002A9BD1029BBBF1000F0FD0D8F85C2007
S214002BB0B5F5E16722F4FE4218BF012722F00202B3
S214002BC042EA470242EA0422C8F85C20019A0AB99F
S214002BD0012084E7264A022ED2F830223ED0032E69
S214002BE03FD0012E14BFD2B2C2F30722120312F452
S214002BF0702F7FF473AF1F4EF46E24F4704422439C
S214002C00F2661B4A022BD2F830222CD0032B2DD092
S214002C10012B14BFD2B2C2F30722120312F4702F94
S214002C207FF45CAF134CD4F8EC3023F470431343BA
S214002C30C4F8EC30636E884238BF084623F4FF734E
S214002C40E72823F0010328BFE720B5F5E16F18BF9A
S214002C5043F0010343EA40036366B9E7C2F3074261
S214002C60C4E7120EC2E7C2F30742D6E7120ED4E755
S214002C700081E00F00300E402F4B1A6FD96C11F018
S214002C80010F02F0060242D0002A40D013284FD986
S214002C90143813288CBF102308232749013BCA6C1D
S214002CA0180322F47F4240EA03231343CB64234BEA
S214002CB0CA6C1B88C2F303222833013202EB82005F
S214002CC003EB5303B3FBF0F3C86C013B072B28BFA1
S214002CD0072320F0EE6040EA036343F48013CB64DE
S214002CE0174BB3F90030002B10DB2833500800EBED
S214002CF0420203EB5303B3FBF2F30A6D072B28BF24
S214002D00072322F0700242EA03130B657047D96C62
S214002D1001F00101114304D1092809D90A3809280C
S214002D20B8E7DB6C13F00103B7D01AB92728B1E770
S214002D300423B2E70023B0E700300E40BC3C00207E
S214002D40B83C0020064A074BD3F88039136F23F0AF
S214002D50070303431367044B1888FFF78DBF00BFB4
S214002D6000300E400000C643BA3C0020394B022219
S214002D702DE9F0419A639B6B03F00F0393420446E0
S214002D8003D000252846BDE8F081C288B0F8088048
S214002D908588B0F90C6047784A2A4ED9B2F5FA7F92
S214002DA04DD340F6C3139A428CBF4FF040524FF0BB
S214002DB000522849CB6C23F0405323F00103002E29
S214002DC0A8BF43F001031343CB64D1F8EC3043F4BF
S214002DD04073C1F8EC30204B1D80CB6E43F08073FF
S214002DE0CB661E4BD3F8800900B10420FFF7AAFF7C
S214002DF01B4BA3F800801B4B28461E80FFF73CFFAA
S214002E00A37BFBB1012B21D0012260881146FFF77E
S214002E1053FE05460028B4D00E4AD36B43F48063B5
S214002E20D3633846FFF7FCFDA37AA3F12002534292
S214002E3053410A4AC2F89437A4E70022B9E74FF094
S214002E408052B6E7034B084A9A65DDE7014B074A0E
S214002E50FAE700BF00300E40BA3C00200000C64330
S214002E60BC3C0020B83C002077402057372110B7E4
S214002E70044AD2F8443423F003030343C2F844342C
S214002E80704700BF00A00040072AF8B501F003060F
S214002E9014461F464FF00F011FD8950000FA05F2A2
S214002EA0A940154829F07CF80321144806FA05F2D3
S214002EB0A94029F075F812499DF81830114A2144A6
S214002EC089000F60C1F880300123A340C2F8243483
S214002ED09DF81C30C1F80033F8BDA2F10805AD001E
S214002EE000FA05F2A940084829F05AF803210748D5
S214002EF006FA05F2A940DCE700A4004008A400405A
S214002F008020851000A0004004A400400CA40040CF
S214002F1000EB4000F8B50D461F46040116463AB1D0
S214002F20154801238B402044C7B100F1C060036000
S214002F30072D4FF00F0114D8AB00104806FA03F225
S214002F409940204429F02CF83EB90B4A0123AB40A7
S214002F50224477B102F1C0621360F8BD00F18060D0
S214002F60E5E7A5F108039B00054806FA03F2994039
S214002F70E7E702F18062EFE70CA0004004A0004003
S214002F8008A00040084B4FF40072C3F88020BFF33F
S214002F904F8FBFF36F8F054B0021D9664FF4AA40C1
S214002FA01962FEF7D9BE00BF00E100E000200E4027
S214002FB0034B03449B0081F001011960704700BF7A
S214002FC0A001F11010B5044601214FF4AA40FEF707
S214002FD0C3FEB4F8013022785BBA9BB243EA0263C0
S214002FE00B4A136000231362D36253634FF000430F
S214002FF0D3664FF0FF339366064A4FF40071C2F86B
S2140030008011E3785B01DBB282F80933116010BDF2
S21400301000200E4000E100E0F8B5254D8F7AD1F88B
S21400302000C0C3B201269E404FF0300ECB7A0EFB96
S21400303000500C461B05097BAE6643EA0743C0F802
S21400304080C094F80DC0C0F888C043EA415322F00F
S2140030500302C0F88430C0F8982028F080FEEB6E9B
S2140030603343EB66237A13B16B6B33436B63637A3C
S21400307013B1EB6A3343EB6223792A6823B1DB434F
S2140030801B0263F47F431A4063790BB142EA0322C2
S214003090A3790BB122EA0302E3791343044A1360CF
S2140030A0044B9E62D663BDE8F84028F05EBE00BFC3
S2140030B000200E4000200E4410B5C0B2012484400B
S2140030C028F04DFE054AD36E23EA0403D366044B6C
S2140030D01C62BDE8104028F048BE00BF00200E402D
S2140030E000200E4410B5C0B20124844028F037FEFC
S2140030F0074B1A6A224208D19B6A9C430CBF0124E4
S214003100002428F032FE204610BD0024F9E700BF58
S21400311000200E40054B5A685B68054B41F671323D
S2140031201A649A6822F001029A60704700300E40D6
S21400313000000E40034B9A6822F001029A600022BB
S2140031401A64704700000E40094A0A4BD969C9073D
S21400315005D512B96FF002007047013AF6E7002A6B
S214003160F8D001221861DA60D86940F38000704711
S2140031708096980000000E4070B509B9002070BD1A
S2140031800E4A0023082550F8234094610C4CD56065
S2140031900133D669F60705D514B96FF00200EEE7DD
S2140031A0013CF6E7002CF8D0D469A40702D4994273
S2140031B0E9D1E3E76FF00100E1E700BF00000E4051
S2140031C0809698002DE9F8431C4B0D4641F6713168
S2140031D01E6C19641A49804648684968996841F027
S2140031E00101B6B2996097084FF00009B94501D3BE
S2140031F0002005E008EB89042046FFF7A5FF48B14C
S2140032000E4B9A6822F001029A600EB100221A64F0
S214003210BDE8F883C4F30A01C1F500618908A7EB8D
S2140032200903994228BF19462846FFF7A5FF00283C
S214003230E6D1894405EB8105D8E700BF00000E40C3
S21400324000300E40234B41F671311A6C10B51964EC
S21400325021494C684968996841F00101996001214B
S2140032601861D960D9694C0792B209D5996821F0DE
S214003270010199600AB100221A644FF0FF3010BDB8
S2140032800221D9601549D869C00700D569B9D8693F
S21400329010F002000BD0996821F0010199600AB184
S2140032A000221A646FF00100E9E70139EBE741B943
S2140032B0986820F00100986002B119646FF002006F
S2140032C0DDE7996821F0010199600AB90020D6E788
S2140032D01864FBE700000E4000300E408096980011
S2140032E0014B01229A60704700500E40134B144960
S2140032F0F0B500225D68134E1046D6F8E8714C68AB
S2140033000B687F070BD4B3F5006F06D012D8B3F561
S214003310007F02D0B3F5806F01D144F480742B4255
S21400332002D02C4208BF18430132092A01F10801D5
S214003330E3D1F0BDB3F5803FEEE700BF00500E408E
S214003340448803000040E00F8B784A789B0143EAEC
S21400335082030A781343CA7843EA02130A7943EAD7
S214003360C2234A7943EA02338A79043043EA424365
S2140033700001014A1350704700200440014B1860BA
S214003380704700BF00008442437882789B0043EA7F
S214003390021302781343C27843EA4213027943EADF
S2140033A00223427943EA0233827943EAC233C2797E
S2140033B043EA0243027A43EA4243014A13607047F3
S2140033C0002004400D4AD2F8E430D2F8E0109B000A
S2140033D003F03C03C1F381110B438370D2F8E03055
S2140033E003F03F034370D2F8E830D2F8EC2003F045
S2140033F0F003C2F3031213430370704700FF0FE09D
S214003400024BD3F8FC00000E704700BF0081E00FAF
S214003410044BD3F8E4301B0E0A3303F01F030120DD
S214003420984070470081E00F70B5054616461C466A
S21400343019B91448FEF7E2FD0146402C1BD003D80C
S214003440DCB1202C1BD070BD602CFCD1042303FB08
S21400345006F2530803EB4113B3FBF2F30A4A203B90
S21400346002EAC3032A6822F060022A602A6814432C
S2140034702C606B61E7E70623E9E71023E7E70823FC
S214003480E5E700BF40410500F8FF7F0038B5054678
S214003490144619B90548FEF7B1FD01460139640026
S2140034A0B1FBF4F10902696138BD00BF4041050077
S2140034B040F6AA63C36041F205020023036042603F
S2140034C0104A83604361C36482640F4A0366904275
S2140034D043678367C3670DD002F5806290420BD0C6
S2140034E002F58062904205D002F58062904203D0D9
S2140034F0836570470365FBE7036583650023C36543
S214003500704700BFF9FF01000000014038B50446CF
S2140035102DF03EFA0FCC044D0FC594E80F0085E859
S2140035200F00002038BD00BF5827002047F6FF7365
S2140035309A42F0B572D0062972D83A4B5B5C022BE1
S2140035406ED8394D05EBC304DF00A17815F833308B
S214003550012938BF0121012B13D1E0780025401A3C
S214003560A84202D80844C0B2F0BD431BA0EB5303E8
S214003570666836F913609642CCBF03F1FF301D46ED
S214003580EEE760680028EFD0B0F90040944204DB14
S214003590B0F902409442B8BF14468388FF2B04BF9C
S2140035A0B0F90620B0F908C03D440FBF012600263A
S2140035B0C8224FF0280C131B93FBFCF333446E78A1
S2140035C01BB29E4201DD002B01DA731E1BB20133D3
S2140035D09BB24FF47A7C071D5D1E2DB24FEAC50ED6
S2140035E000EBC5059E42EA88AD6814FB025222EA4B
S2140035F0E27202F15C02B2FBFCF205DD37F83350F2
S214003600954203F10103E7D200EB0E03988890423F
S21400361028BF1046884238BF0846A4E7FF20A3E725
S2140036200020A1E78C880300582700200629F0B563
S21400363061D8324B595C02295DD8314B13F8310002
S214003640012816D103EBC1039C78D8785B68012C5F
S214003650214638BF0121904294BFC1EB0001C1EB67
S2140036600201CAB2001B8242C8BF002233F9120010
S214003670F0BD002A3DD003EBC103596800293AD0BB
S2140036809878904202D3B1F90200F1E7DC78B1F9FC
S21400369000009442ECD95C788B88A3F1FF06013CCD
S2140036A0734201F10405E4B2734101F10C07DEB286
S2140036B0B44216D805EBC3034FF47A75B3F902404B
S2140036C05B686A43D21A04EBD47302EB630292FB84
S2140036D0F4F29042CCDBB1F902009042C8DC10B2A2
S2140036E0C6E737F833C0944503F10106E2D3334604
S2140036F0DDE70448BCE70448BAE700BF8C8803004F
S214003700582700200CFEFFFF0080FFFF08B5044886
S214003710FFF7FCFEBDE8084001202DF05EB900BFB3
S214003720948803007FB5094B09490222CDE901239D
S2140037304FF08373CDE903134FF0FF300D2301A93B
S21400374005932DF086F907B05DF804FB006A1800B3
S21400375006010C00024B03480122C3F800267047FE
S2140037600010C84300000F40094B98420ED003F5E6
S2140037708063984209D10122064B03EBC2035A68C4
S214003780054B13449B0000221A6070470022F3E7A3
S21400379000000F40048A03008005F21010B50446AE
S2140037A02369DB07FCD404F1800028F025FB014BDD
S2140037B0236510BD510545012DE9F043064689B045
S2140037C0174698460C4600294DD1FFF7C3FF014621
S2140037D00446304628F0EFFC4FF0010996F86C508E
S2140037E006F15C01C5F10F06C5F10E03F6B22A46D6
S2140037F00DF1010001358DF8003030F0FFFB324648
S21400380000210DEB050030F0D3FBC6F110000123BC
S2140038103246002168448DF80F3030F0C9FB28F09E
S21400382093FA04F1800605466946304628F0E4FA25
S2140038300E4B23652369DB07FCD404A9304628F029
S214003840F8FA284628F084FA424604A9384630F0AA
S214003850D5FBB9F1000F02D02046FFF785FF002008
S21400386009B0BDE8F0834FF00009B7E70551010045
S2140038702DE9F04F89B00546DDF8489016461F46FC
S2140038800C4639BBFFF766FF01460446284628F07B
S21400389092FC4FF0010B6B6C33446B6428F054FAC7
S2140038A08246D6B9504628F053FABBF1000F0ED028
S2140038B028F04AFA05F14C01064604F1840028F087
S2140038C0B8FA304628F044FA2046FFF74DFF09B014
S2140038D0BDE8F08F4FF0000BDDE72B79102EB046D9
S2140038E028BF4FF01008012B0DD11022002168468A
S2140038F030F05EFB39464246684630F07FFB69464C
S2140039002046FFF74BFF394604F18C0028F074FA86
S214003910124B2365012363652369DB07FCD404A9E6
S21400392004F1800028F085FA04A94246484630F0A3
S21400393065FB297961B91022684630F039FB4946A3
S2140039404246684630F05AFB69462046FFF726FF97
S214003950C1444744A6EB0806A3E700BF4805590341
S21400396070B5048804F4E043B3F5005F05461ED145
S214003970C4F30223042B1AD181F0AA6383F4807364
S21400398033F47E13204821F47E1618D081F0AA6303
S21400399083F4007333F47E1311D0864230D1B4F52D
S2140039A0105F0CBF6FF086006FF0850070BDB4F539
S2140039B0105F25D1144B21F47E119942F1E786421F
S2140039C04FEA1143C1F305411AD1B4F5105F17D180
S2140039D004390C2911D813F001000ED1073A062A33
S2140039E00BD86B88C02B0BD0B3F5807FDED0802B36
S2140039F00CBF00206FF08600D8E76FF08600D5E792
S214003A006FF08500D2E700BF000140052DE9F04FBA
S214003A10A7B0DDE93475DDF8D880DDF8EC900892C3
S214003A2006461C468A4629B96FF08602104627B01D
S214003A30BDE8F08F0028F7D0309B002BF4D0329BE7
S214003A4013B9339B002BEFD1002F7DD1002DEBD186
S214003A50389B002BE8D0B9F1000FE5D03A9B002B3D
S214003A60E2D0399B002BDFD0338803F4E042B2F576
S214003A70005F74D1C3F30222042A70D184F0AA63D3
S214003A8083F4807333F47E1306D084F0AA6383F441
S214003A90007333F47E136BD1C4F30543319AC9F82F
S214003AA00030214630460993FFF75AFF02460028A9
S214003AB0BCD17288089BB3EBD20F4FEAD20BB3D3BC
S214003AC0379B9D425FD83A9A099B93425BD84745FD
S214003AD008D27B19984505D239462A46404630F02A
S214003AE04DFA4746702200210AA830F061FA5A467D
S214003AF051460DF12D00CDF850B030F07FFA234B33
S214003B0024F47E149C423BD13388B3F5105F37D142
S214003B10D9F800300693399B0397CDE90483339B8D
S214003B200293329B0193319B00932A46309B0121DE
S214003B300AA828F05BFC0246E0B9389B1D6070219D
S214003B400AA828F04BFC71E7002D81D0B8F1000FD1
S214003B503FF46AAF379B002B7FF47AAF64E742F2FC
S214003B600402934204D184F0052383F4801390E783
S214003B70002393E7389900230B60C9F80030DEE78E
S214003B806FF08502DBE76FF089024FE70001400522
S214003B902DE9F04FABB0DDE938A4DDE93B65894699
S214003BA0099298460746002800F0A280002900F0F7
S214003BB09F80349B002B00F09B80369B1BB9379B65
S214003BC0002B40F09580BAF1000F02D1002C40F097
S214003BD08F801DB93D9B002B40F08A803E9B002BBA
S214003BE000F086803A9B002B00F08280359A414692
S214003BF03846FFF7B5FE0246002866D17A88099B4C
S214003C00B3EBD20F4FEAD20B72D33D9B9C4272D8D5
S214003C10AA4509D20AEB0402954205D2514622462D
S214003C20284630F0ABF9AA46702200210EA830F0E4
S214003C30BFF95A4649460DF13D00CDF860B030F068
S214003C40DDF92E4A28F47E1800219045CDE90A11A8
S214003C50CDE90C1149D13A88B2F5105F45D1379BB2
S214003C600293369B01930AAF359B00932246CDE91B
S214003C700457349B0696CDF80CA00EA828F0B6FB89
S214003C800246C8B93A9B384603EB060C90469C455C
S214003C901FD11EB13146384628F0A0FBB8F1000F00
S214003CA020D03E9A002313601CB12146284628F0F7
S214003CB095FB6FF0940204E01EB13146384628F0BA
S214003CC08DFB70210EA828F089FB10462BB0BDE8AE
S214003CD0F08F10F8011B13F801EB81EA0E0148EA99
S214003CE00108D4E73E9B1C60EBE76FF08502E8E72F
S214003CF06FF08602E9E76FF08902E6E7000140050B
S214003D002DE9F04F8FB09846DDF86CA004909346EE
S214003D100023B8F1000F16D0D8F800401029CDE9DE
S214003D200633CDE908330CBF082310230293002581
S214003D305D450AD3B8F1000F01D0C8F80040002056
S214003D400FB0BDE8F08F4446E8E75CB1199B1A9ABD
S214003D501B5D525D013453400AF8053004F00F0431
S214003D600135E5E7FFF7F6FC4FF440434460036097
S214003D70064627F0E9FF029A04990746304628F0DF
S214003D808DF806F1840318461899019328F034F844
S214003D903846ABEB050727F0DBFF27F00F0706F1E9
S214003DA0A0032F440593AAF11009BD4234D11A9BF3
S214003DB03B440AAD03F1100C186859682A4603C242
S214003DC0083363451546F7D10F2F0ED90AEB0703C4
S214003DD006AD103B0DF1280C2A4603CA6245186052
S214003DE05960154603F10803F6D106F180035744DF
S214003DF00AEB0B0903934F4536D127F0A5FF189918
S214003E000546019828F015F8284627F0A1FF304609
S214003E10FFF7AAFC5D468BE727F096FF224B039040
S214003E2033653369DA07FCD41A9B0598591927F0CD
S214003E30E3FF0F2D0ED90DF1180C09EB05020DF15D
S214003E40280E634603CB7345106051609C4602F112
S214003E500802F6D106A906F1800027F0EAFF0398CB
S214003E6027F076FF1035A0E774B927F06DFF0E4BEC
S214003E70336505463369DB07FCD40398199927F0A8
S214003E80D8FF284627F064FF04F138030DEB030241
S214003E90199B12F8102C1B5D0134534007F8013BA8
S214003EA004F00F04A7E700BF480503012DE9F74F0C
S214003EB0DDF848A0DDE90E74DDE9106883461D468E
S214003EC0894621B96FF0860003B0BDE8F08F002A5E
S214003ED0F8D00FB9002CF5D116B9B8F1000FF1D112
S214003EE0BAF1000FEED02E4B9D4215D00BD82D4BBD
S214003EF025F4807199420FD003F580639D420BD064
S214003F006FF08500E0E7284B9D4205D025F4007150
S214003F10A3F580739942F2E7BBF80030B3F5105F63
S214003F20EED1BBF80230B2EBD30FE9D3802B02D030
S214003F30B3F5807FE4D124B3B7420AD23B199E4240
S214003F4007D24445BED839462246304630F016F8E9
S214003F503746164BBBF802B09D424FEADB0BCFD17B
S214003F604445AFD814F00F05ACD173190093012265
S214003F707B195946484628F072FA30B91035AC42DB
S214003F80F3D8CAF8004000209EE74246002130469B
S214003F9030F00EF80023CAF800306FF0920093E776
S214003FA00010C004004040040012C0040044400456
S214003FB02DE9F04F91B0DDE91A4ADDE91C56DDF82F
S214003FC0789007469B46884629B96FF08608404693
S214003FD011B0BDE8F08F002AF7D014B9BAF1000F7F
S214003FE0F3D10DB9002EF0D1B9F1000FEDD0574B3B
S214003FF09B4515D00BD8564B2BF4807199420FD0A9
S21400400003F580639B450BD06FF08508DFE7514BC7
S2140040109B4505D02BF40071A3F580739942F2E717
S2140040203B88B3F5105FEFD17B88B2EBD30FEBD3B1
S214004030802B02D0B3F5807FE6D1BAF1000F04D111
S214004040C9F800A04FF00008C1E7AC420BD204EB61
S2140040500A039D4207D2B245B7D8214652462846A3
S2140040602FF08CFF2C46394B7F889B454FEAD707AD
S21400407058D003F540739B4521D0374B9B45C3D1A1
S214004080B245A2D81AF00F0B9FD140463B4608AA6D
S214004090394628F01EFA8046002898D105EB0B0317
S2140040A00093002204EB0B03394608A828F0D7F942
S2140040B0804670BB0BF1100BDA45EFD8C0E7AAF1CB
S2140040C00D0AB2453FD801238DF810300DF11102CC
S2140040D0234604F10C0153F8040B42F8040B8B4200
S2140040E0F9D11B7813704FF48073ADF81E300D3481
S2140040F004ABCDE900334046CDE9024500235246E5
S2140041003946FFF7FDFDC9F800A0804600283FF4B9
S2140041105EAF3246002128462FF04AFF0023C9F83A
S214004120003054E7AAF1100AB2453FF64EAF04AA93
S21400413004F1100C20686168134603C30834644514
S2140041401A46F7D1D4E76FF0890840E70010C0049C
S214004150004040040012C0040044400410B54FF470
S2140041602F72044600212FF023FF8023C4F88C30E2
S214004170054BC4F88430012384F8883004F19C0091
S214004180BDE8104027F0DFBB148A030010B5D0F856
S214004190A0400A4684B928F0A7FB044610B90024BC
S2140041A0204610BD2D2896BF064B074953F8201011
S2140041B0064828F0E0FCF3E7D0F8A4101046A04725
S2140041C0EDE700BFBC8A0300178A030067B0030050
S2140041D0F8B590F88060044616B100263046F8BD63
S2140041E028F0B3F90028F8D1012384F8803094F839
S2140041F0883033B1D4F88410194884F8886028F0E1
S214004200BAFC4FF0FF37D4F8B402421C1CD0C4F8F6
S214004210B47210F0FF0520D0204628F093F9294606
S214004220204600F0AFFB0028EDD0204628F098F995
S21400423094F888306BB1D4F88410094828F09BFCB9
S214004240002384F8883004E028F07AFC431CE0D190
S2140042500126002384F88030C0E70126D3E700BF9C
S214004260FEAC0300F8B50B78302B04460D46164618
S21400427004D14B7803F0DF03582B11D0284F6A1E69
S21400428012F8011F002935D128460A2227F040F8E7
S214004290202C03460D4632D1B1FA81F040091BE0CE
S2140042A04A1C1F4912F8013F93B928462FF0B4FE66
S2140042B01C4B2340032BA0F1020012D10134A410A2
S2140042C084420AD1A87837288CBF0020012003E05A
S2140042D0CB5C13F04400E5D1F8BDCCBF0120002034
S2140042E0FAE7002CB8BF0334B0EBA40FD4BF01200C
S2140042F00020F1E77B5C13F00400C1D1ECE726B1A7
S214004300084302D0013B61F100050122A240013AB8
S2140043101A40002D08BF9A420CBF01200020DBE7A0
S21400432025F7030003000080F0B503787B2B0146D9
S21400433017D10D4F06460224002216F8015F7D2D88
S21400434005D10B5D6BB9D24302F0010008E07B5D3E
S21400435013F0440002D001320134EEE7202DFBD0EA
S214004360F0BD0020FCE700BF25F7030070B5064649
S2140043700D462FF051FE0446304628F0FCFB044E56
S214004380AC4200D370BD304628F0F5FB0134F7E7A9
S21400439060A403002DE9F84F044602216048FFF7A9
S2140043A0E5FF1E212068FFF7E1FF6368586828F0E4
S2140043B0E2FB5C4828F0DFFB67683B7BFD2B12D8EE
S2140043C0D7F80880DFF85891DFF8B4A1DFF870B1AD
S2140043D040462FF021FE0C3706464FF0FF3417F804
S2140043E0013BFF2B01D1BDE8F88F212B14D8212BE0
S2140043F014D8DFE803F0178C8884807C7874131355
S214004400131313131313706C6864605C58541313FF
S214004410131313131313504CFE2B34D006B1013470
S214004420414D02E006B10134404D02214846FFF7F7
S2140044309DFF1E214846FFF799FF504628F09BFB3C
S214004440594628462FF0D0FD3949002818BF29467E
S214004450384828F090FB3B78202B02D12B2028F000
S2140044607EFB354828F087FB4EB118F804301F2B2A
S21400447005D018F804001F2801D0B4424BDB2948A9
S21400448028F079FBABE706B101342C4DCDE706B139
S21400449001342B4DC9E7002EA1D001349FE706B1A9
S2140044A00134284DC1E706B10134274DBDE706B1FA
S2140044B00134264DB9E706B10134254DB5E706B1FE
S2140044C00134244DB1E706B10134234DADE706B102
S2140044D00134224DA9E706B10134214DA5E706B106
S2140044E00134204DA1E706B101341F4D9DE706B10A
S2140044F001341E4D99E706B101341D4D95E706B10E
S21400450001341C4D91E706B101341B4D8DE706B111
S21400451001341A4D89E728F022FB0134A9E700BFD1
S214004520A37B0300DC8F0300818B03007B8B0300DF
S214004530D28B0300FEAC0300EF9E03000DBB03000E
S214004540898B0300928B0300998B0300A48B0300D6
S214004550AE8B0300B88B0300A38B0300AD8B030068
S214004560B78B0300C08B0300C48B0300CC8B030007
S214004570758B03007C8B0300CB8B0300748B0300CE
S214004580BAB303002DE9F04F9BB005468B46009268
S21400459004932FF041FD249F049B059000241C608B
S2140045A00AAA3C6009A9284628F006FB064658B920
S2140045B00A982FF031FD049B1860D5F89C300393C1
S2140045C03446B146039B1BB920461BB0BDE8F08FAE
S2140045D0039B9B680193002B69D02E4416F8013B81
S2140045E0202B12D000260C23019A734302EB030AF9
S2140045F0D3580293002B55D0DDF82480C84551DBF4
S2140046009AF808302BB1721C35E03B6801333B60EA
S214004610E4E73B68D5F894200299D21A049B1A6006
S2140046201AAB03EB890353F8403C069318462FF069
S214004630C7FC07900028E6D102982FF0EDFCDAF8C8
S2140046400410079AD7F800A00346087BFE2816D168
S21400465008F1FF38C8452ED00B68069802920193E1
S2140046602FF0DAFC0AF10103029A0344E95C21B157
S2140046703B6009F101091646B5E70133F6E7D5F8C0
S2140046809420A2EB0A029A42BDDC584606932FF00D
S214004690C3FC069B03447B2B1DD91F4A0099584632
S2140046A027F078F9059A2B462A449A422AD1039B8A
S2140046B01B68039386E7D5F89420A2EB0A029A4279
S2140046C0E3DDD1F8008058F80C2B82B9059B3B60DF
S2140046D0049B1A60E6E7029A0099584627F05AF9B2
S2140046E00E4A00995846013427F054F98BE7009992
S2140046F0584627F04FF9094A0099584627F04AF9D4
S2140047000134E0E713F8011B0029CED14FF0200159
S21400471003F8011CC9E700BFD48B030060A40300A4
S2140047202DE9F04786B0DDE90EA800241C60064699
S21400473089468AF800401168154888F800401746F0
S2140047401D468DF81740FCF7A3FD18B92B680133FA
S2140047502B600124D6F89C60002036B914B10123E2
S21400476088F8003006B0BDE8F087B06868B14B4600
S214004770CDE902A8CDE900750DF11702002128F059
S21400478052F89DF81730002BE8D13668E5E700BFF1
S214004790D98B03002DE9F0430026ADF5457D044690
S2140047A07C22314605A802AF04962FF001FC009744
S2140047B003AB802204A92046FFF7E4FE01283ED181
S2140047C004A82FF029FC03993B68A0EB01080B44D2
S2140047D0234428EAE878054604A8014442461846D9
S2140047E02FF00CFC00F80860D4F89060039B396842
S2140047F0D4F890201944B14212DCD4F89410E81A88
S2140048000244C4F89020014404AAC4F89410D418B2
S21400481025182B1B002B0DDC0DF5457DBDE8F08320
S214004820A05C28F09CF9D4F890300133C4F890309E
S2140048300136DBE714F8010B28F091F9E9E7EBDD28
S21400484024AD8022314628462FF0B2FB44AB4FF40D
S2140048500072314618462FF0ABFB0DF110090346E7
S2140048604A464FF00108314612F8016B002E49D136
S21400487004A843F828102FF0CFFB2946334619F832
S214004880016B0DF5887C5CF8042B824243D1013322
S214004890984501F8016BF2DAD4F89060039BB342B6
S2140048A042DC364A3648234604A928F064F92846EE
S2140048B02FF0B2FB039B3F6806461F44F61AE0192A
S2140048C01D4426EAE67204F198031744984204EB66
S2140048D007014ED204F1900399424AD96A1E811903
S2140048E00B1A002B39DD12F8013F00F8013BD4F813
S2140048F090300133C4F89030D4F894300133C4F8C3
S2140049009430EDE7202E01F1010104BF43F8281092
S21400491008F10108A8E70DF1100E7244D25CB2420D
S214004920B1D00022EA54B7E7D4F89030E05C28F023
S21400493016F9D4F890300133C4F890300136ADE75C
S214004940D4F890200132C4F89020D4F89420013294
S214004950C4F89420013B002BF2DC0023E3552E44E0
S214004960731B002B7FF758AF15F8010B28F0F7F8EC
S214004970F6E729462FF042FB3346ECE7148A03009D
S214004980DE8B03002DE9F843D0E9245604460F4693
S214004990002294F89830012B07D10A2F07D1002364
S2140049A084F898300020BDE8F88300F29F801B2F23
S2140049B001D10223F4E70D2F0DD1012384F898309E
S2140049C00D2028F0CCF80A2028F0C9F80023C4E906
S2140049D024330120E7E74FF00008082F84F898807A
S2140049E034D1454530DDB5420FD1384628F0B7F80A
S2140049F0013D202028F0B3F8384628F0B0F804F837
S214004A000580013EC4E92456CCE7FBDA05F1FF3900
S214004A10384628F0A4F804EB0903A6EB090261194E
S214004A2018462FF0ABFA04F806800146484828F0EE
S214004A30A2F8013E35464D4501DC4D46E2E708202A
S214004A4028F08DF8013DF6E7ACD0DBE77F2F1CD1D0
S214004A50002EA7DDB542A5DA6319691C2144721B36
S214004A6018462FF08BFA04F806800146394828F0DD
S214004A7082F80820013E28F072F8B542F9D1D4F841
S214004A809430013BC4F894308CE70A2F98D0092F55
S214004A9003D12046FFF77EFE84E7D4F88C30013B36
S214004AA0B3427FF77FAFB54204EB050805F1010975
S214004AB00CDB88F80070D4F89430C4F8909001337A
S214004AC0C4F89430384628F04AF86BE7721B414623
S214004AD004EB09002FF052FA404628F04CF8082064
S214004AE0013E28F03CF8B542F9DDE2E7022B06D19C
S214004AF05B2F01D1032353E784F8982049E7032B63
S214004B007FF450AF413F84F89820032F3FF64AAF1A
S214004B10DFE807F002070A160121204627F0D0FF3B
S214004B2040E74FF0FF31F8E7B542BFF63BAF605DB8
S214004B3028F015F8D4F890300133C4F8903031E7F7
S214004B40002D7FF72FAF013DC4F890500820BAE73C
S214004B50E78B0300D49F03007FB5094B6A4603F139
S214004B601006154618685968144603C40833B3423D
S214004B702246F7D12846FEF7F9F8002004B070BDAB
S214004B80EC8B030070B5184B86B001AA03F1100633
S214004B90154618685968144603C40833B3422246BB
S214004BA0F7D11B882380114BD3F8B420120316D5F7
S214004BB0A3F500434FF6FF721B88934208BF4FF4DD
S214004BC0A6730B48ADF80A30FCF718FB2846FDF72D
S214004BD085FC3220FDF7FAFA002006B070BDD3F847
S214004BE0B830C3F30803ECE7FC8B03000081E00F4A
S214004BF000F0490207B5084B18680190202301A869
S214004C008DF80430FDF7AAFC3220FDF7D9FA002013
S214004C1003B05DF804FB00BF0E8C030010B50C4813
S214004C200C4C6FF00403A02113F0800F03F1010277
S214004C3007D12344332A83F800131346F4D1002007
S214004C4010BD03F00F03043B034419761346EBE74D
S214004C5000ED00E000E100E010B5044627F074F82F
S214004C60024B1C6027F074F8002010BD802700203F
S214004C7010B527F069F8034B1C6827F069F8204642
S214004C8010BD00BF8027002038B50C4615460146EB
S214004C9010B9FFF7EDFF01462B46224603480AF0FF
S214004CA0CFFF0028D4BF3720002038BD21CD02001A
S214004CB030B5144687B00546104628F063F8636999
S214004CC083423CBFD4E903315B181B1A02467BB112
S214004CD00F4903910021CDE901310123049400938B
S214004CE0D4E90013284626F0DFFF002007B030BDC9
S214004CF00122627694F82D20002AF6D084F835300A
S214004D001321E36920469847636A20469847ECE7F4
S214004D10B14C00002DE9F04788B004460F46164611
S214004D20984627F01CF88146002E7BD0237E03F0A1
S214004D30FF02002B00F0A380204628F023F86569C8
S214004D40A84205D1637ED4E9033213445D1B01E01B
S214004D50F9D9451BB54228BF354627F000F894F828
S214004D602D308246002B6ED161692A4638462FF0D8
S214004D7045F963692B4463612E4621E0037803F00E
S214004D80FD0111295CD1216B814205D1A3F11101EE
S214004D904B424B4184F83430013E6369216B8B42B1
S214004DA003F1010308BF2363636101329542606922
S214004DB0E4D1D4E90323216B1344994200D1226342
S214004DC0D4E903236169207A134499424FF0000521
S214004DD008BF62616576FCF765FD204627F0D2FFC6
S214004DE06369834232D194F82D302576E568656193
S214004DF003B12563636A20469847224B039300233A
S214004E000494029323690193012300936368216845
S214004E10207A2A4626F048FF207AFCF763FD5046A3
S214004E2026F0A3FF4846C8F8006026F09EFFD8F894
S214004E300030002B0CBF1B20002008B0BDE8F08718
S214004E4007F8013BA9E72E460022AFE701232376A9
S214004E50207A0DF11E01FCF7ADFD9DF81E30002BEB
S214004E60DAD00DF11F01207AFCF77CFD9DF81F10AB
S214004E700029D1D1207A2246FFF71AFFCCE7164642
S214004E80D0E700BFB14C0000002807DB044A410908
S214004E90012300F01F00834042F82130704700BF16
S214004EA000E100E0002808DB4309044900F01F0089
S214004EB001226033824041F82320704700E100E081
S214004EC070B504460568FFF7D3FE844202D1002081
S214004ED0FFF7C2FE95F936603046FFF7E3FF002E77
S214004EE00CDB7309194906F01F0620330122B24075
S214004EF041F82320BFF34F8FBFF36F8F95F93760CC
S214004F003046FFF7CFFF002E0CDB73090F4906F083
S214004F101F0620330122B24041F82320BFF34F8FF3
S214004F20BFF36F8F287AFCF7FDFC287AFCF75EFC4F
S214004F30FCF73AFC0023C4E90033C4E90433A36059
S214004F402846AB6ABDE87040184700BF00E100E0A5
S214004F502DE9F0430C461546064687B04022002150
S214004F6020461F462FF024F8002395E803002A6900
S214004F702376EB68E360C4E904232A7D84F82C20BA
S214004F80AA7D2363012384F8343084F835300E9BE1
S214004F90236284E803000F9B6362109B84F82D2035
S214004FA0E761A3622B7A84F836306B7A84F8373060
S214004FB02D4B73602D4BB3602D4B33612D4B3460FE
S214004FC073612D4BF360FCF737FC38B12B4B9842DE
S214004FD004D01024204607B0BDE8F083002104F179
S214004FE00800FCF7B1FB07460028F2D1244B3362D9
S214004FF04FF00108234B84F83C80B361224BF361E9
S2140050009DF8483084F83B309DF8443084F83A30B8
S214005010697D84F8390084F83880204627F0C3FE7E
S21400502095F909904846FFF73DFF4846FFF72CFFE5
S214005030164B0494CDE902732369CDE900836368B7
S214005040E2682168207A26F02FFE04460028C0D1A8
S21400505095F908502846FFF725FF2846FFF714FF66
S2140050603046FFF7F9FDB5E7F7CD0200154D000015
S21400507073CD020079CD0200C14E0000038000F01F
S2140050804DCD0200A7CD02007FCD0200B14C00003E
S2140050902DE9F04186B01C46524B0C9D0293524BB4
S2140050A001930126514B0093CDE90366504B904681
S2140050B00A462946FFF74CFF0746002856D12368C4
S2140050C02B6463686B64637A85F84930237A85F8C5
S2140050D04830E37A85F84B30A37A85F84A30637B0C
S2140050E085F84D30237B85F84C30E37B85F84F30D0
S2140050F0A37B85F84E303F483146FCF72DFE3E48F0
S2140051003146FCF729FE617A207A33460422FDF701
S214005110FFFE33460222E17AA07AFDF7F9FE6068C8
S2140051203146FCF719FE88F800704146206826F0E4
S214005130A7FF2268536F43F003035367936F617CA6
S21400514023F4F85323F01F0343EA0123A17C0B4307
S21400515093670323536785F8507098F81920202A20
S21400516028D007D8E2B1102A38D02327384606B010
S214005170BDE8F081302AF8D185F8503002220023AD
S214005180617B207BFDF7C4FE2368E27CDA675A6EFB
S21400519042F004025A665A6F42F010025A6766B925
S2140051A02A6C2068D36C43F00403D364052126F0F0
S2140051B060FFDBE7022385F85030E17BA07B00230D
S2140051C00422FDF7A5FE2368217DDA6F42EA01225C
S2140051D0DA675A6F42F020025A67E1E733463E46E6
S2140051E0CAE700BF23CF020017CF0200AFCF0200EE
S2140051F0A3CF02004041050000350A0007B501F0C4
S21400520019FB6A4601F07CFB18B10448522100F0F5
S214005210DDFADDE9000103B05DF804FB128C030043
S21400522008B501F03BFA18B102487A2100F0CEFA30
S214005230002008BD128C030008B500F025FA0D4AC0
S214005240536A43F4E0235362EFF308830A4A043BAD
S2140052504FF0CD31934209D2084B01221A61FFF775
S214005260DFFFBDE808400648FEF750B943F80419CA
S214005270F0E700BF00ED00E00000002000300E4028
S2140052804C89030007B504220DEB020100202BF029
S2140052905CFB042804D0054840F2671100F096FA3B
S2140052A0019800F0D9FB03B05DF804FB128C0300F4
S2140052B010B50A0A41400748C9B2082301F00104A4
S2140052C0490804B14140013B13F0FF03F6D181EADF
S2140052D0020010BD2083B8ED2DE9F843134C144EA0
S2140052E0DFF85480134FDFF85490002523780BB96D
S2140052F0BDE8F88356F8043B22464146002027F0D6
S21400530018FD227823460134002AFAD15B7853B17F
S21400531005F00303032B0CBF39464946002027F04F
S21400532008FD0135E2E73946F8E700BF7291030051
S21400533000100020DB8F0300588C03004BBC0300DA
S2140053406B4B1B8840F6052293422DE9F0410ED8A0
S214005350B3F5206F0DD840F20252934218D040F2B7
S2140053600172934220D040F2015293420AD0BDE827
S214005370F081A3F602235F4C032B1ED8DFE803F070
S214005380376396B25C490020BDE8F04127F0D1BCF7
S2140053905A49002027F0CDFC564B1A6C5849BDE8F8
S2140053A0F041002027F0C5BC524A5649BDE8F041FE
S2140053B0D2E92423002027F0BCBC5349002027F064
S2140053C0B8FC94F868309E0703D55049002027F0B3
S2140053D0B0FC94F86B305D0603D54D49002027F0ED
S2140053E0A8FC94F96B30002BC1DA4A49CBE74A494E
S2140053F0002027F09EFC94F86430980704D0226CB6
S2140054003F49002027F095FC94F96430002B04DA1D
S214005410226F4249002027F08CFC414FDFF80C81B8
S21400542000250126626E06FA05F3134207D057F8E8
S214005430252013781BB14146002027F07AFC013561
S214005440082DEFD193E73749002027F072FC2C494E
S214005450226C002027F06DFC94F86530590703D5C0
S2140054603149002027F065FC94F96530002B04DAFA
S214005470226F2A49002027F05CFC294E2B4F082576
S214005480636EEB40DA0707D556F8252013781BB174
S2140054903946002027F04DFC0135102DF0D194F848
S2140054A0640000287FF463AF21496DE721491C4E54
S2140054B01E4F002027F03DFC226C1149002027F0EB
S2140054C038FC1025636EEB40DB0707D556F8252021
S2140054D013781BB13946002027F02BFC01351A2D16
S2140054E0F0D144E71449002027F023FC226C55E74E
S2140054F0BE3C002000100020628C0300A08C03003D
S214005500D18C0300EC8C0300088D0300218D030072
S2140055105C8D0300908D0300CD8D0300F38D03009A
S214005520CC9803001A8E0300328E0300118E0300FF
S214005530798E0300AA8E0300C48E03002DE9F04F77
S214005540424CD4E90D32D4E9121B580748BF002656
S214005550D4F83CA05DBFD4F850803D4EDFF81C91D7
S214005560DFF81C915ABF8B469246B04613F0080FE0
S214005570384B394A394918BF1A46B6EB080718BFE0
S2140055807D0885B01BBF642303FB0B553D46B5FB6A
S214005590F7F54B4618BFADB2CDE9016ACDF80080ED
S2140055A00020BFB227F0C5FBCDE900972C492B465B
S2140055B01FFA8BF2002027F0BCFBB24501D8C2458B
S2140055C004D228494A46002027F0B3FBD4E9170343
S2140055D0184338D02449254FDFF8A880002027F04C
S2140055E0A8FB00250126E26D06FA05F3134207D054
S2140055F057F8252013781BB14146002027F099FB69
S2140056000135202DEFD11A4FDFF8788000250126CE
S214005610226E06FA05F3134207D057F825201378B2
S2140056201BB14146002027F084FB0135122DEFD137
S2140056301049002027F07DFB0E49002005B0BDE88C
S214005640F04F27F076BB0C49F4E700BF00100020AF
S21400565000100020EB8E0300F28E0300FA8E03008B
S2140056602C8F0300668F0300858F030004980300C9
S21400567084980300DC8F0300B58F0300E68E0300DA
S21400568016BD0300FDAC030010B5FDF72FFE044663
S214005690FDF726FEE30721D401221046114600FA44
S2140056A001F3234002F101021AD0214B33F81130E6
S2140056B02049062B19D040F20722934212D14FF010
S2140056C000524FF20F00548884420BD11088984243
S2140056D008D14CF23C335380088010BD0021E4E72B
S2140056E0112ADBD1134A138012E04FF000534FF219
S2140056F00F025888904218D11B88B3F5406F28BF18
S2140057004FF4C0630B804FF000534CF23C325A808B
S214005710084B1A8840F201739A4201BF064A074BAB
S214005720D2E90001C3E90001D7E74FF4C063E9E717
S21400573050910300BE3C00209010002084270020DB
S214005740014B1888704700BFBE3C0020014B1888EC
S214005750000A7047BE3C0020044B05481B881A0A06
S214005760B3F5406F38BF00EB82007047BE3C0020A8
S21400577020910300044B1888044B020AC0B253F869
S214005780223003EB80007047BE3C0020F090030000
S21400579010B5044626F0DFFA4FF000534FF20F0222
S2140057A01C805A80BFF35F8FBFF34F8F0549064BAF
S2140057B0CA6802F4E0621343CB60BFF34F8F00BFAA
S2140057C0FDE700BF00ED00E00400FA0538B504462A
S2140057D00D462BF02EFE08492B462246002027F0C9
S2140057E0A8FA27F087FC26F0B6FA29462046BDE838
S2140057F0384027F065BC00BFCB8F03006B4A6C4B6C
S2140058002DE9F04155685D65516A996569496A4CAC
S214005810D1F80002D865D1F804121966916A596663
S214005820D16A9966116BD966516B1967D26B586B42
S2140058305A67D3E90E1210F0040F18BF11465F4ADC
S2140058401A6500209142D8645DD301F12000A04281
S21400585059D888691864C5F30805CE695E64062DB4
S21400586055D1574DA84252D3564DA8424FD205881F
S2140058704DF6426085424AD11868C3F890005868D1
S214005880C3F8940040F20170A242154605D22E6875
S214005890B6F1CD3F02F10402F6D00022C3E91E2283
S2140058A0C3E92022C3E92222641BDFF814C1424D5B
S2140058B0DFF810E19C648D422CD8D3E91EC7D3E9EB
S2140058C02065D3E922414FF0000E013AD2B2FF2AFA
S2140058D03BD1BEF1000F05D0C3E91EC7C3E9206562
S2140058E0C3E92241B3F85430C3F30803DA1E0F2A83
S2140058F052D8DFE802F03458414451515151514ECC
S2140059005151515151380021C3E910112B494FF420
S2140059102060B9E755F8044D6445CCD37445CAD227
S214005920E607C8D5284F002657F8048FA045C2D0F2
S2140059300136062EF8D132B1013AD2B202F11E0675
S21400594043F82640B7E70522F8E7E0464FF0010E99
S214005950BC4637462E4625460C464146B5E740F639
S2140059600120BDE8F081194BDB6913F0020F40F20D
S214005970025318BF1846F4E740F60320F1E740F25A
S214005980017240F60423B0F5206F14BF1046184687
S214005990E7E740F60520E4E7013B40F60722412B07
S2140059A098BF1046DDE740F60220DAE700ED00E09B
S2140059B00010002000E100E00010002000000020A1
S2140059C00C01000040400300741000200020054039
S2140059D000F00CB800F00AB800F008B800F006B8FE
S2140059E000F004B800F002B800F000B872B61EF07E
S2140059F0080F09D01EF0040F0DD0DFF850E0AEE817
S214005A00FF1F6FF002000CE0DFF840E0AEE8FF1F7B
S214005A106FF00E0005E0DFF834E0AEE8FF1F6FF031
S214005A2006006946EFF309828EE8070086460848B6
S214005A30084C854501D3A54501D384F30888FFF7B4
S214005A40DDFE84F30888FFF7A3FE000000100020A8
S214005A50400000200010002083B24BF6EF62002BBF
S214005A6008BF1346044A000C13804FF6CE2308BF27
S214005A701846024B188070479A150020981500208B
S214005A800B4BB3F900201888002AB8BF80F06200DC
S214005A9042001A80074AB2F9001013880029BCBFDA
S214005AA083F4805383F00B035900118058407047ED
S214005AB09A1500209815002008B501F00DF960B180
S214005AC00A4B0344072B0DD8072B0BD8DFE803F04F
S214005AD00C060A080A0A0A04C12008BDC320FCE70F
S214005AE0C420FAE7C520F8E7C220F6E7FF1FFF0F3D
S214005AF0F0B551B1002807DA2D23B0F1004F13702E
S214005B0000D04042012100E0002100250E4F2C4627
S214005B1057F8046B002301E0801B6346864203F1BE
S214005B20010CF9D913F0FF0300D125B14D1C303319
S214005B305354E9B201250134E4B2092CE8D13030DF
S214005B405054481CC0B2F0BD3C9903002DE9F04FFC
S214005B50002495B021468046164603A844220294A7
S214005B609A462EF025FAA146274602AC25463178FD
S214005B7059B9641BE4B2224629460020C0470028D3
S214005B8040F08F803819C0B28CE0252918D0B9F1C2
S214005B90000F19D104F8011B12AB9C42C0F0D38051
S214005BA0641BE4B2294622460020C047014600286E
S214005BB077D13C4448222846E7B22EF0F9F9C1E0F6
S214005BC0B9F1000F00D101363278622A47D021D8C9
S214005BD0252A3ED004D8002ACBD04FF00009DBE7B8
S214005BE0392A15D82F2AF8D9717801F0DF015829FB
S214005BF040F0D880322A06F1010940F0C0802046E5
S214005C003AF8041B042227F07CFA04464E46E4E7E2
S214005C10582A15E0632A6BD0A2F1640C5FFA8CFC5C
S214005C20BCF1140FD9D8614B012101FA0CF010EA2F
S214005C30030940F08A8010F4104060D1BCF1140FC4
S214005C40CBD120461AF8041B022227F05AFA044643
S214005C50C3E7214601F8022B62700C46BDE7DAF86E
S214005C6000300193DAF8043000934FF000090DF18C
S214005C70480B009B994502D10AF1080AADE7019B43
S214005C80204613F80910022227F03BFA584504462E
S214005C9012D3441BE4B2294622460020C0470146E0
S214005CA018B1002015B0BDE8F08F482228462EF027
S214005CB07FF93C44E7B22C46009B5A1E4A4584BFF7
S214005CC0202204F8012B5C450FD3641BE4B229465E
S214005CD022460020C04701460028E2D14822284636
S214005CE02EF066F93C44E7B22C4609F10109C0E7FC
S214005CF0534653F8042B04F8012B9A466DE7641BB1
S214005D00E4B22246294648465AF804BBC047002853
S214005D10C7D13C44482249462846E4B22EF048F90A
S214005D205FFA89F34F461BF8030009F101090028C2
S214005D30F6D1FFB23A465946C0470028B1D13C4496
S214005D40E7B281462C46013611E76C2ADAF80000E5
S214005D500AF104090FD17378752B01D0642B04D196
S214005D60B3F1750118BF012101362246FFF7C0FEC8
S214005D70CA46044431E7752A08BF0021F5E7342AED
S214005D8010D15646042256F804AB20464FEA1A4174
S214005D9027F0B7F91FFA8AF1042227F0B2F9B246C3
S214005DA0044633E74FF00109F6E600BF01010200A2
S214005DB008B5054813460A460021FFF7C7FEB0FAA5
S214005DC080F0400908BD00BFF7D00200054B1A78E6
S214005DD02AB95B78002B0CBF0320022070470120F5
S214005DE0704700BF544300200329F8B598BF134BF3
S214005DF0054698BF5C5C0E4688BF0024032805D87D
S214005E00DFE800F002080B0E44F002040C4B1F689B
S214005E104FB9F8BD44F00804F8E744F02004F5E76D
S214005E2044F08004F2E77B681A68144203D05B688B
S214005E303146284698473F68EAE700BF6099030066
S214005E40B827002038B5104D2B78ABB10F4C23780F
S214005E501BB127F077F900232370002027F073F991
S214005E600B4C50B100F0DEFA002320782B70012195
S214005E70FFF7BAFF0123237038BD064B01221A70C4
S214005E80054B22781A70F7E7504300204E43002057
S214005E9056430020514300205243002010B525F001
S214005EA053FF064B1B7804461BB1BDE8104025F097
S214005EB04FBFFFF7C7FF2046F7E700BF4D43002060
S214005EC0094A137830B101331370084B1B78012B45
S214005ED003D87047013B13707047054B1B780BB90E
S214005EE0FFF7B0BF704700BF544300205643002062
S214005EF05143002070B5144E25F026FF3378054632
S214005F00ABB900F0CBFB044620B1284625F020FFB5
S214005F10204670BDAFF300800C4825F014FD00F05D
S214005F209BFE0B4B1C6000F09FFC0A4B186000F0B9
S214005F30EFF927F00AF9084B18600123284633705A
S214005F40002425F005FFE3E757430020B82700208C
S214005F508C270020B4270020902700202DE9F84346
S214005F60284A0138135C39B1274F397801330129A3
S214005F70135404D8BDE8F883013B1354FAE7FFF73F
S214005F8025FF0128044635D8DFF8888025F0DCFE9A
S214005F9098F80030054613B31C4E33781BB901221F
S214005FA032701B4A1370DFF8709099F8003023B1F6
S214005FB027F0C8F8002389F80030284625F0C8FEE8
S214005FC0012027F0C0F825F0BFFE337805461BB148
S214005FD000F028FA00233370002388F800302846A3
S214005FE025F0B6FE38788442C4D02146FFF7FCFE82
S214005FF03C70BFE70329F5D10228F3D100F05EFA22
S214006000F0E700BF54430020564300204D430020D5
S21400601051430020504300204E43002038B525F061
S21400602093FE094B1B78012B054604D825F090FEFD
S2140060300024204638BD054B1C6800F031FA0444A5
S214006040284625F085FEF4E7564300208C270020DE
S21400605038B54160044625F077FE214605460448DB
S21400606025F074FC2846BDE8384025F071BE00BF18
S214006070B8270020054B1B68584300F57420044BD6
S21400608000F23F20B0FBF3F0704700BFB4270020BB
S21400609040420F002DE9FF47EFF3108772B6AFF3CB
S2140060A0008025F0FBF9002871D0714EDFF8E481FE
S2140060B0337823B10020FFF703FF00233370FFF788
S2140060C085FE0446002869D0841EE4B2012C6CD9F3
S2140060D0FFF77CFE0128674CDFF8BC91054600F20E
S2140060E08E802078A84205D099F80030002B00F06A
S2140060F0B2802570207800F0BDF999F8003013B111
S2140061005D4B1B782370AFF3008007B962B6EFF3E0
S214006110108772B6594B1A7852B100221A70564B35
S21400612020781B78984203D101212170FFF75CFE8E
S214006130534800F0EDFA25F0C5F905460028B7D11A
S214006140DFF8588198F80030A3B189F80000DFF82E
S214006150409199F800301BB126F0F4FF89F8005002
S214006160002026F0F0FF002879D000F05BF900232D
S21400617088F80030337823B10020FFF7A1FE002313
S214006180337020780021FFF72FFE00232370AFF333
S214006190008007B962B604B0BDE8F0873378002BFC
S2140061A096D0FFF78DFE347092E703A9002000F02A
S2140061B0FDFA044600288BD1D8F80030039A9A429C
S2140061C005D80120FFF77CFE0123337080E72D4BB6
S2140061D01D6800F065F9039B05449D42F1D200F06E
S2140061E083F982000399264842F0020292B2CDE972
S2140061F000422346244A491B26F0ABFF68E7DFF837
S2140062009CA09AF80030CBB926F099FF20788542FA
S21400621003D099F80030D3B125709AF80030002BDF
S2140062207FF468AF194B1B7823B926F08AFF184B0A
S21400623001221A7001238AF800305BE72078854235
S2140062403FF458AF99F80030002B7FF452AF294640
S214006250FFF7CAFDE0E72946FFF7C6FD49E701203C
S21400626000F008F907B962B6EFF3108772B677E761
S2140062704F43002056430020524300204B4300204B
S214006280942700208C2700209D5E000053430020AA
S2140062904E4300209027002051430020504300200A
S2140062A010B525F051FD054B00221C781A7025F01C
S2140062B04FFD00F0F1FB2043C0B210BD4C43002060
S2140062C073B5114E3378834204460ED000230F4D2B
S2140062D0ADF8043058B101A8FCF78AFA1E20FFF783
S2140062E0C9FE2B681B1A2B60347002B070BD0223E7
S2140062F001A88DF80530FCF77BFA1E20FFF7BAFEE2
S2140063002B680344EFE700BFDA150020C027002003
S21400631073B52D4C002501A8636A636A8DF8045096
S214006320FCF774FB2846FFF7CBFFD4F8903003F059
S2140063300403AB42254B14BF01222A461A70D4F838
S2140063409030234CC3F30033237005D04FF41670FF
S214006350FFF790FE1F4B186023781F4DEBB11120FE
S214006360FBF74CFE1849D1F80031C3F3042303FBB6
S214006370000292B14C6C194EC4F30B440023013456
S2140063801946501E04EB8404E4FB060124F08AFC44
S214006390FFF770FE2B6803442B60114B1B6801202F
S2140063A0C3F303239840C0F1010000EB8000643083
S2140063B0FFF760FE2B6803442B60034BD3F8902056
S2140063C0084B1A6002B070BD00400E405A430020D1
S2140063D058430020C8270020C027002040420F0056
S2140063E000200440BC27002008B50B4B1B7893B157
S2140063F0022000F003FC70B100F008FA58B1002249
S21400640001210220FBF782FF26F0E6FE034B186010
S214006410034B01221A7008BD5A430020C4270020EF
S2140064205943002038B50E4C0E4D23782BB92B78E7
S2140064301BB126F0D1FE0C4B186025F0AFFD2B7873
S2140064406BB10A4AD2F890301B07FBD526F0C4FE83
S214006450054B1B68C01A064B18600023237038BD16
S214006460594300205A430020C427002000400E4015
S214006470C827002002280AD003280BD001280CD1F8
S214006480064A136923F00403136130BF70470020E7
S214006490FCF7C0B90020FCF7F3B9704700ED00E048
S2140064A0044B1B680BB103EBD303034A1068184474
S2140064B0704700BFC8270020C0270020084B45F6BD
S2140064C00E02D3F88011C3F88021064A126802F43F
S2140064D0A0721A66CA0744BF0022C3F8802170471C
S2140064E000400E40BC270020014B1878704700BFC4
S2140064F05A43002038B500F01FFB094C094B1A68B8
S21400650023680025C31A2AB123B15169994203D3DF
S214006510C91A5161206038BD55615B1A9268F2E76E
S214006520D0270020D4270020C38870B504460D4627
S2140065303BB9FFF773FD8542064602D226F0F3FD0F
S21400654035460E4965610B688BB90C60A3600DE09B
S214006550AD1A9A68656118466AB113465A69AA4226
S214006560F6D930B18460521BA3605A6170BD00201A
S214006570F4E70C60F7E79C60A260F7E7D4270020FA
S21400658038B5134D2B685B6993B1124A1468022024
S2140065901C4400F005FB204600F0D4FA0E492A6899
S2140065A000230B70D088800709D501230B7038BDF7
S2140065B0022000F0F5FA022000F018FBEEE79268E1
S2140065C0002AF4D050690344012BEBD9EFE700BF53
S2140065D0D4270020D02700205C43002070B5164644
S2140065E09DF814200271049A0260C0E90336002266
S2140065F0BDF81830826004460D46C380EEB900F040
S2140066009BFA2844A0619DB12E4625F09DFB0546C9
S214006610FFF770FF31462046FFF786FF104B1B68DA
S214006620A34201D1FFF7ACFF284625F091FB02E01C
S214006630E36865617BB9002070BD00F07DFA3044E8
S214006640A061002DE0D1E3686561002BDDD02168F4
S21400665020469847D9E7216820469847EBE700BFD1
S214006660D42700200C490B6800227BB183420AD154
S21400667083687AB1936083681BB15A6941690A449A
S2140066805A61002070471A469B68EEE70028EFD054
S214006690022070470B60EEE7D427002070B5154E39
S2140066A025F05DFB34780546FCB9134B1C60134B94
S2140066B01C60134B1C8000F0FBF9012000F070FA00
S2140066C000F0C4FA0F4B0246186020B9284625F0A1
S2140066D04CFB232070BD23460B4840F2E73124F0E4
S2140066E0E1FA0A4B186001233370284625F03DFB7B
S2140066F00020EFE75D430020D4270020D0270020AD
S214006700C03C0020D827002018FCFFFFCC27002024
S21400671070B5044640B325F017FB144E0546FFF748
S214006720E9FE3068A04209D02046FFF79BFF0446EA
S214006730B0B1284625F00CFB204670BDFFF792FF4F
S21400674004460028F5D133683BB9022000F036FA3B
S214006750284625F0FDFA0024EEE7FFF711FFF7E7DD
S2140067603368002BF4D1F0E72224E5E7D427002095
S21400677038B50C460546A8B1A1B100230B7025F02C
S214006780EEFA094B1B68012133B925F0EEFA00201A
S21400679038BD9D4204D121702278002AF9D0F4E752
S2140067A09B68F1E72220F3E7D4270020F8B50646D9
S2140067B00F4625F0D4FA134B1B680446002523B970
S2140067C0204625F0D2FA1B2011E05A691544DA88D3
S2140067D0B2420DD10C4E00F0AFF93368C01AA84291
S2140067E00AD3002320463B6025F0BFFA0020F8BD00
S2140067F0FF2EEFD09B68E2E700F09EF933682B444B
S2140068001B1AEFE7D4270020D027002008B5074B37
S214006810187848B126F0E0FC054B1B689B69C01A47
S21400682002288CBF0020012008BD00BF5C4300206A
S214006830D427002070B525F092FA064600F07CF9C1
S214006840084B1D8804460120ADB200F0D7F918B1F8
S21400685000F072F901350446304625F086FA2046E7
S214006860294670BDC03C0020014B1868704700BF29
S214006870D8270020F8B50C4B1B68834205460E4609
S2140068800FD30A4B00241F6840F2E73021464FF42E
S2140068907A720023E5FB070124F004FA30602046F4
S2140068A0F8BD2120FCE700BFCC270020D827002019
S2140068B0014B1868704700BFCC2700200F4B1A68A2
S2140068C010B59AB1531E4FF47A711342A0FB010122
S2140068D00ED1B2FA82F2C2F11F04531CE040D2433A
S2140068E001FA03F3184321FA02F20243104610BDE0
S2140068F0002324F0D7F90246F8E700BFD827002087
S21400690038B5154B8342154B8B41144621D3144B97
S2140069101A68F2B14FF47A75A0FB050305FB013146
S214006920531E134211D1B2FA82F2C2F11F05531C54
S21400693001FA03F3D243E84021FA02F21843104367
S214006940E940C4E90001002038BD002324F0AAF97C
S214006950F7E72120F8E700BFEFA7C64B37894100CD
S214006960D8270020C2072DE9F84304460BD5474A2E
S214006970138801339BB21380FFF7BCFD444B1B68A2
S2140069800BB1FFF7FDFDA3077DD525F0E8F9054619
S214006990FFF7B0FD4FF000083D4F46463C680CB18F
S2140069A063698BB13B4B0022012E1A7003D118F09D
S2140069B0020F18BF1E70002C61D0FFF7E1FD2846BD
S2140069C0BDE8F84325F0D1B923465A693AB91A7991
S2140069D02179914288BF1C469B68002BF5D128463A
S2140069E025F0C3F92569DDB100F0A6F8A269A0EB91
S2140069F002084FEAE873A84573F1000311DB236928
S214006A001344A361E368B4F80680013613B1216825
S214006A102046984725F0A3F90546FFF76BFDBDE72E
S214006A20A84625F09CF981462046FFF71BFE4846FF
S214006A3025F09BF92369002BE4D0A38BB5EB080562
S214006A4033B1E28B13449BB2B3F57A7F0FD2E38364
S214006A5025F085F9294680462046FFF765FDA3699F
S214006A6022691344A361404625F07FF9CAE7A3F5DF
S214006A707A73E383A369013B013DA361E8E7022043
S214006A8000F09CF89BE7BDE8F88300BFC03C002000
S214006A90D42700205B43002010B525F060F9034B97
S214006AA01C7825F062F9204610BD00BF5B4300202D
S214006AB010B51D4B86B01868596803AA03C2197A28
S214006AC0D3F8090011700190B3F80D201748DB7B4E
S214006AD0ADF8082001218DF80A300024FBF73CF9B8
S214006AE003A88DF80C408DF81040FCF74DFC01A96A
S214006AF001208DF80440FCF727FC0D4A536A23F466
S214006B00FF6323F00703536240F2FF731362012012
S214006B109460FCF733FC074B4FF08042C3F88021AB
S214006B201A6006B010BD00BF64990300A0091400E7
S214006B300020044000E100E0014B9868704700BF69
S214006B400020044010B5044625F0FEF8124A93686B
S214006B50516D9269520704D4CA1A032A01D8994281
S214006B600DD1E21A022A98BFDC1C0B4BB4F1FF3F92
S214006B7038BF013C5C655A6A42F004025A6225F04E
S214006B80E7F8064A137833B103490B6D43F0020366
S214006B900B650023137010BD00200440DB15002099
S214006BA08207054A00F00103516A48BF43F0040318
S214006BB00B435362704700BF00200440820700F07A
S214006BC0010309D5074A0121117007490A6D22F011
S214006BD0030243F004030A6503494A6A22EA0303F0
S214006BE04B627047DB15002000200440830742BF3D
S214006BF0014B0422DA61704700200440064B01284E
S214006C009B6904D0022805D1C3F38000704703F0C7
S214006C1001007047002070470020044010B525F0A2
S214006C209EF8094A93690446590703F0010003F0E9
S214006C30070348BF40F002001362FFF793FE2046AA
S214006C40BDE8104025F091B8002004400148FBF74D
S214006C50D5B900BFA00914000A4BD3F8883003F05A
S214006C600703013B012B10B50BD825F06DF8012169
S214006C7004460220FFF772F92046BDE8104025F0D2
S214006C8067B810BD00400E4021282DE9F3410546A7
S214006C9004D82C46204602B0BDE8F0810B4E0C4FBF
S214006CA0DFF8308000240023CDF8008038681A46CC
S214006CB0194629F0B0FC8442EBD2222CE9D056F8D3
S214006CC0043BAB42E6D00134EDE700BF689C03000E
S214006CD070110020FFFF0F002DE9F04F644E654D48
S214006CE03168286889B00AF0DDF80446002827D005
S214006CF033689A69D3E900011268904733689B6944
S214006D0004A89B68984733689B690220DB6898470D
S214006D100024326805985368B3FBF0F3E7B2BB4231
S214006D20916904F101044DD8CB6800209847336878
S214006D309B695B689847316828680AF0B3F8044690
S214006D40DFF84C914C4FDFF84C81DFF84CA1002661
S214006D50F4B94A4B28689B5D002B00F08380D7F877
S214006D6000B002AB03AA59460AF0DEFA504507D037
S214006D7070B9039B012B0BD0286859460AF018FB04
S214006D80D9F8003028681A6859460AF0FDF9044612
S214006D900136222E09F1040907F1040708F101085B
S214006DA0D6D1374AB4FA84F35B0913702B681B7C80
S214006DB023B134484FF48B71FEF708FD204609B026
S214006DC0BDE8F08F12680B6907FB00209847A0E724
S214006DD03B6803AA194402AB01910AF0A5FA504594
S214006DE0019903462ED028682BB30BF1010B009BAC
S214006DF028685FFA8BF19942EAD3234B9B5D002B00
S214006E00C6D0DDF800B028685FFA8BF37E2BBFD8BB
S214006E10396802AB594403AA00910AF085FA504536
S214006E20B6D0009928680AF0C3FA0BF1010B0446A5
S214006E300028E8D0ACE7039B7BB998F80020029BBB
S214006E409A42D2D098F80030D9F8002028680AF084
S214006E5003F90028C9D00446CFE701910AF0A8FA42
S214006E600199EFE7094B9B5D0093A346BFE700BF80
S214006E705011002070110020689C0300449C030001
S214006E805E430020F09C0300229C0300DE9B030070
S214006E9074990300009C03000BE000F0F8B50D4663
S214006EA016461F46FFF7F0FE212804461CD8174B4F
S214006EB01B780BB3164B1868164B53F82410164B5A
S214006EC01B5D3BB132460AF0ABF90446A0B126F092
S214006ED0A7F912E07F2D08BF00253B46324651FA3F
S214006EE085F10AF003F9F0E7FF2808D981B23B469E
S214006EF0EAB2304626F0F3F800242046F8BD0748EC
S214006F004FF4A671FEF762FCF6E700BF5E43002072
S214006F1070110020689C0300449C0300F09C030052
S214006F20F8B50D4616461F46FFF7AEFE2128044666
S214006F301CD8164B1B7803B3154B1868154B53F823
S214006F402410154B1B5D3BB132680AF01DF9044650
S214006F5098B126F065F911E07F2D08BF00253B4665
S214006F60324651FA85F10AF077F8F0E7FF2807D99C
S214006F703A46314680B226F0BBF800242046F8BDDB
S214006F8006484FF4C371FEF721FCF6E75E43002087
S214006F9070110020689C0300449C0300F09C0300D2
S214006FA010B5FFF771FE0A4B1B7813B90024204674
S214006FB010BD084B53F82010074B002218680AF043
S214006FC06DF904460028F1D026F02AF9EFE700BF55
S214006FD05E430020689C03007011002073B51646BF
S214006FE01D46002B73D04BF23463984210D1082D07
S214006FF028BF082537492A4630462CF0FFFF364979
S2140070002A4630462CF0AAFF30B3002002B070BDEE
S214007010C9B27F2980B208BF0021984218D17F22CA
S21400702041F202016846082326F059F82A49082248
S21400703068462CF093FF30B908237F2241F2F01106
S214007040684626F04CF86B4603CB30607160DCE790
S21400705041F2F01398421ED1204B701ED3F8F01068
S214007060D3F8F4202C1F2B46013B9C4200F8011F4E
S2140070704FEA11210CD1002CC7D00423D9B207291E
S214007080F2544FEA1222C0D001339D42F6D1BCE73B
S214007090002BE9D1B9E700F47043B3F5805F0AD15D
S2140070A0C0F30B0404F17E642A4605FB014130461A
S2140070B02CF0A4FFA9E700F46043B3F5005FA4D169
S2140070C0C0F30B0404F17E6404F58044ECE7212051
S2140070D09CE700BF0200E00F889D03000081E00FE0
S2140070E02DE9F8431646C20704460F4604D52A483B
S2140070F040F2D311FEF76AFBF30704D526484FF497
S214007100EA71FEF763FB04F47043B3F5805F24D1A5
S214007110C4F30B04214A04F17E64731E2344934295
S21400712015D82546DFF8709005EB0608A84529D146
S21400713056B172083946204626F08AF820B116481D
S2140071404FF40271FEF742FB0020BDE8F8831248B8
S21400715040F2D911FEF73AFBE3E704F46043B3F5D7
S214007160005F06D1C4F30B0404F17E6404F580448A
S214007170D7E709484FF4F071FEF728FB6FF00F05CC
S2140071800024CFE715F8013BFF2BCFD04FF4F57165
S2140071904846FEF71BFBC9E7399D0300FF07E00FD3
S2140071A010B50446FAF712F80B4BA0F57A729A421D
S2140071B010D84FF47A735C43B0FBF3F0074BB3FB85
S2140071C0F0F3B4FBF3F0032804D9BDE810408008C0
S2140071D0F8F79EBF10BD00BFFFC99A3B40420F00A4
S2140071E010B513F0CBF929F03CFCBDE8104003467F
S2140071F0024A0121022002F021BC00BF9A9D030032
S21400720013B5D0E9023253F822301C7820462AF013
S2140072107EFD044A009023460121022002F00EFC67
S21400722002B010BDAE9D0300014B187827F0E2BCFB
S2140072305F4300202DE9F04F8FB0FF2308A88DF89C
S214007240133026F02BFFB34A08AB0021022002F0D1
S214007250F5FBB14A41F249030121022002F0EEFBA0
S21400726006A805F03DFC08A90DF1130027F0DCF890
S2140072700220AA4A002102F0E1FB002027F0ECFCE5
S21400728010B106A806F02CFB9DF92A30A44A0093FC
S21400729001219DF82B30022002F0D0FB2AF03EFDA3
S2140072A0831EDBB2FC2B05462DD89E4A9E4E9F4F72
S2140072B0DFF8E0820121022002F0C0FB0124234611
S2140072C032460021022002F0B9FB05A9E0B213F015
S2140072D031F800F0FD02912A034600F0A78000284E
S2140072E040F0AA809DF9143001939DF81630009363
S2140072F08F4A9DF815300121022002F09FFB0134D1
S214007300E3B29D42DBD8BDF8284027F04DF8894A05
S214007310009023460021022002F090FB0220864ABD
S214007320002102F08BFB002027F096FC10B108A885
S21400733006F0D6FA814A0121022002F07FFB19F0FE
S2140073406FFA044619F066FA23467D4A009001213A
S214007350022002F073FB05F0C9FB7A4A00210220E6
S21400736002F06CFB9DF81330FF2B6BD0764A0021A1
S214007370022002F063FB714ADFF81C820121022022
S21400738002F05CFB27F05CF8704A034601210220FD
S21400739002F054FB12F06AFF6D4A034600210220F9
S2140073A002F04CFB27F052F8044627F055F8694ADD
S2140073B0009023460121022002F040FB25F09AFEB1
S2140073C005F0DEFB644A03460121022002F036FB8C
S2140073D0002505F0D5FBECB2A04239D825F08AFE90
S2140073E0012319465D4A5E4C022002F027FB00206E
S2140073F027F000FC5B4B00935B4A00230121022030
S21400740002F01CFB236863B11B78584A0121022056
S21400741002F014FB2368564A5B780121022002F032
S2140074200DFB27F0EDFB0FB0BDE8F08F3A460121CB
S214007430022002F003FB62E742460121022002F02E
S214007440FDFA5CE74B4A0021022002F0F7FA92E7C9
S214007450494B4A4F03EB04162046D6F8089005F031
S2140074600DFD8246204605F091FB00280CBFC34662
S214007470BB46204605F002FD07F006FA002808BFC6
S2140074804746CDE900B73E4ADFF810B15346002123
S214007490022002F0D3FAB3790293B388019373887B
S2140074A00093337B374A0121022002F0C7FA0026F8
S2140074B099F80430F4B2A34203D825F01BFE013538
S2140074C087E7D9F8007014235C4307EB040A3A5B9D
S2140074D09AF90C3000922C4A32EA230228BF5A4608
S2140074E013460220294A002102F0A8FA002027F0BD
S2140074F0B3FB38B150463C5B26F0F2FF014620460F
S21400750007F00EFA224A0121022002F097FA01360D
S214007510CEE700BFEF9D0300FE9D03001A9E03000A
S214007520469E0300219E0300379E03005B9E0300D9
S2140075303E9E0300729E0300929E03006782030035
S2140075409B9E0300BD9E0300E7A00300C89E0300A9
S214007550DC9E0300F29E0300019F0300789F030059
S214007560002A0020909F0300849F03009E9F030034
S214007570B29F0300818B0300E4290020C69D030010
S2140075800C9F03002C9F0300E39D0300609F0300F5
S214007590A37B0300669E0300CE9D0300D79D0300D9
S2140075A02DE9F743134EDFF85C80002505F0E8FA76
S2140075B0ECB2A04202D803B0BDE8F0832701204613
S2140075C016F8079005F0E2FA0B4A002808BF424674
S2140075D04B46002100920220084A02F02FFAF05D86
S2140075E026F042FF064A0121022002F027FA013562
S2140075F0DCE700BFE4290020C6D30300CD9F0300CC
S214007600A37B0300D0D3030008B583685A681178BB
S214007610C26853F82230A1F16502514251411878F0
S21400762005F02EFD30B9BDE80840034A01210220CE
S21400763002F004BA08BD00BFD89F0300024A00212A
S214007640022002F0FBB900BFF29F0300024A0021AD
S214007650022002F0F3B900BF20A0030010B586B0E8
S21400766004461822002168462CF0A2FC684627F043
S2140076705FFAD4E9022052F8203002EB80021B7831
S2140076808DF80B30516891F900108DF80A1091684A
S2140076900988ADF808106168091A032907DDD26861
S2140076A0127803F01F0343EA42138DF80B30684646
S2140076B004F0E0FE034A03460021022002F0BEF971
S2140076C006B010BD3CA0030007B52AF09EFE054B91
S2140076D00090054A0021022002F0B0F903B05DF8E0
S2140076E004FB00BFBD41030049A0030007B5D0E975
S2140076F0023253F8221003EB820308785B6819689D
S214007700094B002908BF1946003818BF0120A222DD
S21400771014F064FF054B0090054A0121042002F096
S2140077208DF903B05DF804FB00F8FF071EC70300E1
S21400773054A0030013B5D0E9023203EB820153F8DC
S2140077402230D1E90114187822780968003818BF69
S21400775001202AF0D7FD044B0090044A01210420A2
S21400776002F06CF902B010BD5EA0030073A0030027
S21400777008B50D4A0123002127F023FC0A4827F00C
S214007780FCF90020094906F039F9002027F064FAD0
S21400779010B1054806F0A4F8BDE80840044A0121E7
S2140077A0042002F04BB900BFA14400207BA00300D8
S2140077B0A37B030010B526F055FE034630B1BDE8A6
S2140077C01040064A0121042002F038B9BDE81040F6
S2140077D0034A0121042002F031B900BF89A003004A
S2140077E09AA0030010B527F0CAF9BDE8104003467A
S2140077F0024A0121022002F021B900BFA5A0030021
S21400780010B527F08BF9BDE810400346024A012167
S214007810022002F013B900BFBBA0030037B5D0E9C1
S214007820023253F822301D78012404FA05F10023B1
S214007830FE224FF6FF701DF09FFF044A00902B4675
S2140078402146042002F0FAF803B030BDCFA00300B2
S214007850D0E9023253F822301B7823B1034A0121C3
S214007860022002F0EBB8024A13707047EEA0030045
S2140078705F43002007B5684605F032F926F094FD10
S214007880094A03460121022002F0D8F8684606F0AD
S21400789027F826F08BFD054A03460121022002F058
S2140078A0CDF803B05DF804FB04A103001EA103009D
S2140078B037B5D0E90245406854F8253004EB850416
S2140078C0401B032819786368C8BFE0681A78A36865
S2140078D0C8BF007893F90030D8BF00200090012080
S2140078E02AF0D0F938B9094A0121022003B0BDE8D0
S2140078F0304002F0A3B8064B01900093054A064BB1
S2140079000121022002F09AF803B030BD2FA1030037
S21400791037A103004BA103006744030007B501200D
S2140079202AF0B2F948B90090094B0A4A0121022010
S21400793002F084F803B05DF804FB054B0190009359
S214007940054A064B0121022002F078F8F2E700BF54
S21400795037A1030062A103004BA103007744030094
S21400796008B5D0E9023253F82230187816F014FB26
S21400797030B9044ABDE808400121042002F05EB890
S214007980014AF7E777A1030093A1030008B5D0E901
S214007990023253F82230188816F0F8FA30B9044A42
S2140079A0BDE808400121042002F048B8014AF7E784
S2140079B0B2A10300E2A1030073B5037813F0050F2C
S2140079C004460ED04588062D17D18368184A5B6892
S2140079D01B780193838800930121164B042002F044
S2140079E02DF82378012B20D0124B134A01210420B6
S2140079F002B0BDE8704002F021B835B983880F4A5E
S214007A000121042002F01AF8EBE7012DE9D186687F
S214007A100B49002005F0F2FF304605F061FF094AE9
S214007A202946042002F00AF8DBE702B070BD00BF6A
S214007A3018A203000FA203006AA2030035A20300E7
S214007A4052A20300A37B03002DE9F04F374DDFF869
S214007A50F8900FCD8FB009AC0FC42B68344A236062
S214007A600121022001F0EAFF0026344626F0ECFC55
S214007A70F5B2A8420BD826F0E7FC2E4A0090234623
S214007A800121022001F0DAFF0FB0BDE8F08F05A952
S214007A9028462BF080FB0346002841D19DF8143081
S214007AA0032B39D904238DF81430234A2B460021A2
S214007AB0022001F0C3FF9DF814300EAA02EB8303E8
S214007AC0002153F8143C4A46022001F0B7FF28462E
S214007AD09DF821A09DF815B09DF81870BDF8168089
S214007AE01CF0B2FECDE900B7CDE90280134A0220B1
S214007AF05346002101F0A2FF01340020E4B227F033
S214007B00ABF818B10DF1190005F0EAFE0C4A002199
S214007B10022001F093FF01E0002BC6D10136A5E755
S214007B20084A0021022001F089FFF7E7F4A30300CA
S214007B307CA20300EEA20300399E0300A9A2030064
S214007B40DC8F0300D0A20300FEAC0300C36882688B
S214007B50013BDBB2022052F823301B78652B064B24
S214007B600BBF064A002201211A701ABF0121044ADF
S214007B70197001F063BF00BFFD15002005A30300C8
S214007B8013A30300D0E9023253F822301A88014BBF
S214007B901A8070479C15002007B5D0E9023103EB28
S214007BA0810253F82130526819880548054B12881F
S214007BB000930088012306F0A1FB03B05DF804FBE8
S214007BC09C150020B9790000C3688268013BDBB2CF
S214007BD052F823305B78A3F1660253425341014AC0
S214007BE0137070470016002030B5D0E9023253F803
S214007BF0223089B01D780123194602AA044627F0D0
S214007C00E0F90123009310230DEB03022046022126
S214007C1027F0B8F904AA02A9284627F027FE00286C
S214007C204FF0000014BFB324002427F015F818B155
S214007C300548214604F000FC044A0121042001F016
S214007C40FDFE09B030BD00BF22A30300A37B0300E6
S214007C5070B58EB00026122309AA022100960546AA
S214007C6027F090F905AA014609A804F0DDF90446B4
S214007C7098B1BD2805D1154A0121042001F0DEFE89
S214007C8009E0022801D1124AF6E70346114A01210B
S214007C90042001F0D3FE0EB070BD0123194603AADE
S214007CA0284627F08EF9224605A903A827F0F6FDF8
S214007CB00028304618BF182426F0CEFF18B1064814
S214007CC0214604F0B9FB054AD6E700BF2FA3030000
S214007CD052A303008DA30300ACA30300A37B030001
S214007CE0D0E90232F0B553F8221003EB820387B0D6
S214007CF09B680E781F780546384626F08DFF0446AA
S214007D0008BBD5E90221012319448DF8083052F842
S214007D10210002EB810200888DF809709268ADF8A8
S214007D200A0012788DF80C2004210DF10D02284669
S214007D3027F047F902A930468DF815401CF0D2FD11
S214007D40044626F05DFF044A0094334601210420D1
S214007D5001F074FE07B0F0BDC1A303002DE9F041A9
S214007D60284A294E294FDFF8B4808EB00121022020
S214007D7001F064FE05AB01AA09A9002027F0D1FE98
S214007D80002504461CB128460EB0BDE8F08102204E
S214007D902B463246214601F051FE204626F05CFF77
S214007DA010B10AA805F09CFD9DF830303A46002137
S214007DB0022001F043FE079B42460021022001F00C
S214007DC03DFEBDF82030124A0021022001F036FEAA
S214007DD0BDF814300F4A0021022001F02FFE0135B5
S214007DE001A826F034FFEDB20B4A0121022001F073
S214007DF025FE05AB01AA09A9284627F092FE0446EF
S214007E00C0E700BF08A403004EA4030056A4030066
S214007E1028A103006BA40300A37B030062A4030055
S214007E202DE9F04F064699B0C0B926F00BFB074681
S214007E300EA827F08DFA404ADFF80481DFF8049197
S214007E40DFF804A10121022001F0F8FD00252C46F0
S214007E50BC4205D3284619B0BDE8F08F0127E7E7F6
S214007E6013A827F075FA002E4BD04FF0020B06A988
S214007E7013A88DF84CB027F0D2FC0446002859D140
S214007E8002A913A827F0B8FD9DF859302B4A43F0F5
S214007E900103214658468DF8593001F0CFFDFE24E7
S214007EA09DF859300AA943F0010313A88DF85930FC
S214007EB027F0A2FD002026F0CFFE10B114A805F092
S214007EC00FFD0C9B42460021022001F0B7FDBDF8D5
S214007ED0282012F4007F14BF41234C2312F0100F09
S214007EE00CBF6E227922009200214A46022001F041
S214007EF0A5FD06A826F0ABFE0135EDB20134E4B2CE
S214007F00A6E70AAB06AA13A9204627F098FD002884
S214007F10F4D102A913A827F06FFD9DF8593043F05D
S214007F2001038DF85930524623463146022001F0AF
S214007F3085FDB5E7FE24E1E775A40300AAA40300C7
S214007F4062A40300B1A403004EA4030030B599B0A8
S214007F500EA827F0FDF9012413A88DF8384019F073
S214007F607DFAC0B9BDF84C1011EA040513D1454A94
S214007F702146022001F062FD434A2946022001F014
S214007F805DFD404A2146022001F058FD3D4A21464B
S214007F90022001F053FD06A90EA827F040FC20B1F0
S214007FA01022FF2106A82CF003F804A827F0E6FB11
S214007FB0059B364A00930121354B022001F03EFD19
S214007FC09DF81230334A00930121314B022001F014
S214007FD035FD2F4B304A0021022001F02FFD06A868
S214007FE026F035FE13A827F0B3F902230AA913A832
S214007FF08DF84C3027F000FD00283FD10B9B0093F6
S214008000264A274B0121022001F018FD244B254A61
S2140080100121022001F012FD0120FFF701FF204B95
S214008020214A0121022001F009FD0020FFF7F8FE99
S214008030044626F007FA234600901C4A0121022037
S21400804001F0FCFC1A4B184A0121022001F0F6FC54
S214008050FFF784FE1749184A02280346174828BF28
S2140080600A460849009228BF0146CDE90131144A64
S2140080700121022001F0E2FC19B030BD4FF0FF33C1
S214008080BDE700BFA37B0300C4A4030002A5030052
S214008090FAA4030012A5030023A5030028A50300E5
S2140080A028BD030038A503003FA5030048A503002C
S2140080B05CA50300C0A403000C470300FFAC03004C
S2140080C06AA50300D0E9023210B553F822301C78B6
S2140080D0201E18BF012015F011F9054A054B064968
S2140080E0002C18BF1A460020BDE8104005F06CBCF6
S2140080F097A5030092A50300A0A50300D0E90232CD
S21400810053F8223003491A88034B00201A8005F0E2
S2140081105BBC00BFE1A50300B8150020D0E9023221
S21400812053F822100878044903EB820308705B6852
S2140081301A78024B1A707047B7440020B6440020E5
S21400814037B5044612F092F8014638B10D4A0E498A
S214008150002003B0BDE8304005F036BCE368A268F6
S2140081600A48013BDBB252F82330094A1D78012346
S21400817000936C2D08BF02461023204626F002FF0F
S21400818003B030BD2FA6030037A60300EC15002071
S214008190DC15002013B583689A681278672A22D106
S2140081A001A819F05BF90446A8B9BDF804201749E0
S2140081B005F00AFCBDF80430DA070AD413F0020F03
S2140081C0134B144A18BF1A461349002005F0FCFB4F
S2140081D019E0124AF8E702461149002005F0F4FBC0
S2140081E010492246F1E7C26853F8220003EB8203E7
S2140081F000685B6801A91B68ADF8043019F0FEF84A
S21400820004460028ECD102B010BD00BF6FA60300E4
S21400821062A603004DA6030088A6030052A603002C
S2140082209AA60300C6A60300034A04491388C85446
S21400823001331380704700BFD03C00206543002008
S21400824073B5164D164E2B78164A13F0040F4FF0E2
S21400825001040CBF02230423147032880192EB5CE5
S2140082600093114B114A5B882146022001F0E6FB81
S2140082700F4A0021022001F0E1FB0E4B00933288EA
S21400828029462346022001F023FC0B4A2146022001
S21400829002B0BDE8704001F0D1BB00BF65430020CE
S2140082A0D03C002064430020C23C0020D5A603003A
S2140082B0FAA603001CA70300A37B0300134B70B5AC
S2140082C016464FF48A52DA805980114B114D1B889E
S2140082D01A1E18BF012240EA82000F4A1278003A9E
S2140082E018BF012240EA0210287063B16B701B0AA7
S2140082F0AB70032406F034FB631C2855EE54074B82
S21400830002341C8070BD0124F4E700BFC23C00208C
S214008310CE3C00206543002063430020D03C002074
S21400832038B5D1E9023253F822300C4619880D4B85
S214008330024605461878FFF7C1FFE368A2680133D6
S21400834052F82330188824F0F7FF4DB1E368A2688E
S214008350023352F823301878BDE83840FFF764BF80
S21400836038BD00BF60430020F0B5054685B0EB6819
S214008370AA68264E264F0233084652F823301C7849
S2140083802946FFF7CDFF204626F096F878B320461C
S21400839026F09EF803AA441C0321284624F0D7F8AA
S2140083A032880399E4B2C2F152031B1B9BB28B4284
S2140083B022443CBFC2F152030393012303210093DE
S2140083C03A449DF80C30284626F0DCFD039A3388A4
S2140083D0022C08BF0F48FA5404BF110AC1541344B4
S2140083E01C44348005B0BDE8F040FFF729BF2046A6
S2140083F004F084FB328801230093044603463A4483
S2140084000321284626F0BEFD3388E9E7D03C00204D
S214008410654300206643002007B505230093054A00
S214008420054B0121022001F009FB03B05DF804EBC7
S214008430FFF78CBD0AA7030003A7030013B5044685
S21400844027F0F3FB38B1CDE90040044B044A012184
S214008450022001F0F3FA02B010BD00BF2FA6030001
S21400846021A70300194B1B7837B53BB9184A0121E1
S214008470022003B0BDE8304001F0E0BAD0E9023295
S21400848053F82230134C1D7863880093124A2B460B
S2140084900121022001F0D2FA104B25711B78104DF5
S2140084A063B1104A0121022001F0C8FA0E4A298859
S2140084B0204603B0BDE8304025F039BD0A4A298879
S2140084C0204603B0BDE8304025F0E5BD64430020FB
S2140084D038A70300C23C002046A7030061430020E3
S2140084E0D03C00205DA7030065430020D0E902329F
S2140084F053F8221003EB8203F0B55A680C781688FE
S2140085009A68DB6817881D78344A354B8FB0CDE9FA
S214008510016700940021022001F090FA8DB37923C0
S214008520304A0121022001F089FA40230DF113029E
S214008530029205AD23220192204600953A46314626
S21400854026F00AFA044600283FD19DF8130025F0CD
S214008550B9FF0646E8B1284626F03CFB2128224B08
S2140085600093A8BF2120234682B20DF115010220F8
S21400857001F0AEFA1D4A0121022001F05FFA0FB0A9
S214008580F0BD6E23174A0121022001F057FA80231E
S214008590CCE79DF8130025F09BFF60B1284626F037
S2140085A01EFB2128104B0093A8BF2120334682B221
S2140085B00DF11601DBE79DF8130004F09FFA0C4B53
S2140085C00093024601232946D1E70090094B0A4A48
S2140085D00121022001F032FAD1E700BF77A703009D
S2140085E016BE03009CA70300A3A70300A37B0300FB
S2140085F01CA70300BAAE0300A6A70300D0E9023208
S21400860053F8221003EB82032DE9F04F5A680F78D7
S214008610B2F800809A68B2F80090DA681B6992F89F
S21400862000A01D78314A324B91B00021CDE9018976
S21400863004460097022001F001FABAF1000F14BFB9
S21400864079236E232B4A0095012102200DF11C0B85
S21400865001F0F4F92322002158462BF0A9FC284605
S21400866025F030FF064610B3002300930DF11D02DF
S21400867021230521204626F085FC8DF81C00BAF142
S214008680000F0CBF802340234A464146CDE900B583
S214008690384626F02EF90146154803F0CDFE164A58
S2140086A00121022001F0CAF911B0BDE8F08F28467A
S2140086B025F00EFF60B1009621230DF11E02052164
S2140086C0204626F05FFC8DF81D608DF81C00D6E76E
S2140086D00590284604F012FA059A009203465A4678
S2140086E00521204626F04EFCC9E700BF77A7030009
S2140086F009BE0300B7A70300A37B03002DE9FF47CD
S2140087005F681C46DB680025FF1A0395FFF7D6FD59
S214008710FFB2A846EBB29F4245D90C9B13F808302F
S214008720A3F12102D1B2072925D9A3F131001328DC
S2140087300BD8DFE800F0515A637D383838380A0A1B
S2140087400A0A0A0A0A0A0A0AAA9008F10108142B59
S2140087505FFA88F825D833B3013B132B23D8DFE81C
S21400876003F03B444D2722222222222222222222CA
S21400877022223B444D67232A15D8DFE802F02D3627
S2140087803F191414141414141414141414142D3639
S2140087903F59141414141414141414141414866C5A
S2140087A0866C2329E7D9FFF74BFD04B0BDE8F087B8
S2140087B0E368A2682B444FF0040952F823301E6881
S2140087C0F0B209F1FF39FFF72FFD19F0FF094FEA64
S2140087D01626F5D101359DE7E368A2682B4452F8CA
S2140087E023301878FFF720FDF4E7E368A2682B44EF
S2140087F052F82330188824F09FFDEBE7E368A26860
S2140088002B4452F823301E68B6F1807F09D2F0B2AE
S214008810FFF70AFDC6F30720FFF706FDC6F307407D
S214008820E0E7274A2B460121082001F007F9BAE7BE
S214008830E368A2682B444FF0040952F823301E6800
S214008840F0B209F1FF39FFF7EFFC19F0FF094FEA24
S2140088501626F5D1BEE71B4E03AA2946204623F06E
S21400886076FE3388184ADDF80C90002102EB030CE4
S214008870CAB2914501F1010102D84B443380A9E701
S21400888010F802A00CF802A0F2E70E4EDFF838A0AF
S2140088903288C2F151039BB2FF2B28BFFF23002171
S2140088A001320091DBB2524469B2204626F046FB04
S2140088B033880AF803000133184430808AE700BF83
S2140088C0D0A70300D03C002065430020094B1B784E
S2140088D023B1094A0121082001F0B0B8D0E90232DC
S2140088E053F82230054A1B8813800121044A0820C9
S2140088F001F0A4B864430020F6A70300CE3C002095
S21400890038A80300D0E9023253F82230054A1B7813
S214008910003B18BF012313700121034A082001F011
S2140089208DB800BF624300205EA80300D0E9023283
S21400893053F82230034A1B7813700121024A08209C
S21400894001F07CB8634300208DA80300D0E9023212
S21400895010B553F8223019880C4B044613221878A9
S214008960FFF7ACFCE368A268013352F823301878AE
S214008970FFF75AFCE368A268023352F823301878EF
S214008980FFF752FCBDE81040FFF75ABC60430020DA
S214008990D0E9023210B553F8223019880C4B044641
S2140089A011221878FFF78AFCE368A268013352F8B0
S2140089B023301878FFF738FCE368A268023352F8D1
S2140089C023301878FFF730FCBDE81040FFF738BCBE
S2140089D060430020D0E9023253F82230034A1B7865
S2140089E0003B18BF0123DB00137070476043002074
S2140089F0D0E9023210B553F8223019880E4B0446DF
S214008A0006221878FFF75AFC0120FFF70DFCE368F2
S214008A10A268034452F82330188824F08DFCE368DB
S214008A20A268023352F82330188824F085FCBDE88B
S214008A301040FFF705BC00BF60430020D0E90232BB
S214008A4001322DE9F04153F8221003EB82038EB079
S214008A505A680D8817889A6853F8043C1478187872
S214008A60002C0DF113034FF0210805AE0293CDF84C
S214008A7004800CBF8023402300963A46294625F002
S214008A806BFF034638B1194A0121082000F0D6FFD3
S214008A900EB0BDE8F081201E18BF01200A2229462C
S214008AA0C000FFF70BFC384624F046FC9DF8130088
S214008AB0FFF7BAFB9DF813004246314625F0D7FC77
S214008AC0044628B10A4F3D88C5F15203984202DD9C
S214008AD0084A2346D8E70246074831462844254434
S214008AE02BF08CFA3D80FFF7ABFBD1E7C3A8030061
S214008AF0D03C0020DFA8030065430020D0E9023206
S214008B0010B553F8223019880C4B04460822187802
S214008B10FFF7D4FBE368A268023352F823301878D4
S214008B20FFF782FBE368A268013352F82330188807
S214008B3024F002FCBDE81040FFF782BB6043002033
S214008B40D0E90232023273B553F8221003EB8203E7
S214008B500C7853F8042C53F8083C16881988234BD5
S214008B60054606221878FFF7A9FB0020FFF75CFBF6
S214008B70304624F0E1FB2046FFF756FBEB68AA6878
S214008B80033352F82330188824F0D6FBEB68AA6823
S214008B90043352F82330188824F0CEFB204606F023
S214008BA0D1F8E8B9204603F0A9FF05210446019054
S214008BB001AA284623F0CBFC019B9C42014606D026
S214008BC0224631460A4807F019F802B070BD094D32
S214008BD009482E882246304434442BF0CFF92C80A6
S214008BE002B0BDE87040FFF72BBB00BF604300201B
S214008BF00BA90300D03C002065430020D0E90232D8
S214008C0073B553F82230114D1A88114B4FF48A5120
S214008C10D9805A80002300932A465223012126F049
S214008C20B1F92B7813F0040F0A4B1B7804460CBFDF
S214008C300126032613B105F093FEA855064B1C80AB
S214008C4002B0BDE87040FFF7FBBA00BF65430020E6
S214008C50C23C002062430020D03C0020D0E9023213
S214008C6053F82230034A1B78003B18BF01231370C9
S214008C70704700BF6143002010B50C4608B904F0E9
S214008C800BFE024B18715C7110BD00BFC23C002089
S214008C902DE9F341D0E90253024655F823105268F5
S214008CA00C882A4E05EB8301D21A013BDBB2022A5E
S214008CB04868C8BF8A6855F8238033780078CCBFE8
S214008CC01178FF213BB9224A0121022002B0BDE8FB
S214008CD0F04100F0B3BEFFF7CFFF1E4F1E4D25F04C
S214008CE063FB3B88009301462B461C48224625F032
S214008CF029FFB0B998F804303A885F2B14D1174989
S214008D002B46204625F00CF928B10346144A0121CB
S214008D10022000F093FE134A00231380124A337099
S214008D20137002B0BDE8F0814FF6FB739C4205D984
S214008D300A492B46204625F045F9E5E713460095F7
S214008D40064A214625F068F9DEE700BF64430020A6
S214008D5056A90300D03C002065430020C23C0020FA
S214008D605DA90300CE3C00206343002010B500221E
S214008D7004460A211046FFF7A1FA002024F0DCFA88
S214008D80044B01221A70FFF75BFA2046BDE810403C
S214008D90FFF77EBF9F44002038B51C4615460123CA
S214008DA0224626F00EF928B92146284611F008FC7E
S214008DB0044610B90024204638BD034A0121042089
S214008DC000F03CFEF7E700BF84A903002DE9F0435E
S214008DD015461F46D0E902230C4652F8231002EB34
S214008DE083020E88936893F80080D3688BB0B3F83C
S214008DF00090324606AB0121FFF7CEFFF0B90DF129
S214008E00200CF4B12A8801234021CDE90471CDE974
S214008E1002C2CDE9009306AA43462221304626F038
S214008E2007F90B4B0B4A00930B4B0190002C08BF25
S214008E3013460121094A042000F000FE0BB0BDE8ED
S214008E40F08328686968624603C203232246DBE78C
S214008E50DBA90300C2A90300C7820300CAA9030056
S214008E6007B501236A46002126F0ABF80349684699
S214008E7005F0C0FA03B05DF804FB00BFB979000046
S214008E80D0E9023253F822300149188805F084BA36
S214008E90B9790000D0E9023210B503EB820153F82D
S214008EA022304968188809784FF48A5226F0B0F8BC
S214008EB0BDE810400346024A0121042000F0BEBD72
S214008EC0E5A90300D0E9023253F8223010B518881D
S214008ED04FF48A52022126F08DF8BDE81040034672
S214008EE0024A0121042000F0A9BD00BFFEA903002C
S214008EF0D0E902322DE9F04353F8221003EB820347
S214008F000E885A6817789A68DB6892F80090B3F86B
S214008F1000808BB006AB324604210446FFF73CFFC8
S214008F2028BB08AD01232A460521204626F049F82D
S214008F3038B904200F4A012100F080FD284603F0CE
S214008F40CFFD4FF48A53CDE904930023CDE90253B5
S214008F500323CDE9008306AA3B462121304626F0AE
S214008F6067F8054A03460121042000F067FD0BB0B0
S214008F70BDE8F08315AA030044AA030038B5D0E97B
S214008F80024303F18043023B0F4954F823000222B8
S214008F909D002AF0E3FF60B90C4B0D491A78042AAD
S214008FA00BD82C44A068008821F8120001321A70F1
S214008FB038BD084B08491A78F1E7BDE83840074A3B
S214008FC00121042000F03ABDE88E0300B8430020DB
S214008FD0DC3C0020B7430020D23C002056AA030009
S214008FE008B5C3688068084903F18043023B022243
S214008FF050F823002AF0B2FF10B9044B187008BDD1
S214009000034B00221A70FAE7E88E0300B8430020EC
S214009010B743002037B5D0E9023153F82120157840
S2140090204268521A012A4FEA810410DD2344294679
S2140090305B681C78204625F05BFFD0B1164A009589
S21400904023460121042000F0F9FC03B030BD6C0972
S21400905044F0180405F01F052946204625F048FF71
S2140090600028EBD10121A9400023FE2241EAC46179
S21400907005E00121A940002CF4D12346FE224FF63C
S214009080FF701CF079FB054A03460121042003B05B
S214009090BDE8304000F0D2BC6CAA03008CAA0300E6
S2140090A070B5D0E9021551F8253001EB850104466C
S2140090B018884B681A788B68052A1B8802D85E1EAB
S2140090C0072E0BD90D4A0121042000F0B7FCBDE89D
S2140090D070400B4A0121042000F0B0BC6468641B99
S2140090E0032CCABFC968074909681CF045FBBDE8E0
S2140090F0704002460449002004F080BCAAAA03007F
S214009100CAAA030000F8FF07E7AA030008B5D0E9DB
S214009110023253F8220003EB8203FF2259680388C9
S21400912009684FF6FF701CF027FBBDE808400246B2
S2140091300149002004F062BCF8AA030008B5D0E993
S214009140023253F8223005211888402225F052FFBB
S214009150BDE8084002460249002004F04FBC00BFAC
S21400916017AB030008B5D0E9023203EB820148686A
S21400917053F82210027809884023312025F08DFF0D
S214009180BDE8084002460249002004F037BC00BF94
S21400919036AB030008B5D0E9023203EB820148681B
S2140091A053F82210027809884023332025F075FFF3
S2140091B0BDE8084002460249002004F01FBC00BF7C
S2140091C04EAB03001FB5D0E9023253F8221003EB72
S2140091D082030C889B680C491A7808684968003A2C
S2140091E018BF012202AB03C3D20102A940232046C6
S2140091F025F062FF054B0090054A0121042000F08F
S2140092001DFC04B010BD00BFE9AB0300DBA90300E2
S2140092106AAB030007B5D0E9023253F822300321C7
S2140092201888402225F0E6FE044B0090044A0121EF
S214009230042000F003FC03B05DF804FBDBA9030088
S21400924077AB0300C36837B50533826852F823301E
S21400925004211D786A460123044625F0B2FE38B97B
S2140092600420074A012100F0E9FB684603F038FCB9
S2140092702B466A4600212046FFF7A8FD03B030BD06
S2140092808FAB030007B5D0E9023203EB82014868D2
S21400929053F82210027809884023322025F0FDFE7C
S2140092A0044B0090044A0121042000F0C7FB03B0E1
S2140092B05DF804FBDBA90300C0AB03001FB5D0E9D3
S2140092C0023203EB820153F8223049681888098875
S2140092D00A4A4FF48A530293094B0193094B0093B1
S2140092E0094B12781B7824F09DF8084A03460121A2
S2140092F0042005B05DF804EB00F0A0BBB8430020E6
S214009300D23C0020DC3C0020B7430020D3AB030057
S214009310836970B513F00106044603F0020509D10F
S214009320EDB9C3695BB310F035FEE3692046BDE8CE
S214009330704018471DB11B489B21FCF747FAA069EF
S214009340C0F3810025F056FCE3691BB91548A3213C
S214009350FCF73CFA204610F01DFE4DB916E0C3F3AC
S214009360072025F059FCE369B3B1204610F012FE41
S214009370E369607E9847BDE8704025F041BC094827
S214009380A321FCF723FA204610F004FEE3692046EA
S2140093909847002EEFD170BD0248A321FCF716FABD
S2140093A0E3E700BFF1AB030008B510F0F1FF28B10A
S2140093B0BDE8084002483F21FCF708BA08BD00BFD8
S2140093C0F1AB03002DE9F84FFF2B9DF82870DFF86E
S2140093D068B0DFF868A00446884691461D464FF000
S2140093E0000612D1C0E900BAC0E9066206618660CE
S2140093F0C160FF2F07D0A36943F0020323F47F4325
S21400940043EA0723A361BDE8F88FFF2F03D009487E
S214009410BE21FCF7DBF9AD0045F00105EDB2C4E96D
S21400942000BA2661A660C4F81C90C4F80C80A5613A
S214009430DFE700BFF1AB0300DC270020119300003C
S21400944010B5064C0460064CC2610023C0E9014317
S21400945003610123C160836110BD00BFDC270020CB
S21400946011930000826938B502F00203D207044661
S2140094700D4620D553B9FF2921D1A36913F00C0F4F
S21400948017D01148FC21FCF7A1F912E00E48ED2197
S214009490FCF79CF9FF2DF0D0284625F08AF8FF2827
S2140094A0054603D10848F521FCF790F92DB204EBE8
S2140094B04514204638BDFF29FBD0002BECD10248CE
S2140094C0F221FCF783F9E7E7F1AB03000023054A36
S2140094D00361C0E906310260C360034A034B426081
S2140094E083607047DC27002011930000299E01004E
S2140094F0014828F08CBB00BFDC270020014828F07C
S21400950092BB00BFDC27002013B5164828F054FB9A
S214009510F7F7F6FA22F057F922F06AF922F06BF91B
S214009520FCF70EF90446FCF725F90F4A009023468F
S2140095300121042000F082FAFCF708F90123834099
S21400954040F2A17213420BD00020FBF7F7FF002079
S214009550FBF7F6FE002002B0BDE81040FBF7BCBEED
S21400956002B010BDDC27002047AC0300022808B577
S21400957003D123F077FD014B186008BD0C280020AE
S21400958008B508F08FFA074B0120187023F0C3FFC8
S214009590022023F0C0FFBDE8084003490348FCF75B
S2140095A057BD00BFBA4300207C11002010280020C1
S2140095B0014B1870704700BFB943002038B50E4BFA
S2140095C01C786CB9204638BD24F0F2FE04280FD073
S2140095D024F0EEFE054625F013FB052D0AD0F1E734
S2140095E0002025F007FB28B924F0E2FE0228EBD184
S2140095F025F006FB0024E5E7FC15002008B5074B20
S2140096001B780BB1002008BDFFF7D8FF0028F9D162
S21400961003F08CF9023818BF0120F4E7B9430020A4
S21400962070B510F01DFF0446FFF7E8FF14F0070FB3
S214009630204D0CD158B110F013FF10BB4FF0FF3483
S214009640FFF756FF844228BF0446042C1DD82B780B
S21400965023B9012023F05FFF01232B7023F069FF5D
S214009660044628B32B781BB91348F921FCF7AEF84B
S21400967010F00EFE0446FFF73BFF844228BF044668
S21400968016E010F005FE0446DAE7204623F053FF06
S2140096900028DCD02B785BB122F056FB0021064672
S2140096A00120FCF75BFC304622F052FB00232B70B7
S2140096B0204670BDBA43002067AC03001FB5FFF715
S2140096C0AFFF0446FDF7F4F8A04228BF204688B155
S2140096D003A9FDF7CFF8034638B9CDE90000064ADE
S2140096E00399064823F035FD18B105489221FCF78A
S2140096F06DF8012004B010BD15D50200EC2700203F
S21400970067AC03000D4B0E4A1B7870B50D4D0E4C22
S2140097100121002B0CBF2B462346022000F08EF9B9
S2140097200A4B0B4A1B780121002B0CBF2B46234605
S2140097300220BDE8704000F081B900BFFC15002093
S214009740C3AC0300C0AC0300BCAC0300B9430020AC
S214009750E2AC030010B5D0E9023253F822301B7891
S214009760002B14BF012400244FF0020014BF054A4A
S214009770054A012100F062F92046BDE81040FFF7D7
S21400978017BF00BF01AD03001EAD0300D0E90232D3
S21400979053F82230034A1B78003B18BF012313708E
S2140097A0704700BFFC15002010B50A4C0A4900207F
S2140097B004F00AF923681B68587924F02DFF236803
S2140097C01B68587924F090F9002025F0DCFA012077
S2140097D010BD00BFC42A00203DAD03002DE9F341B3
S2140097E00C4E0D4DDFF838800C4F002456F8043B25
S2140097F00BB9D8F8003035F8022B009239462246CD
S2140098000020013404F0E0F8292CEFD102B0BDE8C6
S214009810F08100BF88110020BC3D002060AD030031
S2140098208411002007B5D0E9023253F822301A78A6
S214009830282A0DD8084B53F822300BB9074B1B6863
S214009840074931F8121000910020064904F0BCF8D0
S21400985003B05DF804FB00BF8811002084110020CF
S214009860BC3D002060AD030038B5D0E9023253F8A5
S214009870221003EB82030C785B6805491D880020E4
S21400988004F0A2F829462046BDE8384000F0BAB8F1
S2140098906BAD03002DE9F3410C4E0D4DDFF838801B
S2140098A00C4F002456F8043B0BB9D8F8003035F8B6
S2140098B0022B0092394622460020013404F084F838
S2140098C0292CEFD102B0BDE8F08100BF881100203E
S2140098D06A3D002060AD0300841100202DE9F341AD
S2140098E002AB03E906000446904610F039FC054634
S2140098F0204610F045FC384F9DF80060374BFDB110
S214009900202C98F8002033F8141037F8140008D9E3
S214009910814253D34FF6FF7291421DD102B0BDE88B
S214009920F081012A32D802EB42122D4822444FF62B
S214009930FF7530F81210A94202D0013120F812103B
S21400994033F8141037F81400814237D34FF6FF72FD
S21400995091424FF0010502D0013123F8141004F0B3
S214009960FD02092A2CD19A8AB98A32448A42B4BFA7
S2140099709A82998233F814308342CFD3002DCDD10A
S214009980204602B0BDE8F04124F0BEB8022AD7D186
S214009990134A32F814104FF6FF70814204F121008A
S2140099A01CBF013122F8141032F810104FF6FF7564
S2140099B0A9421CBF013122F81010C1E70025CBE7F1
S2140099C01D2CD7D15A8F91198142BDBF02F1FF32AB
S2140099D0B6185E875887CDE76A3D0020BC3D00205C
S2140099E0E63C00200248522200212AF0E1BA00BFDD
S2140099F0BC3D002002485222FF212AF0D9BA00BFFF
S214009A006A3D0020014B23F8101070476A3D002085
S214009A1008280ED84FF48B73C340DB0709D5064AD7
S214009A20136819B1034313600020704723EA00034C
S214009A30F9E72120704700BF301200200CB4082838
S214009A4013B50C4611D84FF48B73C340DB070CD507
S214009A50084B1B68184208D005A90498019106F027
S214009A60E1F814B1044826F098FA02B0BDE81040B8
S214009A7002B070473012002053B00300034610B502
S214009A80D3E9023253F822301C780846211E18BF4C
S214009A900121FFF7BDFF014650B9094A094B0220D4
S214009AA0002C08BF1346BDE81040074AFFF7C6BFA4
S214009AB0BDE81040054A00210220FFF7BFBF00BFE7
S214009AC0CE9D0300C69D030055B003006BB0030097
S214009AD02DE9F041DFF8308005461F460C468E180B
S214009AE0B44201D1BDE8F08114F8013B069A00218A
S214009AF02846FFF7A3FF002FF2D042460021284653
S214009B00FFF79CFFECE700BF60A4030030B50C4DE8
S214009B1085B000246946E0B229F03DFB50B99DF8B7
S214009B200030032B06D1BDF805309DF801202946EC
S214009B3003F04AFF01340A2CECD105B030BD00BF5B
S214009B407CB0030008B50020034903F03DFFBDE8E4
S214009B500840FF2000F006BB8BB003002DE9F04F55
S214009B6085B007460D46904624F00AF8044640B1F4
S214009B7038464246294623F0EDFF002005B0BDE8F2
S214009B80F08F4FEA15294FF0030A5FFA84FB694607
S214009B90584629F000FB9DF8002040EA020616F021
S214009BA0FF0612D1694658468DF800A08DF805507C
S214009BB08DF806908DF801701AF094FE0246002883
S214009BC0D6D00649304603F0FFFE01340A2CDCD11D
S214009BD00020034903F0F8FE8920CFE7A0B0030079
S214009BE0C5B003001FB5002304468DF80F3023F0E0
S214009BF0B2FF28B19DF80F3063F07F038DF80F3069
S214009C00182301930DF10F03009300224023042133
S214009C10204624F06EFE024618B10349002003F0E9
S214009C20D3FE04B010BD00BFE0B003001FB502A90C
S214009C30F7F78CF9044680BBBDF80820184903F0F6
S214009C40DDFE2046039903F03BFE1649204603F04E
S214009C50BBFEBDF80810144C4B1E9BB24FF6F672B6
S214009C60934218D82368039A1B685879FFF776FF43
S214009C7023681B79012B0BD8BDF808300022CDE9EC
S214009C8000030421094B092003F0A0FD25F078F815
S214009C90012004B010BD8720EAE70020F9E700BFE6
S214009CA0FDB00300AA7B0300C42A002004BC030006
S214009CB070B500248AB005460D22214606A80594F4
S214009CC02AF076F9284604A9F7F728F90546002869
S214009CD03AD11E4EBDF810201D4903F075FE3268BD
S214009CE01379012B29D8BDF810104B1E9BB24FF6E6
S214009CF0F670834205AC23D81368587923F040FFEA
S214009D0000B33368BDF810101B682246587923F05C
S214009D1020FFBDF810300294CDE9005301220D4B10
S214009D200421092003F052FD25F02AF8034620B14D
S214009D30094A0A49002003F047FE01200AB070BD18
S214009D408725E6E78B25E4E72046F7E7C42A0020C8
S214009D5013B1030027B103002BB1030036B1030093
S214009D602DE9F04391B005A9F7F71AF90446002843
S214009D7040F0C3809DF814206149624E03F03EFE19
S214009D8025469DF81420EBB29A4247D85E4900203B
S214009D9003F01AFE9DF81450002D40F08C805B4FA7
S214009DA02C462E4607A9F0B229F0F5F9C8B99DF859
S214009DB01C30032B15D13B689DF81D201B685B7972
S214009DC09A420ED105F140036B449DF8212003F81A
S214009DD0142C02359DF8222003F8132C0134EDB222
S214009DE0E4B201360A2EDDD19DF814300BB1002CFA
S214009DF066D00BABCDE90143FF2300930222444B10
S214009E0003950421092003F0E1FC24F0B9FF034682
S214009E10002867D1012011B0BDE8F08306986B00DA
S214009E2003F4FF7302220021184424F0CDFE3146CD
S214009E300246002003F0E2FD0135A2E70698730013
S214009E4003F4FF7302220021184424F0BDFE00270D
S214009E50804607A9F8B229F09EF910BB9DF81C3081
S214009E60032B1ED1D9F800309DF81D201B685B79A6
S214009E709A4216D19DF821105FFA88F3994210D1C4
S214009E809DF82230C8F307229A420AD105F1400312
S214009E906B440235013403F8141C03F8132CEDB29E
S214009EA0E4B201370A2FD4D101369DF81420F3B25C
S214009EB09A42C3D898E70025DFF850902E46F4E77C
S214009EC08B2024F060FF03460028A3D09DF81400E2
S214009ED0104A1149002818BF0A461049002003F00E
S214009EE073FD97E79DF814202AB10B4A0949002C08
S214009EF018BF0A46F1E7074AEFE700208BE700BFE6
S214009F008EB10300ABB10300A37B0300C42A00207C
S214009F10B4B103005FB103007DB10300B8B1030024
S214009F202DE9F04188B002A9F6F7FEFF04460028A6
S214009F3065D1BDF808203349DFF8DC8003F044FD26
S214009F40BDF808506B1E9BB24FF6F672934252D87D
S214009F50D8F800301B685E792946304623F010FE9C
S214009F6000284AD0E7B203A9384629F014F928B9E0
S214009F7003AA2946304623F0F0FD18B901340A2C0E
S214009F80F0D1FF2738461AF085FC044660BB014630
S214009F9003900D2204A82AF00BF803AA294630469F
S214009FA023F0D8FDD8F800301A79012A18D81B6893
S214009FB0BDF80810587901F09FFCBDF80830032260
S214009FC0CDE900430421104B092003F0FFFB24F0E9
S214009FD0D7FE034620B10D4A0D49002003F0F4FCDD
S214009FE0012008B0BDE8F08102460A49002003F0CF
S214009FF0EBFC0124D6E78724D4E78B24D2E70020A5
S21400A000EFE700BFD8B1030004BC030013B203009F
S21400A01036B10300EEB10300C42A00202DE9F04358
S21400A020DFF8B0802749D8F800301B688BB00020D6
S21400A0305E7903F0C9FC002501275FFA85F901A9BE
S21400A040484629F0A8F8044690B99DF80430032B3A
S21400A0500ED19DF80530B3420AD148461AF01AFCD4
S21400A0600146F0B102461849204603F0ADFC2746EB
S21400A07001350A2DE1D1D8F800301B680021587947
S21400A08001F03AFC87F0010024F07DFE034620B183
S21400A0900E4A0F49002003F097FC01200BB0BDE8E4
S21400A0A0F08305900D2206A829F082FFBDF809402E
S21400A0B03046214605AA23F04DFD2146304601F0E4
S21400A0C01BFCD5E720B20300EEB103007DB1030010
S21400A0D0B8B10300C42A002037B56946F6F73CFF3E
S21400A0E00446002832D1BDF800201949194D03F066
S21400A0F085FC0199204603F0E3FB2046164903F051
S21400A10063FC2B681B68587924F017FE70B1BDF805
S21400A11000104B1E9BB24FF6F67293420ED82B6879
S21400A120019A1B685879FFF719FD0446204624F06B
S21400A1302AFE034620B9012003B030BD8724F5E788
S21400A140064A0749002003F03FFCF4E70020F3E747
S21400A15034B20300C42A0020AA7B03007DB10300AA
S21400A160B8B103007FB505460024E6B2694630461E
S21400A17029F011F8A8B99DF80030032B11D19DF8ED
S21400A1800130AB4204D0FF2D0BD19DF80D3043B902
S21400A19030461AF07FFB024618B10449002003F04F
S21400A1A013FC01340A2CE0D104B070BDEEB10300FC
S21400A1B02DE9F0410E4E0F4FDFF83C80002402F0F0
S21400A1C0DFFCE5B2A84201D8BDE8F081284602F0DF
S21400A1D055FE054624F0B1FD2A4600280CBF33463E
S21400A1E03B464146002003F0EFFB0134E7E700BFA3
S21400A1F05CB2030057B2030062B2030030B585B00C
S21400A20002230025CDE90135009140232A4603218B
S21400A21024F0A2FB044620B102460349284603F078
S21400A220D3FB204605B030BD83B203001FB5212303
S21400A23001930DF10E03ADF80E100093002240239B
S21400A240032124F056FB044620B1024603490020B1
S21400A25003F0BAFB204604B010BD00BFA1B2030055
S21400A26073B50321044624F0D1F9FF2805461DD016
S21400A2700DF106012046FFF7C1FF134EC0B916F8D0
S21400A280253053B9012306F8253006EB8503BDF8C3
S21400A29006105980204623F0ADFCBDF806303BB1D1
S21400A2A04FF47A720321204623F073FF02B070BD8C
S21400A2B00023204606F8253023F09DFC0321204687
S21400A2C023F07BFFF2E700BF0E3E002013B501A986
S21400A2D0F6F71EFE0446C8B9BDF804200C4903F084
S21400A2E073FB0C4BBDF804101B681B685879FFF70E
S21400A2F09DFF24F048FD034610B9012002B010BDB2
S21400A300054A0649204603F05FFBF6E70020F5E71E
S21400A310BFB20300C42A002043430300DAB203009E
S21400A3201FB51749002003F04FFB164B1B681B6830
S21400A3300DF10E015879FFF761FF044610B9BDF81C
S21400A3400E3063B9204624F01EFD034620B10E4AA7
S21400A3500E49002003F038FB012004B010BD024671
S21400A360009303210A4B092003F030FA24F008FD7D
S21400A37003460028F0D0074A04492046EAE700BF13
S21400A38005B30300C42A002043430300DAB20300E7
S21400A39005BC0300F67C0300034B1B6818780128F5
S21400A3A008BF0220704700BF002A0020D0E9023212
S21400A3B053F822301A78024B1A7000F0D7BA00BF52
S21400A3C0BB43002070B5D0E902456B1EDBB21D49C9
S21400A3D054F82300032229F0C1FD54F8253004EB7D
S21400A3E08504197863681A78A2F10B030F2B05D938
S21400A3F01549BDE87040002003F0E6BA01290FD1E8
S21400A400124C9140236840B90B43114A2360BDE8C3
S21400A41070401049002003F0D7BA23EA0103F4E79E
S21400A42002290CD10C49012303FA02F20B6818B971
S21400A43013430A4A0B60EAE723EA0203F9E70A46EF
S21400A4400749D6E7C27C030017B303003812002082
S21400A4502DB3030035B303003412002047B30300C6
S21400A46051B3030007B5D0E9023103EB810253F87C
S21400A47021300B491B785268012B0A4B126808BF23
S21400A4800B464FF000001A600092074A074B084937
S21400A49018BF1346074A03F097FA03B05DF804FBAB
S21400A4A038120020341200206CB3030064B303009B
S21400A4B076B3030074B8030038B5254A254B264CFE
S21400A4C02649274D002003F07FFA2649002003F096
S21400A4D07BFA22682449002003F090FA2068234C77
S21400A4E003F04CFA2146002003F06EFA2A68204951
S21400A4F0002003F083FA286803F040FA2146002083
S21400A50003F062FA1B4B1C491A781C4B002053F8C8
S21400A510223003F059FA00F027F9194902460020C4
S21400A52003F052FA174B18491A78002003F04CFA39
S21400A530164B17491A78002003F046FA23F038FF26
S21400A540BDE8384002461349002003F03DBA00BF7C
S21400A55074B803008FB303003812002096B30300CC
S21400A560341200209EB30300ACB3030067820300DE
S21400A570BCB30300D7430020CCB303003C1200203A
S21400A580DDB30300CD430020F1B30300CC4300202D
S21400A59003B4030015B4030007B500F08FF8054BAD
S21400A5A00090054A0549002003F00EFA03B05DF856
S21400A5B004FB00BF29B4030074B803002EB40300E4
S21400A5C00149002003F000BA3BB4030001480FF035
S21400A5D039B800BF123E0020F8B50C4F0C4E0D4D9A
S21400A5E00D4A0E490446002003F0EEF93B78297820
S21400A5F032782046F6F73CFA00233B7033702B7017
S21400A600BDE8F8400648FF2122F06ABFD743002085
S21400A610CC430020CD43002074B80300DAB4030016
S21400A6201828002037B51948FF2122F059FF184B8B
S21400A6301B7813F0200013D001F044FB27F0E5FE52
S21400A6400020144B144A154903F0BEF90120FFF709
S21400A650C3FF4FF4806003B0BDE8304024F089BAF1
S21400A66013F0100404D003B0BDE8304001F032BB54
S21400A6700121B42001F0A0FF094B00900546064AD0
S21400A6800849204603F0A0F92846E0E718280020ED
S21400A690D7430020F1B4030074B803001AB50300D2
S21400A6A021B503003AB50300024A03480021FEF72D
S21400A6B0C7BE00BF25A600001828002008B5054B19
S21400A6C01B7823B19420FFF787FF002008BD702079
S21400A6D0FCE700BFD743002037B51E4C2378DB06C7
S21400A6E005462FD500901C4B1C4A1D49002003F040
S21400A6F06BF91E2D10D0652D0ED0032D24D1237896
S21400A700184843F0200341F28832FF21237003B03B
S21400A710BDE8304022F0D3BE237823F02003237018
S21400A720FBF7AEF94FF4FA63B0FBF3F202FB13004B
S21400A730C21892B20B48FF2122F0C1FE237823F004
S21400A7401003237003B030BD27F05FFEAE20FFF786
S21400A75043FFF3E7D743002047B5030074B8030070
S21400A7603AB5030018280020014B187A704700BF3E
S21400A7703828002070B5424E3378DD1F012B8EB08E
S21400A780EDB258D0042B56D0032B41F6041255D008
S21400A790991F4B424B415B0013433A48ADF80C30CF
S21400A7A023F054FA48B9384B364A03F1100153F8EF
S21400A7B0040B42F8040B8B42F9D13378032B3FD0BD
S21400A7C0062B3DD0314B0DF10E0203F1100153F86C
S21400A7D0040B42F8040B8B42F9D103A819F04AF98E
S21400A7E0B728044610D1012D36D8294A2949002019
S21400A7F003F0EAF8BDF80C3003A823F40053ADF8D4
S21400A8000C3019F037F904467CBB302019F00CF8F0
S21400A810044650BB23F0B9FA012D26D81E4A10680C
S21400A820516801AB03C322461C4901A825F036F83F
S21400A830F0B1182419E043F60412A9E70223ABE7A7
S21400A840104A0DF10E0302F1100152F8040B43F802
S21400A850040B8A42F9D1C0E73378012B01D0042BD0
S21400A86003D10F49002003F0AFF820460EB070BDAC
S21400A8700449224601A825F011F80028D9D1F4E7AA
S21400A880D7430020BC4300200CB603001DB60300CF
S21400A89074B803006BB503002EB6030064B803005B
S21400A8A0BEB5030030B5044687B0252012F0E4FD9F
S21400A8B01C220021144829F07BFB144B1878FFF764
S21400A8C06BFD022814BF0123042303208DF80830F3
S21400A8D027F0ECF904238DF8103002A80C4B0593F2
S21400A8E0039400F059FB0B4B0B4A19680B4B009472
S21400A8F0A14218BF13460546094A0A49002003F03C
S21400A90063F8284607B030BD38280020D74300201B
S21400A910A9AB0000381200206CB3030064B3030038
S21400A92074B8030037B6030008B50E490A78531CFE
S21400A930DBB2072B0B7001D0092B04D19420FFF754
S21400A9404BFE942008BD02F0FB02032A07D1064BFB
S21400A95018680028F2D0FFF7A5FF3D20F2E7002098
S21400A960F0E700BFD74300203412002073B51C4C1C
S21400A9701C4E23683268134330D01B4B1B6833B31E
S21400A9801A4D2B781BBB23F013FDD8B94FF480600B
S21400A99024F0A8F824688CB101232B7001F092F9FA
S21400A9A02046FFF77FFF0446114B124A12490094D7
S21400A9B0002003F009F8204602B070BD0423346876
S21400A9C02B70EBE70121B42001F0F6FDEBE7094A16
S21400A9D00A49002002F0F8FF7024E5E77024EAE751
S21400A9E03812002034120020002A0020D74300200E
S21400A9F07EB6030074B803002EB4030064B60300EA
S21400AA002DE9F341374C3849227AA388002002F01A
S21400AA10DBFF2268207A22FA00F010F0010002D153
S21400AA20324902F0D1FF324D287838B131493248E8
S21400AA30082229F093FA003818BF01202F4E2D4F18
S21400AA4006F10E0807E008223946404629F086FA45
S21400AA50003818BF0120227A2368D340DB0700D5D0
S21400AA6060B1304612F0D4FC00282DD12B78002B94
S21400AA70E9D1227A2368D340DA07F2D5237A009305
S21400AA80A3881F4A1F49002002F09EFF1E4B18781D
S21400AA90FFF782FC01230322184911F0DFFE1B4A50
S21400AAA0137801331370044610B902B0BDE8F08184
S21400AAB0134A17492346002002F086FF204602B0BC
S21400AAC0BDE8F041FFF788BD1249002002F07CFF88
S21400AAD0FFF72AFF0028E8D102B0BDE8F04100F0F9
S21400AAE01BB800BF3828002084B60300B4B60300A5
S21400AAF0D6430020CE4300204A2800203C280020D1
S21400AB0074B8030080B70300D7430020CC4300206E
S21400AB1023B703004AB7030070B51B4C1B4B2278C3
S21400AB201B4953F822301B4A1A4D1B4E002002F0D8
S21400AB304BFFFFF71FFE034683B92378032B19D874
S21400AB40D3B1164B16481B6840F8043B12F03EFC87
S21400AB50A0B1BDE870400120FFF73EBD2A46314651
S21400AB60002002F031FFFFF7DFFE58B9FFF702FEC4
S21400AB700346E1E7072BE4D00A4BE3E7BDE8704065
S21400AB80FFF73EBF70BD00BFD74300203C12002039
S21400AB909FB7030074B80300ACB703003812002058
S21400ABA0382800203412002070B51A4C237883B35E
S21400ABB0838913F4407F2CD0056835B12A461649A0
S21400ABC0BDE87040002002F0FFBE12F04FFC134EAE
S21400ABD0134A307003461349284602F0F5FE3378D0
S21400ABE01BB1BDE87040FFF797BF2378062B06D849
S21400ABF0032B06D9BDE87040AB20FFF7EDBC082B51
S21400AC00F8D004232370084BBDE870401868FFF79F
S21400AC1049BE70BDD7430020D5B70300CD43002002
S21400AC2074B8030000B803003412002030B5434D5A
S21400AC30434A4449034687B00446002002F0C4FE57
S21400AC402B782BBB01A824F083FB022301A88DF8E8
S21400AC50043024F053FDB0B93B4901A824F0B5FDFB
S21400AC6088B1902C0FD1FAF70BFF47F23153B0FBA7
S21400AC70F3F202FB130000F51C50103080B201F016
S21400AC8029F807B030BD912CFBD101F05DF8F8E74C
S21400AC90902C2AD12A4A2D49002002F095FE2B78C6
S21400ACA0032B11D0062B0FD0294B1B78DA070BD4B9
S21400ACB001A818F0DBFD18B9BDF804309B0703D4D3
S21400ACC02B7843F010032B70FAF7DAFE4FF4FA6392
S21400ACD0B0FBF3F202FB1300C2181E4892B2FF212B
S21400ACE007B0BDE8304022F0EABB0FF0C7FA0446D2
S21400ACF00028C6D12B78013B072B19D8104A1649D5
S21400AD0002F062FE154812F083FB60B1144920463B
S21400AD1002F05AFEFFF708FE0028B2D107B0BDE8E1
S21400AD203040FFF7F9BE07B0BDE83040FFF768BE19
S21400AD30AE2007B0BDE83040FFF74EBCD74300203A
S21400AD4074B8030024B8030064B8030039B80300DD
S21400AD50BB430020182800204CB803003C280020E5
S21400AD604AB703002DE9F0410B4686B004460E466E
S21400AD7017463A490246002002F026FE4FF0000829
S21400AD800123CDE901380DF1160300934246402316
S21400AD900621204623F0E0FD054640B10246304934
S21400ADA0404602F011FE284606B0BDE8F0819DF848
S21400ADB016202AB936B92B49002002F005FEF2E724
S21400ADC0012EF8D082F0010327498DF817300020B5
S21400ADD002F0FAFD9DF817300DF1170633B3102375
S21400ADE0CDE90063002240230621204623F081FDA2
S21400ADF0064630B11D493246002002F0E5FD3546D4
S21400AE00D1E74FB90821204623F0F1FB20B19DF889
S21400AE101710204623F0B9FE0521204623F0E7FB55
S21400AE200028C0D0204600F095F9BCE74FB90821AD
S21400AE30204623F0DCFB20B19DF81710204623F0B7
S21400AE40A4FE1023CDE900630022402306212046FD
S21400AE5023F04FFD06460028DED0CBE73CBA0300C1
S21400AE6054BA03006BBA03008BBA0300A7BA0300F8
S21400AE7008B5064B1B681B68002258791146FFF779
S21400AE8071FF23F080FF012008BD00BFC42A002008
S21400AE9008B5064B1B681B68002258790121FFF78E
S21400AEA061FF23F070FF012008BD00BFC42A002008
S21400AEB008B5064B1B681B68002258790221FFF76D
S21400AEC051FF23F060FF012008BD00BFC42A002008
S21400AED01FB50F4C2478C4B142EA03229DF81830FF
S21400AEE08DF8051042EA43220A4BADF80C201A787A
S21400AEF0094B8DF8061003EB0213079900908DF8A6
S21400AF000400DB6802916846984704B010BD00BF95
S21400AF10D8430020DA4300205428002073B51A4D89
S21400AF201A48FF2122F0DCFA2B7853B3184C194E3E
S21400AF302378180106EB0313305C1A7A59680FF071
S21400AF40D3FD4D281DD0E0B1227801230021CDE9A4
S21400AF5000311201C0B2B25CFFF7BAFF23780B488B
S21400AF6001330A22DBB2B3FBF2F102FB113323708A
S21400AF702B78FF21013B2B7002B0BDE8704022F019
S21400AF80A7BA02B070BD00BFD8430020F428002046
S21400AF90DA43002054280020F8B5104F3E780A2ED9
S21400AFA01AD00FC8DFF840C00D4D9CF8004005EBE6
S21400AFB00415013485E80F00E4B20A230948B4FBFF
S21400AFC0F3F2013603FB1244FF218CF800403E707A
S21400AFD022F07EFA0020F8BD0120FCE7D8430020CE
S21400AFE054280020F4280020D9430020024A0348B1
S21400AFF00021FEF725BA00BF1DAF0000F428002090
S21400B00037B5134D00232A78CDE900330C461201DC
S21400B010104901238A5C01462046FFF759FFA4B970
S21400B0200D490A788AB12B7801330A20DBB2013A3F
S21400B030B3FBF0F400FB143308480A70FF212B70B2
S21400B04003B0BDE8304022F043BA03B030BD00BFC5
S21400B050DA43002054280020D8430020F42800209B
S21400B06008B50020034902F0AFFCBDE80840FF2009
S21400B07000F06EBABEBA030037B51D469DF81C3008
S21400B0800093069B23F045FC044630B10090044A2A
S21400B09004492B46002002F097FC204603B030BD42
S21400B0A0D3BA0300D8BA03001FB5202301930DF1CD
S21400B0B00F038DF80F1000930022034B0521FFF7B6
S21400B0C0DBFF05B05DF804FBEBBA030038B5074DAF
S21400B0D004460123284620217F2221F0F3FF297809
S21400B0E02046BDE83840FFF7DFBF00BFDB43002047
S21400B0F010B586B0202301930DF10F038DF80F10C5
S21400B100ADF80C20009301220F4B8DF81720052177
S21400B1100446FFF7B1FFA8B92123019303AB0093C0
S21400B12002220A4B05212046FFF7A6FF50B910233E
S21400B13001930DF1170300930322054B05212046CA
S21400B140FFF79AFF06B010BDF7BA030005BB030071
S21400B15013BB03001FB500238DF80F301023019397
S21400B1600DF10F0300930322034B0521FFF784FF25
S21400B17005B05DF804FB00BF13BB030070B5204CA0
S21400B180204E214D204686B001237F22202121F02B
S21400B19099FF22781D490323002002F015FC0024A5
S21400B1A00C230DEB0300E2B2212121F08BFF224697
S21400B1B03146002002F022FC9DF80C20BAB1BDF802
S21400B1C0123001939DF81030114900930020BDF80D
S21400B1D00E3002F013FC9DF814200E49002002F0F9
S21400B1E00DFC9DF816200C49002002F007FC2946AD
S21400B1F00020013402F0E8FB032CD1D106B070BD6C
S21400B200DB43002042BB0300A37B03001FBB0300FD
S21400B21047BB0300D9C9030060BA0300F0B589B084
S21400B22004A9F5F7A5FE0446002878D13D499DF807
S21400B2301230BDF810203C4E02F0C6FBBDF81010D0
S21400B24031B133681B68587922F0AFFC00284CD027
S21400B2500025EFB20C233A46212105A821F032FF43
S21400B26033689DF814201B685B799A4238D1BDF884
S21400B2701620BDF810309A4232D19DF818209DF85D
S21400B28012309A422CD1294D002339468DF81430BD
S21400B29005AA0C23212021F01EFF01237F22202156
S21400B2A0284621F00FFF2B78013B2B702A460123FE
S21400B2B07F21202021F00FFF33681B685F79202153
S21400B2C0284601237F2221F0FDFE29783846FFF725
S21400B2D0EBFE33681B79012B09D9012009B0F0BDBC
S21400B2E00135032DB5D18B24F3E78524F1E79DF8CE
S21400B2F012300293BDF810300222CDE9004305213A
S21400B3000B4B092002F062FA23F03AFD03460028B0
S21400B310E3D0084A0849002002F056FBDDE700208B
S21400B320DCE700BF64BB0300C42A0020DB43002028
S21400B33080BB030084BB030091BB0300F0B587B05D
S21400B34002A9F5F7F7FD044600286ED13849BDF886
S21400B3500820384D02F038FBBDF8081031B12B68D4
S21400B3601B68587922F021FC002847D000260C23C1
S21400B370F7B23A460DEB0300212121F0A3FE2B681D
S21400B3809DF80C201B685B799A421FD1BDF80E20F1
S21400B390BDF808309A4219D1002339468DF80C3092
S21400B3A0254F0C230DEB0302212021F094FE0123F0
S21400B3B07F222021384621F085FE3B78013B3B70FA
S21400B3C03A4601237F21202021F085FE0136032EF8
S21400B3D0CDD12B68184E1B685F792021304601239B
S21400B3E07F2221F06FFE31783846FFF75DFE2B682E
S21400B3F01B79012B04D9012007B0F0BD8524F6E7A0
S21400B400BDF808300322CDE9004305210B4B092087
S21400B41002F0DCF923F0B4FC03460028EBD0084A1F
S21400B4200849002002F0D0FAE5E70020E4E700BF74
S21400B430BABB0300C42A0020DB43002004BC030080
S21400B440D4BB030091BB0300F0B58BB005A9F5F79C
S21400B45077FD044600286CD13749BDF81420374DD7
S21400B46002F0B2FABDF8141039B12B681B6858798F
S21400B47022F09BFB002808BF8524314E01237F2243
S21400B4802021304621F01EFEBDF81430029333789A
S21400B490C3F10303CDE9004306222A4B0521092008
S21400B4A002F094F934B12B681B79012B30D90120B6
S21400B4B00BB0F0BD26460C23F2B2212107A821F0DE
S21400B4C001FE2B689DF81C201B685B799A420ED102
S21400B4D0BDF81E20BDF814309A4208D104F12803A6
S21400B4E06B449DF8202003F8102C0134E4B201369A
S21400B4F0032EE0D1204602F0B1F906AF0026F3B2E3
S21400B5009C4210D82B681B79012B01D9002CCED079
S21400B51023F036FC03460028C9D00B4A0B4900200E
S21400B52002F052FAC3E717F8010B02F097F901365A
S21400B530E5E70020BCE700BFE6BB0300C42A002006
S21400B540DB43002003BC030007BC030091BB0300E1
S21400B550F0B5054685B00024E6B201A80C233246B5
S21400B560212121F0AFFD9DF8040050B1A8421CD166
S21400B57000238DF8043001AA0C233146212021F047
S21400B580AAFD0134032CE7D1154A002401237F21AC
S21400B5902020147021F09FFDFF2D1FD02146284645
S21400B5A005B0BDE8F040FFF77FBDFF2DE9D123F0E1
S21400B5B029FB0028DCD0E4E707EB05131E7B2EB939
S21400B5C0284601F05BFC3146FFF76EFD013401F0C2
S21400B5D0D7FAE5B2A842EFD805B0F0BD014FF6E7BE
S21400B5E0DB430020E42900202DE9F04F8BB084894E
S21400B5F0DDF8509090F814A006461F46C37C0493CE
S21400B60048460D46904623F0E5FA063C3368049912
S21400B610704E714A93F805B0A4EB0A04402918BF8F
S21400B62032462B466D49241ACDE90087002002F0E9
S21400B630E5F94946002002F043F96949002002F086
S21400B640DDF9A4B2002315991846224602F02AF91D
S21400B6503146002002F0B8F9002D6DD14FF0000AF7
S21400B660FF265FFA8AF90C234A46212107A821F013
S21400B67029FD9DF81C305B4507D1BDF81E20AA4267
S21400B68003D19DF8202042457DD0FF2E02D1002B0D
S21400B69008BF4E460AF1010ABAF1030FE1D1FF2EA8
S21400B6A000F09580D14632460C23212107A821F0D0
S21400B6B009FD049B402B01BF0A22B7FBF2F202EB06
S21400B6C08203A7EB430306BFDBB217460023002125
S21400B6D0ADF822708DF824308DF825104FF0010A51
S21400B6E0A14252D3B1451FD03E4C8DF81CB0012369
S21400B6F07F2220212046ADF81E508DF8208021F0B4
S21400B700E1FC237801332370224601237F21202089
S21400B71021F0E1FC2021204601237F2221F0D2FCEB
S21400B72021785846FFF7C0FC0C2307AA3146212093
S21400B73021F0D1FC002306E02946584622F035FACF
S21400B74000288BD18523284A12681279012A16D838
S21400B750049A0093A2F140014A424A41234B9201C7
S21400B7600521CDE90158092002F030F823F008FB46
S21400B770034620B11E4A1F49002002F025F9012089
S21400B7800BB0BDE8F08F4E468DE78F1CA74201DB5D
S21400B7908023D8E715980591224623F015FABFB204
S21400B7A0159B0599DB5D033189B2002B98D00B44BD
S21400B7B09C42EDDB062808D1159A8DF825A0525C30
S21400B7C0003A18BF01228DF8262099B288E789230F
S21400B7D0B9E700BFA37B03001CBC030025BC030025
S21400B7E04ABC0300DB430020C42A002080BB0300C1
S21400B7F04EBC030091BB03002DE9F0410368C77CF3
S21400B80093F8058088B00C46154600920B46334ADE
S21400B81033490020412F08BF0A46324902F0D4F8C7
S21400B820BCB900260C23F2B2212105A821F04AFC5F
S21400B8309DF81430434507D1BDF81630A34203D116
S21400B8409DF81830AB4247D00136032EEAD18B263E
S21400B85006E02146404622F0A8F90028E1D18526D8
S21400B860412F0CBF41220122CDE901451E4B009617
S21400B8700521092001F0AAFFE6B9412FBDF81A00FC
S21400B88001BF9DF81C3000EB800003EB400398B22C
S21400B89023F07CF9002001F0E1FF9DF81D304BB14C
S21400B8A0062023F073F9012001F0D8FF9DF81E0052
S21400B8B001F0D4FF0D4B1B681B79012B08D823F031
S21400B8C05FFA034620B10A4A0A49002002F07CF8D3
S21400B8D0012008B0BDE8F0810026C1E7A37B030085
S21400B8E01CBC030058BC030080BB0300C42A002015
S21400B8F074BC030091BB03002DE9FF4106460F46CA
S21400B9000025ECB20C232246212101A821F0DAFB07
S21400B9109DF80430B3422DD1BDF80630BB4229D184
S21400B92000232146164CADF806308DF8043001AAE7
S21400B9300C23212021F0CFFB01237F22202120464B
S21400B94021F0C0FB2378013B2370224601237F2190
S21400B950202021F0C0FB0B4B1B681B6893F805806A
S21400B9602021204601237F2221F0ACFB217840468F
S21400B970FFF79AFB0135032DC3D104B0BDE8F08173
S21400B980DB430020C42A00202DE9F043044687B09C
S21400B99090460E4619B122F008F900287FD04FF0E5
S21400B9A00009FF250C235FFA89F70DEB03003A46E2
S21400B9B0212121F087FB9DF80C30A34207D1BDF86A
S21400B9C00E20B24203D19DF81020424565D0FF2DCF
S21400B9D002D1002B08BF3D4609F10109B9F1030F5A
S21400B9E0E0D1FF2D5DD04F460C230DEB03002A4619
S21400B9F0212121F067FB0621204622F0F8FD814632
S21400BA0080B10123009300220DF116030621204683
S21400BA1022F0B0FF40B10090234B244A2449002076
S21400BA2001F0D2FF4FF00009AF428DF8159024D0F8
S21400BA30204F8DF80C400023ADF812308DF81430EE
S21400BA407F22012320213846ADF80E608DF8108045
S21400BA5021F038FB3B7801333B703A4601237F21C7
S21400BA60202021F038FB2021384601237F2221F0B8
S21400BA7029FB39782046FFF717FB0C230DEB030252
S21400BA802946212021F027FB324641462046FFF773
S21400BA902FFB002007B0BDE8F0833D46A4E78520D5
S21400BAA0F8E78920F6E700BF7FBC030016BE030058
S21400BAB0D8BA0300DB43002030B587B005A9F5F7F8
S21400BAC05DFA044678BB194D9DF81630BDF8142073
S21400BAD0174901F079FF2B689DF816201B68BDF802
S21400BAE014105879FFF750FF2B681B79012B02D9E9
S21400BAF0012007B030BD9DF816300293BDF8143013
S21400BB000422CDE9000305210A4B092001F05EFE60
S21400BB1023F036F903460028EAD0074A07492046AC
S21400BB2001F052FFE4E70020E3E700BFC42A00204C
S21400BB3086BC030080BB0300A1BC030091BB0300CE
S21400BB40F0B5044687B017460D4611B122F02DF821
S21400BB5070B300260C230DEB0300F2B2212121F076
S21400BB60B1FA9DF80C30A3421DD1BDF80E30AB42A1
S21400BB7019D19DF81030BB4215D19DF8153053B140
S21400BB80102301930DF1160300930022094B0621A2
S21400BB902046FFF771FA2A4639462046FFF7A8FAEC
S21400BBA0002007B0F0BD0136032ED3D18B20F8E776
S21400BBB08520F6E77FBC03002DE9F04188B003A995
S21400BBC0057D0446F5F7E6F9002843D1A389334EF0
S21400BBD0BDF80C20324904359D42A4BF4FF6FF73D2
S21400BBE0ADF81030BDF81030009300209DF80E30F0
S21400BBF001F0EAFE3368BDF80C501B689DF80E8015
S21400BC005F79BDB900240C23E2B2212105A821F0FA
S21400BC1059FA9DF81430BB4207D1BDF81630AB4236
S21400BC2003D19DF81830434516D00134032CEAD1D1
S21400BC308B2306E02946384621F0B7FF0028E1D1DD
S21400BC4085238DF80B301DE0164A1749002001F0B9
S21400BC50BBFE1EE000201DE00123BDF810108DF88D
S21400BC600B300DF10B0205A822F027F850B9336807
S21400BC709DF80E201B68BDF80C105879FFF760FF82
S21400BC808DF80B009DF80B0023F07DF80346002886
S21400BC90DAD1012008B0BDE8F08100BFC42A002038
S21400BCA0ADBC03007DB10300D0BC030008B5032083
S21400BCB016F098FF10B9024B01221A7008BD00BF9B
S21400BCC0DC430020024B002218781A70704700BF31
S21400BCD0DC4300200246FF21014821F0F0BB00BFF4
S21400BCE014290020114B37B51D78BDB9FF21104827
S21400BCF021F0F6FBFFF7DAFF0E4B009004460E4AE3
S21400BD000E49284601F060FE44B10D4B1B78DB0659
S21400BD1004D526F07AFB204621F09AFF094B1868D6
S21400BD2003B0BDE83040FFF7D5BF00BFDC430020BE
S21400BD3014290020F0BC03001EBD03003AB5030022
S21400BD40D7430020601200200148FF2121F0C8BB25
S21400BD501429002070B5194E337805460C4663B397
S21400BD60174A1849002001F049FE032C01D0652C23
S21400BD701FD11549002001F041FE2246134900203C
S21400BD8001F022FE1249002001F038FE0123294668
S21400BD900822002001F086FD00200E4901F014FE66
S21400BDA0032C84BF002333702046BDE87040FEF7A6
S21400BDB093BC012CE1D00849DCE770BDDC430020D1
S21400BDC01EBD03009AB3030031BD0300B6C80300CE
S21400BDD04FBD0300A37B030047BD0300014B186063
S21400BDE0704700BF60120020024A03480021FDF79A
S21400BDF027BB00BFE5BC000014290020F8B5084B9F
S21400BE00084E1D68084F0024E3B29D4204F1010469
S21400BE1000D8F8BD56F82300394620F058FDF3E761
S21400BE20947A0300987A03002411002020B100239E
S21400BE300380024821F054BB704700BF342900201D
S21400BE4007B501230093044A0448FF230021FDF7A9
S21400BE50B9FA03B05DF804FBC1BF00003429002026
S21400BE603F4B73B51B681B685E790446032130465A
S21400BE7022F0CCFB0546FF2D01A920460BD1F5F795
S21400BE8041F8012838BF0120C4B2204622F07BFFCB
S21400BE90012002B070BDF5F735F804460028F4D14D
S21400BEA09DF805309DF804202E4901F08DFD2E4AA0
S21400BEB012F8353093B102EBC5039978FE2903D00A
S21400BEC0FF2904D00124E0E701225A70DDE728B2FA
S21400BED0314602EBC000FFF7A9FFD6E79DF8043015
S21400BEE00B2B30D80B2BEDD801A151F823F000BF57
S21400BEF05BBF000021BF000053BF0000C5BE0000AE
S21400BF00C5BE0000C5BE0000C5BE0000C5BE000020
S21400BF10C5BE0000C5BE0000C5BE000057BF00007D
S21400BF20042002EBC5010871012022F835008B7051
S21400BF304FF480629DF80530CB70CA800B483146BE
S21400BF4021F0BDFAA1E70233DBB2022B28BF0124A1
S21400BF509BE70620E5E70820E3E70220E1E700BFCD
S21400BF60C42A002082C60300143E00203429002084
S21400BF7038B50321054622F049FBFF280CD00F4BAD
S21400BF8003EBC00422794AB900B203EBC00029468D
S21400BF90BDE83840FFF74ABF0020F8E7002021F050
S21400BFA078F8002021F075F8002021F072F80020C3
S21400BFB021F06FF82379013B237138BD143E002031
S21400BFC02DE9F0410321054622F020FBFF28044618
S21400BFD024D0DFF8508008EBC00306B29B78022B13
S21400BFE008EBC6064FEAC00701D90B2B06D1284638
S21400BFF0FFF7BEFF08EB07035A782AB129463046FA
S21400C000BDE8F041FFF712BF18F8342032B12946D8
S21400C010DA880348BDE8F04121F051BABDE8F08166
S21400C02034290020143E00202DE9F743254B0193C8
S21400C0300D461646044650B14AB101AA042312F82A
S21400C040011BA94235D0013B13F0FF03F7D10220B4
S21400C05003B0BDE8F08317F8010F90FAA0F0000EC9
S21400C06021F01FF8014608EB07039945F3DCCAB236
S21400C070C1F30F2392FAA2F293FAA3F3120E1B0E49
S21400C08003EB02236219DB4312F8020C99B2DBB20F
S21400C09098420CD112F8013CB3EB112F07D132466F
S21400C0A02146284603B0BDE8F04326F0F5BCBD2087
S21400C0B0CEE7671E4FF6FF71A5F10209C4F101082D
S21400C0C0D1E700BF080A0E122DE9F04186B01546EA
S21400C0D00F469846064622F091FD184B03A81C789A
S21400C0E017F0C4FB15F0FD0F26D0F8B9BDF80C30DC
S21400C0F09B071BD5032D08BF03242B464246394613
S21400C1003046009422F03DFD0D4B0E4A53F8243085
S21400C11052F825200C49CDE90046002001F054FCD9
S21400C12022F06EFD204606B0BDE8F081032DE4D176
S21400C130042C08BF0024E0E70324DEE7DD430020EC
S21400C14088C7030078C70300AFC60300014B18700A
S21400C150704700BFDE430020024B186800B14068FD
S21400C160704700BF641200200B4B1B6870B5044676
S21400C17000257BB11E88002107E05A6802EB0110FB
S21400C180013145B9021B554255418AB29642F4D850
S21400C1909B68EEE7184670BD641200202DE9F04F4C
S21400C1A093B01E469DF874300593022E4FF00003A0
S21400C1B0DDF87090DDF880A0ADF81E3007468846A2
S21400C1C0144640F2B48099F800305A072AD5042E57
S21400C1D040F2AD8099F804B0594B002533F835206D
S21400C1E0002A00F0AA8001350A2DF7D1BAF1000F17
S21400C1F040F0A180FF25002320798DF81D3008AA85
S21400C2000DF11D0122F092FC78B1BDF82C309DF89E
S21400C2101D00238022F0EEFC8DF81C00A0B113B0A8
S21400C220BDE8F08F99F802B0D6E7207922F0C1F980
S21400C23000287ED1207922F0EFFC8DF81C00002823
S21400C240EDD1404B5B88238062884FF6FF73002F4A
S21400C25008BF4346CDE9002300212388059A5846A7
S21400C26002F060FC18B1E38843F02003E380059BEE
S21400C270CDF83C9007A90DA8CDE90DA4ADF84080F7
S21400C280ADF842608DF844708DF8453022F060FCC1
S21400C29010B19DF81C00C2E7484602F08FFBA01DB7
S21400C2A002F07AFB22464146384622F072FDB04242
S21400C2B008D274238DF81C30BAF1000F32D122F068
S21400C2C09FFCE6E79DF87C300393BDF87830029338
S21400C2D00DF11E03CDE900932246F3B241463846DF
S21400C2E021F087FF8DF81C00BAF1000F0FD070B94F
S21400C2F0BDF81E203AB1092D05D8134B03EBC50136
S21400C30043F835A08A80112022F0ECFBD7E7BA2844
S21400C31008D1E388DB06D2D5002301208DF81C3037
S21400C320FFF714FF9DF81C30002BC8D1EBE7012067
S21400C33075E7A32073E7B42071E7EDB25BE700BFB3
S21400C34058290020E4290020542900209D2837B5CC
S21400C35004462AD8902812D856D122F025F82B4B1E
S21400C36000902B4A2B49002001F02EFB902C29D15F
S21400C3700DF0C2FE03B0BDE8304022F0F4BB00F181
S21400C3806F03DBB201259D4015F0A90528D19D2835
S21400C39033D09C2838D122F065F81F49024628463B
S21400C3A003B0BDE8304001F00FBBBC28D5D007D89D
S21400C3B05534E4B2042C27D8184B154A184914E013
S21400C3C0BF28C9E7174B184A1849BC2C08BF1A469D
S21400C3D0002001F0F9FA22F0C5FB22F0C4FBC9E701
S21400C3E09128E9D1094B0A4A1149002001F0ECFADC
S21400C3F003B0BDE8304022F0B4BC0E49284603B076
S21400C400BDE8304001F0E0BA03B030BDA1C703007C
S21400C41003A70300AAC70300F1C70300E0C7030091
S21400C420E8C70300A37B03009CC70300B7C703004D
S21400C430D7C703000EC8030007B5094A034610888D
S21400C44031B9084A084903B05DF804EB01F0D6BAE2
S21400C4500091064A064901F0D1FA03B05DF804FBE4
S21400C4602E3E002016AE03001AB50300BAAE030037
S21400C47023C803000D4B1B6837B504469BB11D78D7
S21400C48003890093C37A0A4A0A49012D4FF0000037
S21400C49008BF022501F098FA2146284603B0BDE8F9
S21400C4A0304025F054BF702003B030BD002A002075
S21400C4B0804003004DC8030010B5002022F09AFB10
S21400C4C00D4B1B688BB15A78052A08D88AB91446D2
S21400C4D010460EF0E3F820460DF078FE05E0FF2A41
S21400C4E007D00649002001F06FFABDE8104022F0A0
S21400C4F087BB05240222EBE7002A00209DC8030024
S21400C50013B5124C002022F075FB23689BB101A8DE
S21400C51021F094FF78B923681A789DF804309A427F
S21400C52009D0D91E032906D9D11E012903D9012A0B
S21400C53007D1022B05D1032301A8ADF8043010F073
S21400C54099FA02B0BDE8104022F05ABB002A00203B
S21400C5500023044A194601330A2B918042F8081B2F
S21400C560F9D17047542900207FB50E4605460FF0D6
S21400C5701BFF0F49044603462A46002001F024FA12
S21400C58096B10C4B1A889B788DF80E300323ADF8C5
S21400C5900C200093002203AB36214FF6FC708DF87A
S21400C5A00D5022F03CFE0446204604B070BD00BF8D
S21400C5B0BCC80300D4CA0300FF2810B50C4604D13B
S21400C5C00020044901F000FAFE202146BDE8104094
S21400C5D0FFF7CABFD3C80300F8B51F460B88064648
S21400C5E00C461546002B5DD14A88B1F90210002989
S21400C5F0B8BF6B782C49002001F0E6F96288132A50
S21400C6001DD002F5FF417F3189B205291FD8A2F55A
S21400C6100042013A052A1AD8DFE802F0153B190352
S21400C6203809224A2249002001F0CEF90FE0214ABB
S21400C6301F49002001F0E2F92A791F49F3E7B5F80F
S21400C64001201E49EFE71E49002001F0BDF93B46D8
S21400C6502A46214630461FF01AF970B93B462A464C
S21400C660214630461FF015F9628848F221039A42A7
S21400C67003D16978304622F062FA6388B3F5004F3A
S21400C68002D9082022F075FA0120F8BD2A790D4952
S21400C690C9E70D4A0649002001F0B0F9B5F80120B7
S21400C6A00A49C0E70020F0E70EC9030033C90300BB
S21400C6B03AC903004BC9030051C903005FC9030010
S21400C6C076C9030090C90300B2C90300B7C90300C6
S21400C6D0F0B585B004AB03E90300184A9DF80D6079
S21400C6E09DF80E7000231C46D9B202EBC1004568C7
S21400C6F0EDB99DF80C3000939DF80A209DF80B309C
S21400C7000F49284601F07AF926B10E4932462846E6
S21400C71001F074F90C4ABDF808300C49002C18BF1B
S21400C7202246002005B0BDE8F04001F04DB912F8F1
S21400C73031100133B94208BF2C46D5E78CCA030036
S21400C740C8C90300D9C9030085AD0300DDC90300CD
S21400C7502DE9F04F85B08046BDF838700F9DBDF8C6
S21400C76040B0894614461E46002B2FD0454A4649FF
S21400C770002001F043F92388002B74D040F2091200
S21400C780934272D0414A4249B3F5827F18BF0A46A7
S21400C79001976188009100203E4901F02FF9238817
S21400C7A083B1022F0ED92B783B493C4A13F0010F78
S21400C7B008BF0A4659074CBF2B79AB78384900208A
S21400C7C001F01CF93749002001F0FEF83649002335
S21400C7D031F833205A454AD1344A52F833A0002360
S21400C7E031F8330058454FEAC30246D12F4900209E
S21400C7F00A4441F83300908046B9238833B9B4F927
S21400C8000230002B02DB082022F06CF9012022F017
S21400C810B0F99DB12A78D30710D512F0040004D0E1
S21400C8203A460121284622F0CFF9CDE9016000956D
S21400C8303B4622464946404621F015FFBAF1000F16
S21400C84006D0CDE900563B46224649464046D047EC
S21400C850CDE900563B4622464946404621F071FC4B
S21400C86005B0BDE8F08F124A92E7124A90E701330E
S21400C8700A2BADD14FF0000AB1E701330A2BAFD136
S21400C880BAE700BF2FA6030004CA0300F2C90300DC
S21400C89086AD03000ECA0300FDC90300F5C90300F8
S21400C8A03DCA0300A37B030058290020542900201A
S21400C8B0EBC90300EFC903000D4BF0B50D4E1F8802
S21400C8C0054600234FF00C0CDCB2BC4201D300201E
S21400C8D0F0BD0CFB04F43019345DAC4205D144883D
S21400C8E08C4202D104799442F2D00133ECE700BFC7
S21400C8F09E1500207412002013B50124074A08482C
S21400C9000094FF230021FCF75DFD064A06480094CC
S21400C910FF230021FCF756FD02B010BDFDDB020030
S21400C920C4290020C5B70200A42900202DE9F84339
S21400C9300D4B0E4F1E78DFF8388000244FF00C09A0
S21400C9403A88E5B2954202D33046BDE8F88309FB43
S21400C9500585FF21A86820F0CAFD18B9AB799E426C
S21400C96038BF1E460134EBE7DF4300209E1500204B
S21400C97074120020F8B506460C4622F0D5F8054697
S21400C980B0B9304621F015FE98B90B4B1F7B87B91E
S21400C9905A8822809A8862809B79237101213046CA
S21400C9A000F072FA39466071304600F06DFAA071F8
S21400C9B001252846F8BD00BFE429002070B50446CE
S21400C9C00E46154621F0F5FD10B14FF6FF7070BD0E
S21400C9D0084B1A7B002AF8D146B901222946204680
S21400C9E000F074FA0028F0D00088F0E7012EECD1B1
S21400C9F0F4E700BFE429002013B5FF230DF107017B
S21400CA0004468DF8073022F08DF818B19DF807001F
S21400CA1002B010BD074B03EB04131B7B0BB1FF20CA
S21400CA20F6E7204600F0B2F80028F8D0204600F0DE
S21400CA3025FAEDE7E429002010B5F8F787FE04464E
S21400CA40F8F78AFE224603461049002000F0BCFF95
S21400CA5000F018FFFFF77CFD00F07CF80221084686
S21400CA6002F036FAFFF728FD094B41F249021A8018
S21400CA70084A52231380084A4FF40040138024F0DB
S21400CA80D6FCBDE81040002025F041B9D7CA030007
S21400CA90CE150020CA150020C815002038B505465A
S21400CAA022F063F880B9284617F0F4FE044618B161
S21400CAB0752814BF88248D24044923462A4600205E
S21400CAC000F082FF204638BD8D24FBE7EDCA030048
S21400CAD00249102309887F2220F001BB989D03009D
S21400CAE00149082227F04ABA74450020024B18680C
S21400CAF05968FFF7EDBD00BF5EF50300064A012347
S21400CB00D15C814202D1054AD05C704702335D2B6E
S21400CB10F6D10020704700BF02CB030003CB030012
S21400CB2070B50A4B1D780A4B04460022D0B28542E7
S21400CB3001D8FF2070BD1E78A64204D10029F9D086
S21400CB405E7BF607F6D401321033EFE7E0430020B1
S21400CB50E4290020074B01221A70074B4FF482711C
S21400CB601A7059809A714FF48071044A99809A60BD
S21400CB7099817047E0430020E429002068CB030039
S21400CB80014B1878704700BFE0430020034B03EBCF
S21400CB900013587B00F00100704700BFE429002016
S21400CBA02DE9F04F8DB0DFF81C8202939DF85830C7
S21400CBB00793804B06911B7808EB03130546164631
S21400CBC00A934FF000090A9B984501D1862068E039
S21400CBD02B780393039A98F80030D8F808A093426D
S21400CBE040F0E08098F80D30DC0709D59AF804305C
S21400CBF009934FF0000B099A5FFA8BF3934202D326
S21400CC0008F11008DFE7DAF80070142303FB0B774F
S21400CC102946384621F06FFC002800F0BE803B898C
S21400CC200893002308999AB2914202D80BF1010B9F
S21400CC30E1E70C225A430B937B6804929C1821462A
S21400CC402A463846059321F06DFC22790B9B002876
S21400CC5000F09A80069B03B11C60900624D4564BC5
S21400CC6009EB03080BE01A79910642BFDA78904484
S21400CC701FFA88F80C339C42F5D8504B9844079B13
S21400CC8063B32146384621F02DFCDDE90413B5F8E0
S21400CC9002905B5A02464946039821F028FF38B9AD
S21400CCA07E200DB0BDE8F08F454B4FF00008E2E760
S21400CCB02379DA0639D44346B0461E46029AA3784C
S21400CCC0002A43D1E278A3F14101012940D8013A74
S21400CCD0D2B24146304622F088F800E00EB9002075
S21400CCE0DFE72146384621F0FDFBDDE90413B5F801
S21400CCF002905B5A02464946039821F0F6FE002849
S21400CD00CED02379DB06D9D52146384621F0EAFB7A
S21400CD1095F80080E2786D880346CDE900622946E2
S21400CD202246404621F0F6FEBBE72146384621F073
S21400CD30D9FB95F800806D8816960346224629464C
S21400CD4040460DB0BDE8F04F21F0E6BE029ABAE7C5
S21400CD50433B012B06D8023A92B24146304622F0B7
S21400CD605CF8BCE7079BE2781BB9029B0BB19342C9
S21400CD701ED341463046B8F1000F02D127F018F90D
S21400CD80ADE727F0FBF8AAE712F0300F02BFE27813
S21400CD904A441FFA82F9013344E77B894B441FFA61
S21400CDA083F943E7BAF806304B441FFA83F927E7BE
S21400CDB0892076E7E04300203B440020E143002042
S21400CDC0D4CB0300E429002008B50021FFF7A8FE15
S21400CDD0FF281BBF044B03EB00130846587B18BF05
S21400CDE000F0010008BD00BFE429002070B50C4625
S21400CDF015461E4621F0DDFB40B9054833462A4657
S21400CE0021468068BDE8704021F0A0BB002070BDC0
S21400CE10E429002070B50C4615461E4621F0F3FBAB
S21400CE2040B9054833462A4621468068BDE870402A
S21400CE3021F08CBB002070BDE429002070B50023D3
S21400CE4006460C461546FFF7D1FF78B1094B187811
S21400CE5058B1094B187886420AD000232A46214644
S21400CE60FFF7D8FF003818BF012070BDFF20FCE791
S21400CE700020FAE7E0430020E4290020014B0001EF
S21400CE80185C7047E429002070B50C4621F091FB31
S21400CE90C0B90D4B9A682AB1157903461426D9B243
S21400CEA0A94200D370BD116806FB0311097B34B993
S21400CEB011F0800F1CBF0130C0B20133EFE711F054
S21400CEC0400FF7E70020EDE7E4290020F8B50D460F
S21400CED0164621F06EFB034640B90E4A9268177953
S21400CEE004464FF0140CE1B2B94201D30020F8BD5D
S21400CEF010680CFB0400017B46B911F0800F03D0CC
S21400CF009D42F4D00133DBB20134ECE711F0400F60
S21400CF10F5E700BFE42900202DE9F04F3F4BDFF88E
S21400CF20008193F800A089B006460024544506D236
S21400CF30FF2E28D0304621F03CFB044640B309B013
S21400CF40BDE8F08F1B68142202FB05352B89B3F56C
S21400CF50967F01D920F0CEF800274FF00C0B2A89D7
S21400CF60BBB29A421CD809F10109029B43445FFAFE
S21400CF7089F59B681A79AA42E4D8FF2EDFD10134DE
S21400CF80E4B25445DBD208EB04131B7B002B41D1E3
S21400CF902301029308EB04134FF000090393E4E720
S21400CFA0BBB268680BFB03FE00EB0E010A79D306E2
S21400CFB028D4039B93F800C08DF814C012F0400FDD
S21400CFC0B5F800C030F80E30ADF816C0284614BFCD
S21400CFD04FF0800C4FF0400CADF81A308DF818C0AA
S21400CFE021F080FA5207CB78ADF81C000CD5022B46
S21400CFF08A6800D91268012300930023194605A801
S21400D000FFF7CEFD0137AAE7022B8CBF8A6801F135
S21400D0100802F0E70134E4B288E700BFE0430020EE
S21400D020E429002070B50A4A068806231488B4420C
S21400D03008D19578047B2C403F2C03D90D4201D0B3
S21400D040506870BD013B02F10802EFD11846F8E7C0
S21400D05044CD030070B5084D084E00242B78E0B28E
S21400D060834200D870BD06EB0010437BDB0701D57A
S21400D07021F07DFB0134F1E7E0430020E4290020A5
S21400D080F8B50C4600210546FFF74AFDFF2827D0D5
S21400D090144A02EB0016737B03F001012CB143F037
S21400D0A00103737331B10120F8BD74730029FAD0FF
S21400D0B014270FE000B202EB001021F058FBF2E755
S21400D0C011687B43CA182846127BC95AD20921F038
S21400D0D068F80134B2681179E3B29942F0D8E2E711
S21400D0E00846E1E7E4290020F0B59646497D00B3FE
S21400D0F021B3012918BF04210026194F34463246B1
S21400D1004FF6FF703D8875450DD197F803C01CEAB1
S21400D110010F08D0BD789D4205D38AB1A54202D83A
S21400D1201CF0100F15D101361D2E07F10407E9D1AA
S21400D130F0BD002914BF04210821DDE70221DBE74A
S21400D1400CF0100CBCF1000F1EBF2C460122002074
S21400D150E9E7A54201D30028E5D02C460020E2E707
S21400D160D0CC03002DE9F04F0A9FBDF824E09DF8CF
S21400D1702C809DF830904C7D78B39CB3012C18BF62
S21400D18004241A48002500F1740C068896421ED125
S21400D19090F803B01BEA040F19D08678464516D3DC
S21400D1A01BF0100F91F80FA004D0BAF1000F0ED0AC
S21400D1B0B1F810A0BAF1000F09D1A94514D0AE45B8
S21400D1C012D95E553E88013501363E80ADB2043038
S21400D1D06045DAD10120BDE8F08F002C14BF04248E
S21400D1E00824CEE70224CCE70020F4E7D0CC0300E6
S21400D1F02DE9F04FB1F57C4F85B0CDE9023228BF5E
S21400D2002B4B01904FF0000428BFB3F800A0009409
S21400D2100E4638BF4FF0010AA1464FF6FF78544538
S21400D22003D3404605B0BDE8F08FB6F57C4F0CD36F
S21400D230204B029A019803EB840331465B88FFF784
S21400D240D5FD0546F0B1002718E0029A0198314650
S21400D25021F0D6F9F5E70C23BCB25C43D5F804B050
S21400D260039B3BF8040098420BEB040105D3009B9C
S21400D2705BB9284621F036F9A0B901372A89BCB235
S21400D280A242E8D80134A4B2C9E74845F5D82846F2
S21400D29021F028F90028F0D03BF80410494501D3C6
S21400D2A08045EAD901233BF8049000938046E4E7E2
S21400D2B060CB030062CB03002DE9F04F8FB0984699
S21400D2C09DF8703005930023BDF860A08DF82C0003
S21400D2D0ADF82E10ADF8322005460E4617460093E0
S21400D2E01A4608A90BA8199C9DF868B09DF86C9082
S21400D2F008938DF83080ADF834A0FFF751FC0898FD
S21400D30050B9CDE90067594A59492B4600F05CFBF5
S21400D31086200FB0BDE8F08FB9F1000F14D18378E6
S21400D3205B4506D04846514A524900F04DFB8D20D9
S21400D330EFE7037913F0010306D118464B4A4E492E
S21400D34000F042FB8820E4E703795B0731D5836869
S21400D3505A689B6809920A93807821F0C3FD089A60
S21400D36092F80390B9F1020F034613D807904A4685
S21400D370214609A821F072FD079B06904A462146E1
S21400D3800AA821F06BFD069B012B01D0013010D1BD
S21400D3908720BEE706904A460998214621F05EFDA2
S21400D3A00128F5D0069B0A984A46214621F056FDEC
S21400D3B0ECE7059B002B51D1089B4FF6FF7298783F
S21400D3C0214621F054F800284DD05FFA80F9CDE9C7
S21400D3D00294CDE900AB43463A463146284621F052
S21400D3E0AFFB002895D1CDE90294CDE900AB4346CA
S21400D3F03A463146284621F094F9002889D101237F
S21400D4000093059B224619460BA8FFF7C9FB002888
S21400D4107FF47FAF089B32462946204621F006F966
S21400D42043463A4631462846CDE901B4CDF800A039
S21400D43021F0A2FB43463A4631462846CDE90294FF
S21400D440CDE900ABF3F736FBCDF800A043463A46ED
S21400D4503146284621F03DF900205AE707490020CA
S21400D46000F0B2FAF8E7012053E700BF74CD0300DE
S21400D47080CD0300A8CD0300BCCD0300D0CD0300B3
S21400D48070B586B000258DF81030BDF828308DF8C0
S21400D4900C00ADF80E10ADF81220ADF814300B9A53
S21400D4A0BDF83030009502A903A80D9E0295FFF73F
S21400D4B077FB044630B916B1029B9B783370204642
S21400D4C006B070BD8928FAD10249284600F07CFAD9
S21400D4D0F5E700BFEDCD03002DE9F04F4FF0000A51
S21400D4E091B0FFF74DFB5FFA8AF6B04202D811B052
S21400D4F0BDE8F08F5B4B5C49360100209A5D00F07A
S21400D50063FA5A49002000F05FFA00230593554B52
S21400D5109DF8144033449B681A79A24202D80AF157
S21400D520010ADEE71B68142202FB04344FF00009F0
S21400D53022891FFA89F39A4202D8059B0133E5E750
S21400D540D4F804B00C231FFA89F803FB08F80BEB99
S21400D55008051FF0CFFD2B794549228813F0400FB0
S21400D5603BF8083000934FF00000424B18BF0B46C4
S21400D570414900F043FA2946204620F0B3FF07460B
S21400D58000283CD13D4900F039FA2979DFF814C16A
S21400D5903B48AA78EB7811F0010F08BF604611F0FF
S21400D5A0020F32D1DFF800C111F0100F354918BF55
S21400D5B06146CDE900013449002000F01FFA2B79BE
S21400D5C03BF808202188274813F0400F4FF0000B47
S21400D5D04FF021030DF11C08CDE9023BCDE90078A0
S21400D5E00CBF40238023805DFFF74AFF86280ED1BC
S21400D5F02649002000F0E8F909F1010998E70246FB
S21400D6002349002000F0FAF9BFE72249D1E7A878BD
S21400D61020F058FFD8B1404621F0DCFA421C92B206
S21400D62001234146002000F03DF92088394601F0EC
S21400D63059F94FF6FF73984207D0174B174903EB7B
S21400D640C00300205A6800F0BFF91549D1E7A87852
S21400D65020F03EFF20B1404621F0C1FA821CDEE7F2
S21400D660EA78DDE7E42900203FCE03004BCE030036
S21400D67017CE03001CCE03008BCE03009DCE030006
S21400D68021CE030027CE0300A2CE0300BACE0300AD
S21400D690F7D203002FCE03005CD30300E8CA0300D2
S21400D6A0A37B030024CE030037CE03002DE9F04F02
S21400D6B08FB00446BDF86480BDF860B0B8F1040FC2
S21400D6C00F4615469A4635D9CDE9013B00920B46E2
S21400D6D002463049002000F077F921260DF11303A9
S21400D6E00DF1140903932046CDE900B9029653467E
S21400D6F02A463946FFF7C4FE044638BB9DF813A0F9
S21400D70032464946504620F0B2FE064628469EB1AE
S21400D710A8F10408B0450FD3DFF888B021F036FA38
S21400D720BBF80030B21CC3F152039A4219DB8920C1
S21400D73000F094F8892405E021F028FA8924204690
S21400D74000F08CF820460FB0BDE8F08F009012492C
S21400D7502B463A46002000F037F9284621F016FA04
S21400D760EDE7204600F07AF8504600F077F8BBF870
S21400D77000800A48324649464044B04426F03EFC03
S21400D780ABF80080064900962B463A46204600F045
S21400D7901BF9D7E7C6CE0300FACE03004D4400209F
S21400D7A01DCF03001E3E002010B5044C2060044828
S21400D7B0018004490A60044A136010BDFC29002059
S21400D7C01C3E0020F8290020F429002008B410B5DB
S21400D7D087B009AB0C4653F8041B0092CDE9011341
S21400D7E002460B490B48059309880068002321F080
S21400D7F0CFF8094B1B681880084B1B684FF48A52F9
S21400D8005C80DA8007B0BDE8104001B0704700BF0A
S21400D8101C3E0020FC290020F8290020F4290020C6
S21400D820094B10B500241C7020F0BEFD074B522299
S21400D83018802146064826F0BBFB064B1C80064B8C
S21400D8401C605C609C6010BDA9440020203E002047
S21400D8504D4400201E3E0020223E002007490B8833
S21400D860512B9FBF064AD054581C80B29DBF0880DB
S21400D87000F1FF3080180020704700BF1E3E0020D9
S21400D8804D440020024B034A1A600020704700BF38
S21400D890002A002066CB0300014B1878704700BFB3
S21400D8A0E429002030B4044D044C002B0CBF2B465A
S21400D8B0234630BC21F0B8B900D0030047CF0300A0
S21400D8C070B5054608460C4621F084F9611C0246F0
S21400D8D0024B2846BDE8704021F0A6B9A3A7030076
S21400D8E000B589B00378069343780593837804934C
S21400D8F0C378039303790293437901938379009362
S21400D900C3790448044900883E2200F077F809B03D
S21400D9105DF804FB2E3E00204BCF03002DE9F047B8
S21400D920DFF84C80DFF84CA0DFF84C9005460E463A
S21400D93017460024AC4201D1BDE8F087B8F80000D5
S21400D94006EBC4015346082221F06EF90134B8F8FC
S21400D95000003FB9044AA54208BF4A46034900F002
S21400D9604DF8E7E74A46F9E7A37B0300A8B70300AC
S21400D9702E3E002047CF0300DB8F03002DE9F04149
S21400D9800E4E0446308821F067F9A8B10C4FDFF838
S21400D99034800025E3070AD518B93088414600F0E0
S21400D9A02DF830882A46394600F028F80020013540
S21400D9B01B2D4FEA5404EDD1BDE8F0812E3E002029
S21400D9C0FE9E03004BBC03000EB417B505AA044622
S21400D9D052F8041B01920120F8F7EAF9054A0121E2
S21400D9E00220FCF72BF8044B1C8003B0BDE8104067
S21400D9F003B07047DB8F03002E3E00200EB417B531
S21400DA0005AA044652F8041B01920120F8F7D0F943
S21400DA10034B1C8003B0BDE8104003B0704700BF46
S21400DA202E3E002013B503680446587900F02CFFFC
S21400DA3080B923685A88032A0CD0E17C5B79CDE94B
S21400DA4000211449144AFFF7BFFF0121204621F0A8
S21400DA509DF91BE0637D012B0AD0637D33B92368F3
S21400DA60228A5988587920F0B0FD48B9C321EDE7DD
S21400DA702368228A5988587920F0B0FD0028ECD017
S21400DA80204621F0EBF801460028DFD1012002B045
S21400DA9010BD00BF60CF03007C430300002970B5B3
S21400DAA00F49104E1D46104B14460CBF6E227922AD
S21400DAB0002808BF0B460D490020FFF79FFF2544AE
S21400DAC0AC4205D1BDE8704009490020FFF77CBF95
S21400DAD014F8012B31460020FFF790FFF0E700BF57
S21400DAE094CF0300D1CF03008ACF03009DCF03005D
S21400DAF0D8B403002DE9F04F427D036890F81490E7
S21400DB0090F813B0866885895F88002A8BB014BFAA
S21400DB1080224022044658790592C84600F0B4FE9A
S21400DB2098B9BBF1050F05D86FF02D0343FA0BF338
S21400DB30DB070AD5032F08D0AF490020FFF744FFC4
S21400DB400121204621F022F97CE0E37B73BB607D57
S21400DB50AA4AB0FA80F040091380C000FFF77EFEA4
S21400DB60E37B93B3208A21F011F88246A07CFFF76E
S21400DB7075FEBBF1160F00F2B281DFE81BF028003D
S21400DB80B6017D006700EA017D00AA01F301B2013B
S21400DB90FC0105020E024D012502B001B001B001E4
S21400DBA03802820238029F024D012502238A002B8A
S21400DBB000F09581607D914BB0FA80F0400900221C
S21400DBC0C0001A8040F00400C8E79A46CEE78C4AA8
S21400DBD08C49DFF828A23B460020FFF7F5FE01201F
S21400DBE0FFF73CFE08F10209A94529D841462A4616
S21400DBF0304620F0E9FF236880465879BAF80030AE
S21400DC00C3F152039BB20193238A00934246059BBD
S21400DC1039461DF03FFE10B11FFA89F8E2E7236887
S21400DC205879BAF80030C3F152039BB20193238AA5
S21400DC3000934246059B3946FFF738FD8928EBD10D
S21400DC4021F09EF801200BB0BDE8F08F0420FFF70E
S21400DC5005FEEB1E4FF0000A0893089B984550D32C
S21400DC60BAF1000FECD1E37B94F81480002B634BE1
S21400DC700CBF022204221A800420FFF7EFFD0023C7
S21400DC800693994608F1030A554540F2A1802A46B4
S21400DC904146304620F098FF06EB0803EA1E9B78C4
S21400DCA00790B244A2EB080292B251461846099376
S21400DCB020F0DDFB089000287BD02268099B507975
S21400DCC0079ACDE901A3238A00933946059B20F0E5
S21400DCD0E4FD079B4C4982463A460020FFF78EFE3D
S21400DCE0BAF1000F55D1069B48490133DBB25046C6
S21400DCF00693FFF769FE089B033343441FFA83F835
S21400DD00C0E72A464146304620F05EFF06EB080391
S21400DD1008F1030193F80290089B0690A3EB080213
S21400DD20314492B24846099120F0A1FB079068B3AF
S21400DD30236809995879CDF808900191238A0093B1
S21400DD403946DDE9053220F0F4FD8146C0B148468B
S21400DD50FFF784FD069820F019FF069B2A493A46ED
S21400DD600020FFF731FE2A494A460020FFF72CFE26
S21400DD700AF1010AB9F1800F5FFA8AFA3FF470AF30
S21400DD80079B033343441FFA83F866E74FF0800986
S21400DD90DDE75046FFF762FD079820F0F7FE09F131
S21400DDA001091B49524600205FFA89F9FFF70CFE6D
S21400DDB0A1E78720FFF752FD079820F0E7FE09F15C
S21400DDC001091349089887225FFA89F9FFF7FCFDD5
S21400DDD0BBF1050F3FF436AFB9F1000F7FF430AF5B
S21400DDE0069B2BB90B491846FFF7EEFD8021A8E6E7
S21400DDF04846FFF733FD23E7CE9D03001E3E002076
S21400DE00D7CF030020D00300E1CF030044CF0300A8
S21400DE10FBCF030003D00300BBF1150F00974CD0D7
S21400DE200020B54BB54AB649FFF7CEFD0D20FFF7EB
S21400DE3015FD2A464946304620F0C6FEB144BBF1E1
S21400DE400C0F99F8026005463FD1192E28BF1926F7
S21400DE50E37BBBB1B4F810804FF6FF73984511D141
S21400DE602068059B40792A463946FFF7C1F94045A8
S21400DE7008D0BAF1000F05D020828AF80000000A08
S21400DE808AF801009F4B0020B3F80080FFF7E6FCFD
S21400DE902368ABF1150C5879DCF1000343EB0C0357
S21400DEA0CDE90163238A00932A46059B394620F074
S21400DEB081FC954B03F80800C2E60020934B8F4A7E
S21400DEC08F49FFF781FD1620B1E7132E28BF1326D2
S21400DED0BEE7204620F012FE00287FF4B3AE812174
S21400DEE02FE6204620F03AFEF6E70A2F06EB090852
S21400DEF0A5EB090A22D1DFF818B29BF80030EBB187
S21400DF00E37BDBB9BAF1080F18D12A4649463046FA
S21400DF1020F05AFE90B998F802307BB998F80320A2
S21400DF20E22A0BD12A4609F104013046059320F077
S21400DF3048FE20F0FEFE059B8BF800301FFA8AF2A2
S21400DF40414638461DF0A8FC00287FF47BAE002131
S21400DF50F7E5A5EB090292B206EB0901384620F078
S21400DF6012FEF1E7A5EB090292B206EB090138466C
S21400DF7020F0C6FDE8E7A5EB090292B206EB090120
S21400DF80384620F0EDFDDFE7A5EB090292B206EB7E
S21400DF90090138461DF082FCD6E716F809502368BA
S21400DFA009F10109587916F80960238A0193059B3F
S21400DFB000932A463946334620F039FB3246294636
S21400DFC0384620F09FFD3DE609F1010216F80910DB
S21400DFD0AB1AABF1160568426841003900909BB257
S21400DFE0324418BF0121384620F08EFDACE716F803
S21400DFF00950B144BBF1110F99F801603BD11220D2
S21400E000FFF72CFC4FF00008E37BB3B1B4F8109098
S21400E0104FF6FF73994510D12B463A4621464046A7
S21400E020FFF762F8484508D0BAF1000F05D0208205
S21400E0308AF80000000A8AF80100DFF8C890DFF8C6
S21400E040C8B0B9F800A0CDF80490CAF1510292B257
S21400E0500AF1010300925B44CDE902563A46214696
S21400E0604046FFF77FF8B9F800300BF80A00013396
S21400E070A9F80030E4E51420FFF7F0FB4FF00108A4
S21400E080C2E709F101039D4234D316F809801E4405
S21400E090B8F10008A5EB030318BF4FF001089DB2C6
S21400E0A02B46324641460020FFF7F8FC0095218AB1
S21400E0B033464246384620F02BFD45E709F101037A
S21400E0C09D4217D316F80980ED1AB8F1000818BF5C
S21400E0D04FF001081E44ADB22B46324641460120A1
S21400E0E0FFF7DCFC0095218A33464246384620F08E
S21400E0F00DFD29E70020A6E5A37B030014D003004E
S21400E1001ED003001E3E00204D4400202DD00300EC
S21400E1109F44002038B54FF6FB750446A9429DF88B
S21400E1201000626098BF43F40043012121702381F0
S21400E130A0720A4A0A4902230020FFF745FCE07A4B
S21400E140084B40F6CA0203EB4010FF211FF0B7F958
S21400E150BDE83840042020F0C5BC00BF32D0030024
S21400E1603DD00300442A002030B5054685B028B9C6
S21400E1701D4905B0BDE83040FFF726BC0024007BF3
S21400E18020F038FD194A1A492C702046FFF71CFC6F
S21400E190184BE87AFF2103EB40101FF0A1F9164B4D
S21400E1A0204602019A5C22B901300428F9D120F0F9
S21400E1B0E0FC696899B1B5F908302A899B1303F029
S21400E1C002038DF80430C2F30E03ADF806304FF6A6
S21400E1D0FF73ADF808300023039301A8884705B005
S21400E1E0BDE8304020F00CBD68D0030032D00300FC
S21400E1F09AD00300442A0020042A00200948037805
S21400E20073B9094A1946D3720133042B117311707E
S21400E21051601181917202F11002F4D10123037052
S21400E220704700BFA0440020042A002008B5FFF76E
S21400E230E5FF064900231A0101EB03108A5C1AB1B8
S21400E2400133042BF7D1002008BD00BF042A0020AC
S21400E25070B506460D46FFF7D1FF0A48002300EBCF
S21400E2600514A17AB14205D1217819B12B4400EBEF
S21400E270031070BD0133042B04F11004F1D100200B
S21400E280F7E700BF042A002010B50446FFF7B6FFE4
S21400E2900E4B9C4212D003F12002944210D003F1A0
S21400E2A0400294420ED060339C420DD103230848AE
S21400E2B000EB0310BDE81040FFF756BF0023F6E75B
S21400E2C00123F4E70223F2E70020F3E7442A0020C4
S21400E2D0042A002070B5074D074E00242846324613
S21400E2E000210134FBF7ACF8042C05F12005F5D12C
S21400E2F070BD00BF442A002089E200002DE9F341EA
S21400E30005460C4617469846FFF790FF064640B966
S21400E3101C4A1D49FFF758FB7024204602B0BDE892
S21400E320F0814FF6FB739D420AD94FF6FD739D426E
S21400E33004D0144A15490020FFF746FB4FF6FD753A
S21400E340434621463A46284620F0C9FC044600F0DB
S21400E3501DFE804634B10B4A0D4923460020FFF7C8
S21400E36033FBDAE73B462046064A0A49FFF72CFB12
S21400E370089ACDF80080062329463046FFF7CAFEE5
S21400E380CBE700BF32D00300A7D00300D1D00300F4
S21400E39006D103002DD10300F7B506460F46FFF75A
S21400E3A045FF054638B9104A1049FFF70DFB7024A3
S21400E3B0204603B0F0BD002240231146304625F02B
S21400E3C00DF8044617F006FC34B1074A0849234600
S21400E3D00020FFF7F9FAEBE7009001233A463146B2
S21400E3E02846FFF797FEE3E732D00300A7D00300E6
S21400E3F054D1030073B504460E46FFF717FF0546D3
S21400E40038B9104A1049FFF7DFFA7024204602B0E8
S21400E41070BD00222046114624F0E8FF044617F09F
S21400E420D9FB34B1074A094923460020FFF7CCFA46
S21400E430ECE70090234632464FF6FC712846FFF77D
S21400E44069FEE3E732D00300A7D0030080D10300C3
S21400E4502DE9F043884610789FB0002114461D46EB
S21400E460FFF7F6FE0646002800F001810778002F29
S21400E4707ED0B8F80010002940F0F9800389B8F87B
S21400E480022043F40040824240F0F1806178002987
S21400E4906ED1A2F50042062A00F2E980DFE812F00B
S21400E4A0A400A400E700E7000700BB006C00E388B8
S21400E4B0E17AADF824302389ADF8263063798DF8FB
S21400E4C028308B1D0D3D14F813208DF8141015F010
S21400E4D001058DF81C2046D10BA8069004F10C0C03
S21400E4E080465FFA85FE8E450CF1020C09D21CF8B8
S21400E4F0019C1CF802EC0EEB092E28F802EB013505
S21400E500EFE75B00013300EB41000A4403F0FF0332
S21400E5100890D2B28A420FD01EA800EB4105E01840
S21400E520013190F801C0E05C023300EB0C2025F8C6
S21400E5304C0CC9B2DBB2EDE7B6F908203389002AE5
S21400E540B4BF03220122C3F30E038DF80820ADF8F2
S21400E5500A306288ADF80C2005AB049302A9304659
S21400E56020F0A8FB04E0434A43490020FFF72CFABA
S21400E57038461FB0BDE8F083042D02D83D4A3F4917
S21400E580F3E72379B4F80280053DADB29D4202D090
S21400E590384A3B49E9E73B4A3B4B3C49CDF80080CB
S21400E5A0002D18BF13460020324AFFF70DFA053437
S21400E5B08DF81450B6F90830069485B1002BACBF20
S21400E5C0012303238DF82C303389ADF83080C3F354
S21400E5D00E03ADF82E3005AB0D930BA9BFE7002B4D
S21400E5E0ACBF06230523EDE70B2DC7D9D4F80200F0
S21400E5F0D4F8061005AA03C213F4004F14BF032272
S21400E60004228DF82C20C3F30E036289ADF8302067
S21400E610ADF82E30DFE7042DB0D96388ADF8303082
S21400E62023790533DBB29D4206D0124A184900957D
S21400E6300020FFF7C9F99BE70E4A16490020FFF7AE
S21400E640C3F93389B6F90820C3F30E03ADF82E30AC
S21400E65005AB002A0D9304F10503B4BF0322012283
S21400E660069323798DF82C208DF81430B5E7002713
S21400E6707EE700BF32D00300ABD10300D3D1030046
S21400E680E7D10300A37B03009BA503000ED2030083
S21400E6902AD203006BD20300334BB0FBF3F2F0B583
S21400E6A003FB12004FF46165B0FBF5F3DCB205FB2B
S21400E6B013033C25B3FBF5F3DBB24B71A0EB041060
S21400E6C0C3EB0313A0EB83004FF4FA630B8040F216
S21400E6D001134B80254E887101230C7100201F46C4
S21400E6E06425904229D091F802C043B1BCF1020FD4
S21400E6F005D14FF01D0E06E04FF0010C002306EB8F
S21400E7000C0414F801ECCC78744513BF01340CF1FA
S21400E710010C0124E4B208BF81F802C0CC708C78EA
S21400E7200D2C00F10100DCD10B888F7001339BB2F9
S21400E7309C070B8002D08242DED1F0BDB3FBF5F41D
S21400E74005FB1434A4B224B18242F6D001239C46C1
S21400E750D5E74FF4C874B3FBF4FC04FB1C339BB240
S21400E760B3FA83F35B09BCE780510100A6D203002D
S21400E77010B588B006A90446FFF78EFF9DF81E3038
S21400E78003939DF81D3002939DF81C3001930748B3
S21400E790BDF81830009304949DF81B309DF81A209D
S21400E7A003490088FFF710F908B010BD2E3E002080
S21400E7B084D2030008B50268154B11881980518869
S21400E7C0598051791971117959714FF48A51D9804C
S21400E7D0D28812F0200F0CBF0A464FF48B52DA8014
S21400E7E081690C4A137831B90B49C088088023F038
S21400E7F00203137008BD43F002031370074B152283
S21400E8000131184625F0BAFB002200F8012CF1E78A
S21400E810223E0020A9440020203E0020313E002059
S21400E82010B5174C236858791FF0C3FE00BB154B74
S21400E830227F197B91421BD15A88236819888A4205
S21400E84005D04FF6FF70814212D1120410D42279FF
S21400E850023A012A06D9A37B63B9BDE810400848EE
S21400E860FFF748B9198958791FF09FF90028F2D1A7
S21400E870002010BDBDE810400148FFF7D3B800BF28
S21400E880C82A0020E429002008B51FF092FE10B91F
S21400E890024B187808BD0020FCE700BFAE440020FD
S21400E8A008B5002020F0A6F9FF201FF0B2FE20F0E9
S21400E8B0A7F9FEF765F901210246064825F078FB20
S21400E8C0054B064A06485221FEF76EFFBDE8084093
S21400E8D0FEF7C0BBAE440020223E00201E3E0020B5
S21400E8E04D440020F0B50D4F044600224FF6FF754C
S21400E8F090B2034637F83060AE4201D12846F0BDEC
S21400E900A64209D1B4F57C4FF9D307EBC3035B8865
S21400E9108B42F4D00029F2D00132E9E75CD3030041
S21400E92010B50446FFF7DEFF094A034610884FF687
S21400E930FF72934217BF074A0749084902EBC30311
S21400E9400CBF22465A68BDE81040FFF757B800BF14
S21400E9502E3E00205CD30300B2D20300E8CA0300B8
S21400E960034B18780130C0B2187000F07F00704773
S21400E970FE150020044A137818B143F00103137003
S21400E980704703F0FE03FAE7A9440020014B187015
S21400E990704700BFAC44002038B1074B1B78012BF2
S21400E9A004D1038843F0400303807047022BFCD158
S21400E9B0038823F04003F7E7AC44002068B1074A19
S21400E9C01378012B07D1064B1B781370037843F09E
S21400E9D01003037001E0022BF8D07047AB44002010
S21400E9E0AA44002073B5244E3378D907024640D493
S21400E9F02249096881B10868C1888D0641BF204C4C
S21400EA00E18841F02001E180C1884C0641BF1C48E6
S21400EA10C18841F04001C1801A4D1B492878097809
S21400EA2040074CBFE9706970184913F00204098862
S21400EA3009D0144A164820F07EF8337823F00203F3
S21400EA40337002B070BD134B18884FF6FB739842B4
S21400EA5008D8CDE900520B46094A014620461FF069
S21400EA60B8FAEEE70092074B0A4605491FF098FAF7
S21400EA70E7E70020E5E700BFA9440020C42A0020FD
S21400EA80223E00204D440020FF1500201E3E0020A0
S21400EA90303E0020203E002070B50379012B04464E
S21400EAA00D46164631D883681B78DB0600D561B361
S21400EAB0A37B13B9E37C0B2B27D0154B00221A80BF
S21400EAC0637DB3FA83F35B09D800E37BABB9FEF74B
S21400EAD0C5FEA07CFEF7C2FE0B20FEF7BFFEE07C64
S21400EAE0FEF7BCFE2846FEF7B9FE2046FFF762FE9C
S21400EAF03046BDE87040FFF775BF40F00400FEF7F3
S21400EB00ADFE208A20F042F8E3E7002070BD00BF8B
S21400EB101E3E0020024B0A4601461868FFF7BCBF9F
S21400EB20C42A0020F0B4054618460F4B0F4E1B783B
S21400EB30012B0C46BDF8101001D0377827B1002302
S21400EB4033700020F0BC70470CB9002AF9D143B1ED
S21400EB504FF65743994204D02B462246F0BC1FF08E
S21400EB60CBBF0120EEE700BF00160020AD4400201A
S21400EB702DE9F04F664E674C8446964698460F46FB
S21400EB800FCE25460FC596E80F0085B085E80F0026
S21400EB90DDF83C90BDF838300093CDE9019443464B
S21400EBA072463946604600F0DBF8DFF8908106468C
S21400EBB070B90025FEF734FE16220021564825F0CF
S21400EBC0F7F900232846C8F8003005B0BDE8F08FF6
S21400EBD0524BA27C1A70524BC8F800401B78002B90
S21400EBE036D020F0A8F84F4902460020FEF706FF70
S21400EBF022684D495379528800920020A289FEF778
S21400EC00FDFE002020F028F820B12368218A5888CD
S21400EC10FFF786FEE37B23B1228A44490020FEF7F5
S21400EC20EDFEA36842491A78E37C0093A37C00209B
S21400EC30FEF7E4FE207DA289A168121A0144012392
S21400EC40002092B2FEF72EFE3A490020FEF7BCFEE8
S21400EC503048FFF7AFFD2F481CF017FE054630BBC7
S21400EC60B9F1000F25D12168E0880B880190BA1E03
S21400EC7049880091032A8CBF00220122E07C0121F2
S21400EC80FFF750FF38B923685B79FF2B3AD0FFF7C0
S21400EC90C7FD05468EE72368DB889A06F3D4264C24
S21400ECA01C480121217020F071F884F80090354648
S21400ECB080E7B9F814309B07E5D47AE75846FEF7A4
S21400ECC0DDF882465846FDF761FF88B12368228A40
S21400ECD0598850461FF070FC50B13846FFF76AFD61
S21400ECE0236889F804A083F805A0FFF799FD00B90A
S21400ECF0284601360546FDF743FF5FFA86FB584572
S21400ED00DCD857E7034FDFF838900026F3E700BF5C
S21400ED102CD30300C82A0020303E0020FF15002018
S21400ED20FD150020CAD20300D2D20300F0D20300A1
S21400ED30FBD2030067820300AD440020C42A0020F3
S21400ED40223E0020054A0023D15C814202D31A44A9
S21400ED50507870470233DBB2F6E700BF19D30300E2
S21400ED6073B51546089C2E7816F0040F0CBF0326C4
S21400ED7005269E421A4608D9224A234900960020B4
S21400ED80FEF722FE002002B070BDBDF818302171DB
S21400ED902060E380A560A2812B7803F00103A373B3
S21400EDA02B7803F00403002B14BF01210021E1732C
S21400EDB02978C1F3C00161754FF00101217518D0A3
S21400EDC028461FF001FF237D208202332375227D13
S21400EDD0531CDBB22375A95CA1740232D2B2227531
S21400EDE0EB5CE374A3899A4205D900920749054A69
S21400EDF0C5E72382EBE7079BA36100232377012067
S21400EE00C1E700BF2FA603008CD30300A8D30300DE
S21400EE102DE9F341244E254FDFF8B0800024E0B200
S21400EE200BF07EF9FF2805460ED1214A2346012124
S21400EE300220FAF703FE307801341EF030F9152C64
S21400EE40EDD102B0BDE8F081020657F8243010D5A7
S21400EE50184A00920121184A0220FAF7EFFD84B9F9
S21400EE60EB074CBF154A164A01210220FAF7E6FDC9
S21400EE70E1E7114ACDF8008001210220FAF7DEFD15
S21400EE80D9E7032CECD00A2CD5D10E4B0E4A15F040
S21400EE90010F18BF1A4601210220FAF7CFFD30787D
S21400EEA01EF0FDF80B24BAE70116002018D5030063
S21400EEB0D9D30300A37B030001D4030016D40300B8
S21400EEC02CD40300C4D30300CED303009BA50300B9
S21400EED0034B1870034B1970034B00221A707047CF
S21400EEE0B0440020B1440020AF4400202DE9F74F85
S21400EEF0DFF89080224F98F800303C7805460E46A2
S21400EF00002B3AD04FF6FB73984236D8DFF878A03D
S21400EF104FF0000B98F800309AF800005FFA8BF973
S21400EF204B450ED948446946C0B215F05DFE08222E
S21400EF303146684625F012F80BF1010B0028E9D19E
S21400EF404C463B78A34208D198F80020631CDBB2FD
S21400EF509A423B7004BF00233B709AF800301C4472
S21400EF60E4B23146204615F033FF30B92946204634
S21400EF7003B0BDE8F04F15F023BE03B0BDE8F08F38
S21400EF80AF440020B1440020B0440020024B187863
S21400EF9000F07F00704700BFB2440020034B187893
S21400EFA00130C0B2187000F07F007047B2440020F5
S21400EFB030B585B00024ADF80A20021D92B2012AB1
S21400EFC01D46ADF80840ADF80610ADF8044003D96C
S21400EFD04FF6FF72904207D1064A2B46127801A9D7
S21400EFE023F092FF05B030BD014601AA204612F07C
S21400EFF045FCF7E70216002000487047A8410020AD
S21400F000014B1878704700BF19160020014B18886E
S21400F010704700BFA6150020014B1878704700BF48
S21400F02012160020014B1878704700BF0916002002
S21400F030014B1878704700BF0C16002008B5084B27
S21400F04000221A605A60F6F71BFD064B1870F6F79A
S21400F05017FD054B1870054B1A78054B1A7008BD3E
S21400F060D63A0020FC440020FB4400200A1600206C
S21400F070FA44002000B5002193B008466A4609F01D
S21400F080C9FD0146C8B90E4B0E4A09930E4B0A93AA
S21400F0900D920E4B0E4A0B930E920E4B0E4A0C938D
S21400F0A0CDE90F230D4B11936A460AF093F800380A
S21400F0B018BF012013B05DF804FB0120FAE700BF7B
S21400F0C0AB1D030095E40100371F0300FBD70200C9
S21400F0D0FDAD0100B51F03006DFB0100FDDE010064
S21400F0E0074B1878112803D8064B0341DA0704D5D6
S21400F0F0A0F143035842584170470120704700BFB3
S21400F100FE440020CBFFFDFF08B5064B1B78013BF5
S21400F110022B05D80020FFF7E3FF0138C0B208BD78
S21400F120FF20FCE7FF4400202DE9F74F414B0193F9
S21400F130414B424A1B78DFF84491DFF84481DFF800
S21400F14044E1DFF844C13E4F3E4E3F4D3F49404804
S21400F15002EB431A019B524503F1200309F12009F3
S21400F16008F120080EF1200E0CF1200C07F1200704
S21400F17006F1200605F1200501930FD1354B334DDE
S21400F1801C78354E354B324F00221146D0B28442A1
S21400F19003F1200346D803B0BDE8F08F304B314C66
S21400F1A05360002349E907432F4CDFF8E0B01160B5
S21400F1B048E907432D4C13614EE907432C4C49F8A8
S21400F1C0201C4CE907432B4C48F8201C47E9074312
S21400F1D0294C4EF8201CC2E9023049E9050348E9EB
S21400F1E005034EE905034CE9050347E905034CF81A
S21400F1F0201C47F8201C46F8201C46E90743019CC3
S21400F20045F8201C45E907B3DFF884B044F8201C15
S21400F21046E9050345E9050344E907B344E9050360
S21400F220203297E743E9085643E9061743F8101CCF
S21400F2300132ABE7503500201F1600207036002044
S21400F240B035002090350020703500202C3B002083
S21400F250A37B0300171600204D2B0200F03500207C
S21400F260B1D6010087220300A5EA01001576020048
S21400F27099330300510D0200F3F2020050360020CD
S21400F2803036002010360020D0350020FD9D0200CC
S21400F29031D30100044B00F1100250F8041B43F870
S21400F2A0041B9042F9D1704700450020044B03F13F
S21400F2B0100253F8041B40F8041B9342F9D1704720
S21400F2C000450020014B93F95A0070476C3A002025
S21400F2D0F0B5071D0546002293B00C4638460821B7
S21400F2E022F0D6FC6A7B0646D0070BD5687808A9BC
S21400F2F020F095FCDDF83D306B60DDF841307B603A
S21400F30080B101E0910702D42D2013B0F0BDD200E9
S21400F31002F080020121384620F08CFCFF2868703D
S21400F320F2D0E6B1192319466A7801A81DF0CAFE84
S21400F3309DF81C305B0604D50B484FF4C071F6F7F9
S21400F34045FA234603AD07AC2A4603CAA242186014
S21400F3505960154603F10803F6D10020D5E708A941
S21400F36020F05DFCCCE700BF7BD503002DE9F04321
S21400F37007468BB01D4888461646FFF797FF0025C0
S21400F380002D01AB194A0CBF36205C20002499469C
S21400F39012F8011B0134E4B24140102C03F8011BA3
S21400F3A0F6D105A823F0ABFA4A46214605A823F075
S21400F3B0AAFABDB941463A4605A823F00BFB05ACB0
S21400F3C032460DF1240C234603CB63451060516092
S21400F3D01C4602F10802F6D115B10BB0BDE8F08369
S21400F3E00125CDE732462146E6E700BF304500203E
S21400F3F02DE9F04F99B0DFF8E880DDF890909DF8A1
S21400F4008CB09DF8886088F800B0174682460C4697
S21400F4101D462022304B0F93002110A824F0C8FD73
S21400F4204F4504D02A463946484624F0A7FD4FEA01
S21400F4300B4303F47C1343F0A86343F480737819FA
S21400F440711B09EB050C6CB30DAACDE90AB209EBEA
S21400F450060209920EAACDE907120D22CDE9051C77
S21400F460CDE90350CDE900A21C49029710220FA84F
S21400F470F4F7CCFA07460FA820F007FC17F1950F13
S21400F48024D02FBB0E9B761BF6B29E4220D10CB327
S21400F49098F800000D9B984214BF2120002019B058
S21400F4A0BDE8F08F0EAACDE90912BA19CDE905120A
S21400F4B00D22CDE90350CDE900A2CDE907BC0749EE
S21400F4C0029710220FA8F4F763FBD3E72C20E6E799
S21400F4D02120E4E72046E2E70024800030450020B3
S21400F4E020160020F0B51B4B93B0002607460C46AE
S21400F4F01546314620220AA8CDE9086324F058FDB7
S21400F50008AB1022DFB1CDE90523CDE90325CDE90F
S21400F5100164114B1149009609A8F4F7C7FC04468C
S21400F52009A820F0B2FB14B9089B102B04D00C4895
S21400F53040F23E21F6F74AF9002013B0F0BDCDE9BF
S21400F5400323CDE90125044B0449009409A8F4F7E8
S21400F5502FFDE4E7002480000044400430450020EE
S21400F5607BD5030030B5054689B0694620F057F9CB
S21400F5706B8804ACABB122462946684620F0C8F832
S21400F5800E4A08AD234603CBAB42106051601C46C2
S21400F59002F10802F6D10948FFF77CFE002009B008
S21400F5A030BD064D6B461A4603CAA2422860696003
S21400F5B0134605F10805F6D1EDE700BF30450020FB
S21400F5C050B10B4B0B4A03F1100153F8040B42F8F1
S21400F5D0040B8B42F9D17047064B054A03F1100124
S21400F5E053F8040B42F8040B8B42F9D1704700BF66
S21400F5F0304500201045002008B51022024824F0AF
S21400F600BDFC002008BD00BF2045002008B5084608
S21400F6101022024924F0B2FC002008BD204500203C
S21400F620F0B587B0054603A80C4614F01FF901464E
S21400F630002847D1BDF80C30980643D51022204646
S21400F64024F0B6FC01A813F0C3F8B8B16E7B16F030
S21400F650020F05F1040706D0082201A9384624F057
S21400F6607DFC00282CD101AB03CB46F00206686077
S21400F67079606E73238843F008032380238843F061
S21400F6800203238012F090FC606022F053FB30B13E
S21400F6900D4B1B68A360238843F0040323800B4BA9
S21400F6A01A68D1035EBF238843F010032380130239
S21400F6B042BF238843F400632380002007B0F0BDD8
S21400F6C02D20FBE72420F9E7A0360020A4360020F2
S21400F6D02DE9F04F91B09B460B1E0A93AC4B1A9E39
S21400F6E0904614BF8146994600249BF8000060B9F6
S21400F6F044450A992CBF08F1FF32224643460020B3
S21400F700C847204611B0BDE8F08F25280BF1010B45
S21400F71006D022460A99651C4346C8472C46E4E7AD
S21400F72000230DE02D2A2AD0302A06D0303A092AA6
S21400F7304FF0000711D80A2532E043F001038B464C
S21400F740594611F8012B2B2A1CD0EBD8202A1CD0A6
S21400F750232A1DD02A2A2BD000279BF800202E2AE9
S21400F76064D19BF80110A1F1300009280BF10102C9
S21400F77043F4806351D800254FF00A0C26E043F08E
S21400F7800203DCE743F00403D9E743F00803D6E7B7
S21400F79043F01003D3E705FB0722A2F130078B46A0
S21400F7A0594611F8012BA2F130000928F3D9D4E705
S21400F7B056F8047B002FBCBF43F002037F428B4603
S21400F7C0CBE70CFB0511A1F130050246104610F8F8
S21400F7D0011BA1F1300EBEF1090FF2D9114611F846
S21400F7E0010B6C282CD024D8682830D06A2837D053
S21400F7F011468B461BF8010B672875D857284BD83F
S21400F800452807D085D9462800F03181472880D181
S21400F81043F4006343F0200341E12A2907D156F858
S21400F820045B0BF1020225EAE575D7E75A46002588
S21400F830D4E7742801D07A28DAD143F48073D8E765
S21400F84050786C28F9D143F44073911CD1E7507876
S21400F850682802D043F08003CBE743F0C003F4E708
S21400F86043F40073C5E70A2A00F06681072A7FF48E
S21400F87050AF43F0210305930823CDE9035310232B
S21400F880CDE9011356F8043B00930A9943462246F5
S21400F890484620F0E7FAFCE0A0F158020F2A3FF6AF
S21400F8A038AF01A151F822F019F9000013F7000053
S21400F8B013F7000013F7000013F7000013F700001B
S21400F8C013F7000013F7000013F7000013F700000B
S21400F8D019F90000C1FA000019F9000097FA0000B3
S21400F8E073FA000097FA0000A0F16902D2B20F2A5C
S21400F8F03FF60FAF0121914049F2410C11EA0C018D
S21400F900B1D0782803F4806122D1002900F09080DD
S21400F91023F00D02102307E0622803F4806220D152
S21400F92042BB23F00C02022312F4007100F0838025
S21400F930CDE907720022CDE9043206F1070A2AF063
S21400F940070A06950292FAE80223CDE900233DE075
S21400F9506F2812D123F00C0209B123F00D02082300
S21400F960E2E7582816D1002A39D123F00C0242F0DB
S21400F9702002CFE723F00D02D5E7692823F0100216
S21400F98030D023F01C0209B123F01D020A23CBE776
S21400F990A3FC020042BB23F01002930527D50736CE
S21400F9A026F00706B24671685AF8083B0695CDE978
S21400F9B007720A26CA0F00270029CDE904670292BB
S21400F9C002DA5B4261EB4101CDE900310A99434618
S21400F9D02246484620F089FA0446564685E623F035
S21400F9E00D02C4E70029D8D023F01102D5E7D005D0
S21400F9F006F1040A01D5336802E0510613D53378C0
S21400FA000395CDE904720A220292002B4FEAD372C4
S21400FA100192B8BF5B4200930A9943462246484685
S21400FA2020F020FAD8E71306E5D5B6F90030E7E768
S21400FA3023F00C026EE7D00506F1040A06D5CDE9E0
S21400FA400472CDE9023501913368E4E7510608D522
S21400FA503178CDE902350023CDE90472CDE90013F3
S21400FA60DAE7316812F0800F18BF89B2F1E743F089
S21400FA702003CDE90373073626F007060295F6E85D
S21400FA8002230A99CDE90023484643462246F0F76A
S21400FA9007FD044629E6672801D143F40063CDE953
S21400FAA00373073626F007060295F6E802230A993E
S21400FAB0CDE90023484643462246F0F72DFBE8E70B
S21400FAC013F0020523D04FF0010A631C0B930A992A
S21400FAD016F8040B43462246C8475DB30B9A5446B5
S21400FAE01EE00A9943462020C8470AEB04020AF1A2
S21400FAF0010A5745F5D8002F07F1FF3308BF00234A
S21400FB0007F1010A1C4408BF4FF0020ADDE7AA46C7
S21400FB10EBE7551C0A9943462020C84701342A467D
S21400FB20BC42F6D30B9AA7EB0A03574538BF00230F
S21400FB301A440B920B9CD8E53246002D52F8046B03
S21400FB400B9214BF29464FF0FF31314432461078ED
S21400FB5008B18A4211D1A2EB060A13F480620C9215
S21400FB6002D0AA4528BFAA4613F002030D931BD164
S21400FB70AAEB040322460F9308E00132E7E7531C82
S21400FB800E930A9943462020C8470E9A0F9BD31817
S21400FB909F42F4D8A7EB0A03574538BF00230AF163
S21400FBA001021C4403EB020AA31B0E9304E01D464D
S21400FBB00A9943462246C8470E9BF41816F8010BCE
S21400FBC028B10C9B002BF3D06B1E002DEFD10D9BA4
S21400FBD093B12246AAEB040505E0561C0A99434653
S21400FBE02020C847324653199F42F6D8A7EB0A038F
S21400FBF0574538BF00231C440B9E76E50FB41FB54F
S21400FC0006AA02A952F8043B0392009204484FF059
S21400FC10FF32FFF75DFD05B05DF804EB04B07047FA
S21400FC2089FF02001FB5034600914FF0FF3203A97B
S21400FC300248FFF74DFD05B05DF804FB89FF0200A2
S21400FC401FB5CDE90201009302A9134603484FF001
S21400FC50FF32FFF73DFD05B05DF804FB91FF0200A3
S21400FC602DE9F04F14469B46C36B87B005465B698B
S21400FC7060680E46012202A99847EB6B01225B6979
S21400FC8003A93046984702A820F049FD074648B128
S21400FC900023A37563754FF0FF33A360002007B001
S21400FCA0BDE8F08F03A820F047FD0123A375237E4F
S21400FCB004EBC303DE611F846368B3420ED1206089
S21400FCC003A820F05BFD4FF0FF332075A360237D73
S21400FCD0043B022B25D80023A375DFE723681A1AF6
S21400FCE053425341A37503A820F048FD237D834269
S21400FCF018BFA77503A820F023FD074602A820F02A
S21400FD001FFD87421CBF0023A37503A820F020FD1B
S21400FD10074602A820F01CFD87421CBF0023A375DF
S21400FD20D5E703A820F00CFD80B1EB6B02225B69DF
S21400FD3004A93046984704A820F011FD0346207D0C
S21400FD40032839D8DFE800F03838040903A8F3E7B9
S21400FD50237E04EBC303CC221A8401F037FC109BED
S21400FD601870277E03A820F0DFFC04EBC70787F88F
S21400FD702200237E04EBC30303A8B3F8209093F875
S21400FD80227020F0DDFC804603A820F0E1FC8246CD
S21400FD90B8F1000F15D0EB6B02225B6904A9304660
S21400FDA0984704A820F0A0FC6075637D6BB900231B
S21400FDB0A3754FF0000838E0227E04EBC2021384DD
S21400FDC0CBE703A820F07BFCEEE794F81680B8F1AA
S21400FDD0000FEED0B9F1000F09D1DFB10123E375B2
S21400FDE0637E002B4FD1012F42D1677614E06B6CF7
S21400FDF006EB0A02594286EA020008421CBF0021AE
S21400FE00A175591E0A409B1A9945D0D8A37D002B90
S21400FE10E3D1CEE7E37D43B94FF000084B465246A8
S21400FE203146284620F0FEF9A060A27D12B1236973
S21400FE304B4423611949237E097899422AD9013314
S21400FE402376BBF1000F27D032B3E37D23B3B8F19E
S21400FE50000F21D1032F1FD0A1684B1C1CD0109B74
S21400FE600093224601232846FFF7FAFEA07513E00A
S21400FE7095F8343063B9EB6A0133CFD1032FCDD177
S21400FE800123A376C8E7012FCFD0032FC4D1F7E70D
S21400FE909846C3E70023A375A07D00E7FC87030010
S21400FEA02DE9F04F8BB00E46044698464FF0FF31D2
S21400FEB00023104617468DF8133001F071FBB6F597
S21400FEC0801F3BD3B21C53D1E56A6B1C57D1616AC5
S21400FED0204620F0EDF80546B31C18BF0123DFF8D6
S21400FEE014910193636A626C0293236802FB053ADD
S21400FEF0E36B05A95B6905225046984705A820F0E4
S21400FF00C7FC20F0EAFC504620F0F2FC4FF0000B55
S21400FF10824601464B1C05D0636C81EA0A025B42AE
S21400FF20134232D02946204620F0C2F8029BAB424C
S21400FF304DD0BBF1000F4DD10546D3E7314605AA9B
S21400FF4004F1080020F0A0FB0146481C10D03846FB
S21400FF5001F026FB0DF1130301223946204620F05E
S21400FF60DCF928B19DF8133088F80030002003E053
S21400FF70237C002BA8D11D480BB0BDE8F08F23686A
S21400FF80ED1A636CB5FBF3F5A6E7484601F008FBEF
S21400FF900DF11303019A4946204620F0BEF90346A8
S21400FFA090B1B21C03D0D9F80020B2420CD1039312
S21400FFB00F4B9DF8132088F8002049461A683846EB
S21400FFC024F01CF8039B9B46D9F80810A2E7BBF167
S21400FFD0000FD0D0B6F5801FC8D298F800307A68E7
S21400FFE0314604F1080001F01FFABFE70BE000F00D
S21400FFF0F8870300C82600202DE9F3410E461B4D66
S214010000816A044617469846E36A8B422AD04B1CFF
S21401001018E0284601F0C4FA0DF10703012229462B
S214010020204620F07AF930B19DF80720434629464C
S2140100302046B847B0B1A9684A1C05D0012E0AD09F
S214010040E36A9942E5D10DE06968204620F0BDF8E3
S214010050012E0146D8D16B6881EA0302636C5B42CC
S2140100601A42D1D002B0BDE8F08100BF9C26002024
S2140100702DE9F041036B07689046826B9A4288BF70
S2140100808363426C436A02FB0377C36B90B05B6980
S2140100900E46052201A904463846984701A820F0D5
S2140100A0F7FB01280146307057D0656CE26B236878
S2140100B0606AD2F814C005FB0030052206A9E047A5
S2140100C006A820F0E5FB01284FF0000523D0D4E96F
S2140100D00A3201219342CDE90B458DF834800E9505
S2140100E08DF83C102AD11946204620F06EF8236B75
S2140100F0626CE06214339B1A23630C9B53B99DF820
S2140101003C303BB1626A616C2368E06B01FB0231F3
S21401011020F076FB0C9DE36B05225B6901A938464E
S214010120984701A820F0B4FB3070236BA26B2846D9
S2140101309A4288BFA36310B0BDE8F081237C33B92F
S2140101401C490BAA04F1080001F0BEF9D5E71A4ACA
S2140101500BAB2046FFF750FFCFE7237C23BB1749A5
S214010160224604F1080001F0AFF9616A20461FF04B
S214010170C0FF616A421C20461FF089FF054620B970
S214010180236B626C1344143B2363A16A204620F060
S2140101901CF82368A062C01A636CB0FBF3F06062BF
S2140101A0204620F055F8B6E7054A00232046FFF71B
S2140101B023FFDAE7710B0100ED0A0100A303030038
S2140101C03F03030073B50D46D11E4A421C461B7EF3
S2140101D04A419A4226D129682368994222D3636804
S2140101E099421FD8114E0DF107033246FFF758FE0C
S2140101F0C0B972686B689A4214D19DF80730DA1E4E
S21401020053425341227E93420CD1636901336361A9
S214010210D4E90323934205D2A268296842F8231041
S21401022001332361012002B070BD00BFF426002017
S2140102302DE9F04F8BB0DFF858B19A469DF8503053
S2140102400293DBF81030534580460D461646C0F043
S2140102509980DBF804300193D146B9F1000F00F024
S2140102608D80D8F83C3001985B69012207A9984730
S21401027007A820F061FADBF80030984240F085804C
S21401028007A820F065FA0428074614D107A820F02D
S21401029066FA019B029A04463B44002A3FD18642F5
S2140102A012D9361A1446019940461FF08EFFA9EB63
S2140102B004090190D1E7D8F83C3001985B69022225
S2140102C008A9984708A8E2E7841B544528BF544666
S2140102D0032C03EB0607AAEB040A4FEA94021CD987
S2140102E0D8F83C3029465B693846984724F0030322
S2140102F004F003061F441D44002ED4D0D8F83C3029
S21401030001225B6908A9384698473246284608A95B
S214010310354423F073FE0026C5E72646ECE700F0D9
S2140103200302039203442A18074604920593049B8A
S214010330DD1B059BD81B039B9F420FD1002FB2D01C
S214010340D8F83C30012208A95B6998473A4608A9C3
S214010350284623F003FE78B93D44A4E7D8F83C309C
S214010360012208A95B699847042208A9284623F0B8
S214010370F5FD08B9043FDAE7DFF8189048460BB0F8
S214010380BDE8F08FDFF81090F8E7DFF81090F5E79A
S2140103902027002012E000F011E000F022E000F03B
S2140103A02DE9F0410F4688B016469846044660B3DC
S2140103B090F83450FDB101211FF03FFE0E9BCDF8A1
S2140103C00480CDE902379DF83C308DF81C30237C43
S2140103D004960021CDE905118BB90D4901AA04F156
S2140103E0080001F071F8DDE90553E06B002E08BF47
S2140103F01D461FF0E4FF284608B0BDE8F081054A17
S21401040001AB2046FFF7F8FDEDE70546F3E700BF31
S2140104106D030300C50101007FB590F842600192AB
S21401042004460DF10B030A46304612491FF0CFFF72
S214010430012EE36B054619D15B69324603A998473D
S2140104409DF80B10039B019A59B19BB243EA0243F4
S2140104500393E36B9B69012203A92846984704B0DE
S21401046070BD1B0C1B0492B21343F1E79B6901227A
S21401047001A9F3E7202700202DE9F04F99B00F4698
S21401048009920A69416C0E931439D31DB3FBF1F33B
S214010490013302EBC302036B93420446C0F00D82A4
S2140104A00023DFF820940D93E36A07931946484624
S2140104B001F076F8D7E9033604930E9B022B4ED152
S2140104C0CC2E40F08A81099B002B42D0394620462B
S2140104D01FF0D4FF656C079A14906B1E1340ED1A3B
S2140104E0E36B78685B69012216A9984716A820F085
S2140104F027F900280CBF04230823782E06933DD93C
S2140105000123002505934FF0080A3B6805990E98CC
S214010510C9F80030C9F8106020F034F94FEA9A03A0
S2140105201093DDF81CB089F8140000230B930F9389
S21401053008930C93616C4A1E0BEA02028B1A002E7A
S21401054038D05544AB4240D8236B5B1A134423631F
S214010550ABE0049B1B68149308230693D0E7656CF5
S214010560079A6B1E1340782EA5EB030516D8FB7D64
S2140105707BB9099B002BB3D104230693331DAB42F1
S21401058010D9A6B1082DBBD8042500230593AA4689
S214010590BBE7099B002BA3D10823EEE7099B002BA1
S2140105A09ED1D9E7002505954FF0040AADE704254D
S2140105B00596F9E75345C7D30BEB0A030393B046F9
S2140105C0089B002B18BF032313E0A3EB0A039E42EC
S2140105D0B0460BEB0A0228BF98469E420392EFD91B
S2140105E0D9F810200123964289F8173071D1C9F83D
S2140105F004B0089399F81730002B6CD099F818209E
S2140106000899D31C09EBC3030132C3F804B0A3F85D
S2140106100880997289F81820B8F1000F14D00E9B43
S214010620022B5BD10B9B7BB90F9B4344032B0BD94E
S214010630E36B03989B69012214A998470546002895
S21401064040F03D8101230B93089B0193059B00938A
S21401065099F814203968434616A800F057FFE36B53
S214010660109A9B6916A958469847051E0D9B18BFF8
S2140106705B460D9352464346594620461FF0D2FD2F
S214010680236BC9F8080008F10302A3EB0A0322F062
S21401069003029B1A2363002D40F011810F9BDDF8A6
S2140106A00CB04344A6EB08060F93594620461FF0AC
S2140106B08CFD00258346002E7FF43CAF814A3968C5
S2140106C09368E36252680E9B04F1080000F0ACFEEA
S2140106D0DEE002238DE7C9F804B09DE7099B002BF5
S2140106E030D1049BB8F1030F43440A9327D9E36B37
S2140106F0DDE903019B694FEA980298470546002801
S21401070065D118F003025FD0049B28F003052B4443
S2140107100493039B1D444FF0FF330499159315A8CA
S21401072023F06CFCE36B28469B69012215A99847C8
S2140107300A9B04930546002D86D0039B99E7039DEB
S2140107404246E8E7039B0A9307F120031193FB7DDA
S21401075078689BB13D7E0C9A0023D9B28D4211D99F
S214010760119931F83310914203F1010C26D907EBA8
S214010770C3030699D8690A44104403E00C9B069A01
S21401078013441844E36B01225B6915A99847159B2E
S21401079013930C9B0A9804330C93E36B01229B6919
S2140107A013A99847039B0A9A43449B1A042B0546B0
S2140107B007D978B9134604330A93C8E7521A634631
S2140107C0CBE70A9B0393B6E70A9B04933CE70A9B95
S2140107D00493B2E70A9B0393AFE73B4E04F1080389
S2140107E003932368079A606CA2EB030ABAFBF0FA3C
S2140107F000FB0A3020F07CF8E16A804620461FF0B4
S214010800E4FCA26A82424AD0626CD9F808302568B4
S214010810E062511E0B40216B891A0B4423630D9B2A
S2140108205D1BB5FBF2F5AA4536D1079BB3EB080A6B
S21401083012D0E36B4FEA9A029B6941469847E36AF6
S214010840079A5344E362236B9B1A4344834623630C
S21401085003981FF0E9FEDA462368616CE06B01FB42
S21401086005311FF0BAFF20461FF0F2FB20461FF0AD
S214010870EFFC2063BAF1000F11D03A69616CD31D09
S2140108801439B3FBF1F3013302EBC3029042A8D251
S214010890304619B0BDE8F08F4FF0000ADCE73A6940
S2140108A0616CD31D1439B3FBF1F3013302EBC302C0
S2140108B0236B9342BFF4F8ADEAE7044EE8E72E4611
S2140108C08CE700BFC826002023E000F006E000F019
S2140108D02DE9F3471E4643699DF82890B342044626
S2140108E0884617463DD300258DF8075020461FF051
S2140108F07BFBD4F830A082450AD2236AB5EB430FBE
S21401090006D200220DF107012046FFF7B1FB30B3F6
S2140109109DF80730012B05D100220DF10701204675
S214010920FFF7A6FBB9F1030F06D0314620461FF0AC
S21401093046FB256B854218D30D4D4FF0FF312846F7
S21401094000F02EFE4B46002229462046C5E90376D6
S214010950C5F8008002B0BDE8F047FFF78DBD013550
S214010960C4E7044802B0BDE8F0870348FAE700BFD1
S214010970F42600200FE000F006E000F02DE9F04735
S21401098090F8426086B0012E05460391A1EB02075E
S21401099015D1B7F5807F28BF03264FF06408DFF82E
S2140109A048A100244FF6FF7995F84230012B14BF79
S2140109B0322364239C420AD35FFA88F415E0B7F524
S2140109C0803F34BF012602264FF03208E7E705AB29
S2140109D02246514628461FF02FFD95F84230012B3E
S2140109E0059B34D14B452DD1E4B295F84230012B0D
S2140109F00CBF64223222121BB24217D3012E39D108
S214010A000022012B05978DF8132027D1082205A96E
S214010A100DF113001FF0C3FE9DF81330059A42EA4C
S214010A20032221462846FFF7F7FC40B102232E4950
S214010A3000930968CC2303AA2846FFF749FF06B0AE
S214010A40BDE8F087DBB203B902340134ACE7591CC8
S214010A50CAD09BB2002BF8D10134F6E7102205A9C3
S214010A600DF113001FF09BFE9DF81330059A42EA24
S214010A700342D6E7039A0592012B23D108232022AD
S214010A8005A90DF113008DF813301FF088FE9DF8AF
S214010A901320120221462846FFF7BEFC95F8423085
S214010AA0611C012BC9B21AD10028BFD1BDF8142090
S214010AB02846FFF7B1FC0028B8D10234BDF816204D
S214010AC0E1B2AFE71023202205A90DF113008DF83E
S214010AD013301FF064FE9DF813201204DAE7002895
S214010AE0A4D1059A9EE700BF20270020032A2DE9FE
S214010AF0F34106460D4617461C4606D1237A012BBE
S214010B0023D0012002B0BDE8F081DFF860800968DB
S214010B100DF107034246FFF7C3F960600028EDD1E7
S214010B209DF80720237A032AE8D0D8F804106A68CB
S214010B309142E3D1012B2969D4F80CC007D172691F
S214010B400CEB0103934202D92074207CDAE70831CA
S214010B506144E1603B46012229463046FFF78CFCA2
S214010B6060600028CAD00020CCE700BFF426002031
S214010B702DE9F341089C032A2668174606D1237AF5
S214010B80012B24D0012002B0BDE8F081DFF890806F
S214010B900DF1070342463046FFF782F960600028F0
S214010BA0EDD12568D8F80400A96AD5F844C0227AA0
S214010BB04840CCF100031840E1D1012A09D1E2688E
S214010BC0D8F8103013447269934202D92074207CFD
S214010BD0D9E72868EB6A1B1A081AB3FBFCF3B0FBCB
S214010BE0FCF083420BD1706CF36A421E1340326BE9
S214010BF0121A1344336328461FF0E7FAE862D8F85E
S214010C001020E3680649206808321344E360012295
S214010C103B46FFF731FC60600028B0D00020B2E709
S214010C20F42600202DE9F04F4FF0FF334FF6FF7208
S214010C30002500F10806C0E9092387B00446C3620F
S214010C400562056330460F461FF0EEFC20461FF096
S214010C50FFF928BB204639461FF07AFA20461FF0D6
S214010C60F7F928BB8A4D20461FF025FBECE0E26B26
S214010C702368606CD2F814C001A9052200FB053078
S214010C80E04701A81FF004FE012828D12946204686
S214010C901FF02FFA421C294620461FF0F8F90135AD
S214010CA0E3699D42E3D320461FF0D2F90028D1D054
S214010CB000254FF6FF73C4E908534FF0FF39CA46C3
S214010CC0A846E369984514D3A5EB0905012D37D845
S214010CD0636A4FF6FF72934247D16E4DC3E71FF02A
S214010CE001FE0028DBD0294620461FF002FA024604
S214010CF0D1E72368E26B606C576901A9052200FB06
S214010D000830B84701A81FF0C3FD834601A81FF0AD
S214010D1096FD074658461FF0E0FD70B15745236A19
S214010D2038BFC4F82480B94503F1010328BFB9468A
S214010D30BD42236238BF3D46BA4608F10108C0E706
S214010D404FF6FF7363620025E3699D42C0D2676C6C
S214010D502068E36B05225B6901A907FB050098473C
S214010D6001A81FF06CFD0135EEE7E26B676C2068A9
S214010D70556901A9052207FB0300A84701A81FF032
S214010D805EFD626A2368606C434D00FB02301FF013
S214010D90AFFD4FF0FF33A062E3622A460DF1030375
S214010DA06FF001012046FFF77BF8002850D1AD68AF
S214010DB0E562294620461FF027F9206320B9E16A3B
S214010DC020461FF002FAE062294620461FF0FDF990
S214010DD00546A36A9D423DD16569626CE91C143AD9
S214010DE02046B1FBF2F105EBC1050335B5FBF2F583
S214010DF01FF061FA0235A84280463DD2616A20465C
S214010E001FF056F90027064604F1400A474512D35B
S214010E10626C236802FB0639E36B05225B6901A954
S214010E204846984701A81FF00AFD53460246494620
S214010E30E06B1FF05FFD314620461FF039F90137A0
S214010E40AF420646E2D3154D284607B0BDE8F08FFF
S214010E50A56AADE7294620461FF0D6F8236B034462
S214010E6029460746236320461FF0AFF90546002FA3
S214010E70AFD1C4E90B07ACE730461FF0D5FB002322
S214010E80074A19462046FFF7B7F80025EBE600BFEC
S214010E9003E000F016E000F0F426002013E000F076
S214010EA009030300634A00232DE9F0411768136024
S214010EB00E46044618B9604D2846BDE8F08190F804
S214010EC034500DB309680268914240F0AA807168F7
S214010ED04268914240F0A580B1688268914240F034
S214010EE0A080F168C268914240F09B8031694269F6
S214010EF0914240F09680B169C26B914240F0918078
S214010F00726982611D46D7E750222946D0F838809B
S214010F1023F04EF833682360736863603369636156
S214010F207369A361D6E9021204F10800C4F8388097
S214010F301FF08CFBB369E36304F140009B6898479C
S214010F4094F8432020B1E561002AB4D03B4DB3E7C5
S214010F50656C002DF7D06668B6FBF5F3E361002AF1
S214010F60A9D0B542F2D82268B2FBF5F105FB1122F1
S214010F70002A58D105FB1363002B54D120461FF0DD
S214010F8033F8A369043303449E424ED3636940F6A3
S214010F903472CC3B93424AD8B5F5007FD6D30321B1
S214010FA020461FF04AF8E36BD4E900011B68984716
S214010FB0E36B0546DB68022098471DB1002384F8E1
S214010FC034301EE039462046FFF72CFE1C4B984273
S214010FD0054604D139462046FFF724FE0546636CD4
S214010FE0143B002DEAD1226A204602FB03F61EF0CE
S214010FF0FBFFA369043303449E4206D284F83450AF
S214011000104DE06B1FF0DBF956E70F4A012384F819
S21401101034301368D4E90001013313601AF08EFEF0
S214011020EFE70A4D48E70A4D46E7064D44E7094D06
S21401103042E700BFCC36002009E000F004E000F0F3
S21401104013E000F002E000F0C836002008E000F0EF
S21401105001E000F005E000F02DE9FF410F46904663
S2140110601E46054698B390F8343093B3B1F5801F09
S21401107031D21A4C02211EF0E0FF22460DF10F0379
S21401108039462846FEF70CFF024678B10123009345
S2140110904246334639462846FFF71AFC0446E86BB3
S2140110A01FF08DF9204604B0BDE8F0819DF80F30A1
S2140110B0012BEBD12169B142E8D100934146334679
S2140110C02846FFF7B5F804460028DFD1E7E7044CC9
S2140110D0E8E7044CE6E7044CE4E700BF20270020DD
S2140110E009E000F007E000F00AE000F02DE9FF411A
S2140110F00C4616461F46054688B390F8343083B32F
S214011100B1F5801F2FD2DFF87C8001211EF095FFFC
S21401111021460DF10F0342462846FEF7C1FE04465E
S21401112070B99DF80F30012B11D1D8F81030BB42A1
S21401113013D10090024631462846FFF779F8044657
S214011140E86B1FF03CF9204604B0BDE8F081074C7F
S214011150074A022B08BF1446F2E7064CF0E7064C96
S214011160F1E7064CEFE7064CEDE700BF0BE000F0B9
S2140111700CE000F011E000F009E000F007E000F0FC
S2140111800AE000F02027002070B586B00E460392D4
S2140111900546A0B390F834309BB3B1F5801F32D228
S2140111A002211EF04AFF194A0DF11703314628465F
S2140111B0FEF776FE044618B99DF81730032B0ED1BC
S2140111C00223009303AACC2331462846FFF780FB6F
S2140111D00446E86B1FF0F3F8204606B070BD022BFC
S2140111E00BD10A4928461FF049F903998142024664
S2140111F0EFD02846FFF7C2FBEAE7054CE9E7054CC6
S214011200EAE7054CE8E7054CE6E700BF20270020A3
S2140112100DE000F009E000F007E000F00AE000F061
S21401122073B50C461646054630B390F834302BB3EA
S214011230B1F5801F24D201211EF0FFFE2146114A7E
S2140112400DF107032846FEF72BFE044680B99DF8EC
S2140112500730032B0CD0022B0CD10A4928461FF06D
S2140112600DF93060E86B1FF0AAF8204602B070BD99
S214011270054CF7E7054CF5E7054CF6E7054CF4E7B2
S214011280054CF2E7202700200BE000F00DE000F00F
S21401129009E000F007E000F00AE000F0F7B50C46C0
S2140112A01646054668B390F8343063B3B1F5801F2F
S2140112B02BD202211EF0C1FE154A0DF1070321466D
S2140112C02846FEF7EDFDC0B99DF80730032B14D074
S2140112D0022B14D10E4928461FF0D0F8471C0246AF
S2140112E039462846FFF74AFB044606B13760E86BE5
S2140112F01FF065F8204603B0F0BD064CF7E7064C34
S214011300F5E7064CF6E7064CF4E7064CF2E700BFB5
S214011310202700200BE000F00DE000F009E000F0CF
S21401132007E000F00AE000F02DE9F3411F46002334
S2140113300C4616463B60054650B390F834304BB326
S214011340B1F5801F28D2DFF8648001211EF075FEFA
S21401135021460DF1070342462846FEF7A1FD044645
S214011360A0B99DF80730032B10D0022B0AD1012318
S214011370336004233B60E86B1FF021F8204602B07F
S214011380BDE8F081D8F810303060F3E7034CF2E79F
S214011390034CF3E7034CF1E7034CEFE70BE000F0F7
S2140113A009E000F007E000F00AE000F02027002046
S2140113B030B50C4685B0054628B390F8343023B3D3
S2140113C0B1F5801F23D202211EF037FE0DF10F0367
S2140113D0104A21462846FEF763FD034688B99DF864
S2140113E00F20032A0DD003220092214602462846EA
S2140113F0FFF76EFA0446E86B1EF0E1FF204605B0E3
S21401140030BD054CF7E7054CF8E7054CF6E7054C0B
S214011410F4E700BF202700200BE000F009E000F011
S21401142007E000F00AE000F02DE9F04346688EB3CD
S214011430056898464FF0000CA946AE4655F83C4064
S214011440C4F3130701340CF1010C01D0B94218D0D2
S21401145066450EF1080EF1D12F46002403E0A642A0
S21401146007F1080713D055F83430013304F10104AD
S214011470F5D1C1F3130141EA0851C7E90012BDE8ED
S214011480F08341EA0851CEE90012BDE8F083B8F1D5
S214011490030F03D101230372BDE8F083002303E0A9
S2140114A09E4209F10809F5D055F83340C4F30754B4
S2140114B0032C03F10103F3D1C1F3130343EA0853E9
S2140114C0C9E90032BDE8F0832DE9F043476883B0EF
S2140114D0CFB10646884691460024336853F8345007
S2140114E0C5F30752C5F31301013503EBC4033046B8
S2140114F004F1010405D05B68CDF80090C04710B137
S2140115007768BC42E9D303B0BDE8F08373B50446FF
S21401151022489DF81850012A00EAC11123F07C40A8
S21401152007D9961E012E28D9073303F07F031943E6
S21401153008E09DF81C30DB060A4303F0C053134352
S21401154043F060410023C4E900108DF80730B5B1BF
S214011550202221460DF107001FF021F91A220DF174
S2140115600700211D1FF01BF963689DF8072043EA59
S21401157082636360082002B070BD1143E2E71B225C
S2140115800DF1070021461FF00AF923689DF8072090
S21401159043EAC26323600420EDE700BF80FFFF0734
S2140115A038B5094B04461A680D46002122F000FDA5
S2140115B000234FF0FF322383C4E900252361A26094
S2140115C0E382A37638BD00BFF88703000138C0B2B6
S2140115D005289ABF014B185C0120704738D60300D6
S2140115E02DE9F0410E46596888B007461546490A66
S2140115F00024012922464FEA510104F10104F8D8DA
S214011600DC7899781B882403C90201F4006104F48C
S21401161080540C43C3F30A035203234492B29C182A
S214011620284B03934FF0000825F0784302A90DF1EB
S21401163007001B2202938DF807801FF0B0F89DF873
S2140116400720029B8DF80780ED4343EAC26302A997
S2140116500DF1070025F078451B22049302951FF033
S2140116609EF89DF80720029B6FEA044443EAC26392
S21401167005936FEA14444FF0FF3306930794BB6952
S21401168007A9012206F110009847BB6905A904467F
S214011690012206F108009847BB69404518BF044679
S2140116A004A90122301D9847BB69404518BF04466E
S2140116B0012203A930469847404508BF204608B096
S2140116C0BDE8F08101009AB213B5044669461FF0E1
S2140116D061F920461FF08EFBFF28024606D09DF8D2
S2140116E000102046F1F7A2FF02B010BD0048FBE74C
S2140116F00080FFFF2DE9F0411B4A8AB001AC054688
S2140117000B4602F1200C274610685168264603C690
S214011710083262453446F7D1002B08BF3B461068B5
S2140117203060002703F10C061C46384690B95FFA74
S21401173087F82188424628461FF031FC50B9E188D7
S214011740424628461FF03CFC20B942463146284610
S2140117501FF048FC0137032F06F1080604F10204C6
S214011760E4D10AB0BDE8F08148D60300F0B589B0EF
S21401177005460E461FF045FC044600BB06F10C0765
S2140117800FCF01AC0FC497E8070084E8070001A952
S214011790284604F081FD311D28461FF035FD04461C
S2140117A048B90849284604F0B1F8044618B928464D
S2140117B004F0E8FB044631682846FFF79BFF204605
S2140117C009B0F0BD40D6030001491FF049B900BF7A
S2140117D0755F010070B5164E0328337804460D4632
S2140117E01ED023FA04F202F00102AA421DD053B120
S2140117F00122A24023EA0203A5402B43DBB2337049
S2140118004BB1012070BD2DB10A4B01201B689847D2
S2140118103378EDE73570074B00201B689847F0E7F3
S2140118209A07DED003F0FC03E9E7002070BD00BF95
S214011830404500200C37002038B504460D4604F01C
S2140118406DFC60B104F00AFB48B9012D07D80120F0
S2140118501FF080FB0D4B1B6823B15B6898470C4B50
S2140118601C7038BD1BF0B8FC0A4B1A68801A186049
S214011870F5F724F8084B1B684FF47A7202FB003028
S2140118801FF0ECF8012004F0F1FAE8E77C370020BD
S214011890221600200437002008370020F8B5124F22
S2140118A005460C461AF050FA3B78064633B1012D30
S2140118B004D01CB90D48F4F72BFF3C70214628468E
S2140118C0FFF788FF0A4B1B7804463BB93B782BB9D8
S2140118D01FF035FB10B1074B1B68984730461AF0CE
S2140118E037FA2046F8BD00BF41450020E03600200B
S2140118F0404500208C120020054A0B46117831B174
S21401190000211170034A1878526801211047704768
S214011910414500208C120020124B0239012910B5D6
S21401192018701ED804F0FAFBD8B104F097FAC0B1CB
S21401193004F08AF8A8B90C4B1C6834B123689847A0
S214011940BDE8104000201FF005BB1FF085F8074BCF
S21401195018601BF041FC064B1860204604F086FA1E
S214011960EEE710BD221600207C3700200837002045
S2140119700437002038B5044680B11AF0E5F9012194
S21401198004460846F4F7EAFA012108460A4A1BF01B
S214011990D5FB2046BDE838401AF0DAB91AF0D4F97A
S2140119A0214605460120F4F7D9FA0120024A2146CC
S2140119B01BF0C4FB2846EDE76CD60300F0B5324DAC
S2140119C085B01AF0C1F92B78044623B12F48F4F7F5
S2140119D09FFE00284AD1F4F747FF02AA03A91FF089
S2140119E098FA0346002832D01FF0A7FA029B9842C5
S2140119F01ED10020264B03991B68264E9942307053
S214011A0021D9C91A00270123CDE900771F482B7079
S214011A10214A33461BF0BCFB00282FD11F4A1378FE
S214011A20D90717D420461AF093F9002005B0F0BD67
S214011A301FF081FA029B98421ED0154B154A1B686F
S214011A400393002010700121FFF7C4FEEAE7204649
S214011A502B70E8E731780029E4D103F0FE03137018
S214011A60002BDFD10E4B1B689847DBE720461AF0A8
S214011A706FF9032005B0F0BD0220BBE70323204623
S214011A802F703370F3E700BF41450020E036002099
S214011A900037002021160020F918010040450020DB
S214011AA00C37002038B5134D1AF04EF92B78044642
S214011AB0C3B9114A11491370114B124A1A601248E0
S214011AC0124A5A60F4F7C4FA11491248F4F7C0FAF8
S214011AD0114B124A1A60124B1B68124B02221A60F3
S214011AE001232B70AFF3008020461AF031F9002055
S214011AF038BD00BF424500204145002074D6030092
S214011B008C120020BD190100D03600209D1801005E
S214011B107CD60300D83600200C370020751901004A
S214011B2000300E4000370020431C08D0044AD2F88B
S214011B303C311B0C1B0480B20343C2F83C31704796
S214011B400040084030B5074B85B00C46D3F8C0506E
S214011B500095002269461EF0A6FF0CB100B925606B
S214011B6005B030BD0081E00F054BD3F8B400431C2F
S214011B7014BFC0F380700120A622312104F004BDF9
S214011B800081E00F034B1A689B8802608380002067
S214011B90704700BFAC1500200F4B0628D3F88831DC
S214011BA004D183F40013C3F340507047022805D1D3
S214011BB013F4400F0CBF01200020704750B9074AAC
S214011BC0D2F8D40010F0010005D083F48003C3F3EB
S214011BD0805070470020704700400E400081E00FA3
S214011BE00C4A5288B2F5E16F94BFC8225A2210B54A
S214011BF094BF7824502490428CBF172210220A707A
S214011C00054A0346107818B19C422CBF00200120DB
S214011C1010BD00BFAC1500202616002013B5234BBF
S214011C201B780E2B04463ED00DF10701FFF7D8FFB7
S214011C301E2C8CBF1E4C1F4C9DF807304FF0010226
S214011C408CBF01210021C4F8082170B1194A4DF654
S214011C500174C2F804411B0202F1007243F44043CE
S214011C60C2F80431144AA2F8D430134A134C92F83D
S214011C70D83023F00103034323F0020343EA410370
S214011C80DBB282F8D83024786CB923F0040343EA37
S214011C90800323F00803B2F8D440A2F8D64043EA02
S214011CA0C10382F8D83002B010BD00BFAC150020C9
S214011CB00040084600400844001F0021454500201A
S214011CC0084B094AD3F88831DB4303F4FE1343F487
S214011CD00053B3FA83F30E33A3EB4313013B1370A4
S214011CE0704700BF00400E402516002002280CD089
S214011CF0062802D020B100207047054B187870479F
S214011D00034B18780430C0B270470720704700BFF5
S214011D10251600202DE9F7433A4E3B4F96F80090E2
S214011D2015463A4AD2F8C820B9F1020F0446884649
S214011D3007EA02071AD147EA006788F8000000237D
S214011D4072882B60B2F5E16F94BFC8225A2227F43D
S214011D507F57944227F008079ABF380A00F47F504D
S214011D6043F6C870384303B0BDE8F083284A1278BA
S214011D70904228BF144604EB83030B70F4B1013C78
S214011D80E4B24FF030632B606A4601A920461EF08C
S214011D90C3FEDDE9002347EA03671E4B98F80010EF
S214011DA01B7847EA823747F47F5747F008073BB965
S214011DB00029194B18BF4FF07F43C1E7164BE2E7E6
S214011DC0164B1748B9F1060F08BF03462AB9002972
S214011DD0114B18BF4FF07F43B2E7B2FA82F2C2F15D
S214011DE01F02D2B29B5CDBB239B15A1ED2B2FD2AB7
S214011DF005D81B0643F00403A2E7074BA0E74FF004
S214011E007F439DE7AC1500203F00C0E0001F002186
S214011E1025160020464500200400000BB883E00F7D
S214011E20B083E00F2DE9F3410446C820FFF7F6FE24
S214011E302B4B2C4E18780E2801D0FF2C05D1FF24F1
S214011E403470204602B0BDE8F08102282DD1072C5F
S214011E50204628BF072001284FF0000301AA0DF1F4
S214011E60030138BF0120FFF755FF05461E4B1F4FE4
S214011E70DDF80480C3F85881C7F8C8509DF80340C0
S214011E8034702046FFF7CAFE194A4FEA082303F4C6
S214011E90E063127843EA1863A7F8D030002AD0D15D
S214011EA0C7F8CC50A7F8D230CBE7A0B9052C32BF83
S214011EB0002701270420201A3B4601AA0DF1030141
S214011EC0C0B2FFF727FF4FF48003054637B1094A32
S214011ED0C2F80831CAE700273846ECE7064AF7E7B2
S214011EE0AC1500202716002000400840001F0021E6
S214011EF045450020004008460040084408B501F06A
S214011F00B7F9094B094A002818BF1A46136823F483
S214011F107F115B0803F4FE130B431360044B4FF071
S214011F200072DA6108BD00BF004108401841084050
S214011F300040084008B501F09BF9064B4FF400122B
S214011F4028B1C3F800214FF000621A6208BDC3F839
S214011F501821F8E700400844014B1868704700BF95
S214011F6010370020436C012B38BF01232DE9F047C1
S214011F709A46464B464F9B69464E474D03F4E073DF
S214011F80A3F5C07280464548514251410268524508
S214011F90434A0FD114788C420CD198F8D0C03C78C3
S214011FA0A44507D198F815C03478A44502D1A8886D
S214011FB0BDE8F087B3F5C07FC0F800A011704AD124
S214011FC0D8F8944024B12368082B58D994F838409F
S214011FD00F2120461EF082FDBAFA8AF3002852D05D
S214011FE0B0FA80F29B1A002BC6BFD840C3F10F0986
S214011FF04FF00F09504501D909F1FF39234B200451
S214012000C3F8BC0003F1806340F6FF72C3F8B82042
S21401201003F100734FEA0921C3F8B8101EF08FFDD3
S214012020A88000F04BFE09F01F094FF4FA7304FA7A
S21401203009F45C4341F66A03B0FBF3F00A23B4FBF0
S214012040F0F45C43174B1C6098F8D0303B7098F85E
S21401205015303370ABE798F8D030062B06D1124B0B
S2140120601B78002B0CBF9624C824B1E7022B08D09E
S2140120700D4B1B78002B0CBFB424F024A8E70024DA
S214012080A6E73224A4E74FF00F09B7E7006008403F
S2140120902416002023160020AC15002094120020E0
S2140120A0484500201037002046450020FF290DD066
S2140120B00F4B1048C3F850010B04090501F0F871E5
S2140120C003F4E0230B430C49C1F85031FF2A0DD02D
S2140120D0074B40F2F711C3F85011130103F4F873DC
S2140120E002F007021343044AC2F850310020704739
S2140120F0004008440000F70100400846F8B5134BBD
S214012100134E1F68134D384601F09EF83378C4B25B
S214012110A34201D12B78A3B1092C14D80E4B012C64
S214012120195D05D10D4B1B78022B01D141F0400101
S21401213001F00F0238460909FFF7B8FF0023347093
S2140121402B700020F8BD0024FA21F1E78C3700201F
S214012150444500204345002084D60300AC150020EA
S21401216038B5044600F052FD142200212E4821F015
S2140121701FFF2E4B25781A782D49521B18BF0122B6
S2140121800A7022681A60C820A2889A80FFF746FD66
S214012190284BD3F8C820284BFF211970274B284914
S2140121A0062D03EA0203274A1AD14FF4EE40C2F87D
S2140121B024014FF48A42C1F82421012243F08043CE
S2140121C0C1F820211B4AC2F8C8301E4B0322C3F8AF
S2140121D05821FFF793FF1C4B01221A70002038BDCF
S2140121E0022D4FF007000ED1C2F80C010620C1F8EF
S2140121F00C011649C2F808114FF4404143F003039D
S214012200C2F80411DEE7C2F80C010520C1F80C0182
S214012210C020C2F8080143F08043812243F0040342
S214012220C1F80821CEE700BFC81F0021AC15002069
S21401223043450020001F0021271600202800C0A0CB
S214012240004008460040084447450020C1004000C1
S214012250014B1870704700BF464500202DE9F04736
S2140122602D4C2E4B236000F029FD4FF4FA730746E0
S2140122704FF47A76B0FBF6F629482A4A7343190ECC
S2140122801B02181841F10001002318F00BFDA0F500
S21401229080730546A36220B966222B2104F074F9E7
S2140122A001254FF47A726A434FF0000A53465008EC
S2140122B0310218F0F7FC1C4B19601C4BB7F57A7FFE
S2140122C04FEA05688946044618604FEA152505D287
S2140122D076222B21504604F057F901264FF47A73E3
S2140122E0A8FB030103FB05117308C01841F10001A7
S2140122F00023324618F0D6FC0D4B023419600D4B04
S21401230049F10009A408186044EA8974024B013CAB
S2140123101C63BDE8F08700BF0050084002110100B1
S21401232020A1070040420F00203700201C37002064
S2140123301837002014370020044B4FF00052C3F822
S21401234080211A60024B01225A60704700E100E0CA
S21401235000500840074B4FF00052C3F88021C3F8E5
S2140123608020BFF34F8FBFF36F8F034B04225A6059
S214012370704700BF00E100E00050084010B5044679
S214012380A242A2EB0000A3EB010104D2034B1B6B9C
S21401239001331844013901F0030110BD0050084013
S2140123A038B502010A4B01259D500A4A4FF4807345
S2140123B083405366044619F0C7FC074A1378A540C4
S2140123C023EA05031370BDE8384019F0C1BC00BF0D
S2140123D00051084400500840494500202DE9F047C7
S2140123E01546044688461E4619F0AEFC022D00F03E
S2140123F0B880074619F0B3FC6C4B6D4AD3F81890B9
S21401240092F815A0DA6D5FFA8AFA520744BFD3F83C
S21401241018900AF1010A19F0A8FC664B664A1B6877
S21401242011684FEA8A7CA3FB093213F1004301FBD2
S21401243009CCD8F800304CEB020C012D04BF013357
S2140124406344ACEB030C08BFC8F80030BCF1804F06
S2140124500AF0030AC0F09880584AD2F800C0584AD9
S214012460D2F800E0514A23F04041106B4FF000488B
S2140124700022ECFB01820EFB012282424FEA93739B
S21401248081BF01330130121A03F00303A3EB0A03E1
S214012490914588BF4549DFF848C184BF096B03F100
S2140124A0FF3303F003030CF80430A2EB0900A3B1D9
S2140124B0F10742BF434B41F61F71D966B30742BFCE
S2140124C0404B4149D966710742BF384B0021196715
S2140124D0330742BF354B00211965344B04F1100117
S2140124E003EB041E0901CEF80C2111225A5037497C
S2140124F09A694FF0010EA2EB090A0EFA04F8D3F816
S2140125005C900A785FFA88F848EA020282450A7007
S21401251026D34FF48072A24019EA020F20D11CF88C
S214012520040000283FD10DB3F0071A6608D5254BE5
S214012530274941F61F7240F20110DA66C866DA666C
S214012540B10706D51F4B22491F4A2248DA66C866DC
S214012550DA66720742BF204B01229A60330719D40C
S214012560384619F0F5FB0120BDE8F0871B48240129
S21401257040F804E05A6619F0E7FB14490B7823EAA1
S21401258008030B7019F0E4FB384619F0E1FB002054
S214012590BDE8F087212000F0B9FA044B4FF48032F1
S2140125A05A603846DDE71A663846DAE700500840D2
S2140125B04837002014370020183700201C37002029
S2140125C0203700200050084400001F1F4945002006
S2140125D00050084600000101004008400051084430
S2140125E04A450020024B1878003818BF0120704772
S2140125F0494500201030034B0001185800F0010037
S214012600704700BF005008401030044B01F46001D1
S214012610000141F003011950704700BF0050084007
S21401262038B519F09CFB084B084A9D69547DDA6D54
S214012630520748BF9D69E4B248BF013419F095FBC3
S214012640284604F0030138BD0050084048370020F2
S21401265038B50B4B03EB001210300001D2F80C41D9
S2140126601D58FFF7DDFFAB0706D5844200D90139B7
S214012670204601F0030138BD844238BF0131F7E737
S2140126800050084070B5184CE66B26BB202000F0C1
S2140126903DFA164B10251D6002F080F8144B80227F
S2140126A0C3F8802101F046FA38B1324600200821ED
S2140126B002F02CFA0F4B65669D660F4A536803F0CD
S2140126C07063B3F1807FF9D9074B0C4ADA6641F2A1
S2140126D001421A6770BD01F02DFA0028F4D0054AB0
S2140126E0074B63669366EFE70050084000400846D4
S2140126F000E100E00050084600400840011B0118B8
S2140127001000000208B5212000F000FA024B4FF439
S21401271080325A6008BD00BF0050084008B522202C
S21401272000F0F4F9024B4FF480225A6008BD00BF56
S21401273000500840064B1B68434303EB8171054B71
S2140127401B68A3FB003013F1004341EB0000704708
S21401275018370020143700200D4A10B5146820F0F1
S214012760404301464FF000420020E4FB0320094AA3
S214012770126802FB0300084B1B6B98424FEA9171EB
S21401278004D901330131C01A01F0030110BD00BFA5
S2140127901C3700202037002000500840F8B50646B8
S2140127A003F05CFB044608B1FFF7D4FD084D094F62
S2140127B000232B6130466B61AB617B75FFF7CCFF65
S2140127C0C9B27975A8610CB1FFF7B6FD0020F8BD56
S2140127D000500840483700202DE9F041224F0646B8
S2140127E0386820F4700040F4A00038609DF81C4062
S2140127F01D1E9DF818304FEA042444EA036444EA97
S214012800021408BF002144EA05440C43FC64D7F8CF
S2140128102C80B8F5803F40F2B5224FF018012CBF4E
S2140128200020012003F0B0FEC7F83880CDB10F4B71
S214012830B468D3F88030412C38BF41245B0606D5F6
S21401284000F0F0FA18B10A4BB3FBF0F31C44204633
S214012850FFF782FF01308045034B3ABF0022DA635F
S214012860D863BDE8F08100BF005008400070084002
S21401287000093D00F8B5184DAB691B04044626D582
S21401288000F08CFBAB6913F0787FA0FB04464FEA9F
S2140128909367C3F34450C3F3044505D140F25E4247
S2140128A02B2103F071FE0120AD01B5FBF0F010EB1A
S2140128B0871005D140F263422B2103F065FE01200B
S2140128C0024600232046314618F0ECF9F8BD00F028
S2140128D0A9FAA0FB0401F9E70070084030B50C4CDA
S2140128E002460120A0F12003C0F1200524FA05F5D7
S2140128F004FA03F32B4304FA00F595428B4100D307
S21401290030BD0F2801D00130ECE7FF20F8E700BF0B
S21401291040420F0010B50C46FFF7ACFFC30943EA6F
S2140129204163C01A61EBD111FFF7D8FFFF2814D01D
S2140129300C4B0F22C3F8802003F1007340F0100007
S214012940C3F8800003F17A439B69DBB2802B06D083
S2140129502046BDE8104000F00DBB012010BD02204E
S214012960FCE700BF007008443B4B082270B501210C
S2140129700546C3F8C8203948394CEFF7EDF9394B0D
S2140129801D702378013B012B0CD8237CE07B0122B0
S2140129909A400C21302313FB001303F1884303F5FF
S2140129A020431A60304B00225A677DB92F4A4FF6F2
S2140129B0FF71D16702F10072F821D1675D672C4B78
S2140129C04FF08042C3F89420002070BD636853B373
S2140129D000F074F9626800EB5203B3FBF2F3013BBB
S2140129E01B0243F0F80326782049224A022E1CD007
S2140129F0032E1D484FF6FF7521D0012E27D143F037
S214012A000203CD67D36707234367237CE07B01225C
S214012A109A400C21302313FB001303F18C4303F57A
S214012A2020431A6011E0F823DDE743F001034FF677
S214012A30FF70C867D3670C4B05225A67E5E743F07A
S214012A400503CD67D367012343670B4BB8E7CD6713
S214012A50D3670023F8E700BF00400E4600350A00A2
S214012A60243700204F45002000000840000008449D
S214012A70004008440000084600400846F8B50646EF
S214012A8004460FCE1C4F3D460FC533682B601B4BCB
S214012A901B480822C3F8C8200121EFF75DF9194A3F
S214012AA000235367A37BE17A1B0443EA0123217ABF
S214012AB00B4393673B78032B1BD8DFE803F0140224
S214012AC0080E617B207B00230422F0F721FA217C8B
S214012AD0E07B00230422F0F71BFAA17A607A012337
S214012AE00422F0F715FA084B1878BDE8F840FFF70E
S214012AF03BBF0120F8BD00BF2437002000400E4632
S214012B0000350A00000008404F450020044BD3F86A
S214012B109430002BBCBF034BC3F88000704700BF46
S214012B20004008400000084008B5064B06491A68F0
S214012B304FF00450920021F061FABDE8084000F021
S214012B4001BD00BFB0D60300B4D6030007B501A887
S214012B50F0F738FC134B144AC3F8442148F2E672E6
S214012B60C3F838214FF40862C3F834210F4AC3F87A
S214012B70A0200F4A4AF63F41916002F580424FF08D
S214012B80C07191620022C3F8FC200A4AC3F89C2057
S214012B90094B7F225A6203F1007323225A6203B063
S214012BA05DF804FB00400840C0E653517A27000F49
S214012BB000300840806D6303003008440F4B00224C
S214012BC010B5C3F88820C3F88C20C3F890200C4AAF
S214012BD00121D1605A6812F0706FFBD14FF0045298
S214012BE0DA67012402F5FD52C3F880401A66054BE8
S214012BF01B689847044BDC6010BD00BF00400840CE
S214012C00004008469812002000400844034BFD226D
S214012C10C3F8C8200122C3F8CC20704700400E46F6
S214012C2038B5FFF7F3FF1B4B1B481C4C1C4902220F
S214012C30C3F8C8201B4B1A6842B102EA0005A54238
S214012C4004BF5D68156008338B42F4D1164B02222F
S214012C50C3F8C820154B164AD3F83C111160154A23
S214012C60C3F8942000F0A2FBFFF770FF124B03227B
S214012C70C3F8D820A3F500530122C3F894204FF4DB
S214012C806072DA604FF04072C3F8F820C3F8102182
S214012C9038BD00BF00400E460000FFFF00000840A0
S214012CA0B081E00F0080E00F00400E440040084075
S214012CB09C1200200048F0000060084608B5EEF7B8
S214012CC05BFA044BD3F81031C3F308230133B0FB8E
S214012CD0F3F008BD00400E4070B5044618B1284D0B
S214012CE02268531C00D170BDC2F30063110C35F885
S214012CF0130011F0FE0F93B243EA0043606818D048
S214012D000434CAB2022A216808D9D4E90160033A18
S214012D10C3E9001698600C340C33F3E704D16268FB
S214012D20C3E900120834DBE7012AD9D1043419605B
S214012D30D6E7120F072AF5D8DFE802F00704090DD7
S214012D401013181DC04303F180631860EAE71A6880
S214012D5042401A60E6E703F1C063F6E71DF01DFF87
S214012D60E0E70122824003F1C063F2E701228240DC
S214012D7003F18063EDE71A6830EA0202FBD1D1E77E
S214012D8096D60300024B0122C3F89420704700BF79
S214012D9000400846024B0122C3F89420704700BF4A
S214012DA000400844024B4022C3F89420704700BFFD
S214012DB000400844024B4022C3F89420704700BFED
S214012DC00040084608B50C4B1B68D3F8943023B175
S214012DD01A68022A01D9186A08BDFFF76FFF074B68
S214012DE01B6D024698B20028F6D0C3F30743D208FB
S214012DF05343B3FBF0F0EFE78C3700200060084048
S214012E00064B5B68C3F30363984206D1044A936B8F
S214012E1023F0F00343EA0111916370470040084034
S214012E20001F00211F4B1B68D3F8943070B52BB1DF
S214012E301A680A2A02D91C6C204670BD1A4DAA6D62
S214012E406B6DC2F34544C2F3CD010134C3F344169E
S214012E5001FB0444C3F3822103F01F0306FB013385
S214012E605C4302F00702114B9B5C5C43640004D098
S214012E70FFF724FF7043B0FBF4F4D5F8E4301905EE
S214012E8005D513F0FF021CBFE401B4FBF2F41A01EE
S214012E90D2D5C3F30A43002BCED0A402B4FBF3F47D
S214012EA0CAE700BF8C370020006008408ED60300BA
S214012EB02DE9F0470E461DF05AFEDFF8B090DFF818
S214012EC0B0A08046002518F03FFFD9F80430C3F3C0
S214012ED00363012B07460BD1711C1AD01DF047FE68
S214012EE0A0EB0805384618F033FFAE42EBD80DE0EC
S214012EF0052BF1D00B2BEFD0023B012B0CD9013661
S214012F0002D01DF034FE384618F022FF1648BDE800
S214012F10F08718F01DFFD6E7DAF808301A04C3F375
S214012F2089140FD4013602D01DF021FE384618F060
S214012F300FFF24B2A4F1C8006FF4FF739842B8BF24
S214012F401846E4E7731C03D01DF011FEA0EB08053C
S214012F506FEA84546FEA9454384618F0F9FE14F573
S214012F60007FC2D0E6E700BF00FEFFFF004008403A
S214012F700070084010F1800F04D04D28DABF3230BF
S214012F8040B27F20044BFF229A6103F10073C0B266
S214012F9098610020704700BF007008440B4B0C4935
S214012FA09A6D70B502F007029E6D8C5C9D6DFFF701
S214012FB085FEC6F3CD0606FB0444C5F3454505FB71
S214012FC004448001B0FBF4F070BD00BF006008400F
S214012FD08ED60300084910B5D1F8703140B11C46B1
S214012FE04A68D1F870319C42F9D1C2F3036202708B
S214012FF003F00F0010BD00BF00400840094BD3F896
S214013000883001F0800103F480030B4309D1064B9D
S2140130104FF400129A61837F1BB1044B0122C3F85F
S214013020F8207047004008400060084400600846E9
S2140130302DE9F0411F4CDFF89080069F0646A2FB63
S21401304003502C1960F1000E9C46A0454FF000037A
S21401305073EB0E0E07D24FF4B4720E21184603F02E
S21401306093FA02201BE00029FBD0C6F3130601EBFE
S2140130705C04B4FBFCF4A4FB0646E40C44EA4634C8
S2140130800D4E34600D4C22600D4A914209D10D4A15
S214013090A5FB025302FB00339B093B600020BDE801
S2140130A0F081C4040A46E80444EA553117F0FAFDF3
S2140130B03860F3E700C9E876383700203C3700204F
S2140130C000F049020A3BB2DF0046C32338B5164D6D
S2140130D02B780C4623B9154B1B6D03F03F032B7061
S2140130E0134BD3F894305B051CD5124BB0FBF3F0B1
S2140130F040F24D534343A3F546430C3B584300F57A
S214013100C91000F5556028B940F21B322B2103F097
S2140131103BFA01202B78084A5343B3FBF0F3002017
S214013120236038BD0220FCE75345002000300840EC
S2140131300040084000366E018096980070B5374C06
S214013140374B256B374C1B682468ED024CBF1B19A7
S2140131501B1BB3F1804F04D8002B3AD1324E1C46CC
S2140131600AE0B3FA83F4314EC4F10204E340304D71
S214013170AB4201D901345B0803EB5605B5FBF6F506
S2140131802C4EB34234BF002601262403013D44EAF7
S21401319086242C430C60D8B1B3FBF0F1642400FB09
S2140131A011336343984288BF01F1FF314808013863
S2140131B001390728204D214C4FEA510311D900212E
S2140131C029700621C4F894101B0243EA0013136009
S2140131D070BDB3FA83F4D4F10204134EC6D50024AD
S2140131E0C5E71029EBD068B1012129700621C4F882
S2140131F09410134909780029E6D012490224C1F82F
S2140132009440E1E7012914BF0121002129704FF004
S2140132100601C4F89410ECD1D6E700BF0030084090
S2140132203C37002038370020E0673500C0CF6A0001
S2140132303FBE4025401B5F13504500200040084418
S2140132405145002000400846084B5B6B03F0070021
S214013250C3F3C20213F0380F18BF5043C3F38212F0
S21401326013F4E07F18BF5043704700BF003008409A
S214013270034BD3F8380180F01000C0F300107047FC
S21401328000400840174B4FF4002210B5C3F89420B5
S214013290154C164BB0F1804F88BF1C46144BDA6CA8
S2140132A0D2071DD51B6F134A04F5F42404F5907458
S2140132B0B4FBF2F4033CE4B203F00703A34202D0EA
S2140132C02046EFF73FFD0C4B1B784BB10B4B4FF4F1
S2140132D07022C3F8942003F100732404C3F89440C9
S2140132E010BD00BF00400846E0673500C0CF6A0049
S2140132F000300E4040420F00524500200040084476
S2140133007FB50446EDF774FF1C4B06462C33586810
S2140133100093A37922683146FFF78AFE054648BB2B
S214013320A379012B14BF164916491022C1F838217A
S214013330206815495843FFF7C9FE03AA02A930467B
S214013340FFF7FCFE0F4A43F6FF53C2F8A4300C4BBE
S2140133500299C3F8A4104FF4EE611163039A1A633D
S2140133602068FFF78FFF094BA2881A6203F54053C6
S21401337000229A63284604B070BD00BF00300840A2
S214013380004008460040084450300840000008400D
S21401339008B5044B01221A70034B1868FFF772FF39
S2140133A0002008BD524500203C370020024B4FF458
S2140133B08062C3F894207047004008460D4BD3F84E
S2140133C00421D3F8B030D2B2FF2A03D043F3074327
S2140133D0591C01D190221923074903EBD37302EB41
S2140133E06302022381F84630232381F8472081F8BF
S2140133F0453070470081E00F001F0021044A5368E2
S214013400C3F30363022B04BF80239360002070473D
S214013410004008402DE9F04F384C0A4685B00D466D
S2140134200021814620F0C4FDD4F8C83043F06C0278
S2140134309A4204D00025284605B0BDE8F08F304BEF
S214013440DB68D907F6D402F00FFF0028F2D0D4F8D3
S2140134501061C6F30826002EECD12A4C2A4BD3F86D
S2140134601880D4F884300193284B4FF060529A614B
S21401347003F100734FF000629A612423C4F884308C
S214013480234B04221A604FF4804A4FF48053C4F849
S21401349068A0B3466362AB4512D31E4B04221A6082
S2140134A0184A019BC2F88430184B4FF0605199615D
S2140134B008EA010318498B614FF480439366BAE723
S2140134C0226E5204FCD52268D305F9D5C4F868A04B
S2140134D00136D4F888200392012EDCD9A5EB0B0720
S2140134E0042FA8BF04273A4609EB0B0003A95F4443
S2140134F020F084FD1FFA87FBCDE700BF00400E4099
S2140135000040084000000840006008400060084491
S214013510004008460040084400600846074BD3F8C0
S214013520D8304FF604014FF605029BB28B4208BF16
S2140135301346034A01209365704700BF0081E00FE0
S2140135400050084070B5194C0FCC86B001AD0FC5C0
S214013550C822236816482B60002120F029FD7C2212
S2140135600021144820F024FD134B144AC3F8F02020
S214013570FFF724FF124B1B782BB101AD0FCD0B4E7D
S2140135800FC62B6823600F4B0F4AC3F8DC2F0F4A78
S214013590C3F8E02F0E4AC3F8E42F02F1957202F247
S2140135A07112C3F8E82F06B070BD00BFC81F002116
S2140135B0381F0021BC1E0021001F00213F003700DC
S2140135C047450020001000210200620209C8057864
S2140135D00708DC060A4B197801F0FF0229B1002121
S2140135E0197008499202C1F8A020597801F0FF022B
S2140135F029B1002159709302024AC2F8A4307047DB
S2140136005445002000000846074BD3F8E40E074B4C
S214013610D3F88C301A0103D4054B1B6E1B0401D55D
S21401362000F58070704700BF001000210040084080
S2140136300000084008B518F087FB0F4B1A78B2B99E
S2140136400E4A126812F4843F11D10D4A1021C2F8B5
S21401365094101B786BB9094B1B68DB0509D4084B22
S2140136602022C3F89420BDE8084018F071BB054A33
S214013670ECE7044BF4E700BF584500207017002024
S214013680004008440040084610B518F05DFB0E21C6
S21401369004460320FFF7B4FB044B40F20122204608
S2140136A05A62BDE8104018F053BB00BF0000084046
S2140136B0044B00221A70044B197811B11A70FFF7E7
S2140136C0B9BF7047574500205845002008B518F087
S2140136D03BFB244B4FF08052C3F88020BFF34F8F43
S2140136E0BFF36F8F4FF48072C3F88020BFF34F8F04
S2140136F0BFF36F8F0222C3F88020BFF34F8FBFF353
S2140137006F8F1022C3F88020BFF34F8FBFF36F8FE8
S2140137102022C3F88020BFF34F8FBFF36F8F4FF087
S2140137200052C3F88020BFF34F8FBFF36F8F802204
S214013730C3F88020BFF34F8FBFF36F8F4022C3F8CB
S2140137408020BFF34F8FBFF36F8F4FF00042C3F857
S2140137508020BFF34F8FBFF36F8FBDE8084018F08E
S214013760F7BA00BF00E100E008B518F0EDFA0D4B1E
S2140137704FF080521A604FF480721A6002221A606B
S214013780002283F8012310221A6020221A604FF0CB
S21401379000521A6080221A6040221A60BDE8084072
S2140137A018F0D6BA00E100E070B5084C012323708A
S2140137B0074B1E68074BD3E9005332401940284097
S2140137C001F0A4F90023237070BD00BF5645002008
S2140137D044370020701700202DE9F047DDF820A0BF
S2140137E003EA0108099B06460D4602EA000703EABA
S2140137F00A09BAF1000F40F04981031F0B4300F09C
S2140138000F81052871F1000380F0E38050EA01037F
S21401381000F05C81431E0B4300F01D81FFF756FF4D
S214013820AB4AD2E9004323EA050324EA06043C43F3
S21401383043EA0807A74BA84D1E68DFF8EC8226EA84
S2140138400A0646EA09061E60C2E90047FFF7F2FECD
S21401385014F02A4F14BF48F202034FF40043B00796
S2140138609E48C26E48BF43F4005383EA020122EA2F
S2140138700302EA669A4A81660B40D366C4F3804225
S2140138801203210348BF42F48072E30648BF42F4A4
S2140138900052A50648BF42F4007260069148924D58
S2140138A0D0F80C3248BF42F48062210648BF42F489
S2140138B0006282EA030123EA0203C5F80C328B4B4D
S2140138C0C0F808120A40C7F34025AD04C3F80C221D
S2140138D0E20448BF45F48035A30348BF45F480158C
S2140138E0A00748BF45F4001514F4001F06D0D8F809
S2140138F000001DF0B8FB08B945F40025E1027C493B
S2140139007C4848BF45F40035FA0648BF45F48005B3
S2140139100A6A730748BF45F0040585EA020323F0E7
S21401392001031A4002621D40CB61734B73481D624E
S214013930734B744A16F0010F18BF1A46836E7D0743
S21401394048BF42F40012704D82EA030123EA0203E3
S214013950AB666E4B41660A4000F500509A66C16B35
S21401396004F0010305F5005581EA030221EA03018B
S214013970E96382631A40664BDA63D8F800202002B6
S21401398048BF644B92F8E92058BF634B610748BFB4
S21401399043F4806322B114F4C06F18BF43F48073FC
S2140139A05E485F4CD0F8EC10320748BF43F0004346
S2140139B083EA010222F4A0221140C4F8EC1013405D
S2140139C0C0F8E820574ABDE8F047C2F8EC30FFF7E8
S2140139D0CBBEA0F580630B4306D020F48063A3F52D
S2140139E000730B437FF41AAF18F0AEF93849D1E9EA
S2140139F0003223EA060322EA050242EA08023B43B2
S214013A00C1E90032484A126892F8E9200AB313F471
S214013A10C06F1ED0434B4FF48072C3F8EC2014E005
S214013A2018F092F92A4AD2E9003123F004033B4305
S214013A3041EA080157EA0807C2E9003114BF394ACA
S214013A40374A4FF48063C2F8EC30BDE8F04718F00F
S214013A507FB9334BDFE718F077F91D4AD2E9003119
S214013A6023F001033B4341EA0801C2E900312F4A32
S214013A7057EA08074FF0010315BF93632C4902F17B
S214013A80C062CB6314BFD3639363DEE750EA0103DE
S214013A907FF4C4AEBAF1010F7FF4C0AE18F054F94A
S214013AA00C4A136823F0010343EA09031360134A1F
S214013AB04FF48063B9F1000F04D0536602F1C0627F
S214013AC09366C2E710498B665366BEE7BDE8F0878A
S214013AD0701700204437002000000844000008400A
S214013AE00000084600600840006008440060084680
S214013AF00040084000400844004008460050084086
S214013B00041C500004185000005008440050084699
S214013B10007008460D0A0A09090A0A090010084039
S214013B2000100844001008468C370020007008403A
S214013B3000700844024B5868C0F3C000704700BFCD
S214013B4070170020024B186800F00100704700BF94
S214013B5070170020024B5868C0F3C030704700BF92
S214013B607017002010B50446FFF75AF8FFF7AEFDB0
S214013B7004F14C0002F02EFEFFF720F8FEF76EFB74
S214013B80FEF7DAFB03F0BCF81049114AD1F8F81039
S214013B90072304F1A40003F0EFF84FF440010020DE
S214013BA0FEF732FD4FF400110120FEF72DFDFFF761
S214013BB0B5FC20B940F2E722142102F0E5FCFFF73C
S214013BC0E7FBBDE810400120FEF7CEBE001F002136
S214013BD06C1F0021084B8022C3F8882003F17E4326
S214013BE00822C3F88820054AD2F8BC3E23F02003F9
S214013BF0C2F8BC3E704700BF0040084600100021D6
S214013C0008B518F0A1F8FFF7E5FF034B01229A600B
S214013C10BDE8084018F09CB800400840F8B5194CBB
S214013C2005462078B0FA80F040F206423E2140096F
S214013C3002F0AAFC55B96078B0FA80F0BDE8F84009
S214013C4040F206423E21400902F09EBC0E4F0F4D47
S214013C50D7F8A0304FF44066C3F381232370C5F82C
S214013C60A0606078B0FA80F040F206423E2140093A
S214013C7002F08AFCD7F8A430C3F381236370C5F839
S214013C80A460F8BD54450020000008400000084428
S214013C90F8B50B4C0B4DD4F888300B4F0423C5F800
S214013CA08830D4F888305B0300D4F8BD0426C7F802
S214013CB0886002201CF071FFC5F88860F1E700BF3C
S214013CC00040084000400846004008441C4B70B5C0
S214013CD0D3F888601B4D03F18063A822C3F88820BF
S214013CE010221A60184A194B93666B66FFF772FC2E
S214013CF0174B1B7813B90320FEF752FB00242C67E1
S214013D00FFF7C6FF134A144BD2F8E41E0B40C2F865
S214013D10E43E124B0422C3F88820114BB206C3F8C6
S214013D20C44008D503F580739B6CB3F5817F22BF31
S214013D30034B80229A60BDE8704001F0A3BE00BF2D
S214013D40004008400050084000500844100000029F
S214013D505B45002000100021DF0000FF0040084402
S214013D60001E002110B549B918B3144A53681B0E3A
S214013D7013F00E0F1DD113689A061AD4FFF784FCB0
S214013D800E4C0020FFF726F9032801D0092806D19A
S214013D90D4F88C30DB03F4D4636F0C2BF1D9FFF726
S214013DA077FF074B0122DA6003F17E430422C3F852
S214013DB08820044B4FF4C0625A6210BD0040084090
S214013DC0004008460060084408B503210920FFF7B3
S214013DD017F8024B20229A6008BD00BF0040084039
S214013DE038B5054617F0B0FF044602F0AFFC35B112
S214013DF0FFF75EFC2046BDE8384017F0A9BF084B28
S214013E001B78002BF6D0074B1D78002DF2D1FFF75B
S214013E104FFC2A464FF480400021FFF7C5FCE9E736
S214013E2057450020564500202DE9F84F564B0646CB
S214013E30D3F888300D461446002A40F0A28013F0CD
S214013E40A00F14BF4FF001094FF00009DFF85481AD
S214013E504E4F01F017FEA023C8F888300320FEF766
S214013E609FFA0420FEF79CFA4FF0000AFFF720FCA9
S214013E70474BFB66C7F870A0FFF70AFF454BD3F820
S214013E80BC2E42F02002C3F8BC2EFF22C8F8002048
S214013E903D4A4FF480719160D3F8E42E3E494FF0CD
S214013EA0040B1140C3F8E41EC8F888B0C3F8C4AECA
S214013EB0FB6813F0060F04D0FEF730FC5846FEF7F9
S214013EC06FFAB9F1000F08D0344B4FF40062C3F813
S214013ED08820334B4FF400425A6666B1304B5B6C18
S214013EE0180701D4FFF7D0FBFFF76EFF0420FEF79B
S214013EF057FAFFF76FFB244BDA68D1073FD55A68AC
S214013F0012F0706FFBD1274B274AC3F88820274A47
S214013F10936B23F0F003936315B12046FFF760FF20
S214013F20234BD3F8B4305A1C01D05B0002D51D4B8D
S214013F300122DA601CB31A4BDA6E9A66124A136AC9
S214013F4023F00103D3611B4BD3F80C22C3F80822DC
S214013F50A3F54053DA6F9A67A3F50053D3F8EC2024
S214013F60C3F8E82003F5C043DA6B9A63A3F5005360
S214013F70114A5A660B4B4FF60842C3F88820BDE833
S214013F80F88F4FF0000961E70040084000500840F4
S214013F900000010100100021DF0000FF004008467C
S214013FA0000008400040084410003000001F0021B7
S214013FB00081E00F006008405000F0029A4B196E35
S214013FC0DA6E2DE9F04F01EA0209C3F8689003F5AD
S214013FD0805385B0D3F8E060D3F8EC201640C3F8E0
S214013FE0E86003F5A043D3F80012D3F80C2201EAE7
S214013FF0020AC3F808A2A3F5005359691A6A01EA2E
S21401400002088A4A08EA0202DA61894BD3F80022DA
S214014010910006D4D3F800319A00C3F3407740F1FB
S214014020E18017F091FE834BDA68DF6D12F0060F20
S2140140309A6E07EA020727F4800222F4006214BF90
S2140140404FF0010B4FF0000B5A667B0704D57A4AF6
S214014050537D0133DBB2537517F07AFEB9F1000FC9
S21401406000F0DF8019F4004427D017F06DFE0146FA
S214014070FFF7CAFA6F4D0446AA69AB699A42FCD0AB
S214014080AA699342FCD0FFF7BFFAA04240F0AC8089
S214014090084617F05DFE694B1C60694BD3F88850E3
S2140140A015F4E05240F0A28024F07F4424F0DF04AF
S2140140B00CB9FFF70BFE4FF0807419F0020F4FF0AA
S2140140C0000516D05E4B5F49D3F8883003F4604292
S2140140D0C1F88820002A00F09E801D0400F19E8011
S2140140E013F4005F0CBF4FF000534FF000631C4306
S2140140F00025C9F340394FEA4909534B3340002B99
S2140141004AD016F4206F0AD040F60F02062100208E
S21401411002F03AFA0020FFF763FE26F48026F00547
S21401412006D5484BFF221A6044F4C064FFF7ACFA88
S21401413016F0090F0AD040F624020821002002F0EA
S21401414023FAFFF741FE414B01229A6216F0106FE7
S2140141500CD040F62D020921002002F015FAFFF7D7
S21401416033FE00221146104602F0C8FA16F4202F3C
S2140141700AD040F635020721002002F005FA002099
S214014180FFF72EFE26F48026F10301D502F006FC89
S214014190002EB8BF49F0080972070DD52B4B5B6A94
S2140141A013F4005F14BF2A4A2A4A4FF400531ABF79
S2140141B0536244F400045362730548BF44F0040498
S2140141C016F4802600F0AA8002F0B2FB0138062819
S2140141D042D8DFE810F021012401210127012A013C
S2140141E02D012D01BB4639E7044645E70192FFF74D
S2140141F06DFD144B019AC3F8882015F4805307D13E
S21401420015F4806F0CBF4FF080544FF0806454E774
S2140142104FF0804451E74FF0007368E74FF00043DA
S21401422065E74C464D4668E7000008400000F7FF8A
S21401423000E100E0005008404837002040370020E9
S2140142400040084000400844090B0B890010084054
S214014250001008440010084640F6660203210020BC
S21401426002F092F97C4A136ED2F8800003F007033D
S2140142700633012101FA03F3C0F30C001B1A9BB2AB
S214014280072B13D9754BD3F8883058020ED47448CF
S214014290136B126DC06C58B103F0070306339940D7
S2140142A0C2F30C03C91A89B2072901D844F4007471
S2140142B06C4B1B78002B31D0674BD3F8E03013F4EE
S2140142C0A02F2BD1684B694A1B7893B9FB0410D4F5
S2140142D0137873B1E308664943EA457383F0010333
S2140142E0D1F8E41E03F001035B0021FA03F39807FB
S2140142F014D10420FEF754F85E4B5F49D966FFF7E8
S214014300D7F95A4A13782BB95C4B5D4A1B68234090
S214014310134201D144F4804427F48057BAF1000FC8
S2140143201DD01AF4805F18BF44F480241AF4807FED
S21401433018BF44F400241AF4005F18BF44F01004B8
S2140143401AF4007F18BF44F020041AF4806F18BFD7
S21401435044F040041AF4006F18BF44F08004B8F12A
S214014360000F3BD018F4802F18BF45F4007518F4E1
S214014370803F18BF44F4805418F4801F18BF44F4DB
S214014380003418F4001F18BF44F0020418F4003F6C
S21401439018BF44F4801418F4800F18BF45F01005B8
S2140143A018F4002F1AD0324BD3F8BC3E13F0C00FCE
S2140143B014D02A4B5A68C2F30362032A01D0072A93
S2140143C007D1D3F88C20D10603D4D3F89020120756
S2140143D031D54FF40022DA6128F40028002F00F0CE
S2140143E00D81380540F18180264ADFF888A0D37810
S2140143F0002B4DD0013B4FF40061DBB2CAF86410CC
S214014400D37033B9204B1B78C3B1204B40F6014221
S214014410DA660023002266E044F4803422E744F49E
S21401442000641FE744F480641CE744F4807419E7D1
S21401443044F0080416E744F40014CFE7DAF87030C5
S21401444013F4A05F15BF4FF4807340F60143CAF81A
S2140144505030CAF87030DCE70010084000400840D1
S21401446000000840584500205745002059450020C7
S21401447000100021005008400000010170170020C4
S214014480088D01004A4500205B4500200050084683
S2140144900320FDF785FFDAF80C30A848A84913F089
S2140144A0060F02BFA74B41F61F72DA664FF4006390
S2140144B0CAF86430DAF80C3013F0060308BFCAF8FD
S2140144C07030C38A13F4006260D023F40063C382A1
S2140144D00B7803F0FF0A002B5CD1FEF71FF9FFF7FC
S2140144E0F5FB534620221C431543B9010BD52E205C
S2140144F0FEF70CFB934A4FF00073936602F17C4281
S21401450045F008055366FA0608D52B20FEF7FEFA95
S2140145108C4A1023936602F17C42536617F4E00F2F
S21401452005D1FB045ED5BBF1000F00F0AC80B802EC
S21401453010D52920FEF7EAFAFFF7FCFA40B18249C6
S214014540824A834B53668B6682494968490424D460
S21401455045F0040517F4800BDFF8F0A129D00420FC
S214014560FDF71EFF2720FEF7D1FAFFF7AFFB4FF44A
S2140145708003CAF86430784BD3F8E42E50067CD416
S214014580764B02221A6045F0020528E00B784FF4BC
S2140145900053A8E74FF400433CE76A4920208B66A6
S2140145A05366FEF7B3FA2D2045F00C05FEF7AEFA7A
S2140145B0D0E7FA024CD50420FDF7F2FE2820FEF7DC
S2140145C0A5FADAF87030002B3FD1FFF77FFB5D4A82
S2140145D05F4B936602F17C4245F0010553665B4BE7
S2140145E000221A657B0509D55D4A9378002B00F0F9
S2140145F09880013B9370002349EA03094A46204606
S2140146002946FFF7D1F80EB102F0BAF918F4002FD7
S21401461000F08C804F4B4FF40022DA6118F0206FC7
S21401462000F0888018F0007F01D0FDF767FC18F0D5
S214014630006F01D0FDF77EFC002200204FF40061E0
S21401464005B0BDE8F04FFFF7AFB8CAF870B0BEE7E7
S214014650FB04C4D50420FDF7A3FE424BCAF86C3018
S214014660FEF75CF8DAF85C3013F4A00FB7D12A2015
S214014670FEF74CFAFFF72AFB7DE7D3F8BC3E990616
S21401468081D4394B7DE7364A13794BB1013BDBB216
S214014690137113B92C4B354ADA6600231C43A1E784
S2140146A00420FDF77DFE0320FDF77AFE274B2D4AF9
S2140146B0DA6617F049FB82460DF10F00FEF78AFC19
S2140146C02B4B1B7883460BB1FEF7DEFFBBF1030FC6
S2140146D00ED1DFF880B00020FEF77CFC032807D15E
S2140146E0DBF88C30DA03F6D4DBF874300C2BF2D915
S2140146F09DF80F30032B06D11E4B012250461A702F
S21401470017F026FBC9E71C4BD3F8E03013F4A02FB3
S214014710F2D1FEF7CDFF504617F01AFB4FF4804357
S214014720BCE70220FDF73CFE012365E7B8F1000F68
S2140147307FF474AF05B0BDE8F08F00BF48370020A6
S2140147405B450020005008440050084600500840D1
S21401475010000002004008400010002100400844FC
S2140147604A45002000000101004008460000010DF6
S2140147705A4500205745002000100840014B1B6891
S214014780184700BFAC120020034A0123136202F14E
S2140147907C42D361704700BF004008440B4B10B504
S2140147A05C691A6A1440A2B2DA61E20704D5586855
S2140147B0C0F30360FFF7E8FF630706D5BDE81040C6
S2140147C0042200200021FEF7EFBF10BD0040084084
S2140147D00C4A08B5136BD16B0B409363DB070FD5FF
S2140147E0094B187840F6AC22122100F0010001F0C6
S2140147F0CBFEBDE80840002201200021FEF7D4BF11
S21401480008BD00BF0070084070170020044BDA6F27
S214014810D207FCD41A6FD96F0A409A67704700BF57
S2140148200030084070B50D46144617F08DFA064B59
S214014830D3F8BC6E74402C407440C3F8BC4E17F0DD
S21401484087FA05EA060070BD00100021034BD3F875
S214014850BC3E99430CBF0120002070470010002188
S2140148602DE9F04117460A43012A9DF818409DF8A4
S2140148701C60DDF820801D4629D8B44227D2082EB8
S21401488025D8032B23D8B8F1000F20D00A460021E3
S21401489001F060F8EB00FF219940DFF838C0C9430A
S2140148A008F1FF38FF00E2B2964202D80020BDE8C8
S2140148B0F0813D190CEB850518F8010FD5F8EC20B1
S2140148C098400A401043C5F8EC000134EBE701209C
S2140148D0EDE700BF001E002109490A4AD1F8EC00A5
S2140148E010B504230124C2F8EC308C624FF4005159
S2140148F05162410744BF02F10072C2F8EC3010BDAC
S21401490000100840001008442DE9F7438E780F2E5A
S21401491080460C4603D9012003B0BDE8F08326B9D2
S21401492001232E4A00201370F6E70D7891F80190C6
S214014930002D3BD1B9F1000FEDD194F90310E088B9
S214014940FDF7E8FF0128E6D055EA0903A088244FC1
S21401495032D1FDF701FF23498A6D4FF6040583B274
S21401496092B24FF60500AA4208BF02463A800825D1
S214014970802201278F658A672A461A4903B1013BBF
S214014980013ECB62F6B2002301930096012329462D
S21401499008F1A400FDF720FF1FB1134B4FF480125E
S2140149A0DA64124BA2681A600223BAE7082DB2D85D
S2140149B0B9F1080FAFD8C0E7FDF7CEFE3A884FF63B
S2140149C004039A421EBF07498A653B80A9454A46A9
S2140149D083B238BF2A460027CFE700BF5C450020D8
S2140149E0B2150020005008400050084664370020E9
S2140149F00C4BD0F8C42010B5C3F8C020027C044686
S214014A00120202F400624FF40061FFF70BFF237CF1
S214014A1013F0080F14BF044A044A4FF40073C2F897
S214014A20883010BD001E00210040084600400844A2
S214014A3037B5204D0C4641B90A460721FFF7F2FE6D
S214014A401D4B2C635C6003B030BD07221146FFF797
S214014A50E9FE1A4B07225A60237985F830306379CC
S214014A600193012101A81CF0B8FC019BC2B2D340FE
S214014A7000F00F0040EA031085F83100A27985F8AE
S214014A803220E27985F833202068686383B1028892
S214014A9001218B4205D82379013B1344084A9361CF
S214014AA0D1E730F81150AA4228BF2A460131F0E773
S214014AB01A46F0E7001F0021301F002100000844BD
S214014AC000000840431C07D0044B6FF0FF029A61B8
S214014AD003F1007310409861704700BF00700844EE
S214014AE000F01803182B0AD003070AD410F01000A0
S214014AF040F2011318BF1846034BD86470470020D4
S214014B00FAE70120F8E700BF001F0021344B2DE92A
S214014B10F7431E6801F4007900F00103174653EAD3
S214014B20090205460C462ED04FF0000803B30023B9
S214014B30002201200021CDE90088FEF74DFE414606
S214014B403046FEF7B5F941467083012001F092FB2D
S214014B50716B06F1A400FEF751FA22490868FFF7C7
S214014B60B1FF4FF0FF330B60337C43F00403337423
S214014B70B9F1000F07D0012130461BF030FF24F4B5
S214014B80007405430C43D6E93E232A40234052EAEB
S214014B90030103D01449304609688847FB070FD53F
S214014BA01249134A0868136800211160114A01214D
S214014BB0117003B19847104B00215B68022098479B
S214014BC017F00E0F08D040F2F3123B21002003B07D
S214014BD0BDE8F04301F0D8BC03B0BDE8F08300BFE8
S214014BE08C370020B0120020B41200207437002049
S214014BF0783700205F4500208C120020044B18688F
S214014C00830654BFC0F30F204FF6FF70704700BFF6
S214014C1040370020F7B50446D4E93EC71046DDE923
S214014C2008268CEA020587EA06010540194085EA4E
S214014C300C057940C4E93E5123F4004106EA01031C
S214014C4020F00100002543F40073024043F0020304
S214014C50CDE90055FEF7C0FD237C9A0717D5D4F899
S214014C60FC309B0513D54FF4881120461BF0B7FE88
S214014C70237C65F341032374D4E93E2302400B40B1
S214014C8052EA030103D003492046096888470020F9
S214014C9003B0F0BDB412002038B10368044A002BFB
S214014CA008BF1346034A13607047014BFAE700BF7B
S214014CB06D0C0300B4120020024B986B00F00F003D
S214014CC0704700BF001F00210F2938B505460C4666
S214014CD00ED801F0DFF801280CD1074A936B23F0B8
S214014CE00F032343936328461CF09AF9002038BD2E
S214014CF00120FCE70220FAE7001F0021014BD86BD8
S214014D00704700BF001F0021014B0020D963704788
S214014D10001F002103282DE9F7434CD8274B13F831
S214014D200080274B1E5C274B13F8009017F00CF8F9
S214014D300746FEF707FF054640B10023CDE90033DD
S214014D400022002301200021FEF746FDFEF702FFA8
S214014D5048B10023CDE900330022002300204FF4A0
S214014D600041FEF739FD26B3174B5C6C04F00804CE
S214014D70164B31465C644046FEF7F4FF4A46314620
S214014D804046FFF751F8124B5C6465B1114B186849
S214014D90416BA430FEF732F90F490868FFF792FE1F
S214014DA04FF0FF330B60384603B0BDE8F04316F012
S214014DB0CFBF3446DCE703B0BDE8F083A2D60300DC
S214014DC09ED603009AD6030000000840000008445F
S214014DD0000008468C370020B0120020104AD2F896
S214014DE0883013F0A00F16D1D2F88C0010F0040012
S214014DF013D10C4BD3F8E43E23F07F4323F0FF039B
S214014E005BB15368C3F30362092A07D0B2F10C0001
S214014E1018BF01207047002070470120704700BF6F
S214014E20004008400010002170B50D46064620B926
S214014E30194B1B68A3B1032011E001F02BF80128E0
S214014E4028D1164B93F90040C4F11C04641BC4F12D
S214014E501C03002BB8BF5B42232B0CDD012070BD69
S214014E6081EAE173A3EBE173DBB2232BF6D80B4B9C
S214014E7019700020F3E7B57416F066FF084A536907
S214014E80E40223F4FF2304F4FF241C43546116F0C8
S214014E905FFFEEE70220E2E78C3700205D45002049
S214014EA00070084018B9034B93F90000704790F959
S214014EB0120070475D45002008B5FFF799FD16F012
S214014EC043FF074AD2F8BC3E23F02003C2F8BC3E9B
S214014ED016F03EFF034B02221A60002008BD00BFF9
S214014EE0001000210040084690F8C23053B9074B25
S214014EF0DA69920208D49B6F13F4706F14BF012015
S214014F00002070470020704701207047006008406D
S214014F10F8B5436B02EA010523EA01032B43436319
S214014F20344A01F00B030C4623EA0501516402F1F1
S214014F3000722B4061070646536411D50121FFF725
S214014F40D3FF68B1FEF7A4FE15F0040F14BF2A4A7A
S214014F502A4A4FF40073D361294B0422C3F88820F0
S214014F60E20606D515F0100F264B14BF00221B22B1
S214014F70DA6423061DD52F0616D51F4B4FF40012F3
S214014F809A6103F17E430122C3F8F82016F0DCFE95
S214014F900E2107460320FDF733FF1A4B40F201228C
S214014FA05A62384616F0D4FE294606F1A400FEF7EA
S214014FB025F8E00503D5E90516D5FDF7EBFEA205B4
S214014FC003D5AB0513D5FDF7F5FE14F0600F09D038
S214014FD0D6F8941030461BF04AFE0B4B98640B4BE8
S214014FE080229A600020F8BDFDF7CCFEE7E7FDF7CA
S214014FF0D9FEEAE70000084400600846006008445D
S2140150000040084400000840001F002100400840FE
S214015010014B1868704700BF7037002037B5012371
S21401502000240022CDE90034002310461946FEF77D
S214015030D3FB0220FDF7B4F9054D064B21461C6053
S21401504002206B6898472B6803B0BDE830401847CC
S2140150508C120020783700202DE9FF4102290390A9
S2140150600C461546984605D1FFF7D8FF002004B038
S214015070BDE8F081194E16F067FE336807463BB16E
S214015080AB4205D016F064FE002333600120EEE744
S214015090134B3560C3F8008001230022CDE90033AD
S2140150A0002310461946FEF797FB0E4B00250220FB
S2140150B01D70FDF775F922462B4603A90220FDF760
S2140150C08DF9094B039A1A60084B1B6804469847EA
S2140150D0384616F03DFE002CC8D1D5E778370020BB
S2140150E0743700205F450020703700208C120020A6
S2140150F0044BDB6D5B055ABF034B1878012000F0AB
S21401510001007047005008405F450020014B986938
S2140151101BF050BD00600840014B98691BF060BD54
S2140151200060084070B50E4616F00EFE054600F00B
S214015130D5FE044620B1284616F00AFE204670BD6C
S214015140FEF7A6FD114B3278D3F8E43E022A23F08F
S214015150F00316D0101F42424241520043EA0213A6
S2140151607278022A0FD0111F4A424A41520043EA7E
S2140151708213064AC2F8E43E054B0422C3F888208F
S214015180D9E70122EAE70122F1E700BF001000217A
S2140151900040084470B50E4616F0D6FD054600F0F0
S2140151A0B5FE044620B1284616F0D2FD204670BD55
S2140151B0FEF76EFD104B3278D3F8E43E022A23F058
S2140151C00F0315D0101F424242415200134372781A
S2140151D0022A0FD0111F4A424A41520043EA820373
S2140151E0054AC2F8E43E054B0422C3F88820DAE7F4
S2140151F00122EBE70122F1E70010002100400844FC
S214015200F8B50E7890F8D070044630460D46FCF797
S214015210C3FC002844D094F8D030B34208D1AA8801
S214015220636C9A4204D16A88B4F8D2309A4235D077
S21401523084F8D060AB88A4F8D4306B88A4F8D23058
S214015240AB886364FF23637530461BF057FC04F19B
S214015250D00520752846FCF783FF10BB2846FCF7CF
S21401526091FCF0B9D4F8903053B194F8D010B9420B
S21401527006D0B3F912202046EEF758F984F8D90083
S2140152802046FCF76FFE0949A4F8D400084AD1F875
S214015290F810012304F1A40001F06EFD0020F8BD12
S2140152A001200E2384F8D030F9E700BF001F00214B
S2140152B06C1F002170B5054690F8D0000E280C46EC
S2140152C01DD0FF291DD01AB10F4B4FF0FF321A60C7
S2140152D01BF014FC064695F8D000FCF707FD844247
S2140152E028BF0446E4B2B44238BF3446E0B268751B
S2140152F0FCF798FDA0F1FF035842584170BD02200B
S214015300FCE70120FAE700BF94120020C36B012BD3
S21401531001D10020704770B5364BD0F89060D3F8B5
S214015320F830C0F8943086B03146058B04461BF041
S2140153307CFCB3898DF80600D6E90121EB1A9BB2F5
S21401534001FB032268460021ADF804300092FDF708
S214015350D7FF38B9284B228BDA63FCF7CFFE20B192
S21401536006B070BD022006B070BD227C60F341021B
S21401537022741BF01DFCD4F890305969431EDBB231
S21401538009680291FD2B02460BD9CD1C09D91B4B8E
S21401539001311B680CD0D81C07D802A920460293FD
S2140153A001E002A920461BF07EFB002006B070BD7E
S2140153B0D91C04D802A9204602931BF074FBD4F82A
S2140153C0FC309B0504D4237C43F002032374ECE7F2
S2140153D04FF4803120461BF002FBD4E93E23024005
S2140153E00B4052EA0301E0D0054920460968884788
S2140153F0DBE700BF001F0021003008409C120020A0
S214015400B412002038B505460C4641B11BF0C4FD68
S21401541028B14FF400312846FFF718FA0434204625
S214015420FDF79AF9024B4042C3F8D40E002038BD6E
S2140154300010002170B54C30814214BF0C46002488
S214015440164616F081FC0D494A684FF49C53C2F388
S2140154500362D340DA07054603D5D1F888309B03AB
S2140154600AD420460122314601F048F9044628466E
S21401547016F06EFC204670BD0324F8E70040084095
S2140154802DE9F74F06461546084619B9012003B01F
S214015490BDE8F08F002AF9D0032904D8002101F0D5
S2140154A091FA0028F2D082780488037990F805B042
S2140154B0C788B0F90000002802F00701C0F2D180C9
S2140154C0A1F1070CDCF1000040EB0C000529287364
S2140154D08CBFC2F300100020C2F3801C68739009D1
S2140154E085F810C000F00200C2F3C00C40EA0C00C0
S2140154F0C2F340126874AA74AF820BB996F8CA3028
S214015500013BDBB2EB74736BD80600F1968006396B
S214015510012900F29280544BDB6C544B5A6B1B6B87
S21401552003F0070306334FF0010909FA03F909F1FD
S214015530FF39083C42F0005804EA0904002318F831
S21401554004A0AB60013404EA0904631D03EA0903FD
S2140155505A1C02EA090218F8037018F80220BAF178
S214015560800F47EA0227727C18BFAAF1320A3BB2C3
S21401557014BF4FFA8AFA6FF07F0AC7F30B079AB384
S2140155800020D6F89C300BB151469847631C03EABD
S2140155900903E87385F80EA018F80310013303EA2F
S2140155A0090318F80320013303EA090341EA02213B
S2140155B018F80320013303EA090341EA024118F807
S2140155C003006A7C002341EA0061304601F0A2FC38
S2140155D02860737C042B03D1022FDCBF01302860C6
S2140155E00423AB71002052E7D90422D5D6F89420C3
S2140155F09AB11368022B10D992F82400FB0008B167
S214015600B3FBF0F39B45BBD8002BB9D0CBEB0B20FB
S214015610B0FBF3F0C043C0B2B3E730461BF0A0FBCB
S214015620019030461BF08CFB019BB3FBF0F0C0B23F
S214015630E4E718F804004000EDE70023EB730C4B99
S214015640DA68C2F30723120448BF63F0FF035AB2B5
S21401565012F1800F1CBF323B5AB20023AA732B6093
S214015660BFE7022013E700BF000008400010084013
S2140156700070084038B58D880C461BF071FBEB00B6
S21401568080B1B3F5803F0DD8074A430902FB0533C5
S21401569022680009B3FBF0F31A4407232260A371C2
S2140156A0002038BD0220FCE720A1070070B50A4B98
S2140156B00A4DD3F8EC604FF48064C5F8EC40002046
S2140156C0FEF78EFB4FF400536B65730544BF044B26
S2140156D0C3F8EC4070BD00BF00100840001008443D
S2140156E00010084611F5004F1FBF01F30E01044BD1
S2140156F0C1F30E01002014BF19640120704700BFDA
S21401570000300840F8B504460E4641B9037C5A06F7
S21401571041BF4FF6FF7261F38613828303743C4BDD
S214015720D4F894701B680BB120469847394BA18B6F
S214015730D3F8842012F4E05F04BF2022C3F81022BD
S2140157404FF6FF73994204D0334B1B680BB12046CA
S2140157509847324DD4F894102A68914207D02046D3
S2140157601BF085FA2E4B98642E4B8020986097424A
S21401577045D02D4B1B684BB11FB13A68002A40D06B
S214015780BF68394620469847D4F8941008461BF05F
S21401579086FA30B3254901F06DFA07272046FCF753
S2140157A0E1FB16B3224B94F9122093F900302149FC
S2140157B0D4F89400C3F11C039B1A4A69DB0222F455
S2140157C0FF2203F4FF2313431B4A4B611B4B286044
S2140157D006211167204601221A701BF021FC0020C9
S2140157E0F8BD20461BF090FCD4E70D4B0F4AD3F8CA
S2140157F0F81004F1A4003B4601F0BEFAD2E70127F7
S214015800CCE71746394620469847D4F89410BDE7AA
S21401581080370020006008406C3700206037002089
S214015820001F002100400840683700206C1F00213F
S2140158305D45002000700840000008445E450020D9
S2140158400248482200211EF0B3BB00BFE81E00211B
S214015850002373B583746423C0E92C33C0E92E3367
S2140158604FF0FF35C0F8AC30A0F8C0300E264FF62A
S214015870FF73C0E9075580F8D0604564858283755B
S21401588004461120ECF714FB042834D11B4B5B684B
S21401589013F4403F2FD12046FEF764F92046FFF768
S2140158A0CFFF94F912102046FFF7BEFA144A602380
S2140158B0536402F5805240F6FF7151625165114AF8
S2140158C05364114B4022C3F88820626B2946204658
S2140158D0FFF71EFB002240F2022310461946CDE9CF
S2140158E00066FDF779FFFCF7EBF9204602B0BDE84C
S2140158F0704000F02FBE022002B070BD00300E4096
S21401590000000840000008460040084410B50C4658
S214015910FFF796FFBCB1A378082B16D8E278082AC1
S21401592013D843EA021313F0FF03094A14BF616850
S2140159301946C2F8E810217882F82C11617882F8AD
S2140159402D1182F82F31002010BD0120FCE700BF89
S214015950001E0021012A10B512D8032B10D803EB24
S2140159608202084C0123934094F82E01DBB221B148
S214015970034384F82E31002010BD20EA0303F8E724
S2140159800120F9E7001E002170B50C68B0F8D4209C
S2140159908D680346013404BFD3F8AC400C604C68F4
S2140159A0013404BFD3F8B8404C606E1C00F1A4006B
S2140159B038D1D3F8B440CE688C60751C38D1D3F892
S2140159C0B0500E69CD60013604BFD3F8A4600E61F5
S2140159D04E69013604BFD3F8A8604E618E69013660
S2140159E004BFD3F8BC608E618E693EB34132B242C9
S2140159F038BF32460E688A61C3F8B4404C68C3E9C2
S214015A002E420A69C3F8A4204A690D49C3F8A820A2
S214015A10C3E92B650B4AD1F8F810072301F0ACF95E
S214015A20002070BD02F14104AC4238BF2C46C2E7EB
S214015A3002F16405B54238BF3546C2E76422D9E7AC
S214015A40001F00216C1F002170B516F07DF90C4E69
S214015A50054600F01FFA012804D0284616F078F90A
S214015A60022070BD736813F0706FC3F30364F0D146
S214015A70F36BDB06EDD5284616F06AF92046F0E70B
S214015A800040084038B516F05FF90B4A13884FF608
S214015A90FF718B4203D116F05BF9032038BD074C2A
S214015AA0074DE56504F100741B04E365118016F0EB
S214015AB04FF90020F2E700BFB4150020006008444B
S214015AC00000FFFF2DE9F34105460F461446FFF798
S214015AD085F980B1DFF81882D8F80C30DE0740F17E
S214015AE0EA8016F031F906460320FCF783FD38B14B
S214015AF0304616F02DF90226304602B0BDE8F08198
S214015B00D8F80C3013F0060FF2D1304616F020F913
S214015B106A4B4FF400612846D3F8E48ED3F8C46E7E
S214015B20FEF794FE40B1664B4FF400720121C3F8B4
S214015B308820084600F09EFB3946284600F0ECFC1B
S214015B405E4BC3F8C46EC3F8E48E06460028D3D174
S214015B502B7CD80601D4002C66D0C4F34000FEF797
S214015B605DF814F4807F14BF564A554A4FF002037D
S214015B701BBFC2F88830544AC2F8883000211CBFC7
S214015B80D16093624D4BD3F8BC7EFEF781F84F4A45
S214015B9014F0040F07EA02034FF480616BD04C48FF
S214015BA09342C16106D14B4A92F8D03043F00203CA
S214015BB082F8D030424B042214F0400FC3F88820FC
S214015BC014BF454A454A40232046C2F88030FEF7B6
S214015BD087FF28461BF03EF940B114F0010F14BFB1
S214015BE0384A374A4FF48073C2F88830A1064CD53C
S214015BF06B8C4FF6FF7293420FD0394A3949D26DFA
S214015C00100CC2F30112088001323749B3FBF2F3DC
S214015C102F4A3648C8651B04D3652B7C003C18BF49
S214015C20012464F304132B7428461BF0B5F9F0B174
S214015C3028461BF00FF9D0B14FF400312846FEF785
S214015C4005FE431C9BB203221F4801A91BF090FBD3
S214015C509DF8042002F00703052B9DF805301DD1A1
S214015C60120715D443F480731A4AC2F8CC300020C8
S214015C701AF030FF40E71C489342C1619AD1154A99
S214015C8092F8D03023F0020392E7FFF7FBFEC4E759
S214015C9013F0040F09D19DF80630E3E703F0300254
S214015CA0202A05D113F0010FF4E74FF48073DBE7E8
S214015CB09DF80630D8E703261EE700BF0010002136
S214015CC0004008440040084600100840800000409C
S214015CD000600846001E0021007008460070084457
S214015CE000600840B4150020006008440000FFFF73
S214015CF0005008402DE9F3410646884615461F46E2
S214015D0016F022F804460320FCF774FC38B120464E
S214015D1016F01EF80324204602B0BDE8F0810420E8
S214015D20FCF768FC0028F2D1204616F011F82A4646
S214015D3041463046FFF7C6FE04460028EBD1DFF8A1
S214015D40BC80002F38D088F8000039463046FEF770
S214015D50DBFD002845D198F80030012B29D0224BD5
S214015D602022C3F88820214B9B6CB3F5817F2BD270
S214015D7001201AF012FF15F0E7FF1D4B1B68019377
S214015D8006464BB10420FCF70BFB0023012201A9B8
S214015D900420FCF723FB00B3FCF774FC2B0617D595
S214015DA0144B00221A67FCF7ADFC304615F0D0FF05
S214015DB0B1E7FDF725FFAEE798F80030012BF8D0E4
S214015DC0002BCCD10124A6E70B4B80229A60CFE7AB
S214015DD0FCF798FCFDF7FEFEE7E7FDF777FF0124E9
S214015DE0E3E7044697E700BF00400846001F00218E
S214015DF06437002000500840004008405C45002001
S214015E0008B5094BD3F8B4305A1C0BD05B0009D443
S214015E100320FEF77FFF054B4FF08062C3F8942006
S214015E200122DA6008BD00BF0081E00F004008468D
S214015E30054BD3F8880003F180634FF40022C3F8C2
S214015E408820C0F3C040704700400840014B024A1A
S214015E501A60704768370020314A0100024BD86843
S214015E6000F00100704700BF00500840084BDA6898
S214015E70D10707D508B9FCF76DBADB68DA0706D48F
S214015E80FCF75ABADB68DB0701D40028F8D1704763
S214015E90005008400F4B5B68C3F30363013B0B2BB9
S214015EA00FD8DFE803F006060C06060606080A0801
S214015EB00808022070470420704705207047032019
S214015EC07047054BDB6813F0060F0CBF012004205A
S214015ED0704700BF00400840005008400A4A536817
S214015EE0C3F303630B2B08D06FF49050184100F0F6
S214015EF0010080F0010040007047D2F8880010F4DD
S214015F008030ECD1704700BF004008400C4A53680F
S214015F10C3F30363062B07D8042BD8B20CD8C31ED1
S214015F205842584140007047072B07D1D2F8440128
S214015F3010F00050EBD170470220704700207047E8
S214015F40004008400A4A5368C3F30363032B01D099
S214015F50072B0AD1D2F88C30DB0606D4D2F8900093
S214015F6080F00800C0F3C00070470020704700BFF3
S214015F7000400840024B002219681AF0ECBF00BF2F
S214015F8088F1030010B5FF224FF6FF7104461BF09F
S214015F9006F868B9FF224FF6FF7120461BF010F88D
S214015FA030B920460349BDE81040FF221BF01AB85D
S214015FB010BD00BFA6D6030010B55B0743EA024337
S214015FC09DF80820520543EAC16302F0BC621A43F9
S214015FD0084942F4C8720446FEF724FC064B1B68C7
S214015FE00BB120469847002211462046FFF722FAB9
S214015FF0002010BD9007E12D8437002008B51AF067
S214016000CBFF20B1024B586D003818BF012008BDE8
S2140160100000084008B5FFF795FFA8B10B4B5A6979
S214016020110311D5D3F8882092030DD4D3F89030FC
S21401603013F0100F4FF0100304D1054AC2F8903048
S214016040002008BD034AF9E70220FAE700400840AD
S214016050004008460040084438B5044608B3134AD1
S21401606053691B031FD5D2F88C50114BC5F381150C
S214016070032DB3F8C8300ED1083B9BB208220D4859
S21401608021461BF075F9094B2572D3F890301B0A8F
S2140160906372002038BD022D05D1023B9BB22A4611
S2140160A0EDE70120F6E70220F4E700BF00400840D4
S2140160B0001E002130100840034B1868034B0028CF
S2140160C008BF1846704700BF8837002054F1030008
S2140160D0F8B50D4610B900242046F8BD0E4F3E68AF
S2140160E0002EF8D100F062F804460028F3D038609C
S2140160F000F0A8F820461AF0F7FF38B130463E60A7
S21401610000F0A0F820461AF0EAFFE4E7002DE3D0FD
S2140161102046A847E0E700BF8C370020024B1868EE
S214016120003818BF012070478C370020024B002131
S2140161305B680846184700BF8C12002010B51AF09D
S21401614000FF044618B9034B01215B6898472046B7
S21401615010BD00BF8C12002010B5FFF7CBFD044622
S21401616018B9034B01215B689847204610BD00BF54
S2140161708C12002010B51AF0D9FB044620B9034B47
S21401618001215B6808469847204610BD8C12002006
S214016190431E033306D8044B984228BF184664288A
S2140161A038BF6420704700BF40420F00F8B505466F
S2140161B015F0CAFD0F4B1E68074626B9384615F07E
S2140161C0C7FD344611E0B4688CB194F810C01CF0D9
S2140161D0010F0CD195E80F004CF0010C84E80F007C
S2140161E084F810C0384615F0B3FD2046F8BD366871
S2140161F0E3E700BFBC12002038B505460C4641B1A6
S2140162000B6833B11B68013303D0CB680BB18B68C5
S2140162104BB91AF05CFCBDE838404FF4927241214C
S214016220002000F0B1B90846FBF79EFC0023044AA3
S21401623085F8DC30C5E92343C2E9003338BD00BF29
S2140162407817002010B5044618B9054B054A1360A7
S21401625010BDFEF721FDD4F89830002BF6D1F4E7F7
S214016260C7100300B8120020014B1868704700BF22
S2140162707817002010B50C46FEF74CFD054B0021A3
S2140162805B68032098471CB1FFF704FE0128FBD189
S21401629010BD00BF8C12002008B502460868FFF743
S2140162A077FF08604868FFF773FF48608868FFF764
S2140162B06FFF8860C868FFF76BFF0B69C860581CE2
S2140162C003D00B48834228BF03460B614B69581C19
S2140162D003D00748834228BF034688694B61FFF70E
S2140162E057FFBDE8084088611046FFF74DBB00BF69
S2140162F040420F002DE9F84FD0F8903006460F4681
S21401630013B1038B8B4244D0D6F88CB0BBF1000F8F
S21401631042D0DBF80830002B3ED0DBF80C10002909
S2140163203AD0D6F8A0A0BAF1000F38D04FF0000945
S2140163304D46C84601E0DBF8083005EBC50203EB25
S21401634082040135E389BB4214D8238ABB42304616
S21401635010D3B4F91220B6F924309342A04653DD87
S21401636096F8D010EDF7E2F8337D834281464BD99B
S214016370DBF80C108D42DED3B8F1000F3ED00023BF
S214016380424619463046D0473783C6F8908086F88D
S214016390D9900020BDE8F88F0320BDE8F88FD146DC
S2140163A05446524647F6FF7504EBC40803EB8808CB
S2140163B0B8F80E30BB421BD8B8F81030BB4217D322
S2140163C0B8F91220AA4207D14FF0FF093783C6F861
S2140163D0908086F8D990DCE796F8D0103046EDF735
S2140163E0A5F8337D834281464246EFD9DBF80C108F
S2140163F00134A14204D9DBF80830D5E70120C9E70A
S214016400002AFBD09046E1E7A046B8E72DE9F04721
S21401641082B0044689461646FFF70AFD3B4D08B191
S21401642000236B602B68D4F88CA0D4F890700BB165
S21401643053454BD04FF00008C5F80890FFF72AFDEA
S214016440012836D12B68DAF800103A6813B11868BB
S214016450884246D020461AF050FDC5E900A7D4F878
S214016460A0508DF80760002D42D000220DF10703E1
S21401647011462046A8472046FEF748FF0546B8F1D4
S214016480000F00D08EB1B5FA85F040F2DE32400939
S214016490332100F079F831462046FFF733F91C4BDB
S2140164A005461B68394620469847284602B0BDE88F
S2140164B0F0870120FEF72EFC164B00215B680320B7
S2140164C09847FFF7E7FC0128FBD1BBE76B68002B79
S2140164D0B0D0BB42AED1AB68994514D04FF001089D
S2140164E0AAE7696811B109689142B6D05968B1E75F
S2140164F0217D94F8D930994228BF19463246204664
S214016500FEF7D8FEB7E70025CFE700BF78170020D3
S214016510B81200208C120020F8B505460E4615F07C
S21401652013FC314607462846FFF7E4FE044620B131
S214016530384615F00DFC2046F8BDFFF761FC2246F3
S21401654031462846FFF762FF0446384615F000FC40
S2140165502046F8BD07B54FF400730A49ADF806307A
S2140165600DF106021AF099FEBDF80630B3F5007F6C
S21401657005D1022808BF002003B05DF804FB012006
S214016580FAE700BF9037002008B550B90548064B1A
S21401659001601A60054B1A68054B1A60186801F00D
S2140165A01BFE08BDC0120020943900208C37002045
S2140165B0903900200D4BD3F8E020D20314D50C49B6
S2140165C04FF48032C3F8E820C1F8EC209A6BD1B2C0
S2140165D0C2F3072299679A6704229A6700229A678C
S2140165E09A679A679A679A67704700BF00100840D3
S2140165F000100846F8B50C4C0D461746064615F031
S214016600A3FB0123A362042327606660A560C4F888
S214016610E830064B4FF48072C3F8802115F098FBE2
S2140166200DB10223A362F8BD0010084000E100E0AE
S214016630054B1860054B01229A6540F6FF721963F7
S21401664058635A65704700BF9C3900200010084007
S2140166502DE9F04F042A83B0054639D90B788361BA
S2140166604B7883618B788361CB7883610068D5F83A
S21401667008B06E6800F007000123063003FA00F840
S21401668008F1FF3909EA0B07A2F1040AA8EB070291
S214016690924501F1040446F000560DD8F019214642
S2140166A052461DF0ABFC0AEB0B0248EA09031A40FE
S2140166B0AA6003B0BDE8F08F2146F01901921DF0E3
S2140166C09DFC019AA118AAEB080230463A44E8E775
S2140166D0013A032AEDD8DFE802F00B08050211F8AB
S2140166E0013B836111F8013BAB6111F8013BAB61E2
S2140166F00B78AB6103B0BDE8F08F00BF38B50C4630
S214016700104B1546014668B10122C3F8B8200E4861
S2140167102246FFF79DFF1DB10A4B0422C3F8B8209D
S214016720002038BD64B1D3F89C20A24284BF012268
S214016730C3F8B820C3F898400222C3F8B820EAE7A5
S2140167400122FAE7001008409010084010B515F035
S214016750FBFA184B184901229A65C3F888201A6675
S214016760164A5A660722C3F884200A801449002272
S2140167700A804FF4A021C3F8E81003F1C063044671
S214016780C3F8EC100F4B1A600F4BD3F888305B023E
S2140167900AD50E4B18680E4B4FF48002C3F88820BA
S2140167A0416BA430FCF72AFC2046BDE8104015F0EA
S2140167B0CFBA00BF00100840A0420020D018002029
S2140167C09E42002098390020004008408C37002067
S2140167D0004008440D4B07221A800D4B00221A80F8
S2140167E00C4B0121C3F8B810C3F890204FF40052A7
S2140167F0C3F89400C3F8B420074BF0221A6403F1DF
S2140168000073A0221A64FFF7A1BF00BFA0420020B8
S2140168109E42002000100840000008442DE9F04187
S214016820044688B1394E3A4F15F08EFA3388394A04
S21401683003F07801032C054603F07F0C114453D175
S2140168403C6824B915F084FA0320BDE8F08124F0F1
S2140168500104386820F00100A0424AD100223A60C3
S21401686022886FEA42426FEA52428C42228036D137
S214016870294CDFF8B8C02788ACF180083A46083AB8
S21401688092B201F10800604528BF4046082A04D9A3
S214016890B0F900E0BEF1000F36DB22803B440C88E5
S2140168A088781E499B1ADBB2C4F30C04CC6300F053
S2140168B007003380CB66C1F88420FFF77BFE0428EF
S2140168C00DD1174BD3F88830164B1868164B4FF47A
S2140168D08002C3F88820416BA430FCF78FFB284662
S2140168E015F036FA0020B0E7601E012898BF0C4666
S2140168F0AFE7094862440088A21A48BF80320838C8
S2140169009042ADDC28469DE70146B8E79E4200204E
S21401691098390020D0180020A0420020001008401E
S214016920004008408C3700200040084450190020E1
S2140169300E490F4B0A881B880E481344073B03F089
S214016940780303440832987892B20A8000F0070070
S21401695009490428C1F8842004D101F540514A6848
S2140169601203FCD4054A1360704700BFA042002002
S2140169709E420020D01800200010084098390020C0
S21401698010B5054C206828B1C30701D4FFF746FFB0
S2140169900023236010BD00BF98390020084B4FF438
S2140169A08032C3F8EC2003F17C43C3F8E420D3F82B
S2140169B08030C3F30C03782B01D8FFF7FBBD70477B
S2140169C0001008442DE9F84304460E4615F0BCF9BC
S2140169D0504B514D1A882D888146504802F0780157
S2140169E0032C02F07F03014417D14D4C24688CB967
S2140169F02A44073A02F0780284180344E31A48BF8F
S214016A008033AB4210DB484615F0A2F9002420463D
S214016A10BDE8F88324F00104EFE7012C02D0022C34
S214016A20EBD1083D0C46E8E7002E41D08C423D49AB
S214016A3042D1D1F83C800A6B02F0070206320127E8
S214016A409740D1F88020C2F30C029A4247DDB4F990
S214016A5000302588002BD6DBA378C5F30C0503F0A0
S214016A6007037A1EA5EB08053A43052B337005EAA2
S214016A7002052CD82DB2E84340F236420421C00F5D
S214016A80FFF782FD7580E378274A337412687B1E10
S214016A9003EA0803D118B160A9B213FA85F5BD421D
S214016AA089BFFF1A0023B780F2609CBFB180F360F4
S214016AB0484615F04DF9AAE7A4F10802824238BF0C
S214016AC004F17802B2F80080C8F30C08B3E7174B5C
S214016AD0DB6C003B18BF0123A5EBC305CAE78B6B34
S214016AE07A1EA3EB08033A431A40114B15B25B68B2
S214016AF06AB9C3F30363D91E4B424B41DB003370C3
S214016B000B4B7280D3F89030C3F30723BCE70823FE
S214016B10F5E700BF9E420020A0420020D0180020CA
S214016B2098390020001008409C39002000000840D9
S214016B300040084010B515F007F9084B1B680446DD
S214016B403BB1984728B1002200204FF48061FCF742
S214016B502BFE2046BDE8104015F0FAB8A0390020FB
S214016B602DE9F74FDFF8ECB08146DBF800A00F46C1
S214016B70FBF756FD4FF0FF35CDE9000100202C460E
S214016B80064606F110031B015BF8033003F0030809
S214016B90B8F1010F15D13046FBF75AFD02460B46F8
S214016BA0DDE90001FBF7EAFBDBF85C3006F10802E1
S214016BB0D340DB0737D5002F3ED000253E602C465C
S214016BC040460136052EDCD150B3224F396B0131D8
S214016BD0A4FB014164190AF4403341F10001B3F505
S214016BE0003F4FF000022FD1FB6A0AF4405A0133EE
S214016BF042F10006BAF5805F21D1BD6A15F58075B0
S214016C0042F100026E4303FB0266A5FB03323244E7
S214016C10594304FB0212A3FB04341444C9E90034AB
S214016C2003B0BDE8F08FA84271EB0403C8D207B1E8
S214016C303E6005460C46C3E73D463C46C0E7320289
S214016C4042EA13621B02E3E7BB6A13F5807342F163
S214016C500002DDE70050084040B10368012B05D96A
S214016C600069034B002808BF184670470048704764
S214016C708CF1030038B5054614480C46FBF76CFD4D
S214016C802DB1C30103EB5503B3FBF5F32360104AA3
S214016C905368D80217D40F4B1B68D2F8A810C3F359
S214016CA0810311F4806203F10103C9B218BFDA004F
S214016CB0FF2906D00649D1F8AC10490501D502EBEB
S214016CC0C302626038BD0022FBE700BF40420F00EE
S214016CD00000084000200840084B1A68C117A2FBB4
S214016CE0000310F1807002FB013343F10003400EF4
S214016CF040EAC310803820EAE0707047A8390020C7
S214016D00174B072270B5C3F88420FBF7D7FF154B46
S214016D10154A164EC408010B0546E005C01841F198
S214016D200001002313F0BEFF114B18604EF66020E1
S214016D30FFF7D2FF4042C6F89C000E48FBF70CFD59
S214016D40024658B1E301500818184FEA15714FF082
S214016D50000341F1000113F0A5FF706770BD00BF8D
S214016D6000400840B2E60E0065CD1D00001F002160
S214016D70A839002040420F002DE9F8430546084691
S214016D809846FFF769FF16460746002D00F0A980D2
S214016D9018F0050F5DD02C69002C00F0A480FBF7DD
S214016DA0DBF84FF47A735C43201A7B68A0F6AC508C
S214016DB0C01AFFF791FFAC8B3062002C00F0968072
S214016DC0FBF7CAF84FF47A735C43201A7B68A0F687
S214016DD0AC50C01AFFF780FF70614A4BEC68D3F8DD
S214016DE00090002C00F08580FBF7B6F84FF47A731C
S214016DF05C43241A7B68A4F6AC54E41A3B68E41A94
S214016E00414B1A68E117A2FB044314F1807402FB9C
S214016E10013343F10003640E44EAC314803C3B4B48
S214016E20B4613B4CD3F88430F36123684BB14846D8
S214016E301AF0B2F828B12368D9F848003246394624
S214016E409847AC69FBF788F8014620461AF0B9FA6C
S214016E50F06218F0020F29D06B684FF47A7058432D
S214016E605BB13B6803F51C5310331844AB7F002B12
S214016E7046F2A81308BF00231844FFF72DFF6B69DD
S214016E80B062002B38D078684FF47A7202FB0300A8
S214016E90AB7FA0F50350002BA0F1100046F2A8131B
S214016EA008BF0023C01AFFF717FF706218F0040F1F
S214016EB017D0A86818B34FF47A735843A0F5035057
S214016EC01038FFF709FFF0602B684FF47A705843CB
S214016ED023B13B6803F51C5310331844FFF7FCFE3F
S214016EE03061BDE8F8834CF2503062E74CF2503026
S214016EF070E74CF2503483E747F23050D3E747F25D
S214016F003050DEE78C370020A8390020001F002112
S214016F10A439002010B508461C4619F02FFE094B6F
S214016F200246D3F8F800FFF797FE0368A018002B77
S214016F30054AA8BF4FF4FA721A44044B92FBF3F2C7
S214016F40104410BD001F00210CFEFFFF18FCFFFFC0
S214016F5038B504460D4614F002FF064A13889BB264
S214016F602DB123431380BDE8384014F0FEBE23EA5A
S214016F700403F7E7A4420020034B002201214FF44B
S214016F8080701A70FFF7E4BF6645002008B5054B10
S214016F9018681AF078F800F00300C31E58425841EA
S214016FA008BD00BFC4390020F0B585B00023CDE987
S214016FB001330393124B134D134E1B788DF8043097
S214016FC014F0CDFE2A783378104F9A4204460CD03E
S214016FD031783868297001AAFFF7CCF850B10C480F
S214016FE040F6F311EEF7F2FB04E038681AF04BF8BE
S214016FF00128EDD0204614F0B8FE05B0F0BD00BF64
S214017000331600203016002031160020C439002027
S21401701062F4030038B5044614F085FA0C4B0546B5
S2140170201978987881420FD0631E082B0CD8DFE8B8
S21401703003F0050D0B0D0B0D0D0D0D000022014685
S214017040044B18681AF01DF8284638BD0022F7E7E9
S21401705033160020C4390020F8B52B4B1B7823B11A
S2140170602A4840F6E531EEF7B1FB14F078FE284BDE
S2140170701C8814F00604064609D001214FF48070DE
S214017080FFF766FF3046BDE8F84014F06EBE2146B5
S2140170904FF48070FFF75CFF204602F033F80228B9
S2140170A00AD180221B4B8021186819F03DFC15F08F
S2140170B0EDFFFFF779FFE5E7204602F023F80546E6
S2140170C038B1012807D0114840F62741EEF77EFB7C
S2140170D0D8E70246E6E70F4F3868FFF727F8386823
S2140170E019F0D1FF01280CD038682A46294619F034
S2140170F0CCFF21462C20FFF78DFF21460A20FFF703
S21401710089FF15F0C4FFBDE76645002062F4030061
S214017110A4420020C439002038B54FF0FF300C4699
S2140171201CF082FF0A4B054618681CF07DFF641BA5
S214017130241A20B210F1630F06DB10F1240F05DAD2
S21401714064308000C0B238BD0020FCE7FF20FAE7BB
S214017150C439002010B50E4C236823B90D4840F6FB
S2140171609641EEF733FB206801301AF0BCF900F0C7
S214017170070003280AD1246809220121204601F0CC
S214017180D5F8205C031F5842584110BD0020FCE78B
S214017190B439002062F4030008B5134B1B78062BA4
S2140171A004D0124840F62701EEF710FB104B1B885F
S2140171B01B0704D40D4840F62801EEF707FB0D4BDC
S2140171C02A201978FFF726FF00210820FFF7C0FEC6
S2140171D0094B02221A70094B1868FEF7A7FFBDE893
S2140171E0084016F06EBC00BF6645002062F403003E
S2140171F0A4420020634500202E160020C43900203A
S2140172000148002102F02ABE081300207F2837B566
S214017210044612D119494FF6FF730246ADF80630FF
S214017220098802230DF1060015F059FFBDF8064046
S214017230E20554BF64B26FF04A0414F090FD104B9F
S2140172401C70104B1B88DB07054610D50E4B1B78B0
S214017250002B0E4B0CBF21466FF07F01186819F00A
S21401726084FB20B10A4840F67F61EEF7AFFA284664
S21401727003B0BDE8304014F078BD00BF969D030012
S21401728028160020A442002067450020C4390020AB
S21401729062F4030008B50A4B1B88DB0604D40948D0
S2140172A040F64A01EEF792FA00211020FFF750FE51
S2140172B0002001F089FEBDE8084016F002BC00BFC0
S2140172C0A442002062F40300F7B5124CD4E900652D
S2140172D086EA020C85EA03070CEA000C0F405CEA1A
S2140172E0070E15D086EA0C067D40C4E90065CDE997
S2140172F000230B4608490246086819F081FF38B199
S21401730006484FF4FD7103B0BDE8F040EEF75EBAF3
S21401731003B0F0BD50190020C439002062F4030008
S21401732010B514F03BFF60B114F03AFF0B4A80B180
S21401733041F20D03BDE81040084841F20D01FFF788
S214017340C3BF074B1A789B789A4204D100220023C8
S214017350F0E70D23EEE7034AF9E700BF400D03000F
S21401736033160020488D010038B5294B1B889B0732
S214017370044647D5274B00221868012119F0B0FFB3
S214017380012C254B2DD1197859B30139C9B2197081
S21401739011B92020FFF7DCFD00210220FFF7D8FD00
S2140173A01E4B1F48042200211A7002F057FD1D4C87
S2140173B0206801301AF097F800F44060B0F5006FCD
S2140173C023D1246801210422204600F0AFFF204487
S2140173D01AF089F80146BDE838400022202017F04F
S2140173E03ABF114D002102201970FFF7B1FD2B782D
S2140173F0FF2B04D00D484FF4D361EEF7E7F92C705C
S21401740016F05FFB012CD2D038BD4FF6FF71E2E7D4
S214017410A4420020C43900206545002066450020AE
S214017420E8120020B43900202F16002062F4030071
S21401743038B5124C23880546580709D5FFF7A6FD2F
S21401744001460720FFF7E6FD00210420FFF780FD37
S214017450238899070AD50A4B19788A1F5142514148
S2140174602846FFF7D7FD0120FFF77EFF23881B077D
S21401747003D5BDE83840FFF78FBE38BDA4420020D3
S214017480664500202DE9F04F570691B08046144618
S2140174901D4605D5FFF77AFD01460120FFF7BAFD27
S2140174A0EE0403D500212D20FFF7B4FDA00223D55D
S2140174B0404619F0EEFE0146F0B94020FFF748FDC0
S2140174C00AA9404619F0E6FAB0B99DF83030022B09
S2140174D06DD1BDF828000FF023FEFF2808D14046E5
S2140174E019F0D6FA40B901214020FFF731FD03E03B
S2140174F00FF04EFE0028F2D1A10305D5FFF746FD99
S21401750001460320FFF786FDE20104F0807354D59F
S214017510AD4B1B889F072FD5AC4E306819F05BFA30
S21401752050BBAB4BAB4F18703B78FF2B04D0AA482F
S21401753040F23E61EEF74AF9002102204FF00009C1
S214017540FFF706FD87F80090A44F3B78062B07D17E
S21401755001210820FFF7FCFC49462820FFF75AFDC9
S2140175603B78052B06D100212B20FFF753FD306811
S214017570FEF7DCFD16F0A5FA260740F1C180934F11
S21401758005AA3868032119F08AFE064620B99248F2
S2140175904FF4D961EEF71AF99DF81430072B49D04C
S2140175A0FFF7F4FC01460420FFF734FDA8E0032BA7
S2140175B0A2D10AA81BF020FF9CE705F002021343A4
S2140175C00BD0864B19788E1F714271412620FFF72A
S2140175D021FD0120FFF7C8FECEE704F080531A43D1
S2140175E009D07E4B1978881F414241412620FFF77A
S2140175F011FD0220EEE704F088410B4306D0774BDD
S21401760019788A1F514251412720F0E705F00803F7
S2140176100B4302D02320FFF7FDFC6B0703D50021A7
S2140176202420FFF7F7FCEF07A6D500212520FFF75A
S214017630F1FCA1E738680AAA314619F038FE20B1F4
S214017640654840F2CF61EEF7C1F8BDF8161038680C
S21401765002310AAA89B219F02CFE20B15E4840F226
S214017660DE61EEF7B3F8002300933868042304AA1A
S214017670314619F042FE042804D0574840F2E4612E
S214017680EEF7A4F8DFF8609199F80030002B40F08F
S214017690AD800DF1110019F026FF00F00700022859
S2140176A040F0A480FFF772FC01460920FFF7B2FC08
S2140176B04A4B1B78062B23D1494B9DF813201B7888
S2140176C09A421DD19DF8353023B9434840F2FA61FC
S2140176D0EEF77CF80DF1110019F005FFC0F3001666
S2140176E031462920FFF796FC00210820FFF730FCE1
S2140176F03C4B1E70FFF72EFD10B93868FEF716FDDD
S214017700E20505D5FFF742FC01460420FFF782FC9F
S21401771014F4863F05D0FFF739FC01460220FFF737
S21401772079FCA30111D5FFF731FC01460820FFF7CC
S21401773071FC00210420FFF70BFC284B1B78012B62
S21401774003D1224B1868FEF7F1FC14F0084F09D05C
S214017750FFF71CFC01460720FFF75CFC0021042014
S214017760FFF7F6FBA70009D5FFF710FC0146062038
S214017770FFF750FC00210420FFF7EAFBA60705D51A
S214017780114B1B881C0701D5FFF706FD680603D5BC
S21401779000210A20FFF73EFC290602D5012019F038
S2140177A03BFEEA0540F1C180404619F068FC052819
S2140177B000F2B1800138042800F2B780DFE800F05B
S2140177C0B2C2B2B2B20000BFA4420020C439002047
S2140177D0654500202F16002062F403006645002050
S2140177E0614500202E16002069450020BDF81600D0
S2140177F00830012180B202F0C5F9039000283FF459
S214017800CFAE02F0F9F80799BDF8182006461CF02D
S214017810F5FB089941B1BDF81800BDF81620121AFB
S21401782092B230441CF0EAFB99F800A0BAF1000FBE
S21401783020D106F1010B584619F055FE800659D5A0
S214017840386819F026FD0746FFF7A0FB0537014605
S214017850F8B2FFF7DFFB584619F045FE00F00700C7
S21401786003283E4F2DD001210420FFF771FB19F0AC
S214017870F3F8386000223A49BDF816300978F15419
S214017880F7189DF83630BB709DF83730FB700A9BB1
S214017890FB71190E3971190C7971190A99F80030B2
S2140178A0B97123B973789AB343F02003737000203B
S2140178B001F0B8FD7870039802F0C0F916F001F9EE
S2140178C01EE701210922304600F030FD305C042815
S2140178D04FF00101C8D1FFF73BFB19F0BDF8214B72
S2140178E038601B885906C5D551464020FFF730FB46
S2140178F00122C0E7FFF74AFB01460920FFF78AFB92
S214017900194B1B78012BB5D13868FEF70FFCB1E790
S21401791023F02003CAE7342804D00FD8142801D056
S214017920242811D12620FFF783FDAB0512D50121AE
S214017930802011B0BDE8F04FFFF70ABB00F0EF0062
S2140179404428EEE72720EEE7084840F6E601EDF783
S2140179503DFFEAE711B0BDE8F08F00BFB039002067
S21401796030160020A44200206645002062F4030081
S214017970F8B5164E33780D4602F0010423B11448CB
S21401798040F2B631EDF722FF124B134F1D60134D37
S214017990A4B1134B997801B101212020FFF7D8FA41
S2140179A02B783B700F4B1C780F4B10481C70042330
S2140179B03370BDE8F840002102F050BA214620207D
S2140179C0FFF7C6FA2B783B70EEE700BF664500204E
S2140179D062F40300B439002063450020321600200B
S2140179E0B8390020644500206545002008130020B2
S2140179F02DE9F843DFF8A481634C14F0B0F9B8F828
S214017A00003013F4807F054603D0237873BBFFF75D
S214017A1023FB00210846FFF7FDFA5C4B1A78FF2A84
S214017A2013D01A7802F0FF0632BBFF221A702378B1
S214017A30052B0AD100232846237014F096F9304608
S214017A4019F0DDFC14F08BF905462378504E062B11
S214017A5009D13378FF2B06D03378022B15D14D4848
S214017A60002102F0FBF9FF2333702BE000214FF4D5
S214017A708070FFF76DFACCE71A78012A4FF0FF0203
S214017A801A7014BF33264C26D4E7337813B13378F3
S214017A90012B22D1FFF75EFB96F8009007463D4882
S214017AA002F078FAFF235FFA89F9337077B1B9F1FA
S214017AB0010F44D1374884F80090642102F0CEF9D2
S214017AC0FFF772FA284614F050F906E028462770A8
S214017AD014F04BF9384619F092FCB8F800301B0642
S214017AE005D500218020FFF733FA15F0F0FF02F0EC
S214017AF0B7F8294E308000B32778012F42D101F024
S214017B007BFF054610B3013019F0EDFC00F4406030
S214017B10B0F5006F1AD104223946284600F006FC5B
S214017B20284419F0E0FC4FF6FF7398420ED13188D5
S214017B30002001F09BF900233380BDE8F883002381
S214017B402846237014F011F93F20C4E7114802F0CB
S214017B5021FA00210846217001F03AF9012523781F
S214017B600BB9FFF779FA3188002001F07FF900237D
S214017B703380002DE1D020780028DED1BDE8F8431F
S214017B8019F012BE0025EAE7664500202F160020F0
S214017B902E16002008130020A2420020A442002036
S214017BA008B513460A461946064B186818F064FFCE
S214017BB030B1BDE8084004484FF49C61EDF706BEBD
S214017BC008BD00BFC439002062F4030008B513469F
S214017BD00A461946064B186818F048FF30B1BDE84A
S214017BE00840044840F2E741EDF7F0BD08BD00BF8C
S214017BF0C439002062F40300024B1878B0FA80F012
S214017C004009704766450020024B1878431E5842CB
S214017C10584170476645002008B5064B1B7823B1CE
S214017C2005484FF4A261EDF7D1FDFFF715FA0020E4
S214017C3008BD00BF6645002062F4030008B5064B88
S214017C4001EB81011868490018F0A6FE002814BF50
S214017C502120002008BD00BFC439002008B5044B10
S214017C601868F9F731FD0A2390FBF3F040B208BD1E
S214017C70C4390020014B1878704700BF3116002028
S214017C8008B5044B186819F043FAB0FA80F04009B9
S214017C9008BD00BFC439002038B5124D2B78012B22
S214017CA00C4604D9104840F23151EDF78FFD2146BC
S214017CB00020FFF7E5FF90B10C4B1C702B785BB9E9
S214017CC0FFF7CAF90A4B93F900100A4BC901186865
S214017CD019F098FA002038BDFFF766F9F2E721207F
S214017CE0F9E700BF6645002062F403003116002064
S214017CF068450020C439002008B5054B01211868E5
S214017D0019F0DEF90028B8BF033040F3870008BD3C
S214017D10C439002008B5074B186819F0F3F930B1DB
S214017D20054BB3FBF0F083B20BB1184608BD01203A
S214017D30FCE700BFC439002040420F0008B5074BDE
S214017D40186819F0E3F930B1054BB3FBF0F083B2D4
S214017D500BB1184608BD0120FCE700BFC43900205E
S214017D6040420F002DE9F347534F012015F090F9DB
S214017D703B88990704D4514840F63541EDF726FD76
S214017D80DFF85C8198F80030053B012B04D94B489D
S214017D9040F63741EDF71AFD494E336823B9474897
S214017DA040F63A41EDF712FD3C8814F020045CD011
S214017DB001212220FFF72EF94FF47A74FFF7BEFF58
S214017DC033681B780933434304EBC30498F8003047
S214017DD0062BA5B20BD1FFF79DFF0446FFF7AEFFBA
S214017DE0602358430C2303FB0400284485B2D6F8CD
S214017DF00090344B99F800801C78334E08F1FF3818
S214017E001FFA88F8002C3FD13B885A0532D5737883
S214017E10DFF8C8A026468AF80030CAF8085014F0E1
S214017E20C3F930B114F0BEF9012814BF102308239A
S214017E301E43264D802349462868424619F02BFAF0
S214017E40234B1978234B19703B889B061FD5CDF819
S214017E5000A0214B28683246FEF77EF910BB0020B1
S214017E6002B0BDE8F04715F013B921462220FFF70E
S214017E70D1F8A3E709F1010019F035FB10F0200451
S214017E807378C5D00124C3E773780024C0E7134B89
S214017E9028683246FEF752F9014618B92520FFF741
S214017EA0B9F8DCE721462620FFF7B4F8034840F688
S214017EB0DD31EDF78BFCD2E7A442002062F403002B
S214017EC0B43900206945002033160020C43900204B
S214017ED03116002030160020B8390020CC120020C0
S214017EE06645002008B5174B1B889B0704D4164827
S214017EF040F6AD61EDF76AFC144B1B78053B012B90
S214017F0004D9114840F6AE61EDF760FC104B1B68D2
S214017F1023B90D484FF46B61EDF758FC0D4B0E4934
S214017F20002221201A70FFF775F818B9BDE808403D
S214017F30FFF718BF022803D1BDE80840FFF714BABF
S214017F4008BD00BFA442002062F40300664500207D
S214017F50B439002060450020F5800100F8B5594C81
S214017F6023889A0704D5584840F2DF21EDF72EFC06
S214017F70564802F00FF813F0F2FE23885B07054619
S214017F800BD518F069FD524B1B68C01AB0F5717F0E
S214017F9003D900210420FEF7DBFF28464D4D13F0E0
S214017FA0E4FE2B78042B32D113F0D9FE23885F0729
S214017FB0064608D54548002101F050FF3046BDE889
S214017FC0F84013F0D2BE13F0D0FE13F0C8FE424BB9
S214017FD0424F1B78064613B9238859050FD505234A
S214017FE0012102202B70FEF7B3FFFFF77BFF30461F
S214017FF013F0BBFE3B68DA78394B1A70F8BD386867
S214018000013019F070FA8206E9D50623E8E7062B57
S2140180104DD1344B1B78FF2BF0D1334E14F0C6F8FC
S2140180203378002B3DD013F09AFE23885B07054674
S21401803005D52648002101F011FF2846BFE713F0B9
S21401804094FE3378013B337013F089FE0121044618
S2140180500220FEF77DFFFFF745FF20461F4C13F079
S21401806084FE2068013019F03EFA00F44060B0F555
S214018070006F13D1246801210422204600F056F92E
S214018080204419F030FA0146184B1A783378D21A80
S214018090D2B2BDE8F840042017F0DDB84FF6FF7104
S2140180A0F2E72B704020BDE8F84019F0A8B9012B83
S2140180B0A4D100232B700E4B1868FEF737F83F202B
S2140180C0F1E700BFA442002062F403000813002079
S2140180D0B03900206645002069450020B4390020EB
S2140180E0614500202E160020634500203216002030
S2140180F0C439002008B50A4B1A7882B90122102823
S2140181001A7004D0074840F6A461EDF75FFB002122
S2140181102020FEF71DFFBDE80840FFF723BE08BD7F
S2140181206045002062F4030038B510200C4601219A
S214018130FEF70EFF064B1D68FFF7ECFD054B00FB37
S21401814004F10122284618F0A4FF002038BD00BF24
S214018150C43900209572010008B5094B1B88DB065F
S21401816004D4084840F2A751EDF730FB1020002157
S214018170FEF7EEFE044B1868BDE8084018F097BFFE
S214018180A442002062F40300C439002010B5064C56
S214018190206818F045FCC30704D52068BDE81040E8
S2140181A018F040BC10BD00BFC439002008B5094B0B
S2140181B001221868114618F068FF00212C20FEF7EE
S2140181C029FF00210A20FEF725FFBDE8084014F02C
S2140181D05EBF00BFC43900200148EDF7F7BA00BF03
S2140181E07CF40300014B4008185C70472A160020F7
S2140181F008B513460A461946064B186818F042FC9D
S21401820030B1BDE80840044840F6DB41EDF7DEBA80
S21401821008BD00BFC439002062F4030008B5044B52
S214018220186818F030FF013818BF012008BD00BFDC
S214018230C4390020054B10B54C002246014618688B
S21401824018F083FB031B5842584110BDC439002067
S21401825070B5054613F083FD0E4B0F4E1B88357027
S214018260DA07044608D50D4B0D4D1B78012B08D9AE
S2140182700121286819F00BF82046BDE8704013F07C
S21401828074BD1BB113F088FFC305F1D4317881F0BA
S2140182900101EEE7A44200202916002067450020D0
S2140182A0C43900200C4B1B88DB0710B5044611D5DA
S2140182B0FFF736F8094B84F001021868D20008214E
S2140182C018F032FB30B1BDE81040054840F63C716D
S2140182D0EDF77CBA10BD00BFA4420020C4390020CF
S2140182E062F4030008B5044B0146186818F0D5FB84
S2140182F0003818BF012008BDC439002010B50A4C4B
S21401830023787BB1FFF752FF00210420FEF720FE01
S21401831000210220FEF71CFE00232370BDE810405A
S214018320FEF79ABE10BD00BF66450020032A13461D
S21401833001D919F07FB8014AD05C704786F4030072
S21401834018B1034B196000207047024BFAE700BFD3
S214018350C8390020CC3900202DE9F8431046DFF853
S2140183602481174619F0BFF8D8F8003005462BB916
S214018370424B1B6813B90020BDE8F88315F4406929
S21401838005F040060FD136BBB5F5804F52D24FF4FB
S2140183908074D8F80030002B56D1384B1B68002B60
S2140183A0E9D0002262E0F81C19F09DF84FF6FF7341
S2140183B0984214BF0124022486B1052605F44043E1
S2140183C0B3F5004F44F0080424D0B5F5804F23D20E
S2140183D044F4807420E04C460326EFE7B5F5804F61
S2140183E04FF00506F4D3B9F5406F14BF02200820FC
S2140183F03044384419F077F8214BB3F85C3005F473
S214018400404583420CBF44F0080444F00404B5F52B
S214018410004F01D144F08004B9F5006F0ED1B819B0
S21401842019F061F8164BB3F85E308342B1D144F0CF
S2140184301004AEE74C4603260220D9E7B9F5406F93
S21401844008BF44F02004A4E70022D1B233F811009B
S21401845033F911100029A0DBA04202F10102F4D188
S214018460012089E7A04202F10102F9D0D1B233F826
S214018470110033F911100029F4DA7CE7C83900201D
S2140184806C3A0020CC3900202DE9F04F104685B01B
S2140184901646984619F027F85D4F00F00803B7F81E
S2140184A05C100293044600F00709F01C0391B7F82C
S2140184B05EB019F018F806F1050A0546504619F09F
S2140184C012F803464FF6FF70854218D00399A1EBC8
S2140184D0050CDCF1000545EB0C056D004FF6FF7150
S2140184E08B420ED145F0040500F0ECF9029B6BB10E
S2140184F0B9F1000F11D0422005B0BDE8F08F01257B
S214018500ECE79B4508BF45F00805EDE7B9F1030F19
S214018510F1D8DFE809F0021B795D00F0D3F908B95C
S214018520A807E8D524F00804A4B2B4F5004F05D096
S214018530B4F5624F02D0B4F5404FDCD1002597F870
S214018540A8202946002019F0F5F83CE0D7F880303D
S214018550E3B9002132460846FFF7FEFED8B924F0FB
S21401856038039BB248F641029342C4D10A2D49D042
S214018570062DC0D197F87730023B012BBBD8FFF709
S21401858043FB0028B7D140F6040505E041463046D6
S21401859098470028DDD00825E20648BF45F080054B
S2140185A0A30648BF45F4805505F00C03042BC6D13D
S2140185B0F01D18F098FF97F8A830009332462B4626
S2140185C0414619F08CF808B30E9B1880002093E7FB
S2140185D0A90705D1B7F85C204FF6FF739A428AD1F6
S2140185E004F44063B3F5006F0AD0B3F5406F82D14F
S2140185F00849082250461BF0B1FC00287FF47BAFE7
S2140186000C25C9E70425C7E7432075E7192073E75A
S2140186106C3A0020CC3A0020074A08490023136030
S214018620074A1360074A1360074A1160074A012187
S2140186301170074A13607047DC3900208F1703005A
S214018640D8390020D43900202813002036160020FF
S214018650E43900200E2A70B50C4606461546194622
S21401866003D9FFF7D9FF502070BD012807D100209C
S214018670FFF7E4FAF8B1FFF7CFFF2120F4E7284B24
S2140186804FF4FE421A80274B7F221A70264B802217
S2140186901A70264B00211980254B1960254B1B6843
S2140186A04BB1342001F06EFA234B188018B9FFF74E
S2140186B0B3FF0120D8E724F0FF6323F4FF231BB1A7
S2140186C0FFF7AAFF4F20CFE77CB92046FFF7D2FA83
S2140186D010F0800F43B24FF001041BBF00F01F03E0
S2140186E09C409C4044F078440325144B14491E706A
S2140186F0144B1D70144B24F078441C60134B00205F
S2140187001870134B1A6800F0E3FA18B1FFF784FFEC
S2140187100420A9E70F4B9DF810201A70A4E700BFAC
S214018720A84200206B4500206A450020A642002092
S214018730E0390020D4390020AA42002070450020EC
S214018740418B01006E450020E43900206F45002072
S214018750DC3900206C4500207FB5244B24481A786C
S21401876024490078012303FA02F21A4400250A601C
S214018770ADF80E5020B3984236D11F4C1F4B2078CF
S2140187801B681F4E0DF10E019847BDF80E20307084
S21401879092B11C4B0093019502232946284600F00E
S2140187A0D1FA3278237822B1012A06BF0133DBB22F
S2140187B01B23237004B070BD013818BF0120F0E7F9
S2140187C078235A43013A0A600F49082200F086FCD2
S2140187D00B49094A0978137821B1012906BF0133EB
S2140187E0DBB21B231370E5E71846E3E76E4500206E
S2140187F070450020E83900206F450020281300202E
S214018800361600207D8B01000D88010010B5244B23
S214018810244C1878002834D1FFF76EFA224A1368E0
S21401882001331360214A92F900108142B8BF1070DB
S2140188301F4A92F900108142C8BF1070012B1D49D2
S2140188400DD10002088023680BBB1B4819F0DAF92A
S214018850014620BBBDE81040174801F0FFBAB1F948
S2140188600020A2EB221303EB00131BB20B8013496B
S214018870A0EB2323A0EB22200A8813FB00230B8006
S214018880E1E72368002BE0D04FF4707200E0082285
S2140188900B49002000F022FC2368013B236010BD39
S2140188A070450020E8390020E03900206A450020A4
S2140188B06B450020A84200202C130020A642002071
S2140188C00D880100054B1B682BB9054B186800384D
S2140188D018BF012070470120704700BFD83900201B
S2140188E0D439002037B505461C46FFF7EBFF68B9BB
S2140188F074B1084B1A60084B1C60012300930A46AA
S21401890003232946FFF7A6FE03B030BD4D20FBE743
S2140189102520F9E7D0390020D839002013B50446C0
S214018920FFF7D0FF58B962B1074B1A6001230093D5
S2140189300A4603232146FFF78DFE02B010BD4D20E7
S214018940FBE72520F9E700BFD43900202DE9F041E7
S2140189500446DDE906869DF820701D46FFF7B2FF46
S21401896088B99EB1A2B10B4B1A600B4BC3F80080BD
S2140189700A4B0A461E60214606972B460120BDE893
S214018980F041FFF767BE4D20BDE8F0812520FBE7EB
S2140189902120F9E728130020DC390020D8390020EF
S2140189A0014800F04FBE00BFAA4200202DE9F04169
S2140189B00020FFF7A3FC0F4B0F4C1E680F4B2088BF
S2140189C01D680F4B0F4FD3F8008010B1397801F0B6
S2140189D04BF800203870FFF71FFE00F033FC0EB195
S2140189E04046B0471DB12088A84700232380BDE834
S2140189F0F08100BFD8390020AA420020D4390020D7
S214018A00E4390020714500202DE9F0473D4801F08A
S214018A10C1FA3D4B1C78002C42D13C4F2046FFF753
S214018A2029F93B680546002B3AD0394EDFF804A1F8
S214018A30DFF80481DFF80491012B1EBF348803F1AF
S214018A40FF33B4FBF3F4334B34801C6834B19AF92A
S214018A50013098F9002099F90010A0472E4B1B68A9
S214018A608BB12E4C2378312B0DD82D4B188800F066
S214018A70C3FF23785A1C227098F80020C25423782A
S214018A805A1C2270C5544FF4FE43AAF800307F23C7
S214018A9089F80030802388F80030002333803B605B
S214018AA0204C23781A2B23D81F4A1278012A09D181
S214018AB01E4A1568002125FA03F0C007DAB20FD561
S214018AC001B122700020FFF7D5F82178884213D132
S214018AD0174B00221A70FFF73FFE48B9BDE8F08732
S214018AE00133D8B21A284FF00101E4D90A442270A2
S214018AF0BDE8F047FFF75ABF0020FFF7CDF8002882
S214018B00E6D0F5E72C13002070450020E039002060
S214018B10A6420020D0390020D4390020714500201B
S214018B20AA4200206F45002036160020E4390020B6
S214018B306D450020A84200206A4500206B450020B4
S214018B4008B50B4B187880B90221FFF765F8094B79
S214018B501B782BB100214FF6FF720846FFF736F857
S214018B60BDE808400448FFF74FBF00210846ECE780
S214018B70704500206C4500202C13002038B5144B9E
S214018B801D78012D0C4621D181B90846FFF772F8F0
S214018B90104A1149136805FA00F023EA000313602E
S214018BA020462A46BDE8384000F098BA0B4A1378AA
S214018BB00133DBB2022B137004D9BDE838400848F4
S214018BC0FFF722BFFFF7C8FD0028F6D138BD00BF6A
S214018BD070450020E43900200D8801006D45002015
S214018BE02C13002038B50948094D00F02BFD002450
S214018BF095F84430E0B2834200D838BD05EBC0009A
S214018C00043000F01FFD0134F2E700BF0C3B0020EA
S214018C106C3A002008B50349104648221BF0EEF9CD
S214018C20002008BDC43A002008B5054818F0EAFF40
S214018C30014620B9BDE80840014801F00FB908BD5A
S214018C404C13002038B51C4B00221A701C461546E2
S214018C500132082A5D609D8043F8085FF8D14822FA
S214018C60002116481BF0A4F94FF6FE73A4F86830ED
S214018C707F226FF4803300211148E3651BF098F9D9
S214018C80104B84F84450C4E92835C4E9125584F8D9
S214018C905050656584F8A850ECF7F2FE0A4B187040
S214018CA00A4BFF22012100201A70E7F789FD0020F8
S214018CB0FFF7BAFF002038BD6C3A0020C43A002006
S214018CC0EC3900200000FFFF72450020C645002059
S214018CD0094B10B5AC2404FB0030836C53B990F8F3
S214018CE050403CB931B1C0E912122046FFF79CFF53
S214018CF0204610BD2120FCE76C3A002070B5AC235D
S214018D000A4E03FB00F5731993F850405CB92046F0
S214018D1010F0CCFA735D204643F002037355FFF75B
S214018D2083FF204670BD0120FCE700BF6C3A00209F
S214018D30AC23034A5843135C23F0030313547047D0
S214018D406C3A002070B516461F4A12780446C2BB1C
S214018D501E4DAC2101FB00518A6C92BB91F850204C
S214018D603AB1022B2DD191F84410072907D91C20BE
S214018D7026E091F844100729F9D8012B08D0AC2039
S214018D8000FB0450CA00011D0C301BF0F7F800214F
S214018D90AC2303FB04F000EBC10129449DF8143019
S214018DA0CB71049B8B602B18002493F844208E8093
S214018DB0013220468C7183F84420FFF735FF2046A8
S214018DC070BD0120FCE700BF694500206C3A002019
S214018DD0F8B5234B1B7804460F46002B3ED1214D98
S214018DE0AC2303FB0053B3F8A03023B91E4840F26E
S214018DF03631ECF7EBFCAC2202FB0452D2F8A4604D
S214018E0036B192F8A330B2F8A02039460020B04718
S214018E10AC236343EA180021A2F8A010C2F8A410FC
S214018E2092F8A820482101FB02322A44D2F8982061
S214018E30964213D0EB5C9B070CD5AC2262432046CE
S214018E40AB5C23F0020343F00103AB54BDE8F840EA
S214018E50FFF7EABE10F04CFA0028EED1F8BD00BFCD
S214018E60694500206C3A0020CFF503002DE9F04F4C
S214018E708BB00D460790084600F0BEFD044618B9B3
S214018E8021200BB0BDE8F08F284600F0D1FDC0B21E
S214018E9008382218215C92F802B092F803A05268B2
S214018EA0069200222678B4F80130ADF82620434A0F
S214018EB0059192F80090B9F1000F09D0404B1B685C
S214018EC023B14FFA8BF25146204698470020D8E747
S214018ED003F00703022B6ED00134092249462046CF
S214018EE0FFF724FA023EF6B2331ADAB21B06074639
S214018EF00392C5D4DFF8CC80D8F890302BBB002184
S214018F000DF12609039BCDF8009022460846FFF78F
S214018F10BBFAC3B20546002B48D1BDF8260018F0AF
S214018F202FFBC8B9BDF8260018F026FC0490BDF842
S214018F30260018F025FBD8B90123324621464846BB
S214018F4000F0A6FEC8B119209BE74A460121284633
S214018F5098470028D3D193E7D8F89430BDF8260077
S214018F60002BDFD0E11998470028DBD1022088E7E3
S214018F70039A0498E1191BF041F8BDF8260000F0A9
S214018F803BFD059B8372069B079A80F808A01BBAD7
S214018F90C360AC2303FB028380F809B093F850202A
S214018FA0BDF8260022B1DB6C03B19847E8B268E74A
S214018FB0D8F87830F8E7012063E700BF694500205C
S214018FC0AC3900206C3A002070B50A4CAC2303FB88
S214018FD0004305465E6D26B9074840F2F731ECF7C7
S214018FE0F5FBAC2303FB0544002363653346BDE86C
S214018FF0704018476C3A0020CFF503002DE9F8437E
S21401900008460F46164602F1010918F0BAFB8046DB
S214019010384618F0AEFA042856D1384618F0CDFA7C
S2140190202C4C4FF6FF7248F6410348F66105904214
S21401903008BF1D46B4F85C10301D18F056FA3846C5
S21401904018F0BBFA0146B01D18F04FFAB4F85E10DE
S21401905006F1080018F049FA06F10A0438460DF040
S21401906059FE10B145F01005ADB22946484618F034
S2140190703CFA384618F080FB4246014620461AF074
S214019080BDFF3846012100F041FD4444074660B16A
S21401909000F0CEFC0546384600F0AEFCEDB20146C7
S2140190A02A4620461AF0AAFF2C440B4A1378F3707E
S2140190B0A41B591C01341170347030460922BDE8D6
S2140190C0F8430121FFF732B9484618F00CFA4C462E
S2140190D00546C3E76C3A002072450020084B10B4E1
S2140190E00C461146AC2202FB0033586D20B95C6574
S2140190F05DF8044BFFF718B802205DF8044B704783
S2140191006C3A002010B50B4BAC2250431A18482479
S21401911092F8A81004FB0100034493F87700022894
S21401912006D092F850301BB9032818BF012010BD95
S2140191300020FCE76C3A002070B508B1012070BD34
S214019140234C94F8A850002DF8D1B4F85C20294699
S214019150FEF73CFDB4F85E2029462846FEF720FDC2
S21401916004F1600229462846FFF742F894F8773062
S214019170002BE3D0284694F85860FEF77BFD864224
S21401918015D1002094F95A50FEF768FD854216D194
S2140191900020FFF7B7FF04460020FEF72DFD00284C
S2140191A0CDD021460020BDE87040FEF735BD94F8CD
S2140191B058102846FEF770FD0028E2D0BFE794F964
S2140191C05A100020FEF73AFD0028E1D0B7E700BFAD
S2140191D06C3A002010B51446174A0346AC2000FB33
S2140191E0032292F8770002280CD1E07F022809D1E9
S2140191F041B112490978012913D992F858102278F9
S21401920091420ED121781846FEF73AFD90B10C48EE
S214019210482221461AF0F2FE0020FEF7EDFC08B9BE
S214019220002010BD044B93F8A8000028F8D1FFF7E2
S21401923083FFF5E72120F4E76C3A002004160020AE
S214019240C43A002008B5094BAC2202FB00330020CB
S2140192505A6DD86483F8500012B15865FEF77CFF4A
S2140192600020FFF769FF002008BD00BF6C3A002010
S2140192707FB51C4C94F8A83023B1002084F8A800D0
S214019280FFF75AFFB4F8A05094F85A308DF80F3013
S21401929025B9154840F2ED21ECF798FA134A29460C
S2140192A00020FFF7ABFEE66F104C02469EB10DF1B3
S2140192B00F0301930023009321462846B047024638
S2140192C0247854B920462146FFF782FD2046FFF751
S2140192D0ABFC04B070BD0122F2E704490020FEF7A2
S2140192E047FBF6E76C3A0020CFF50300EC39002087
S2140192F038B5494B1C78002C58D1484800F04AFE36
S2140193002046FEF779FC002850D0454C2378D90733
S21401931033D594F850201AB123F00303237045E0A7
S21401932023F0010323700FF0CBFF23789A0705463D
S21401933001D50FF0BBFF294600200FF0B7FE40B95C
S214019340237843F0010323702846BDE838400FF028
S214019350ADBF002384F8A33094F8A83084F8A25057
S214019360482202FB0343A4F8A000D3F89830C4F8BF
S214019370A430BDE83840FFF77BBF94F84400B0B195
S214019380251D95E8030004F1A00383E80300FFF719
S2140193906FFF94F8442004F10C01D20028461AF01D
S2140193A0EDFD94F84430013B84F8443038BDA26C9E
S2140193B062B99B0711D5237823F0020343F001031A
S2140193C02370BDE838400020FFF72EBC012384F847
S2140193D05030A064904723789EE70FF089FF00285D
S2140193E0E9D194F8A83073B1F5F78EFE94F85030B1
S2140193F0002BDBD1FF2818BF84F8A800BDE8384051
S2140194000020FFF799BED4F88C30002BECD098479B
S2140194100028CBD1E8E700BF694500204C130020A7
S2140194206C3A0020034BAC2202FB003393F8A800F1
S214019430704700BF6C3A002070B504460020FEF766
S214019440DBFB0C4EAC235C43351995F850300BB161
S214019450002070BD0028FBD0074818F0D3FB002879
S214019460F6D1335D002BF3D195F84400B0FA80F0C5
S2140194704009EEE76C3A00204C13002028B1034B5C
S2140194801B68C01A4010013080B27047283B00208C
S21401949030B1044B00F100401B68013803EB40007B
S2140194A0704700BF283B002010B5034618F084F92A
S2140194B0074A03EB400314684FF6FF729C421846B6
S2140194C004D90188914203F10203F7D010BD00BF11
S2140194D0203B00202DE9F047204F3B880546A3B3EB
S2140194E0B0F90230002B30DBDFF87C801C49D8F85D
S2140194F000001AF079FD20B91A4840F2CD11ECF7B8
S21401950065F9DFF860A0DFF8649000263A88B3B208
S2140195109A4204D840F2CF115046ECF757F9D9F8E1
S2140195200030D8F80010B2B203EBC20453F8320090
S21401953068B943F83210A3880133A380284618F08F
S2140195403BF9E38803EB4003E380BDE8F0871AF0BC
S2140195504BFD01360028D9D1EDE700BFAC42002013
S2140195608AF4030094F403006C1300201C3B0020D3
S21401957038B5094C094D22682B689A4204D9084827
S2140195804FF48371ECF722F928682368C01A20F09B
S214019590010080B238BD00BF203B0020243B0020E4
S2140195A094F4030008B50B4B0B4A1A600B4B0C499D
S2140195B01B6823F0010313440B600A4B1A60FFF784
S2140195C0D7FF642805D8BDE808400748F021ECF726
S2140195D0FDB808BD283B0020E82A00206CD5030012
S2140195E0243B0020203B002094F4030038B5094CAE
S2140195F0094D22682B689A4204D308484FF48671B5
S214019600ECF7E4F828682368C01A20F0010080B25D
S21401961038BD00BF283B0020243B002094F4030003
S214019620064B1B68834206D8054B1B68834294BFD2
S2140196300020012070470020704700BF283B002013
S214019640203B00202DE9F0411D4B1B78012B0446E1
S21401965024D10088FFF71CFF0546D8B1DFF86480E7
S21401966004262C4612F07BFB07462046FFF732FF06
S214019670638843EA08036380A05BFFF709FF04469B
S214019680384612F072FB1CB1B4F90230002BE9DA4D
S214019690062E01D1BDE8F0810626E2E7022BF9D1BC
S2140196A012F05DFB02462088FFF7F2FE18B1038830
S2140196B0C3F30E032380BDE8F041104612F055BBFC
S2140196C0734500200080FFFF2DE9F04FBA4BDFF80D
S2140196D0FC82BA4F97B0002406461C8012F03FFB6E
S2140196E001233B70B8F80030ADF81630B44BA8F83B
S2140196F000401B68019312F038FBB24B1A88B24B3C
S214019700D200186821461AF053FC0DF11600FFF737
S21401971099FF002E3CD1DFF8B892D9F800404FF0FF
S214019720000B0125019B9C4239D3BBF1000F39D1B7
S214019730002DF2D0D9F80040DFF898A2254622463F
S214019740019B9A4273D302230DF116003B70FFF77B
S21401975079FF002E40F08F80D9F800603246AA4289
S21401976080F0A2809088FFF793FE18B10388C3F3B8
S2140197700E039380D088FFF78BFE18B10388C3F3DE
S2140197800E03D3801046FFF78FFE0246E7E79847A1
S214019790E3B2013456F82330002BF8D1BBE7BBF116
S2140197A0000F3ED00BF1FF335FFA83FB16AB03EBE2
S2140197B08B0252F8402CB2F9020051880028B1DA27
S2140197C04B04AFD4924641F48040931D2AF8020F11
S2140197D002933AF8020FFFF75BFEF0B1B0F902E030
S2140197E0B0F802C0BEF1000F17DB6FEA4C4C6FEA0F
S2140197F05C4CA0F802C00390FFF76CFEBBF10F0FA4
S2140198009FBF16AB03EB8B00039A40F8402C9ABF20
S2140198100BF101035FFA83FB0025029B9A45D8D121
S21401982080E72046FFF740FE22460446C3E710467F
S21401983017F0C2FF8346B2F90200118800280AEA2F
S214019840010108DA2046FFF719FE084381B204EB4E
S2140198504B0402EB4B0511801046FFF725FE02462E
S2140198606EE798475FFA8AF30AF1010A56F8233041
S214019870002BF6D170E74FF0000AF3E73046FFF70A
S21401988013FE82467EB1B6F902307188002B0ADAE1
S2140198903088C0F30E00FFF7FBFD864203462DD14C
S2140198A0C1F30D0171805646AE42E7D3DFF81CA125
S2140198B012F055FA00210646504618F01EF8FFF73A
S2140198C0E7FD0546002800F08780304612F04DFA85
S2140198D0284617F071FF06462046FFF7CFFD7600B3
S2140198E081463246294620461AF048FB0022494660
S2140198F00DF1160017F095FF3444D9E71BD9304611
S21401990017F05AFFC1F30D014200718092B2314641
S21401991018461AF033FBC6E75046FFF7C5FDD14699
S214019920854203D9B0F90230002B01DA824603E002
S214019930FFF7BAFDF4E7B146554507D9BAF8000076
S214019940C0F30E00FFF7A4FD8245E5D3B9F1000F81
S21401995030D0B9F80000C0F30E00FFF799FD0346BA
S21401996038B93346CB46994513D8B1459BD0D9462D
S214019970ECE7484617F020FFB9F80220C2F30D02C3
S214019980A9F80220420092B2494618461AF0F6FAA1
S214019990E7E718460193FFF787FD019B9B46854243
S2140199A003D9B0F90230002B01DA0346DBE7FFF7F3
S2140199B07BFDF4E7CB46DAE7AE4200207345002094
S2140199C0203B0020AC4200201C3B0020B04200207F
S2140199D0283B00200080FFFFBDF81630A8F80030B5
S2140199E0044B387030461C6012F0BFF917B0BDE862
S2140199F0F08F00BF203B002010B5044608B90020B8
S214019A0010BD17F0EAFE20B9084840F2C441EBF752
S214019A10DDFE2046FFF73CFD0028F0D00388DB0B77
S214019A2014BFD0F80A000830EAE700BF94F4030038
S214019A3010B508B9002010BDFFF72AFD044617F03F
S214019A40C3FE20B9074840F2DE41EBF7BFFE002C0B
S214019A50F0D02388DB0B0ABF60882089C0F30C0096
S214019A60E9E700BF94F403002DE9F0410546FFF74E
S214019A700FFD0F460446D8B117F0A6FE20B92148BF
S214019A8040F2F141EBF7A2FE2846FFF7D1FF05466B
S214019A902046FFF709FDBD42064609D004D81948FD
S214019AA040F2F941EBF792FE2588ED0B02D02781B3
S214019AB0BDE8F0816780204617F07EFE074604EB7E
S214019AC0400812F04CF9104B1A68B2420AD1C3F89A
S214019AD0008012F04AF92A464046FF21BDE8F041CF
S214019AE01AF066BAA6EB0806B5B212F03EF9072DD3
S214019AF0F1D90023083D44F81730C8F80430A8F817
S214019B000250D5E794F40300203B002038B5FFF758
S214019B10BFFC0D46044650B117F056FE20B9044866
S214019B2040F23651EBF752FE023534F8150038BDD7
S214019B3094F4030070B5FFF7ABFC0C4616460546D9
S214019B40B0B117F041FE20B90D4840F24151EBF794
S214019B503DFE3046FFF79CFC17F036FE20B908485C
S214019B6040F24251EBF732FE023425F8146070BD24
S214019B70BDE87040024840F24651EBF727BE00BFF1
S214019B8094F403002DE9F843C41CA408274B640091
S214019B900434B0F5005F1E6881460F46A4B204D3B4
S214019BA0234840F27251EBF711FE12F0D8F8214922
S214019BB00B6880467BB9204B1D68761BC6F34F06A3
S214019BC0B44223D90025404612F0CFF82846BDE816
S214019BD0F843FFF753BC7FB1174A15685A1BC2F307
S214019BE04F029442EED81448620005EB4404046028
S214019BF07FB913440B600CE0F61AC6F34F067EB924
S214019C000B4840F28351EBF7E1FDDBE705EB44043B
S214019C101C600023A5F80290AB80EB802B80D2E776
S214019C20B442CFD8044A1568DDE700BF243B0020C4
S214019C3094F40300183B0020203B002038B505466D
S214019C4012F08DF8294604460022044817F0E9FD73
S214019C502046BDE8384012F088B800BFB042002068
S214019C6038B512F07CF800210546044817F045FE89
S214019C700446284612F079F8204638BDB042002046
S214019C80024B1888B0FA80F040097047B0420020B5
S214019C902DE9F74F044600881F46FFF7F9FB884673
S214019CA01546064617F090FD20B9404840F2DA61A5
S214019CB0EBF78CFD3388DB0B009306D033892B44FE
S214019CC03381002003B0BDE8F08F2088DFF8E0B0D4
S214019CD0FFF7AEFE82463046FFF7E6FB019012F034
S214019CE03EF8DBF80020019B9A4281461DD1FFF722
S214019CF03FFC854204D9484612F037F81A20E1E7BE
S214019D0005EB0A0373803FB12088FFF775FE2A46EC
S214019D10414650441AF072F93046FFF7C5FBCBF8BE
S214019D200000484612F021F8CBE712F01EF8208812
S214019D30FFF77EFE2844009980B2FFF723FF064610
S214019D400028DBD0FFF758FE81462088FFF754FE37
S214019D5082462088FFF76CFE5146024648461AF0B6
S214019D604DF93046AFB1FFF747FE07462088FFF7AB
S214019D705FFE2A46414638441AF040F90121208800
S214019D80FFF7C4FE012102463046FFF7D3FE2680C8
S214019D9097E7FFF731FE80462088FFF749FE2A46FF
S214019DA0394640441AF004F9E8E700BF94F403008A
S214019DB0203B002038B50C460546FFF739FE8442A5
S214019DC003D304482D21EBF701FD2846FFF714FEC7
S214019DD0204438BDA8F4030070B506460D46FFF7CB
S214019DE00BFE044648B13046FFF722FE854203D3F8
S214019DF002483521EBF7EAFC605D70BDA8F403006C
S214019E0070B50C4606461546FFF712FE844203D38C
S214019E1004483F21EBF7DAFC3046FFF7EDFD00B1D1
S214019E20055570BDA8F4030001483321EBF7CEBCFD
S214019E30BFF40300036910B55BB18268064B9A4212
S214019E4001D1002010BD446913F00CF9201AF9D590
S214019E50F7E74FF0FF30F5E7299E010082684B4B8C
S214019E609A422DE9F041056804460E4615D121B106
S214019E70474840F20F11EBF7A9FC11F070FF236978
S214019E801BB92B682BB924612C60BDE8F04111F099
S214019E906CBF1A6922611C61F6E713F0E3F880468D
S214019EA0E8F77EFB20B13A484FF49371EBF78EFC4E
S214019EB06FF000439E4221694BD22B7B08EB0602D2
S214019EC0002B4DD0AB6893424AD1531C002949D090
S214019ED06169994242D01EB9521AB2F1004F3DD97A
S214019EE0636123696E689C4203D129489A21EBF786
S214019EF06DFC2F460023B4420BD0002B41D1726972
S214019F006169891AB1F1004F32D8326994423746F5
S214019F102CD12269BD420CBF6A603A617BB92669C1
S214019F20B44203D11A48B521EBF750FC3B46012E4B
S214019F3005D062697169521AB2F1004F23D99D4268
S214019F400BBF6B681A69236122610CBF6C601C61D0
S214019F5004E0434431B162699342C1D1BDE8F08166
S214019F601346B3E76A6822616C60B9E71646C6E72E
S214019F70A8EB0202B2F1004FC7D93B463746366915
S214019F80B9E71F46F9E733463669D0E7299E01004F
S214019F90BFF4030082681C4B9A4270B505680446FC
S214019FA019D111F0DCFE236923B1A34206D10022A8
S214019FB02A601A61BDE8704011F0D7BE1A461146F4
S214019FC01269A242FBD12A68A24208BF29600B612E
S214019FD000232361EEE7036993B198426E6803D1CB
S214019FE00A489A21EBF7F2FB2B46B44209D12269C3
S214019FF09D4218BF1A614FF0000308BF6A602361D3
S21401A00070BD33463669F0E7299E0100BFF40300B0
S21401A0102DE9F043174FDFF860808BB00646002528
S21401A020BC7814B90BB0BDE8F083B7F800908EB9D0
S21401A0300096B8F8001023462A4603A817F021FD1B
S21401A040234603AA3146484613F045F82544EDB2A7
S21401A0500437E5E72346494603A8002213F032F801
S21401A06001230093B8F8001023462A4603A817F0E8
S21401A07008FDEBE7CEF40300B24200200148FFF7EB
S21401A080E1BA00BFB2420020F7B51546174A0446AA
S21401A0900846118811B1164A1278CAB1D4B1002205
S21401A0A0294603B0BDE8F04013F00CB83A44D2B2EA
S21401A0B00436B778002FF1D0B6F800C0AC45F5D11C
S21401A0C084F0010400943B4617F0DBFC03B0F0BDBE
S21401A0D0084EEEE702462146284612F0FCFF2846C7
S21401A0E003B0BDE8F04013F0E2BB00BFB24200206F
S21401A0F037160020CEF4030010B5074C238843B171
S21401A1000020FFF785FF054B0020FF2220801A70F4
S21401A11010BD7020FCE700BFB242002037160020B9
S21401A120142810B518D8082805D115F002F9C4016D
S21401A130E4B2204610BD0E2802D115F0FDF8F6E770
S21401A140064B53F82040002CF3D00A282478F0D18F
S21401A15007F026F90443EBE7FF24EAE7F8F40300E7
S21401A160064A082312F8011B814205D0013B13F071
S21401A170FF03F7D1184670470120704755F50300D5
S21401A180064A082312F8011B814205D0013B13F051
S21401A190FF03F7D118467047012070474DF50300BD
S21401A1A0014BB3F8680070476C3A002000487047CE
S21401A1B0D63A0020014B1878704700BFF7440020BC
S21401A1C0014B1878704700BFFA440020014B187005
S21401A1D0704700BFFA4400201F4B022810B51F4CE1
S21401A1E0187002D00438012820D82378042B0BD00D
S21401A1F01B480021FFF732FE2378033B012B03D9CE
S21401A20018480021FFF72AFE174B1B689A0020D535
S21401A21013F0805F0CBFBF24BC24204615F018FD48
S21401A220C8B92046BDE8104013F056BA0C48FFF7EF
S21401A230B1FE0C48FFF7AEFE17F076FE2378033B1F
S21401A240012B03D815F0FEFC9124E6E70DF044FD42
S21401A250FAE79024E1E710BDFE440020FF44002009
S21401A2607013002010360020A4360020024B187808
S21401A27000F00F00704700BFFE440020034B187823
S21401A28000F00F00831E584258417047FE440020DC
S21401A29008B517F034FEA8B117F04AFE90B10A4887
S21401A2A017F0B4FA70B1094817F0B0FA50B115F0CA
S21401A2B048F838B115F0CEFC20B9BDE8084004488E
S21401A2C017F0A5BC002008BDB4420020FA420020C9
S21401A2D02C3B002030B5182293B00021044619F01B
S21401A2E067FEFFF7CBFF20B9114B1B78033B022B10
S21401A2F01CD800216A460846FEF78CFCBDF80430DF
S21401A30023819DF80230A3729DF80030E372204647
S21401A310002517F0E9FF257304F1140104F110007C
S21401A32018F076F8E081284613B030BD9320FBE79D
S21401A330FE44002030B593B005460C46FFF79EFF5D
S21401A34020B90B4B1B78033B022B0ED86A46002123
S21401A3502846FEF75FFC9DF80230237000209DF82A
S21401A36000306070A37013B030BD9320FBE700BFD0
S21401A370FE440020054B1878012805D000F0FD00AA
S21401A380A0F1310358425841704700BFFE440020F7
S21401A39010B5FFF707F912F080FE1020FFF7C0FE98
S21401A3A004060DD50020FFF7BBFE000608D5284B96
S21401A3B0D3F8EC2012F0020F12D1B024204610BDC3
S21401A3C01020FFF7ADFE01060ED40020FFF7A8FE11
S21401A3D0020609D51E4BD3F8EC2012F0010FEBE76D
S21401A3E0D3F8E8309B07E8D51A4816F076FE012028
S21401A3F017F01CF8EBF760FB04460028DED100F0EE
S21401A40053F9154817F0D8FB00F074F9EAF73AFF4C
S21401A41012F040FE0AF072FB0AF0C4FBF4F784FE69
S21401A420F4F70CFEF4F726FE04F0A0FC14F083FF0C
S21401A43014F084FF15F011FC08480CF023FB07F01C
S21401A44067FD15F0CBFB0028B8D015F0C9FBB5E7C2
S21401A4500081E00F690345EC2C3B0020F5930200D8
S21401A46010B517F05EFD70B301F0DEFB80F001045D
S21401A470E4B20020FDF7D2FE44EA800424B217F0CD
S21401A4803EFD10BB02200443164817F0BBFB44EA0E
S21401A4904014154817F0B6FB24B244EA00141348DA
S21401A4A017F0B0FB24B244EA8014114817F0AAFB57
S21401A4B024B244EA40240F4817F0A4FB24B244EA2D
S21401A4C0C02080B210BD0124D3E70B4817F09EF9D7
S21401A4D00028D7D0094817F099F980F00100C0B2DA
S21401A4E04000D0E7B013002094140020A8360020C6
S21401A4F01414002074140020B4420020FA420020F4
S21401A50008B501F069F90EF0BDF8FDF771FA1548C6
S21401A51017F07CF908B906F015F9134817F076F923
S21401A52008B907F0DFFC03F051FC0CF05DFC0F48A6
S21401A53017F079FB0E4B1B78043B022B09D80D480C
S21401A54017F060FB28B1FFF78BFF102801D109F047
S21401A5506FF814F0F8FE17F0ECFBBDE8084006486B
S21401A560FFF7B2B8B4420020FA4200202C3B00208C
S21401A570FF4400209414002068F50300014B18687E
S21401A580704700BFC439002038B50C4B1B78033B1D
S21401A590012B044604D82046BDE838400AF082BBA9
S21401A5A00CF06CFD4FF6FF739842054604D1204629
S21401A5B000F02AFDA842EED038BD00BFFF440020BF
S21401A5C070B54FF6F773984286B004460D465AD8D2
S21401A5D017F0B0FBA04207D12C490822284619F0F3
S21401A5E0CDFC002006B070BD294EB6F86830A342F7
S21401A5F00AD10022082106F16A0017F049FB18B9B2
S21401A600082206F16A01E9E7ACB1224B1B78033B4D
S21401A610012B1AD8002300930122194620460AF07E
S21401A620CFF9FF2823D1294620460AF08FFB80F078
S21401A6300100C0B2D6E7184B1B689B07E5D4284635
S21401A64008F0C6F80028E0D0CBE7204600F096FFD9
S21401A650FF2806D1294620460FF070F80028D9D1E8
S21401A660BFE7294600F0ACFF0028F3D0B9E702A9FE
S21401A67018F091FD0028D6D1DDF80D302B60DDF8FD
S21401A68011306B60ADE70120ACE700BF74450020D8
S21401A6906C3A0020FF440020A4360020014B1870BD
S21401A6A0704700BF0B16002010B50649064C0988F6
S21401A6B0204608237F2212F012FD204617F074FB75
S21401A6C010BD00BF909D03007445002013B51346CE
S21401A6D00C461AB1022A0CBF134601230021044A74
S21401A6E0009201912246FEF72DFB02B010BD00BF7D
S21401A6F0B51F030000B5002093B0FEF7A3FA1D4B6B
S21401A70018880CF0C5F91C490020FDF719FE342203
S21401A7100021684619F04CFC0B238DF800306FF4CD
S21401A720803301934FF6FE73ADF8103003238DF896
S21401A7301D30124B0893124B0993124B0D93124B7B
S21401A740124A0E93124B0F93124B106851681093D6
S21401A750114B119302AB03C300216A460846FEF76C
S21401A76039FD6A4601210020FEF734FD13B05DF87D
S21401A77004FB00BFA215002070D5030055AC0100F4
S21401A780AB1D030095E40100FDAD010074450020FA
S21401A7906DFB0100B51F0300FDDE010070B5044628
S21401A7A016F0A1FE0422002106462046FDF7BEFD56
S21401A7B0204416F098FE0322054600212046FDF7A8
S21401A7C0B5FD204416F08FFE0540ADB24FF6FF737F
S21401A7D09D4213D1F30711D5062200212046FDF72D
S21401A7E0A5FD204416F07FFE074B1B88834214BF4D
S21401A7F002200620054B1B78184070BD204613F03A
S21401A8004DF9C000C0B2F5E7B61500207C45002022
S21401A8102DE9F84FDFF83C91804608460F4616F0C2
S21401A82062FED9F80030054643B9484B1B682BB980
S21401A830474B1B6813B9FF20BDE8F88F15F4406A33
S21401A84005F0400610D13EBBB5F5804F53D24FF40C
S21401A85080740023002B58D13C4A12688025002AB8
S21401A86069D0002108465FE0F81C16F03CFE4FF662
S21401A870FF73984214BF0124022486B1052605F40D
S21401A8804043B3F5004F44F0080424D0B5F5804F9B
S21401A89023D244F4807420E054460326EFE7B5F54E
S21401A8A0804F4FF00506F4D3BAF5406F14BF02206F
S21401A8B008203044384416F016FE834617F057FA3F
S21401A8C005F4404558450CBF44F0080444F0040420
S21401A8D0B5F5004F01D144F08004BAF5006F0ED1F2
S21401A8E0B81916F000FE054617F024FAA842B0D1B2
S21401A8F044F01004ADE7544603260220D9E7BAF522
S21401A900406F08BF44F02004A3E7012B09BF104A9B
S21401A910D9F800201268402518BF10259FE7A742E6
S21401A92001F101010BD0C8B2CEB232F8167032F97D
S21401A9301660002EF3DA0133032B8BD17BE7B8F1D7
S21401A940000F3FF479AF88F8005075E73C3B0020D4
S21401A950403B0020C8390020034B1A78022A04BF66
S21401A96009221A70704700BF7E450020034B0C2257
S21401A9701A701A210022032002F0FCB87E4500203E
S21401A98070B5054638B90C4BBDE870401878002202
S21401A9901A2102F0EFB8094B074E1C78E1B21A29CA
S21401A9A0F1D825FA04F3DB0703D53078362202F016
S21401A9B0E1F80134F2E700BF7E4500203916002099
S21401A9C008B5064B0C221A70002210461A2102F016
S21401A9D0D1F8034B00221A6008BD00BF7E45002057
S21401A9E0483B002070B50E4B0C221E781A700546A7
S21401A9F030B930460022BDE870401A2102F0BAB8DC
S21401AA00084B1C78E1B21A29F3D825FA04F3DB07C0
S21401AA1003D53622304602F0ADF80134F2E700BF26
S21401AA207E45002039160020024B0C221A7015F0C4
S21401AA300AB900BF7E450020F0B50C888BB00546EC
S21401AA400E46E4B94FF6FF77ADF8247015F00EF90F
S21401AA5010B902200BB0F0BDCDE90340CDE90544A5
S21401AA60134A0294B2F85C300193603200923B467E
S21401AA7009AA4CF60101FF2018F0E5FE30802846B1
S21401AA8017F071FA0B4C70B1237863B1013BDBB25E
S21401AA902846237017F067FA38B12078B0FA80F0AC
S21401AAA04009C0B2D6E70523F2E70120F9E700BF67
S21401AAB06C3A002038160020034B1B68114603B180
S21401AAC0184712F018BE00BF483B0020024B0C226C
S21401AAD01A700AF09FBC00BF7E4500200148FEF7B1
S21401AAE0B1BD00BFB64200207FB506460C461546EE
S21401AAF0FDF7E8FE00287CD1062E03D85223F3404A
S21401AB00DB071AD4B4F1006F05D3E30E1C3B032B0D
S21401AB1018D94F202BE0394B00221A60384B1E7093
S21401AB2017F0DDF803460A2E65D8DFE806F0361B77
S21401AB304F5A1B2E221F47523F0002F029FCB4F148
S21401AB40006FE2D22D4B00221A602D4B042E1E7090
S21401AB50E6D12C4801F02AFD022001F053FC17F043
S21401AB60BEF8034601220292274A05E0212004B0DE
S21401AB7070BD01220292254A0192254A0092254A79
S21401AB8029462046FDF7E2FEF1E7234A29462046FC
S21401AB9004B0BDE87040FDF7C1BE204B204A2946EF
S21401ABA0204604B0BDE87040FDF79CBE002202922C
S21401ABB01C4A0192164A00921B4AE1E701220292C0
S21401ABC01A4A0192124A0092194AD9E70C4B0222FC
S21401ABD01A7000221749104604B0BDE87040FEF70F
S21401ABE077B800220292144A0192094A0092134A47
S21401ABF0C6E74D20BBE70120B9E700BF483B002070
S21401AC007E4500207D450020E5A90100491F03007F
S21401AC1055AC0100A11F0300CDAA0100C1A9010086
S21401AC20B9AA010029AA010039AA010081A90100D7
S21401AC304D1F030059A901006DA90100451F03001E
S21401AC4008B5FDF7B3FE024B0C221A70002008BDB2
S21401AC507E450020F0B585B0ADF8060018B9654808
S21401AC609021EAF7B3FDBDF8060016F082FC044613
S21401AC70BDF8060016F07DFC082846D00C2CBDF861
S21401AC80060042D116F078FD074616F02CFC0DF1B1
S21401AC900F010646BDF8060014F038FB002879D0EF
S21401ACA0092200213846FDF741FB9DF80F3010338D
S21401ACB0C518BDF80600FEF7BBFEEDB2854269D2A7
S21401ACC02946BDF80600FFF787F806F44C4416F44B
S21401ACD04066054614D0F81C16F005FC4FF6FF73C7
S21401ACE0984208BF44F04004B6F5006F08D1781DBD
S21401ACF016F0F9FB4FF6FF73984208BF44F01004B4
S21401AD009DF80F305BB3072D44D1BDF8060016F051
S21401AD1026FC0446BDF8060016F02BFC082817D0C2
S21401AD20A30615D524F0200189B2BDF8060016F059
S21401AD3001FCBDF8060016F01FFD00210922FDF7F3
S21401AD40F5FA00F11001C9B20DF1060016F080FE09
S21401AD50BDF806102848002216F063FD1AE0082DFB
S21401AD6016D8BDB1013D072D14D801A353F825F01F
S21401AD70CDAD0100D9AD010095AD010099AD010041
S21401AD8095AD0100E5AD01000BAD0100EBAD010095
S21401AD907C2D24D005B0F0BD24F48844A4B2B4F5CB
S21401ADA0084FF7D1BDF8060016F0DEFBBDF8061019
S21401ADB00BF008FF0028A8D0BDF8060016F03FFCEF
S21401ADC000220146022014F046FAE3E724F48064E8
S21401ADD0A4B2B4F5484F97E7B4F54C4F94E7B4F5F1
S21401ADE04C4F92D04CF6500301E04CF640439C4247
S21401ADF08AE700BFC8F50300B44200202DE9F04100
S21401AE000F4690460646FEF7F7FD04463046FEF727
S21401AE100FFEC5B2083D2C44084BE1781970084B6B
S21401AE20A2781A70314643463A46002012F0E1FBFA
S21401AE30003818BF0120BDE8F08100BFA3450020FF
S21401AE40A245002070B50B4B1C780B4B0022D5B2E7
S21401AE50AC4202D80C70002009E01E88864202F13E
S21401AE60010205D30D701B881B1A5842584170BD4C
S21401AE701233ECE7F8440020764000202DE9F04F2D
S21401AE80DFF84081DFF8409198F8002099F800300B
S21401AE909A4285B0064604D343484FF48A71EAF7CE
S21401AEA095FC0DF10F013046FFF7CCFF20B13E486F
S21401AEB040F21711EAF78AFC98F800709DF80F40E7
S21401AEC03D1B15F0FF0530D0384B394A1B78184624
S21401AED099F8003001214FF0FF3CA1400CFA03FC29
S21401AEE0002301F1FF3E01934FF6FF79C1F1000AFD
S21401AEF09DF80430984243D812202E4B04FB0000E4
S21401AF00A0F1120105EBC5025200194404F1010932
S21401AF10184419F033F84FEA89092748A9F10401C2
S21401AF200144AA00484419F029F8224904EBC40256
S21401AF3001EB420321F81260204A1278DA731A7480
S21401AF405A7412025A801E4A12781A7110225A71C5
S21401AF5000229A73C3F80620C3F80A20164B01375D
S21401AF6043F824204FF6FF710D2088F8007014F086
S21401AF7072F90EB908F014FE204605B0BDE8F08F50
S21401AF8013884B450AD053680AEA030B03EA0E03FB
S21401AF900B4403EB4B0343EA0C035360019B013361
S21401AFA008320193A4E700BFDBF503001816002062
S21401AFB0BC3400207640002060340020A3450020E9
S21401AFC07F450020F8440020161600202DE9F041A8
S21401AFD00B4B0C4E93F8008007460025ECB2A045BB
S21401AFE003D8FF242046BDE8F0810822B11D38466B
S21401AFF018F0B4FF01350028F4D01236EEE700BF92
S21401B000F84400207640002008B5FFF7DFFFFF2850
S21401B0101DBF00B2044B00EBC0004FF6FF7018BF17
S21401B02033F8100008BD00BF7640002007B50DF1CB
S21401B0300701FFF707FF30B19DF80730034803EB20
S21401B040C30300EB430003B05DF804FB7640002029
S21401B0502DE9F843294E33785D1E2D1A83420446A6
S21401B060EDB204D8264840F23F11EAF7AFFB254A75
S21401B07092F800C0244A01231278A3405F1E4FF0C5
S21401B080FF3090403B44214A00214FF6FF7E6FEA95
S21401B0900308CBB29C4523D8BDB127B204EBC40448
S21401B0A01B48640005EBC50204F11201014452007D
S21401B0B0204418F063FFBF001648AA00391D01445A
S21401B0C002F0FC02384418F059FF3378013B337024
S21401B0D0BDE8F84300224FF6FF710E2014F0BBB80E
S21401B0E01388734507D0536808EA03093B4003EB0E
S21401B0F059030343536008320131CAE7F84400207C
S21401B100DBF503001816002016160020BC340020BC
S21401B110764000206034002010B50A4C207858B9DB
S21401B120094B1B781A2B03D908489421EAF74EFBE2
S21401B130074B03221A7010BD0138C0B2FFF788FF13
S21401B140ECE700BFF844002016160020DBF50300EC
S21401B150F44400202DE9F047054616F055FFFF2878
S21401B160044624D1DFF888901F4B99F800201B78FD
S21401B1709A422BD22846BDE8F047FFF77FBE3888B3
S21401B1803B79504518D86F2B4FEA131214D85B073A
S21401B19010D0123708F1010899F800105FFA88F606
S21401B1A0B142ECD8114A0023DEB28E4214D32046B7
S21401B1B0BDE8F087022AECD90DF0A0F90028E8D105
S21401B1C029463046BDE8F04716F02BBF074F4FF033
S21401B1D000084FF6F77ADFE710798F2803F10103AD
S21401B1E0EED81232E0E700BF1616002076400020A7
S21401B1F0F84400204FF6F773984210B514D8FFF7BD
S21401B200A9FFFF2810D0134C00B200EBC00004EBDE
S21401B210400412F067FC104938B962880B7802EBDB
S21401B2200313A3EB1213638010BD227C637C0978A1
S21401B230E2739A422374617407D98B4203D2134690
S21401B2408B4228BF0B461B02EDE78A42F8D3134612
S21401B250F9E700BF76400020A34500202DE9F04124
S21401B2600F4DDFF8408006460F46002498F8003060
S21401B270A34201D8BDE8F08108222946304618F0DD
S21401B2806DFE40B935F8063CBB4204D02046FFF7B8
S21401B290DFFE013CE4B20134E4B21235E6E700BF5A
S21401B2A07C400020F8440020F8B5054608460E46C6
S21401B2B0FFF78CFEFF2830D01D4B294653F820702F
S21401B2C03046FFF7CBFF2846FFF744FFFF2804462A
S21401B2D025D10CF047F8FF280AD1164C207838B152
S21401B2E0EAF7CEFB2378B0FBF3F202FB1300C0B201
S21401B2F0294616F096FE044623B20F4D03EBC30310
S21401B30005EB430508223146A81D18F037FE2B79B8
S21401B31003F00F032B712046F8BD0027D3E7074B38
S21401B3201B78002B024B18BF002743F82070E3E779
S21401B3306034002016160020764000203A160020C1
S21401B34038B50B4B1B78834204460D4604D8094892
S21401B35040F25B21EAF73AFA074804EBC40400EB33
S21401B360440029460822BDE83840063018F006BEDB
S21401B37016160020DBF503007640002070B5044663
S21401B38008460E4616F040FEFF28054610D0204619
S21401B390FFF71CFEFF2807D0084B1B7823B9084B84
S21401B3A053F8202043F8252021462846FFF7C8FFFA
S21401B3B031462046BDE87040FFF750BF3A160020E0
S21401B3C0603400202DE9F8430026134DDFF8509035
S21401B3D080460127344699F80030A34210D83E43F0
S21401B3E00134E4B21A2C4FEA470705F11205F2D1EF
S21401B3F00A4B1B784FF0FF3098403043BDE8F88386
S21401B4002B884345EBD0284616F063FE0328E6D882
S21401B4102B796F2BE3D8E3E7764000201616002041
S21401B420F844002010B5084C00EBC00004EB4004C3
S21401B43023795B0707D1204616F04BFE237923F0CC
S21401B44007031843207110BD76400020014B187881
S21401B450704700BF3B160020014B1878704700BFAD
S21401B4603A16002070B51A48FEF794FD194B1B7862
S21401B470033B012B28D805F033FB03F0F9FABDE8AE
S21401B480704013484FF47A51FEF7E8BC23798F2BAE
S21401B4904FEA131111D80131204616F04AFE06294B
S21401B4A001D8032909D1237923F007032371002248
S21401B4B04FF6FF710F2013F0CEFE123401353278AD
S21401B4C0EBB29A42E2D8D6E7034C044E0025F6E7E3
S21401B4D070130020FF44002076400020F84400202E
S21401B4E0084B1878084B0022D1B2884203F11203A8
S21401B4F000D8704713F80D1C21F0100103F80D1C3D
S21401B5000132F1E7F8440020764000202DE9F047AB
S21401B510DFF86090DFF8608099F800400226122775
S21401B52000250CE007FB05F3002138F803A0504680
S21401B53016F0E4FD10B15CB1013CE4B2013599F8B6
S21401B5400030EAB29342EDD8A34204D14FF6FF7A17
S21401B5505046BDE8F087EAF793FA99F800301B1BCE
S21401B560012E90FBF3F202FB1300C4B2EED00126CB
S21401B570D6E700BFF84400207640002010B5044608
S21401B58016F042FDFF2808D120460BF0C9FDFF2822
S21401B5901FBF024B1B78C018C0B210BD1616002084
S21401B5A0044B05481A78054B1B781A449200002173
S21401B5B018F0FEBC16160020603400201D16002070
S21401B5C010B5134B1B78834286B00C4612D911492D
S21401B5D000EBC00001EB400108220631204618F0BE
S21401B5E0CDFC00220821204616F052FB80F0010017
S21401B5F0C0B206E0C01A01A9C0B20CF0E9F910B158
S21401B600002006B010BD01AB03CB20606160E8E707
S21401B610161600207640002008B5074B53F8203058
S21401B6208B42024606D915204FF6FF7113F013FE22
S21401B630002008BD0120FCE760340020024B0131E8
S21401B64043F82010704700BF603400202DE9F3470F
S21401B6502B4EDFF8B4A081460C4600279AF800303E
S21401B660FDB2AB4210D86946204617F0DAFEC0B3E9
S21401B67008226946484618F071FC90B349462046B0
S21401B68017F04BF8FE2537E006F10608082241467A
S21401B690484618F063FC90B94FF6FF739C422BD0D6
S21401B6A03388A34228D020460BF03AFDFF2814D158
S21401B6B04946204602B0BDE8F047FFF7F5BD14B98C
S21401B6C012360137CAE73388A342F9D1002208218E
S21401B6D0404616F0DDFA0028F2D12846FFF7B8FCFE
S21401B6E0CCE7494600200BF0EBFCFF28054603D0CB
S21401B6F0044B1B780344DDB2284602B0BDE8F08750
S21401B7007640002016160020F844002008B5FFF702
S21401B710E7FE054B1B78013B012B03D8BDE808402B
S21401B7200CF042B908BD00BFFF4400200F4B1B7848
S21401B73083420CD8C01A0E4AC0B232F81030D9046F
S21401B74011D443F4805322F8103001207047094B7E
S21401B75000EBC00003EB40035A79D10603D442F054
S21401B76010025A71F1E70020704700BF161600203C
S21401B7708642002076400020F0B5134B1B78064623
S21401B780FBB11248DFF84CC090F800E0104807788B
S21401B79000251F44E8B2864501D80020F0BD7C1B79
S21401B7A094FBF3F003FB10440CEBC4003CF834406C
S21401B7B0B44204D1002AF1D184788C42EED001350E
S21401B7C0E8E71846EAE700BF181600209036002082
S21401B7D0F6440020BC34002070B511F047FC104E32
S21401B7E0104932880B7830809B1A03449BB214258B
S21401B7F0B3FBF5F405FB14330B700B490B78E2B27F
S21401B80093428ABF9B1A0023DBB20B700749032AB7
S21401B8109DBF0B68D200D34000230B6070BD00BFF4
S21401B820B842002082450020F544002090360020D2
S21401B830084B1868084B1B78C2B29A4208D2074BCD
S21401B8401B78C0F30720984234BF002001207047C0
S21401B85001207047903600201816002081450020F0
S21401B860F8B505461746FFF7E3FF064610B9184B2D
S21401B8701A783AB9212001224FF6FF7113F0EBFC3A
S21401B8800020F8BD1348DFF854C003780133B3FB3A
S21401B890F2F402FB143303700F48DCF8002020F8A2
S21401B8A0335000EBC30402F10132A1703846CCF8E4
S21401B8B00020FFF787FDE670606016F03BFAA842AD
S21401B8C001D10120DDE7E3780133E370F9E700BF3A
S21401B8D018160020F6440020BC34002090360020C4
S21401B8E010B50B4C0B4A2378063B137011F0BEFBC8
S21401B8F0094B1880094B0A4800221A602278FF215A
S21401B900D20018F055FB074B04221A7010BD00BF79
S21401B9101816002081450020B842002090360020ED
S21401B920BC340020F544002048B139B1044B1B78E3
S21401B9300B70044B1B780370012070470846704754
S21401B940804500203C1600202DE9F843074611F0FB
S21401B95089FB05461B4816F055F91B4B60B31C685E
S21401B9603C1B2C44A4B2194BDFF868901B78184D89
S21401B97099F8006003EB830305EB430500225FFAA9
S21401B98082F846450AD9AB88A34205F10A0016D9C2
S21401B990B21A0A235A43294618F0F0FA013689F8F2
S21401B9A00060AC80B8F1000F03D106483946FEF7B7
S21401B9B055FA2846BDE8F8831D603C46D3E70132B8
S21401B9C00546DCE7901300204C3B00208445002010
S21401B9D0D63F0020854500202DE9F74F11F042FBA8
S21401B9E0DFF8BC902B4EDFF8BC80317898F800E089
S21401B9F0294D1FFA80FC0746B9F80000ACEB00039E
S21401BA009BB200240093A0EB0C0001EB810305EB35
S21401BA1043037246A2460190A3465FFA84FCF445AE
S21401BA201AD3BAF1000F00D03170724504D200204B
S21401BA3088F80020FDF7F8F898F800303BB3337823
S21401BA401648C9F800700A2202FB0355A98803B0FC
S21401BA50BDE8F04FFEF702BAB3F804C0009884457B
S21401BA6010D893F802C0A3F804B00CF1FF3C0131E2
S21401BA70013A83F802C0C9B2D2B24FF0010A0A33C2
S21401BA800134CAE701988444A3F804C0F7E703B079
S21401BA90BDE8F08F84450020D63F0020901300209B
S21401BAA04C3B0020854500201FB51B4A1B4C1378D4
S21401BAB0013BDBB213702068616801AA03C22189C9
S21401BAC01180174A127813440A225A4304F10A01D4
S21401BAD0204618F053FA9DF8063013F00F010BD1EB
S21401BAE01B09BDF8040008BF9DF80C10002204B025
S21401BAF0BDE8104003F09CBCBDF80800FFF724FF2A
S21401BB008288ADF8082001AA034603CA1288186085
S21401BB1059601A8104B010BD84450020D63F00202C
S21401BB2085450020F8B5094D094F0A4E00243B789B
S21401BB303178E2B20B449A4204F1010400DBF8BD0D
S21401BB402846FDF77FFD0A35F1E700BFD63F002006
S21401BB508545002084450020F8B51E46114B074652
S21401BB600D46104610491A78104B09781B780B447D
S21401BB70934206DB1F204FF6FF7113F06CFB00208B
S21401BB80F8BDFFF7E1FE013507808570044611F028
S21401BB9064FA6623E080237200206672FDF744F89B
S21401BBA00120EDE71516002085450020844500207C
S21401BBB02DE9F047DFF86880DFF8689098F80070A4
S21401BBC099F800501449844607EB050E00230A2213
S21401BBD0DCB274451DDA02FB04F6013331F806A027
S21401BBE0E24501EB0600F3D1631CAEEB03030A3614
S21401BBF05A43314418F0C2F9A5428BBF05F1FF350F
S21401BC0007F1FF3789F8005088F800700CB9034B2C
S21401BC101C70BDE8F08700BFD63F0020834500209A
S21401BC208545002084450020044B054A1B78127880
S21401BC30D3420CBF01200020704700BF844500207E
S21401BC4085450020024B1878003818BF0120704740
S21401BC508445002008B50A4B0A48002119700A4B92
S21401BC6019700A4B19700A4B1A7802EB82025200BD
S21401BC7018F09EF9BDE808400648FEF78BB900BFEC
S21401BC8085450020D63F00208445002083450020BE
S21401BC90151600209013002010B50B4C23784BB1DD
S21401BCA00A4803F055FD58B1084B0121188816F0D3
S21401BCB02EF908B9002010BD054B01221A70FAE7CB
S21401BCC0FFF7F2FEEAE700BF84450020D63F0020DA
S21401BCD08345002010B50E4B1B78BBB10D4C238855
S21401BCE083424FF0000311D10B4A2172137049B9F8
S21401BCF0A3781033A37016F050FC18B9A37823F07C
S21401BD000F03A370FFF7D0FE012010BD1846FCE715
S21401BD1084450020D63F00208345002010B5044608
S21401BD2001460822094818F029F9237B022B0AD874
S21401BD30002B14BF3122012205490B709423CB73CB
S21401BD40044B1A7010BD00230122F5E7C4420020FF
S21401BD50C0420020FE44002070B5064692B00D4653
S21401BD600020C97AFBF78CFF58B395F90A0015F045
S21401BD709DFF044638BB154BEA7A83F85820AA7A09
S21401BD8083F85A2001466A46FCF744FF4FF6FE73D5
S21401BD909E424FF0000118BF2B89ADF8066008BF20
S21401BDA04FF6FF736A460846ADF80430FDF712FAFF
S21401BDB028B9074B2A895A80204612B070BD022442
S21401BDC0FAE78A24F8E78B24F6E700BF6C3A0020EE
S21401BDD0C0420020014BD873704700BFC04200200C
S21401BDE0014B1878704700BFC042002010B5054CC3
S21401BDF02378112B03D00448DB21E9F7E7FC412324
S21401BE00237010BDFE440020E6F50300064B1B78A8
S21401BE10042B014604D1054A137C0533137470477D
S21401BE200348FEF71BB800BFFF440020C0420020B5
S21401BE30B013002008B50648FDF704FC0548FDF7D9
S21401BE4001FC13F06DFABDE8084001F0B9BA00BF75
S21401BE50B4420020FA420020064B1878332806D058
S21401BE6000F0EF00A0F1430358425841704701200B
S21401BE70704700BFFE44002008B5084B00224FF66D
S21401BE80FE701A7015F062FF4FF6FF7015F07BFF1B
S21401BE90034BD87BBDE8084011F01EBCFE440020D1
S21401BEA0C042002008B5064B187838B10548FDF7A2
S21401BEB0C1FF4FF47A73B0FBF3F0C0B208BD00BF08
S21401BEC0F3440020503600202DE9F0438BB007469E
S21401BED09DF84890154698460E4649B9104605AC59
S21401BEE00BF01EF921460BF073FD932818BF26466A
S21401BEF0B9F1000F0AD1124B1B781BB9284617F06F
S21401BF00B5FAD0B928460DF003FB02E0284617F033
S21401BF10ADFA80F00104E4B29DF8503002939DF82A
S21401BF204C300394CDE900932A46434631463846C1
S21401BF3016F046F90BB0BDE8F0834C46ECE700BFBF
S21401BF40FA4400202DE9F04F99B09A46BDF888B022
S21401BF509DF89030239D0A930E469DF894300692E4
S21401BF6011A95846099317F055FE05B3002800F0AD
S21401BF701C816B78C3F34003059311AC8C4B1B7883
S21401BF801AF0800F0CBF4AF080075746022B17D0D5
S21401BF904FF6FF78002D40F07D810225584615F0BA
S21401BFA0E3FA2B464246214617F0BCFFB9E0584655
S21401BFB015F05BFB0446002800F0F7800595DDE7E9
S21401BFC01EB97C4B1B78002BE2D02046FEF7DCFA2C
S21401BFD08046584615F05CFB012838BF0120C3B2E5
S21401BFE0079395B3281D15F07EFA81460AF00203E1
S21401BFF02046089317F031FD21460B90824600201B
S21401C0000BF05EF8089A0B9B0ABBFF281FD1F3F7CB
S21401C01009F8694A1278824200F029810B9B4FF693
S21401C020FF72934213D10DF017FA002800F01F811A
S21401C0304FF6F773994522D916F03FFB13A98246AE
S21401C040FEF7BEFA0028F7D02DE0C146CEE74FF640
S21401C050F772914520D8934211D899450FD01946C9
S21401C06022460CA80DF0AEF90C980D9915AB03C33A
S21401C0700221BDF838201A8015A80DF02BFB13A954
S21401C0804846FEF79DFA024628B9082113A815F07E
S21401C090FFFD002864D0CA460AF1FF339BB24FF673
S21401C0A0F6729342C8D8059B1BB9444B1B78002BEC
S21401C0B05FD1584615F058FA079B01930123009368
S21401C0C052463B4621460DF0D7FA4FF6FF7398428B
S21401C0D0804600F0CC80014600220CA80DF072F9D3
S21401C0E00C980D9915AB03C30221BDF838201A80B0
S21401C0F015A80DF0EFFA002D3FF450AF002E40F0DA
S21401C100CB8045460123CDE90163C7F3C007059BF4
S21401C11000934246069803972B46214616F050F8A0
S21401C120A846059B7BB14FF6FF7398450BD040465A
S21401C1300AF0F6FFFF281FBF214A32F8103023F419
S21401C140804322F810300A9B7BB315F0F3FD269B43
S21401C150009301462346099842460CF0AFFC24E0C2
S21401C160082213A9204617F0F9FE00287FF464AFD1
S21401C17091E7002D5ED0134B1B68980727D5069BC9
S21401C1800F2B21D0281D15F0AEF902230121CDE990
S21401C1900131C7F3C00700230246009306980397B0
S21401C1A04FF6FF73214616F00BF819B0BDE8F08F75
S21401C1B0FE440020F3440020F7440020FA44002007
S21401C1C086420020A4360020099B012BDAD1281DC7
S21401C1D015F089F981460AF0A3FF0B90484615F041
S21401C1E013FF4FF6FF72904552D0C8450B9B4FD1B7
S21401C1F0FF2B46D0184617F056F9784010F0EF0F8F
S21401C20014BF0123002340460B930AF089FF0890D0
S21401C210404615F0F9FE0B9B56B14FF6FF71884567
S21401C22006D0C84504D0089A0240D2B2FF2AA9D146
S21401C230002BA7D1224651460CA80DF0C3F80C9846
S21401C2400D9915AB03C35846BDF838201A8015F072
S21401C2508BF9079B01463A4615A80DF0D7F930B978
S21401C260BDF85C804FF6FF7398457FF444AF4FF6F8
S21401C270FF789DB10126281D15F035F94546804603
S21401C28040E7FF2804D0089BB3FA83F35B09BAE7BB
S21401C2900023B8E70226EEE70026ECE701257DE657
S21401C2A0014B00221A747047C042002008B50B4BA0
S21401C2B01B78022B10D10A4B1B78033B012B0BD9A1
S21401C2C0084B187800F001000DF0A2FB064B002287
S21401C2D05A609A605A8008BD0020F3E7FE440020A9
S21401C2E0FF440020F3440020C042002038B5174D1B
S21401C2F02B78033B012B1CD8154BB3F868204FF65F
S21401C300FF739A4215D10320FDF766FF02F0A2FBE8
S21401C310FFF7CCFF2B78033B012B01D909F080F8FE
S21401C3200020FBF769FC78B1BDE83840002015F025
S21401C3303EBAFDF73BFF0446FDF732FF01462046B5
S21401C34008F00EFA0220DFE738BD00BFFF440020E8
S21401C3506C3A002008B5114A114BD8731378032B99
S21401C3601BD0D3B1332B01D0432B10D10D4B1B78EF
S21401C370033B012B05D803231370BDE8084011F0D9
S21401C380ABB911F0A9F9BDE80840FFF7AFBF21230B
S21401C3901370BDE8084002F073B908BDFE440020E2
S21401C3A0C0420020FF44002038B504461248FDF77D
S21401C3B0F1FD124B1B78013B012B1BD8104D54B9D4
S21401C3C02B781BB12C709D2011F086F90024FFF705
S21401C3D06DFF204638BDFF2C05D04FF47A71064814
S21401C3E06143FDF73BFD2B78002BEFD101232B702A
S21401C3F09C20E9E77024EAE750360020FF4400203D
S21401C400F344002038B5114D2B78834218BF2870AD
S21401C410044613F023FC80B124B9204613F020FC17
S21401C42002220DE0012013F01BFC2B781A1F012AB3
S21401C43005D9062BF4D1032202E0002CF5D1012206
S21401C4400021BDE83840084615F0CDBDFF44002068
S21401C45030B585B0044668460D4615F09BFE94B18E
S21401C46000212846144A15F0F2FF144B20681B7869
S21401C4708DF80430124B61681B788DF8053002ABDD
S21401C48003C306F07BF90F4B93F8582093F85A3004
S21401C4908DF803208DF8023015F069FCADF8000028
S21401C4A015F048FC1023ADF8060007226946002067
S21401C4B0FDF7EAFD05B030BD00F8FF070B160020BA
S21401C4C0FF4400206C3A002010B5134B1A78134B2A
S21401C4D00446002083F85820FBF78EFB10B100209D
S21401C4E015F065F900210846FFF7B2FF0C4B1B78E3
S21401C4F0033B012B0DD813F0A5FB2046FCF7A2FE4B
S21401C5009B2011F0E9F8074A00231380064A13809E
S21401C51010BD0BF0E1FBF0E7864500206C3A0020E9
S21401C520FF4400209C4200209A42002010B501469C
S21401C53004460020FBF7A4FB90B10C4B1B78023B92
S21401C540032B0FD80A4B1C70FCF7BCF960B9094ADB
S21401C5500949FCF7BDFB002814BFA120002010BD2F
S21401C5608A20FCE77020FAE73D20F8E7FE44002029
S21401C5708645002015FC0100C9C40100F8B5064631
S21401C580FCF7A0F9044668B9FBF736FB50B1064D37
S21401C590204695F8587085F8586015F008F910B1DE
S21401C5A085F858703D20F8BD6C3A00201FB504464A
S21401C5B0684615F0EFFD9DF805305A1E052A09D884
S21401C5C0054A9DF804101278914203D12370002089
S21401C5D004B010BD9320FBE70B1600202DE9F041B7
S21401C5E0294B1B78012B80460E46174649D0274B10
S21401C5F01D78022D06D0032D43D118B9244B1B6894
S21401C6009B073ED43320FDF7E7FD01F0DDFCB6F1D4
S21401C610006F36BF1F4B05221A7831460620FEF7FB
S21401C62063FA10F0FF0425D11B4D01202C7300F096
S21401C63023FF15F09CFB68802846B8F1000F0DD04B
S21401C640022300F8043B15F04FFE6C73AF733946B6
S21401C650304612F041FE2046BDE8F081012300F885
S21401C660043B15F041FE6C73AF733946304612F049
S21401C67032FEF0E72846FDF7AFFDB8F1000FF4D023
S21401C680E5E77024E7E700BFFF440020FE440020F2
S21401C690A43600203D160020C0420020034B187827
S21401C6A018B9034B034A1B78D05C7047FD44002041
S21401C6B0FF440020DBF6030038B5174B1B78033B1D
S21401C6C0012B044606D8437BDB0703D590F9090006
S21401C6D013F0B7FA114B002583F859502079FFF76C
S21401C6E04DFFFFF7DBFF6188248803462246284674
S21401C6F00DF0A8F9044620B19420FFF72BFE204642
S21401C70038BD074D07489423C821EB73FDF7A6FBF8
S21401C71003232B74F3E700BFFF4400206C3A00208C
S21401C720C0420020B0130020F0B5184D93B0064665
S21401C730A5F868000C4605F16A0709BBC5F86A103A
S21401C740796000216A460846FCF764FAD5F86A3033
S21401C750CDF8123000217B68CDF816306A460846BF
S21401C760ADF81060FCF736FDB5F868004FF6FF73BC
S21401C770984203D014B1064912F0B1FD13B0F0BDD2
S21401C7800822384617F0FAFBDBE700BF6C3A0020B8
S21401C790D63A00202DE9F041DFF8BC801F4698F814
S21401C7A0003005460C4616461BB170252846BDE8E6
S21401C7B0F081531E052BF8D8FCF784F80028F4D135
S21401C7C03B7B032B14D14FF6FE739C4212D1012EF4
S21401C7D009D0022EE9D115F0ADFA4FF6FB73984257
S21401C7E003D815F0A7FA044604E015F066FFFAE749
S21401C7F0012EDAD0EDB939462046FFF7ADFA0546E7
S21401C8000028D3D198F80030332B03D0532B1CBF0C
S21401C8100F4B98733046FFF7F5FD00214FF6FF707A
S21401C820FFF782FF0B4B1B78002BBFD00BF028FACB
S21401C830BCE7397BCB1E594206F1FF3259415042C3
S21401C840504107F035F805460028D4D0AEE700BFC2
S21401C850C04200203E160020FE440020F0B51E46D1
S21401C860184B074687B00C4601F1140051F8045BDB
S21401C87043F8045B8142F9D109881980D4F80E0087
S21401C880D4F8121023886D4603C5ADF80830237915
S21401C8908DF80B3000238DF80A208DF80C303A46BF
S21401C8A06B464FF6FE710120FFF774FF40B96846EC
S21401C8B0FFF734FA2046FFF7FFFE08B9024B1E7059
S21401C8C007B0F0BDD2420020904500201FB5144BA2
S21401C8D01B88DB07044607D44FF6FF700021FFF7DD
S21401C8E023FF002004B010BD0A231A4601A9012027
S21401C8F0FDF7CAFBBDF80C204FF6FF739A42EBD04A
S21401C9000822FF2101A815F0C3F90028E4D10CB9CB
S21401C9100120E7E7BDF80C0001A9FFF705FFF7E7DF
S21401C920EC42002038B50C46154615F00FFA03F018
S21401C9307DFF29462046FFF7F7FE00F097FD48B138
S21401C940074BDB790E2B28BF0E230133DBB2054ADA
S21401C950137038BD044B1B78013B18BF0123F6E763
S21401C960D2420020A7450020FF44002038B500220F
S21401C9700821044615F08CF90546C8B915F0DAF910
S21401C9802A464FF6FF71FFF7CDFF217C2046FFF7C1
S21401C9905FFD6269E189207C15F059FD054B1B7826
S21401C9A0012B01D107F0ECF8FFF7A0FC002038BD01
S21401C9B00120FCE7FF44002038B51D46FFF7EAFEDC
S21401C9C00446D0B92B7B032B284603D1BDE838405B
S21401C9D0FFF7CCBFFFF7A2F9094B9C8115F08BF945
S21401C9E0084B01211A7881400620FEF77DF825467E
S21401C9F010F0FF041CBF044B1D70204638BD00BF5D
S21401CA00C04200203D160020FE44002030B5012023
S21401CA1087B0FFF75BFF154A0446516810686B46FE
S21401CA2003C384B905F0B8FE02A815F0B3FBBDF840
S21401CA300E004FF6FF7522462946FFF773FF12F0E8
S21401CA4054FC07B030BD0A4AD2F86A00D2F86E101C
S21401CA50B2F868506B4603C305F09EFE02A815F0B7
S21401CA6099FBBDF80E006A46E6E700BF2EB6030046
S21401CA706C3A002073B53A4B1B7804461BB1702400
S21401CA80204602B070BDFBF71DFF0028F7D100F06D
S21401CA90FDFC14B1334B22881A800DF10700FFF715
S21401CAA085FD002858D115F010FC04460028E7D172
S21401CAB02D4D9DF80700FFF7A5FC2B785A1E012A7D
S21401CAC01FD8FFF7A3FF2B78033B012B01D801F0FA
S21401CAD029FAFFF70BFC012015F0D8F800283DD104
S21401CAE02B78033B012BCBD81E4B188810F0020580
S21401CAF024D01E490522012002B0BDE87040FFF790
S21401CB006DBD033B012B04D82046FFF7DFFE00284E
S21401CB10D7D12B78053B012BB2D8FFF777FFFFF76C
S21401CB20E5FB2B78052B0CBF04200520FDF754FBF5
S21401CB30012002B0BDE8704015F0A8B80C4E0223E3
S21401CB400B2231460120FDF79FFA33885B0797D504
S21401CB50284601F0FBF993E7932491E704468FE713
S21401CB60FE440020EC420020FF44002000F8FF07AE
S21401CB70984200202DE9F3476D4D6E4E012307467E
S21401CB806C486B738846144600F020FC13F05BF883
S21401CB9038B9012F01D9042F10D12146404610F093
S21401CBA0D1FD102000210AF0C1FB002800F0B7805B
S21401CBB0002002B0BDE8F047FCF736B8002CF0D1F3
S21401CBC05D4B1B78212B03D0062B01D0532B02D1B2
S21401CBD001F056FDE5E7FDF7CDFB0028E1D000F0BA
S21401CBE045FC38B92B7B002B0CBFAB209420FFF7FC
S21401CBF0B1FBD6E7514B0193304600F0E7FB20B17D
S21401CC004F4840F66901E8F7E1FD4949307B01AA42
S21401CC1012F0F5FF95F80090B9F1000F03D14548E1
S21401CC20FFF74AFDBDE7DFF83881DDF804A015F00F
S21401CC3081F898F80030033B012B044606D8737B35
S21401CC40DB0703D596F9090012F0FBFF15F072F821
S21401CC503C4B3D4F188015F08AF83C4B1880FDF789
S21401CC609FFA3B4B1880FDF7A1FA08220146394886
S21401CC7017F084F915F03FF8374B18703079FFF745
S21401CC807DFC70880021FFF74FFDFDF773FB60B157
S21401CC90631E9BB24FF6F672934206D915F00DFD50
S21401CCA0B7F8683083420446F8D0204615F04EF8AF
S21401CCB0308815F068F8B7F868004946D04704464A
S21401CCC008B9182093E7B7F8681014F08CFC002315
S21401CCD087F859302B7803F0FB03022B02D020464D
S21401CCE015F05EFA00231A4619462046FEF734FF71
S21401CCF098B19423EB7398F80030042B06D11748AB
S21401CD00C821FDF7ABF803232B744AE713484FF409
S21401CD101671FDF7A3F80023F6E7942067E7FEF700
S21401CD2091FF00287FF444AF02B0BDE8F08700BF52
S21401CD30C0420020D2420020FE44002027230300E8
S21401CD40E6F50300BE4200206C3A0020BC420020FB
S21401CD50BA420020874500208F450020B0130020EE
S21401CD60FF4400207FB5194E194D00243278E3B2F6
S21401CD709A4201D804B070BDB5F868204FF6FF732B
S21401CD809A421AD0134B1B88DB0714D5124AB5F802
S21401CD90683010685168ADF80C3001AB03C30A2344
S21401CDA01A4601A90020FDF76FF90C4902230B2250
S21401CDB00020FDF769F90134D8E707480022082169
S21401CDC014F066FF0028F6D1DCE700BF1716002036
S21401CDD06C3A0020EC420020D63A0020984200200F
S21401CDE010B501F0F1F802F003F8D8B10E480F4C77
S21401CDF0FDF7D0F80E48017A0E30FFF729FB2378AD
S21401CE001BB100F0C5FA002323700A4B00221A73E7
S21401CE10FFF76CFA08F008FD01F060F9BDE8104074
S21401CE20FFF7A0BF10BD00BFB01300209045002043
S21401CE30D2420020C042002010B52548FDF7AAF8CE
S21401CE4001F0D6FF30B1234B1B781BB9BDE810406B
S21401CE50FFF7C6BF01F0CCFF78B11F4C237C83B12E
S21401CE601B48C821FCF7FAFF237C013B23740021F1
S21401CE70BDE810400846FBF741BFFDF77BFA0028E6
S21401CE80EBD1FDF777FA154B1B7858B9112B03D068
S21401CE9003F0FD03412B19D10F4BBDE81040D87BA1
S21401CEA0FFF758BA332BF7D10D4B188814F04EFF05
S21401CEB00C4B188814F067FF0B4B0C491888FFF7CA
S21401CEC033FC0B4B1878FFF759FBE5E710BD00BFA5
S21401CED0B0130020FA440020C0420020FE44002087
S21401CEE0BE420020BC420020BA42002087450020F6
S21401CEF08F4500202DE9F04F85B00F4602AD044660
S21401CF0029463846914616F085FE4FF0000B8246BC
S21401CF103846CDF804B014F02FFC4678022C804633
S21401CF2006F0020609D85CB1FDF724FA044600288B
S21401CF303CD1734B01241B7859E0043C022C2ED9BA
S21401CF40FDF718FA384614F090FB0024DFF8B4A178
S21401CF500546A046384614F00FFC50F809300193F8
S21401CF600DF1050014F0BFFA9DF807B00746B8F1B9
S21401CF70000F09D0BAF1000F06D0624908225046C8
S21401CF8016F0ECFF002851D1BBF1000F34D14FF65B
S21401CF90F7739F4230D99420FFF7DCF946E015F08D
S21401CFA048F9FDF7E7F90446F8B15C464EB1564B31
S21401CFB01B78012B02D0043B012B0BD805B0BDE832
S21401CFC0F08F4F4B1B782BB14F4B1B7803F0FB03B5
S21401CFD0022BF3D0BAF1000F404608BF002516F029
S21401CFE00CFE4FF001088246B4E7454B1B78002B38
S21401CFF0F0D0002EEED1E1E7DFF8049199F8003089
S21401D00003B11EB314B3414B1B78022B1ED1BBF1E7
S21401D010000F14D1384614F099FE58465946FFF7CA
S21401D02017FA08F001FC992010F056FB0020FAF7D9
S21401D030E3FD0028C2D0002014F0B9FBBEE7FDF7DF
S21401D04099F948B13248FCF7A5FFA4E7FDF792F934
S21401D05010B1BBF1000FF5D1FDF78CF90028E5D032
S21401D0602846FDF7B3FFFF28DFF8A0A0294C03D020
S21401D0709AF80030012B04D1B4F868002946FEF76F
S21401D08013F9FEF7CFF92A46B4F868103846FFF7C9
S21401D09049FC214B214A93F906301B0213809AF86A
S21401D0A00030012B18D0312B14BF432311238AF8EB
S21401D0B000301B4B16481968134CFCF7CFFE00F0E6
S21401D0C031FF99F800100023237439B91048FCF792
S21401D0D0C5FEAD23E373A9E71123E8E7B8F1000F16
S21401D0E003D016B1FFF77CFEF3E70E4B1B78042B3B
S21401D0F0EFD107480521FCF7B1FE09232374E8E7C1
S21401D100FA44002074450020C0420020FE4400205E
S21401D110B01300206C3A0020D2420020EA420020E0
S21401D120D0130020FF4400202DE9F04308468FB0BD
S21401D1300D4614F021FB092200218046FBF7F6F884
S21401D1400446284614F091FA0DF10D030746052210
S21401D15006A9284612F0CEF8022881461CD09DF872
S21401D1600D301C44E4B204F110020023D2B2294669
S21401D170012018F8046010F03CFA68B1072E09D8AF
S21401D18056B1013E062E07D8DFE806F00918067BE1
S21401D190062541007C2E45D00FB0BDE8F083534BE9
S21401D1A01B78013B012BF7D8284614F0DDF9002344
S21401D1B000942A46194615F040F8EDE74C4B1B78CB
S21401D1C0012BE9D14B4B18780028E5D12246294698
S21401D1D0FFF790FEE0E7454B1B78013B012BDBD8C0
S21401D1E0384609F04BFF4FF6FF739842044606D0C7
S21401D1F0284614F0B9F92246394616F082FE3C4B11
S21401D2001B78022BC8D1384610F01AFCC4E7374BFE
S21401D2101B78013B012BBFD806AA4946284600F0D9
S21401D22047F9B9E7314B1B78013B012BB4D8A04431
S21401D23098F8012098F80230652AADD16D2BABD154
S21401D2402846FCF7F5FB1334E4B28442A4D2082244
S21401D250394604A816F092FE0DF10E022146284624
S21401D26016F019FC002897D1BDF80E10002993D0AE
S21401D270214C012304A8237010F05BFB00232370CC
S21401D2808AE71A4B1B78013B012B85D80622002121
S21401D2904046FBF74BF8404414F025F907460CF0DE
S21401D2A0A9F8044600287FF477AF284614F057F90A
S21401D2B0C3047FF571AF46F20403ADF81030CDE933
S21401D2C00044022304AA0121384616F033FC064620
S21401D2D000283FF461AF394614F085F9284614F06A
S21401D2E043F922463146FDF7F1F955E7FF440020A0
S21401D2F0FE440020C0420020C2450020064B1870A4
S21401D30040B1064B1B882BB14FF47A710448594340
S21401D310FCF7A4BD704700BFF1440020B8150020FB
S21401D32050350020014B1878704700BFF1440020AB
S21401D33008B5FCF72FFE024B00221A7008BD00BF8D
S21401D340F144002084B010B502AC84E80F000F4C05
S21401D350BDF8082063889A4204D00020BDE810403A
S21401D36004B070470822211D0DF1160016F0F6FDD7
S21401D37002460028F1D10821201D14F089FC00285E
S21401D380EBD16088003818BF0120E7E7C0420020D3
S21401D390034A044800231380034A1370FCF7FABDBE
S21401D3A0EE420020D41300209B45002008B5034818
S21401D3B0FCF7F0FDBDE80840FFF7EABFD4130020F4
S21401D3C00148FCF73FB900BFEE42002037B50546DD
S21401D3D098B10C4B1B7893B100210B4814F01BFA43
S21401D3E000240146162300942246284614F049FBE1
S21401D3F0064B20461C7003B030BD0220FBE77020B0
S21401D400F9E700BF9B450020EE4200209145002031
S21401D410F7B5054618B3134C13482378124F01335A
S21401D4200021237014F0F7F900260146237819B974
S21401D430013B237001200AE0F2B2934209D1002495
S21401D440009416232246284614F01BFB204603B000
S21401D450F0BD384614F035FA01360146E6E70220FB
S21401D460F5E700BF91450020EE420020014B1878F9
S21401D470704700BF9B45002025289DBF024B1870B2
S21401D48000200220704700BF4016002007B5012388
S21401D49018460D220DF10701FCF7F6FD9DF8072051
S21401D4A0024B1A7003B05DF804FB00BFBA150020EA
S21401D4B0F8B507460E46144614F0D7F8194B1B78F4
S21401D4C0022B05462CD1184814F09CFB40BB28467D
S21401D4D011F02BFF20B322463146384611F021FFCA
S21401D4E0F0B1E8F7CDFA0446384614F03DF80F4B94
S21401D4F01A780F2393409BB2B4FBF3F203FB12445A
S21401D5000134012EA1B206D1094B0A4A1E702B68BE
S21401D51013606B685360BDE8F8400348FCF79EBC97
S21401D520F8BD00BFFE440020703600203F160020E4
S21401D5309A4500209245002084B010B502AC84E8DC
S21401D5400F002848089C08220DF1160116F006FD6A
S21401D55008BB9DF815309A0705D4234B1B7803F0BA
S21401D560FD03312B1DD121496378097803F00F02A1
S21401D5708A4203D0012922D1022A12D1227882B905
S21401D5801B09022B0DD11A4BA0781B78022B1AD13E
S21401D590C0F3800006E013480022082114F078FB4F
S21401D5A020B90020BDE8104004B07047114BBDF80B
S21401D5B008205B889A42CCD0002BCAD0F1E702291A
S21401D5C0EFD1012AD9E7030609D40B4BB3F868203B
S21401D5D0BDF80A309A42E4D1FEF73EFCE2E70120AC
S21401D5E0E0E700BFC4420020FE4400200B160020E6
S21401D5F0FF440020C04200206C3A0020F0B5284BC2
S21401D60087B05D8800238DF80830264B1B780DF116
S21401D6100B0043F020038DF8093014F065FE6FF01F
S21401D6207F43ADF813308DF8153014F005FF1E4B0F
S21401D6308DF816001B78DB00DCB2F1F7F3FC1B4B10
S21401D6401B7805F00107834205F010062CBF44F055
S21401D650040344F084032FB1A9061ED426B143F077
S21401D660020301E0AA07F9D4002108468DF80A3022
S21401D670FCF788FAADF8060058B101230F2202A97B
S21401D6800DF10600FCF704FB18B90DF1060012F0C7
S21401D690B3FABDF8060007B0F0BD43F00103DDE7BD
S21401D6A0BA1500200B160020A7450020F7440020DD
S21401D6B010B5FCF76FFC0A4B1B78022B0CD1094BFB
S21401D6C01B78033B012B07D9074C207828B1002093
S21401D6D011F02EFE0023237010BD16F0E8FBF9E7CB
S21401D6E0FE440020FF4400209A45002084B02DE926
S21401D6F0F04F89B012AC84E80F00DFF860C1544BDC
S21401D700BCF802009DF84DA09DF95220BDF860E0DE
S21401D7109DF865909DF966509DF868709DF96A10B0
S21401D720BDF848B09DF94E809DF850601B7810F00A
S21401D730010434D09DF86D00C0F34004C0F38000AE
S21401D740002B48D0434B1B78022B09D18A4242DB7F
S21401D75023D1B81BC0B280288CBF0020012015E061
S21401D7603D4B1B78012B00D1BCB178B19CF8003041
S21401D7701E335BB29D42D4BF002501259845D4BF18
S21401D78000230123AB4206D18A42E1DA09B0BDE8A3
S21401D790F04F04B070472846F8E70020F6E7840704
S21401D7A018D5C3B1490814BF01200020520814BF80
S21401D7B0012300238342E9D1BB1BDBB2802B0AD9AC
S21401D7C0BE42EAD1A84506DBE7D1D14594BF002089
S21401D7D00120DBE70BB90120D8E7BE4216D018AD11
S21401D7E00FCD02AC0FC495E8030044F8040B21806A
S21401D7F0DDE9160112AB0090ADF804100FCB12F064
S21401D800F5F90028E7D1BE42A3D1BFE7F34518D00A
S21401D8100DF1700B9BE8030018AC0090ADF80410F6
S21401D82094E80F00FFF78EFD0028D4D19BE8030093
S21401D8300090ADF8041094E80F00FFF783FD002870
S21401D840C9D1A845C7DBCAD1D145C4D8C7E700BFEF
S21401D8509B450020FF440020FE440020BA1500200E
S21401D86084B02DE9F04F8FB06A4E18AC08AD84E84D
S21401D8700F0016220021284616F09AFB33783BB992
S21401D8800024654B32781B789A4239D2002726E06D
S21401D8906248DFF88891002113F0BDFF0027044697
S21401D8A0B846002C45D13FB15C482246394614F0B3
S21401D8B043F83378013B33703378002BE0D0574878
S21401D8C0DFF858B1002113F0A6FF4FF0000980469B
S21401D8D04F46CA46B8F1000F6CD1002FD1D01621A1
S21401D8E0002218A813F080FF014648B1002F00F06F
S21401D8F08B804A48224613F0BBFF337801333370DE
S21401D900454B32781B789A4207D944480022018851
S21401D91014F012F83378013B33703378012B03D1BE
S21401D9203F494048FCF79AFA0FB0BDE8F04F04B003
S21401D930704700222146CDF800801623284614F0B1
S21401D940A0F81622294618A816F008FB0028EBD0E6
S21401D9509DF864209DF824309A4225D1BDF86020B8
S21401D960BDF820309A421FD108220DF12E010DF18B
S21401D9706E0016F0F3FAB8B90DF1600CBCE80F00B2
S21401D98002AF0FC79CE8030047F8040B0EAB3980C3
S21401D99013E903000090ADF8041095E80F00FFF7B7
S21401D9A0A5FE0028C0D027462146484613F089FF29
S21401D9B0044676E7162300224146CDF800A0284605
S21401D9C014F05FF80DF1600CBCE80F0002AF0FC752
S21401D9D09CE8030047F8040B0EAB398013E90300FB
S21401D9E00090ADF8041095E80F00FFF77FFE07469C
S21401D9F020B1B9F1000F04BF44468146414658465E
S21401DA0013F05FFF804665E704483A4613F009FFC6
S21401DA1073E700BF9B45002040160020EE42002021
S21401DA2020BF0200D41300202DE9F04F9FB010AFA5
S21401DA3000210446162238460E91CDE90C11CDF888
S21401DA403B1016F0B5FA0DF11F03052216A9204664
S21401DA5011F050FC0228804600F00381204613F0A6
S21401DA608BFE064613F03FFD8146F01C13F03BFD8E
S21401DA70ADF84000701D13F036FDB8F1010FADF89A
S21401DA804200204640F0F08013F076FE0546204620
S21401DA90FBF7B2FF0D352D1AEAB23B4621460820A8
S21401DAA00FF0A7FD002800F0DC80204613F069FE89
S21401DAB0B8F1010F9DF84D30834640F0EF8043F0FA
S21401DAC0010300258DF84D3016AE04953388022BE0
S21401DAD058D1F1780231C9B22046FCF77DF91B28EE
S21401DAE050D1F1780331C9B22046FCF775F91928EF
S21401DAF048D1F1780431C9B22046FCF76DF94A28BD
S21401DB0040D14FF0050AF17801315144C9B220469F
S21401DB10FCF762F9F17851448046C9B22046FCF719
S21401DB205BF900EB082083B200F03F02932B0592CD
S21401DB3040F0A28096F80380D0445FFA88F808F196
S21401DB400203DBB204930023049A009321460F23B9
S21401DB500CA813F096FF08F11101C9B2204613F084
S21401DB60DDFF08F113010546C9B2204613F0D6FFC2
S21401DB70ADF84200059B023353445FFA83FA3379CA
S21401DB805345C0D806360DF17603B3429ED19DF8B3
S21401DB904D20C5F3C03363F3410220468DF84D2076
S21401DBA013F081FD8DF84400204613F071FD8DF8C9
S21401DBB04500204613F071FD9DF832308DF8460081
S21401DBC0C3F3C3028DF84720DDF83320CDF84E208D
S21401DBD0BBF1190FDDF83720CDF852208CBF9DF828
S21401DBE03E2000228DF8482003F003028DF84A20DB
S21401DBF06F4A1278022A9DF84D200CBFC3F38003AA
S21401DC00DB0963F382026B4B8DF84D201B78022BE8
S21401DC1059D1BDF8406014F0AAF8864253D108A83D
S21401DC2014F062FBBBF1190F4AD908220DF14E011F
S21401DC3008A816F093F900283FD1B9F5004F02D095
S21401DC40B9F5624F0DD125F4404540F6FF739D426C
S21401DC5007D1002208210DF14E0014F019F8002812
S21401DC6041D01FB0BDE8F08F13F086FD0546204673
S21401DC70FBF7C2FE07350EE7412B7FF47BAFF17849
S21401DC8002315144C9B22046FCF7A6F84A4B1B782C
S21401DC90C3F1B30318448DF849006BE76FF3000333
S21401DCA0F01D8DF84D3013F01EFC0CA905462046DC
S21401DCB014F062FB0023049369E700F07FFFBCE7E2
S21401DCC000F07CFFCDE7B9F5004F02D0B9F5624F01
S21401DCD0C7D125F4404540F6FF739D42C1D1BBF143
S21401DCE0190FBED9B5E7BBF11A0F06D004991F313B
S21401DCF03A46C9B2204611F081FF304C304D637B65
S21401DD00DBB12B78012B1DD1012323730CAB0293BE
S21401DD1014AC94E803000090ADF8041097E80F00E7
S21401DD20FFF70AFC90B194E803000090ADF80410E8
S21401DD3097E80F00FFF794FD08E0FCF71BFB0028AF
S21401DD40DFD0E1E703F0FD03042BDDD02B78012BB8
S21401DD5001D0042B85D11B4BDDF84E001B788DF8C6
S21401DD602230BDF84030ADF820309DF84D30DDF85A
S21401DD705210C3F340038DF823309DF8313003F081
S21401DD800F038DF82C309DF848308DF82D3009ABF7
S21401DD9003C30D4B1B681BB1394608A8984760E7BB
S21401DDA09DF946209DF8451008A80FF0B6FC58E7E7
S21401DDB0FF440020FE440020A2450020C04200206F
S21401DDC07E450020A1450020443B00202DE9F0437C
S21401DDD0424B434C1B78033B012B85B022D80FF0F6
S21401DDE041F92378022B31D13E4A1468A0422DD046
S21401DDF03D4910600A68121B10443C4A08601278BC
S21401DE0072B1013A93403C2253434FF47A72534322
S21401DE1098421BD9032005B0BDE8F043FCF7DCB9F6
S21401DE200A23F2E70FF01EF92378022B0ED12D4AB2
S21401DE301568A8420AD0DFF8C0802D4E1060451B39
S21401DE40002798F80030FCB2A34202D805B0BDE81E
S21401DE50F08356F824302B4446F82430204609F047
S21401DE60EFF9C3074FF0000910D5204609F0B6F9BF
S21401DE7070B156F82430242B08D9CDF80090102222
S21401DE800023204609F0FAF946F824900137D8E72E
S21401DE90184B1B5D13F00F031FBF03F1FF32022364
S21401DEA093403C2214BF53430A234FF47A725343E0
S21401DEB056F824209A42E9D9204609F0AFF802A97B
S21401DEC015F0AFFA28B1204609F0A8F802A911F01A
S21401DED007FA204615F03AFBD8E700BFFF440020BA
S21401DEE0FE4400209C3600209836002006160020AE
S21401DEF034350020B94400201D160020064B1B882F
S21401DF00DB0708D5054B002243F82020044A135CA2
S21401DF1063F00F0313547047F0420020343500209D
S21401DF20B944002008B50FF09DF8034B1860034B69
S21401DF3000221A6008BD00BF9C36002098360020DB
S21401DF40014B1868704700BF9836002008B50C488A
S21401DF50FCF720F8FCF792F980B10A4B0322B3F8DC
S21401DF606810012011F06AFE074B05481B884FF424
S21401DF707A715943BDE80840FBF770BF08BD00BF82
S21401DF80F41300206C3A0020A0150020014B1880E5
S21401DF9000207047BE150020044A054B18701388F0
S21401DFA023F003031843108000207047F04200203E
S21401DFB007160020034B1888C0F30E00003818BF60
S21401DFC0012070479842002008B5FFF7F3FF30B1F3
S21401DFD00449002002230B220880FCF755F8002094
S21401DFE008BD00BF98420020024B1888C0F30E00FF
S21401DFF0704700BF98420020084A09490023137061
S21401E000084A1370084B094A1B7843F0040313802F
S21401E010012002230B22FCF737B800BF9E450020E3
S21401E020984200209D45002007160020F04200205F
S21401E03013B514468DF80710CAB9CAB20E2A16D8F7
S21401E0400D4B1B881341DB0711D509F069F8FF2832
S21401E05001460ED0094B9DF807201A5401230DF1F5
S21401E06007021B200FF037F8204602B010BD01242E
S21401E070FAE70224F8E700BFBE150020B9440020E5
S21401E08030B585B00024114D019401210B23009178
S21401E0908DF80C308DF80D000323B5F868008DF867
S21401E0A00E4003AA15F046FD68B1B5F8681014F0E5
S21401E0B071FA40B1064B074805221A70064B6421D7
S21401E0C01C70FBF7CBFE05B030BD00BF6C3A0020DC
S21401E0D09D450020141400209E450020064B1B7809
S21401E0E0033B012B06D8054B1B781BB9044B18784C
S21401E0F0FFF7C6BF704700BFFF4400209C450020C5
S21401E1000616002008B51548FBF744FF144B19788E
S21401E110F9B9144A13787BB1013B1370124B1B7883
S21401E120042B02D10846FAF7E9FDBDE808400B4882
S21401E1304FF49671FBF792BE0C4B1B8803F003035A
S21401E140022B0AD1BDE80840094903220120FEF747
S21401E15045BABDE80840FFF7C1BF08BD141400204A
S21401E1609E4500209D450020FF4400209842002047
S21401E17000F8FF071FB50C238DF80C300B4B8DF8FC
S21401E1800D001B8823F004030C468DF80E30012188
S21401E1900023CDE9001303AA0323204615F0CAFC89
S21401E1A010B1214614F0F6F904B010BDF04200207B
S21401E1B0F8B5064613F043FA0546304615F0DEFC80
S21401E1C0411C0446C9B23046FBF706FE0234074638
S21401E1D0E1B23046FBF700FE394602462846FFF715
S21401E1E027FF022816D02946FFF7C4FF0A4B1B88D3
S21401E1F003F00303022B0DD1284608F091FFFF28F8
S21401E20008D0064B002243F82020054A135C63F031
S21401E2100F031354F8BD00BFF04200203435002030
S21401E220B9440020084B1A785AB1013A02239340A8
S21401E2304EF66022534303210448B3FBF1F1FBF78A
S21401E2400DBE42F21073F6E70616002014140020E5
S21401E25070B505461748FBF79DFE174B0122284669
S21401E2601A7015F08BFC411C0446C9B22846FBF710
S21401E270B3FDA11C0646C9B22846FBF7ADFD0F4CFF
S21401E280022320800B2221460020FBF7FDFE86B9E3
S21401E290238803F00303022B03D1FFF743FEFFF7A6
S21401E2A0C1FF23885B0704D5BDE870400448FFF72B
S21401E2B04DBE70BD141400209E45002098420020DB
S21401E2C0F41300202DE9F0411A4C238886B0054648
S21401E2D04BB3DFF8688000214FF4807009F08EFAA6
S21401E2E098F80030DB071CD501212088FBF70EFCCF
S21401E2F00746208813F040FA023013F0F4F803A919
S21401E3000646208815F042FD98F8003013F0020FFB
S21401E31018BF002500953B4603AA314606200FF09C
S21401E32029F900232380044806B0BDE8F041FBF735
S21401E33031BE00BFF6420020341400209F45002065
S21401E3402DE9F047384F3E8880460C4615469946DB
S21401E350002E48D0104613F01DF9B0F5006F42D1DB
S21401E360284613F02AF9824608F0DAFEFF283AD04A
S21401E3702CB12E4A32F81030334322F81030B6F55D
S21401E380007F44D0B6F5806F41D0B6F5807F2AD1A4
S21401E390274B1B88AB422AD14FF6FF718A4522D004
S21401E3A0284613F020F9304609F056FA78B9402C81
S21401E3B01BD008D8CCB13F2C08BF312018BFD220C3
S21401E3C0FFF780FF09E04C2C08BF8D20F6E70220FE
S21401E3D0002108F0ABFF0028E9D1164A002313807C
S21401E3E0154A3B801370BDE8F0872046E8E7114CDC
S21401E3F02388AB42F7D14FF6FF718A45F3D025B19A
S21401E400284613F0F0F8002323800023E8E70A4AA1
S21401E410002313703B802A464B4621464046BDE802
S21401E420F04713F0C7BD00BFF2420020864200202D
S21401E430F6420020F44200208345002010B5044631
S21401E440CA20FFF73FFF01214FF4807009F0D6F98B
S21401E45058B1064B06481C80064B00221A70064B24
S21401E460BDE810401988FBF7F9BC10BDF642002044
S21401E470341400209F450020A2150020044A13787A
S21401E48018B943F001031370704743F00303FAE72A
S21401E4909F4500202DE9F04FDFF84C9199F8006078
S21401E4A087B0002E40F08C80DFF840B1DFF840A145
S21401E4B09BF80030F4B2A34207D8434B00221A80DF
S21401E4C007B0BDE8F04FFDF7E7BB20463AF8145019
S21401E4D008F084FE8046002860D0204608F09EFDA5
S21401E4E015F40071074645D001464FF6FF720E201F
S21401E4F014F063F90546002850D0394613F073F836
S21401E5004FF40073304E33803AF81420002722EA85
S21401E51003032AF81430102200230097204608F03F
S21401E520ADFE2A4B1B88DB0707D5294B294A43F842
S21401E5302470135D63F00F0313551820264B0093C8
S21401E54060430021254C01910123205C2A46FAF7FD
S21401E550F9FB002814BF0123002389F8003005D1F8
S21401E5603388B3F5807F01D11D4B1880404607B034
S21401E570BDE8F08F680513D5059114F09EF805994E
S21401E580012203460092CDE901113A460720FDF724
S21401E5909BFC4FF480630546002DB3D1013687E717
S21401E5A0104B18880028F9D0EA05F7D5394613F03C
S21401E5B01AF80C4B1D880A4B1D804FF48073EBE74D
S21401E5C04FF00008D2E700BFF2420020F0420020E0
S21401E5D034350020B944002041E30100C81600206C
S21401E5E0F4420020F6420020834500201D1600203C
S21401E5F08642002030B501F0400387B0002B4FF073
S21401E6000402054614BF012400248DF80C208DF861
S21401E6100D1004D004A914F004FF40B304ABCDE9F7
S21401E620004303AA02230121284615F083FA044673
S21401E630F8B1114B1B78033B012B04D80F4BB3F8F1
S21401E640681012F0D0FF4FF6F7739D420AD90023E7
S21401E650322202212046FDF77FFA80F00100C0B287
S21401E66007B030BD2946204613F094FFF5E7012098
S21401E670F6E71820F4E700BFFF4400206C3A0020BC
S21401E68010B5FFF7A1FC04F0E1FE13F081FD0020B8
S21401E69014F0BEFEFAF716F908B1FCF7D1FA1F4CD2
S21401E6A02378532B10D1032300210120237013F06C
S21401E6B026FE0020F9F7A0FA10B1002013F077F833
S21401E6C0BDE8104011F0BEBA062B01D0212BF0D1C7
S21401E6D0012013F0E0FD4FF6FE7013F037FB4FF606
S21401E6E0FF7013F050FB0020FDF75EFE0020FDF7E3
S21401E6F089FEFDF7DBFD00F061FB11F0A6FA237839
S21401E700212B02D1FDF7B8FBD3E70020FBF764FD10
S21401E71000214FF4004014F068FCCAE7FE440020D4
S21401E72010B50A4C0A48FBF735FC2378062B02D1B4
S21401E730012013F0B0FD2378062B01D0532B03D113
S21401E740BDE81040FFF79CBF10BD00BFFE4400208F
S21401E750541400202DE9F84FDFF8CC8004460E460D
S21401E7601746FFF731FC98F8005015B97020BDE840
S21401E770F88F212DFAD0DFF8B49099F80030012BEC
S21401E78001D1A306F2D4274813F03CFA0028EDD1B4
S21401E79014F02004DFF898B0DFF898A005F00F0514
S21401E7A0394630461BD010F099FD012D8BF80070CC
S21401E7B0AAF8006033D1212388F80030FFF760FF04
S21401E7C00020D4E7212388F80030FFF759FF002105
S21401E7D04FF6FE70FDF7A8FFFEF7C4FAF0E710F05B
S21401E7E07CFD012D8BF80070AAF80060EAD00623A4
S21401E7F021464FF6FD7088F80030FFF7FBFE99F8CA
S21401E80000300848033B40F6020240F22621012B65
S21401E81088BF1146FBF722FB002CD1D1D7E7532343
S21401E820E6E700BF54140020FE440020FF44002009
S21401E830A0450020C01500202DE9F3410F46511CCC
S21401E840C9B205463846FBF7C7FA0446384612F001
S21401E85093FF0646023012F046FE414B1B78022B10
S21401E860804604F0400202D0043B012B06D83D4B03
S21401E8701B68580205D5A10603D48AB302B0BDE8C9
S21401E880F0816AB3384A1278D11E01291CD8374B59
S21401E890B3F86830AB42F1D173781F0719D530460B
S21401E8A015F0ABF93249082215F058FBB0FA80F0A2
S21401E8B040090028E2D00122294604F0200002B0D7
S21401E8C0BDE8F041FFF746BF022AD7D1DB01D5D418
S21401E8D0E2E713F02FFAA0EB080670427041E8E772
S21401E8E0214B1B78013B012BC8D87378D906C5D5B7
S21401E8F06946384615F08EF96946002008F0E0FBB7
S21401E900FF2806460BD0A20601D413F063FD30465D
S21401E91008F084FB04F0BCFD304614F017FE2846D0
S21401E92013F072FBFF280DD0FCF792FB14F02006C3
S21401E93008D113F0FFF928B133460222694628466A
S21401E94005F0B4FE13F0F6F9002897D1A30695D486
S21401E9504FF6FF730222694628460EF022FE8DE727
S21401E960FE440020A4360020FF4400206C3A00201C
S21401E9707445002038B504460D4608F0D1FBFF2843
S21401E980034615D00B4A127842B10B4A32F81020D2
S21401E990520403D514F0DAFD002038BD184613F0F2
S21401E9A019FD45F040012046BDE83840FFF722BE7C
S21401E9B00120F2E7FA4400208642002038B50546D9
S21401E9C012F0DAFE0446284615F0D8F8411CC9B202
S21401E9D02846FBF701FA42060DD563781B070FD5CB
S21401E9E0204615F00AF90146002008F069FBBDE84B
S21401E9F0384014F0ABBDBDE838400248FFF790BE82
S21401EA0038BD00BF5414002038B54FF6FF75A84234
S21401EA10044617D013F0ABF9A04213D00A4B19885D
S21401EA204FF6FD7291420DD9084A1288AA4201D0CA
S21401EA30A24207D11C800648BDE838404FF47A71DF
S21401EA40FBF70CBA38BD00BFAA150020C21500207E
S21401EA503036002008B50448FBF79CFA034B4FF606
S21401EA60FF721A8008BD00BF30360020AA150020AC
S21401EA70024A13780BB1013B13707047ED44002036
S21401EA8008B513F080F9064B00214FF6FF720846D1
S21401EA901A80FDF7DDFCBDE808409A200EF01CBE8A
S21401EAA0AA15002008B5FBF775FA0A4B1B78023B3E
S21401EAB0032B08D8084A10884FF6FE7398424FF683
S21401EAC0FF7301D1138008BD9842FCD0BDE8084011
S21401EAD0FFF7D6BFFE440020AA15002010B5084B4C
S21401EAE01B78042B0AD013F025F9002104460846AA
S21401EAF013F08EFC231A5842584110BD0020FCE743
S21401EB00FF440020F0B589B000260546CDE905662C
S21401EB10ADF81C6015F032F80A230246044600964A
S21401EB20294605A812F0ADFF9DF815309DF8147022
S21401EB301F2B27D803A813F0D7FB08220DF11601C7
S21401EB4003A815F00BFA0646E0B9092F1CD1FFF70A
S21401EB50C5FFB8B1154B1B78A3B1154B1A884FF6F4
S21401EB60FD739A420ED9134C134A23780433DBB251
S21401EB7023701278013AB3EB820F03DD58B20EF020
S21401EB804CFF267009B0F0BD04F10A01C9B228464F
S21401EB90FBF722F913F06AFC04F10B01C9B228460F
S21401EBA012F0BCFFFFF730FFECE700BF1E16002097
S21401EBB0AA150020ED4400200516002038B5134B99
S21401EBC01B78033B012B20D9114B1B784FF6FF71A5
S21401EBD0ABB1104D2B888B4217D113F0C8F84EF607
S21401EBE0602104460C48FBF739F94FF6FE732B807B
S21401EBF022460021BDE83840092013F045BC074AEB
S21401EC0013888B421CBF0133138038BDFF4400209C
S21401EC101E160020AA15002030360020944200203F
S21401EC2010B5044661B1FF2112F047FD00212046D0
S21401EC3012F049FD12F0F8FB0146204612F049FD9C
S21401EC4021460348BDE81040002212F0EABD00BF8D
S21401EC50FA4200202DE9F0410D461746044612F00F
S21401EC608BFD067828460AF0C5FB294680462046D5
S21401EC7012F0B9FC13F05EF8A84206D12046012135
S21401EC80FFF7CEFF0120BDE8F0812846B8F1000F5E
S21401EC900BD00AF03DFC58B915493A46204609788A
S21401ECA0BDE8F0410023FCF757BF14F0DFFBF2E7A5
S21401ECB006F00306012E08D013F03CF80023224686
S21401ECC0294602F05DFE0028D8D1204612F047FC06
S21401ECD0430505D520460021BDE8F04113F017B9DC
S21401ECE0204614F086FBB0FA80F04009CBE700BF5F
S21401ECF00316002010B586B0044614F03FFF104BF3
S21401ED000246186819790290D3F805005B7A8DF8E7
S21401ED101430013200238DF80C1004900093214624
S21401ED200523D2B204A812F0ACFE052204A902A85B
S21401ED3015F014F9B0FA80F0400906B010BD00BF16
S21401ED40F4F5030008B50748FBF724F9064B1B78D2
S21401ED50033B012B05D80021BDE808400846F9F71A
S21401ED60CDBF08BD74140020FF44002008B511482B
S21401ED7012F027FF104B1B78012B06D8FF2009F055
S21401ED8015FCFCF7ADFD08F0BDFCFCF7C5F902F07B
S21401ED9047F9FFF731F915F0D6F80BF0D7F8FCF77D
S21401EDA059FF0AF0E9FE10F09DFABDE8084003F0AD
S21401EDB0E9B800BF2C3B00200416002008B5F0F788
S21401EDC0A3F9FF2803D0094B1B78012B06D9002095
S21401EDD009F0ECFBFCF784FD08F094FCFCF79CF9C9
S21401EDE002F01EF9BDE8084003F0CCB80416002076
S21401EDF0064B1878112806D000F0FD00A0F141035B
S21401EE005842584170470120704700BFFE44002019
S21401EE102DE9F0410446FCF70BFD18B100263046FB
S21401EE20BDE8F0811D4B1B78033B012B09D81C4B19
S21401EE30B3F868104FF6FF739942EFD0204612F0F0
S21401EE40D2FB184A0123128802212046FCF784FED1
S21401EE5006460028E2D0204612F08EFC90F8078085
S21401EE600546043012F03FFB074612F063FF4146A9
S21401EE7002463846FCF7F4FCA81C12F034FB4FF6A9
S21401EE80FF73984202D12046FFF7D8FA2B789B07EA
S21401EE90C5D101212046FFF7C3FEC0E7FF4400208D
S21401EEA06C3A0020F84200202DE9F04F85B000258D
S21401EEB00746039512F060FC0646043012F013FB79
S21401EEC08046B01C12F00FFB337800930446404690
S21401EED008F026F9824640460AF08CFA3378BAF1F1
S21401EEE0FF0F0CBF83464FF0010B9A070AD112F0B1
S21401EEF021FF404514BFD9464FF00109B3791BB92C
S21401EF000320B8E0A946F9E712F014FFA04205D1A4
S21401EF1012F010FF0446994B1B7836E0984B1B788D
S21401EF20052BF8D0033B012B03D8964BB3F868406A
S21401EF30F1E7204614F0B0FA737840B313F00402F8
S21401EF40DFF838820BD198F800301A44D2B2214645
S21401EF503846FFF77FFE0028D2D000208BE03846E7
S21401EF6014F0CEFD014605463846FAF735FF421C39
S21401EF70520002F0FE022946384613F0CBFA7378A7
S21401EF8023F00403737098F800300022DDE75B0776
S21401EF9026D5384614F0B4FD014606463846FAF73B
S21401EFA01BFF06F101095FFA89F982464946384690
S21401EFB0FAF712FFDFF8C481BAF1000F01D0FF287B
S21401EFC005D1002249463846FAF71AFFDBE7B11C9D
S21401EFD001EB4001C9B2384612F0A0FD0446D2E763
S21401EFE003AA02A9204614F08FFB0546B9F1000FCB
S21401EFF049D0009B03F0C003802B0ED1FF2320468F
S21401F0008DF809300AF0BAFFFF281BD00DF109026E
S21401F0100DF10A010BF096F914E0402B33D19DF85F
S21401F020083083B3FF2320468DF809300AF0A6FF87
S21401F030FF2807D00DF109020DF10A010BF082F944
S21401F04003281BD1337803F03F033370404614F096
S21401F05023FA10B912F06EFE804642460021204681
S21401F06008F066FE00283FF44BAFC8220721384659
S21401F0700AF0BAFD012005B0BDE8F08F9DF8093011
S21401F080FF2BDFD12546039838B99DF80820002AC2
S21401F09062D13A4B2C461B7857E709F04BFA039A94
S21401F0A0FF281279034608D1CDE9002040F2BF11AE
S21401F0B03548E6F78BFBDDE90023B9F1000FE4D014
S21401F0C002F03002102A0AD0202ADED1BBF1000F4E
S21401F0D024D05146184609F031FC0028D5D1DFF876
S21401F0E0AC9099F80030012B45D0204610F088FDF1
S21401F0F028B9F3792A462146404614F088FAA542F3
S21401F10012D1039A137923F00C0313719DF808307A
S21401F110ABB91A4B1B782C46302216E7039B1B799A
S21401F12013F00C0FDBD1B0E799F80030022BE8D0D2
S21401F130039A137923F00C0343F00403E5E7012156
S21401F140204612F0DBFF20B920460AF017FFFF2801
S21401F1500FD00A4B1B78DFE70121204612F0CEFFC5
S21401F16000287FF4D8AE20460AF008FFFF287FF477
S21401F170D2AE02207FE7A542D9E700BFF8420020C1
S21401F180FF4400206C3A00200FF70300A44500203E
S21401F19038B50D4B1B78033B012B04460D460FD9A2
S21401F1A000F108039BB2012B0CD812F0C3FD2946CF
S21401F1B00246204608F0BCFD80F00100C0B238BD12
S21401F1C00120FCE77020FAE7FF4400202DE9F0411A
S21401F1D0064610460D4614F0D1FCA0F11004E7B225
S21401F1E056FA84F4EA1B214604F10E0014F0C6FE1A
S21401F1F02823F355DFF8408098F80030637301F058
S21401F20021FF611C0246012012F073F90949082208
S21401F210601D14F0B3FE98F8000013F054FF05F1DA
S21401F2200E0130463B460022C9B201F0B7FF12205C
S21401F230BDE8F08174450020F94400202DE9F04F27
S21401F24089B0044612F098FA0546204612F0F7F9FE
S21401F2500746281D12F047F98146A81C12F043F90B
S21401F2608246384695F807B014F016F92B780390C5
S21401F27099076CD12146042002F098F8002866D040
S21401F280204614F07BFC01462046FAF7A5FD8207CE
S21401F2905DD1204614F072FC01462046FAF79CFD2B
S21401F2A010F00303049352D12046FFF723FD0028F4
S21401F2B04DD0204614F059FD00F1010806462046BF
S21401F2C0FAF7B6FB5FFA88F808F10A03834280F280
S21401F2D0A580544A1068516806AB03C3B11CC9B275
S21401F2E02046FAF779FD414605902046FAF774FD67
S21401F2F0059B06F10B0100EB03201FFA80F8C9B24B
S21401F3002046FAF769FD049B0590F21CD2B221460D
S21401F310009306A8082312F0B4FB204612F08FF9DA
S21401F320059A414610F098FC012206A9404601F0D4
S21401F3307DFB002872D102200AF0ACFD02200AF003
S21401F340A9FD013003D106A94046EFF7CFFD12F023
S21401F350F1FC48453A46594608D112F0FDFE002810
S21401F3605CD109B0BDE8F04F01F056BB484612F03B
S21401F370F3FE002852D12C4B1B781BB93946484660
S21401F38013F0E2F83A4659464846FCF769FA00286F
S21401F39044D0297811F0030102D12046FFF740FC42
S21401F3A0AB79002B3AD0214B1B78033B012B35D987
S21401F3B06B78DB070DD550462E7A13F02BFF10B372
S21401F3C0F30803F01C0326F01F06334343F0010342
S21401F3D02B724FF6FF71204612F005F9039BDBB93D
S21401F3E0E6F74EFB00F03F02002302212046FCF721
S21401F3F0B3FB4FF6FF739A4510D1204609B0BDE81E
S21401F400F04FFFF71BB806F01C031C2BE1D0042BB2
S21401F41004D9043E2E72DCE70022E5E709B0BDE818
S21401F420F08F00BF2EB60300F5440020FF440020F5
S21401F4302DE9F04385B005460C46174612F099F8BB
S21401F4400C2828467CD112F097F909220021F8F7FA
S21401F4506DFF00F110010646C9B22846FAF7BCFC5A
S21401F460042854D006D8012810D002281DD005B093
S21401F470BDE8F0837C28FAD101212846FAF746FB3D
S21401F480214605B0BDE8F0430EF07EBA44B913211B
S21401F490284612F043FB05B0BDE8F04312F073BCFA
S21401F4A005B0BDE8F043FCF7FBBEA24B1B78013B61
S21401F4B0012BDCD806F11301C9B22846FAF78CFCF9
S21401F4C044EA000212F0FF0411D106F11101C9B29B
S21401F4D0284612F023FB2946064613F0E2FD224693
S21401F4E03146102005B0BDE8F0430FF0B4BE00244D
S21401F4F008232946009415220DEB030012F0C1FAE9
S21401F50002A9204607F0DCFD14F020F8AFE78A4B8D
S21401F5101B78022BABD144B9FEF766FDC2070AD5AC
S21401F520FEF700FD002F08BF3124204605B0BDE8D8
S21401F530F0430EF053B9FEF73DFD0028F0D0F1E799
S21401F54012F01AF98046043011F0CDFF074608F193
S21401F550020011F0C8FF4FF6F773984206460CD822
S21401F560764A138801339BB213800BB9744A138011
S21401F5701CB1734A13880133138098F8009009F080
S21401F5800309B9F1010F40F08580284614F0F6FA18
S21401F59001462846FAF720FC043809283FF667AFEB
S21401F5A001A353F820F000BFD1F501006FF401006C
S21401F5B06FF40100F5F501006FF401006FF401002E
S21401F5C06FF40100DDF501006FF40100DDF50100C7
S21401F5D0284605B0BDE8F043FFF7F0B9554B1B7858
S21401F5E0042B7FF444AF0021084605B0BDE8F04384
S21401F5F0F9F784BB4F4B1B78013B012B3FF637AF26
S21401F600404614F0FAFA4F4B00275B89ADF80830F4
S21401F6108DF80A70014600283FF429AF384607F0F6
S21401F6204FFD0646284614F0A9FA421C032300970C
S21401F630D2B2294602A812F024FA3F4B1B78022BBD
S21401F6409DF80A301AD11C43E4B2BCB9FF2EBDF8AE
S21401F65008400AD03C4A32F8163023F4806322F878
S21401F66016302146304613F051FF204614F02DF88F
S21401F6700022214610200FF0EEFDF8E6022B3FF4A3
S21401F680F6AE2BB9304B33F816305B053FF5EFAECF
S21401F690304639E7B9F1000F7FF4E9AE2146284636
S21401F6A003F0DCFF002C3FF4E2AE4FF6F7739E4208
S21401F6B03FF6DDAE98F8015015F00405304620D12E
S21401F6C014F050F8044630467CB113F0CFFE0346E2
S21401F6D0F0B900900C223146384613F083F80C221C
S21401F6E0002300933946304608E013F0BFFE034678
S21401F6F0B8B9164A009012783146384613F072F8B7
S21401F700B5E613F0B3FE034678B900900B22F3E793
S21401F710062200952B463146384613F063F806223A
S21401F720DEE7009423460622E6E7CDF800904B4636
S21401F730F9E700BFFF440020FE4400209C42002061
S21401F7409A420020F4F5030086420020421600206B
S21401F7502DE9F04F05888BB00446284612F00CF8C8
S21401F7600746043011F0BFFE0090B81C11F0BBFE36
S21401F77005A90190284614F04DFA284614F0FEF922
S21401F780014606462846FAF727FB3B78029003F027
S21401F7900303012B0CBF82464FF0FF0A0DF05DFC00
S21401F7A0637AB4F806B0DB07814647D412F0C2FA92
S21401F7B0009BC01AD0F1000848EB0008FB790098BE
S21401F7C0039301F061F800283BD1019801F05CF841
S21401F7D000284CD1FCF704FBA9EB0B0B1FFA8BFBA3
S21401F7E08146FAF7C7FD002847D1FFF701FB00283D
S21401F7F043D1A24B1B78033B012B45D8BAF1060F28
S21401F80000F0BE80BAF1040F00F0BA80FFF7F0FAFC
S21401F81020B1029B03F00303012B35D0FAF72EFD2E
S21401F82028B9974B1B7803F00F03062B71D1954B24
S21401F8302846B3F8681011F0D6FE25E04FF001080F
S21401F840BCE7284611F098FF023011F04CFE4FF647
S21401F850F773984206D9039B23B92846FFF74AFA5D
S21401F8600028B2D1A37823F00F03A37053E00198C8
S21401F87013F012FE0028ADD1F4E7A9F104095FFAEE
S21401F88089F9B9F1020FB4D8BAF1010F40F09F809F
S21401F890284611F092FE4FF6FF73984268D1002376
S21401F8A007AA3146284613F073FE07460028D9D02A
S21401F8B042799DF82530934209D9711DC9B228466F
S21401F8C0FAF79EFAA37823F00F030233A370E6F744
S21401F8D0D7F87E23B0FBF3F202FB130303F5807324
S21401F8E0A3809DF8263013F0180F0AD0A3781907C5
S21401F8F007D1B8F1000F04D17A79009805A90DF067
S21401F9008EFF9DF82700003818BF01200BB0BDE818
S21401F910F08F2823A3800020F8E7584B1B78033B81
S21401F920012B5CD940F6B8339B459BD8E6F7A8F87F
S21401F93000F03F00C0F5FA70FF23A0808DF8133069
S21401F94007A900230DF113008DF81C30FBF7ECFF1F
S21401F950F9790546009812F0F3FB002D82D09DF848
S21401F9601C20013A032A7BD8DFE802F0807A697D01
S21401F970019A4FF6F7739A4223D87B78DA0720D498
S21401F980284611F01AFE12F0CBF9012808BF3E4BAB
S21401F990A27801BF1B7803EB830303EB83039B0071
S21401F9A006BFFA339BB2FA2312097FF45BAF5B45BD
S21401F9B0FFF458AFE6F764F800F01F001030A0809F
S21401F9C054E02E4B1B78033B012BABD8D8E7019AAA
S21401F9D04FF6F7739A42A0D87B78DB079DD4BAF12D
S21401F9E0020F55D1012307AA3146284613F0D0FD50
S21401F9F0804612F09FF9BDF82230984238D1B8F10E
S21401FA00000F3FF42FAFB8F80230012231462846E6
S21401FA1008F012FB1D4A13780133DBB2FB71137039
S21401FA20B8F80230BDF81E209A421FBFA37823F013
S21401FA300F030233A3704FF4C873A38016E0B8F126
S21401FA40000F13D100283FF40DAF426801323FF496
S21401FA5009AFC2789DF813309A42BFF403AF05E0B0
S21401FA60B8F1000F02D1A2781209EBD101204DE7BF
S21401FA70184613F011FD0028C1D181E7FF4400208C
S21401FA80FE4400206C3A002015160020FC4400209D
S21401FA90BAF1030F7FF474AFB8F1000F3FF470AF03
S21401FAA0711CC9B22846FAF797F90C287FF468AF9B
S21401FAB0FBF72CFD4FF6FF73984201463FF460AF0B
S21401FAC0284611F090FD5BE72DE9F34104460088D6
S21401FAD011F052FE0546043011F005FD0646A81C3D
S21401FAE011F001FD07460DF0B8FA05463046B4F8A8
S21401FAF0068000F0C9FE064648B9384600F0C4FE46
S21401FB0058B9194AA3781278033A012A0BD8A37870
S21401FB1023F00F03A370002621E0384613F0BCFC47
S21401FB200028EED1F3E71B09F1D1A5EB0805ADB22C
S21401FB30B5F5C86FEBD80DF1030101AA384601935C
S21401FB4013F0E2FD9DF80350014645B94FF6FF73E9
S21401FB50984204D0208811F046FD0126A580304643
S21401FB6002B0BDE8F08100BFFF4400202DE9F0415E
S21401FB7005460C4611F0FDFC082802D10120BDE81F
S21401FB80F081201D11F0AFFC0646284694F8078048
S21401FB9011F055FD0746284611F0E1FC010612D585
S21401FBA0184B1B78042B0ED1174B1B78022B0AD14E
S21401FBB0164BB3F868204FF6FF739A4203D0002124
S21401FBC00846F9F79BF8124B1B78002BD6D1A01CE0
S21401FBD011F089FC4FF6F773984202D86378DA077A
S21401FBE00DD523789B070AD13A464146304612F096
S21401FBF0B3FA80F00100C0B200F00100BFE70120B7
S21401FC00FAE700BFFF440020FE4400206C3A0020C3
S21401FC10A64500202DE9F04F99B0044611F0A9FC45
S21401FC200546204611F0A5FC08283DD110220021EA
S21401FC30204612F06FFC2046F9F7DEFE0546204608
S21401FC40F9F7F6FEC1B22846FAF7A8FDADF852401C
S21401FC508DF8510048B92046F9F7CEFE01460DF160
S21401FC605100FAF7D5FD8DF85000BDF8502048F246
S21401FC7001039A4202D120460FF036FB9DF851301F
S21401FC80402B05D120460FF02FFB19B0BDE8F08FB1
S21401FC90802B03D014A80DF091FEF6E714A80FF000
S21401FCA0D5FF0028F6D0F0E7204611F0B5FCB0F5F8
S21401FCB0006F40F0FC80204611F0C1FC0646042D82
S21401FCC040F0F880204611F04AFC80F40060C0F352
S21401FCD0C0200022314640000FF0BDFA904B1A7842
S21401FCE0022A0DD0FFF784F850B902F0FD03312B3C
S21401FCF006D0043A012A03D98A4B1B78002BC4D0BC
S21401FD002146022001F052FB04900028BDD0204677
S21401FD10ADF83A4011F030FD0446BDF83A0011F056
S21401FD208EFC0546201D11F0DEFBA31C83461846FB
S21401FD30029311F0D8FB0FA90646BDF83A0013F05E
S21401FD4069FF63780590BDF83A002778089313F0A9
S21401FD5015FF63780B938246284609F04BFB07F0A4
S21401FD600307012F0CBF032302230D936E4B0C9048
S21401FD701D80237803F03C030CBF4FF00B084FF0B7
S21401FD800A08082B81D1BDF83A00F9F751FE504513
S21401FD907FF67BAF012F03D0237898077FF475AFEA
S21401FDA0624BB3F86830AB420DD1614A614BB2F990
S21401FDB0001093F90030002900F0A18001EB031335
S21401FDC0A3EB21131380AAF11003DBB206938DF87F
S21401FDD03930BDF83A100DF13903102240460DF0C6
S21401FDE008FC00283FF451AF089B13F00203099367
S21401FDF000F00D81504B1B78002B3FF446AFBDF849
S21401FE003A80404613F0BAFE4FF00009079040468C
S21401FE10CDE91499CDF85890ADF85C9011F00FFC2F
S21401FE20079B029003F10E0189B2404613F079FE5A
S21401FE3000286ED00E23079ACDF80090414614A8EC
S21401FE4011F01FFE0DF15101012011F060FB9DF82C
S21401FE505D3003939DF850300A90282B59D13749CD
S21401FE6008220DF1550014F079F8002851D00398B6
S21401FE7013F029F9002867D1314B039A1B78D31A5E
S21401FE80190646D404F060FC01283AD12D4E0DF037
S21401FE90E9F83468054624B104F05CFC2C1B844266
S21401FEA037D30021084612F02AFA356031E04FF6C2
S21401FEB0FD7604E74FF6FF70301A18BF01200022C6
S21401FEC0314640000FF0C7F90C2D0DD12146012017
S21401FED001F06CFA00283FF4D8AE2146002019B094
S21401FEE0BDE8F04FFDF720B92DB9204619B0BDE8A1
S21401FEF0F04FFDF799BD042D7FF4C7AEEEE61B0269
S21401FF0060E704F021FC022803D104F0FFFB00287F
S21401FF10BCD00299002219200FF09DF9B5E600BF6A
S21401FF20FE440020A6450020164300206C3A00201F
S21401FF30EA420020A2450020FA4400207445002031
S21401FF40F9440020583B002001230093079A4B46B2
S21401FF501021404612F0E4FE0028DAD0BE4B039A88
S21401FF601B78934240F0A78002990DF1550211A823
S21401FF7009F028FA012111A809F0A0FA48F20301B4
S21401FF80814611A809F0A6FBB9F1000F03D008219C
S21401FF9011A80FF018FE404613F00EFE02990DF15F
S21401FFA05500FBF753FBFE288146B2D0FF280AD145
S21401FFB0029812F029F8FF28814600F084800DF19E
S21401FFC05501FBF7BDF9A44B039A1B78934200F049
S21401FFD0A0800A994846FBF71FFB00283FF455AE60
S21401FFE00A994846FBF72AFB23789A070FD1404621
S21401FFF013F0C4FD01464046F9F7EEFE00F003009B
S214020000012804D102980DF15501EEF76FFFBDF8F5
S2140200103A0011F0A4FA030440F18280204611F05F
S21402002062FA40F4007189B2204611F05EFABDF819
S2140200303A0000224FF4004111F082FADDF81080F7
S214020040BDF83A100D980DF1390310220DF0D1FAD1
S21402005000283FF41AAE032865D1204611F043FA71
S21402006040F4007189B2204611F03FFA284613F098
S21402007013FA002840F0BA80DDF81080012F40F015
S214020080BB80BDF83A10032001F090F9002840F03A
S214020090B3805146BDF83A00F9F79EFE0F28014696
S2140200A07FF6F3AD4FF6F7739E423FF6EEAD284667
S2140200B012F094FAE9E50399012003F075FC002892
S2140200C07FF452AF25E7237803F00303012B08D110
S2140200D0404613F053FD01464046F9F77DFE0828D8
S2140200E095D05E4B1A785E4B1B789A4209D20DF178
S2140200F055010298FBF7D8F8029811F085FF814661
S21402010061E7A01C11F0EFF94FF6F7739842EED9AB
S214020110FFE64846FBF70AFB00283FF45AAF5FE7C4
S2140201204FF000088CE7284613F0B6F90028A5D051
S214020130099B002B5CD1B8F1000F57D1012FBDF8F7
S2140201403A009ED05146F9F747FE8146DFF82081F5
S21402015098F80030002B5AD011F0ECFD86427FF45E
S21402016094AD012F40F08D80B9F1070F00F2828026
S214020170B9F1050F7FF689AD3A4B1B78022B02D0F8
S214020180043B012B03D898F80030002B46D00B9B7B
S214020190980640F1C4800C9B002B40F0BC80284699
S2140201A006F0BEFFFF2840F0B6805D457FF46DADD9
S2140201B0059B002B00F0AD800FAB46F20402012631
S2140201C0ADF8502001930096022314AA3146284621
S2140201D013F0B0FC044600283FF457AD294611F050
S2140201E002FA3146204611F092FE4EE5DDF8108006
S2140201F0284607F07BFD41E7BDF83A005146F9F77D
S214020200EBFD099B814613B9B8F1000F9ED0154B42
S2140202101B78022B02D0043B012BB8D8284600F0EC
S21402022033FB804600287FF430AD11F083FD854213
S21402023031D10D4B1B78033B012B28D80B4BB3F85F
S214020240684011F077FDCDF80080014643460D2246
S214020250204612F0C7FA18E5F9440020F8440020B8
S21402026016160020FE440020FF4400206C3A0020B0
S214020270FA440020A9F10E03DBB2012B7FF67CAF15
S21402028003E509F00303012B7FF4FFAC74E70120BA
S21402029000F098FBF9E4284613F0FEF858B911F07E
S2140202A066FD4FF6FF73984205D0F8F70BFB10B9C0
S2140202B02846FAF79FFF284613F0EEF880B111F0B1
S2140202C056FD4FF6FF7398420AD0F8F7FBFA38B994
S2140202D0012F02D1B9F1060F02D0284607F074FAB0
S2140202E0059BA3B919460122584600F09FFB80469B
S2140202F000287FF4CAAC204613F07FFC4246014633
S214020300304600F093FB00283FF441AFBDE40FA94E
S214020310E9E7059B51E7637823F0200363704FF605
S214020320FC739E4274D1B54B1B78033B012B7FF6C0
S214020330ACACA3790BB1013BA3716378590727D5FF
S214020340002314AA11A95846149313F0DDF9149841
S214020350F0B108F0EFF88046304606F0E1FE149A57
S2140203601379014603F03000102806D003F00C0083
S21402037008281CBF23F00C031371137903F0330310
S214020380202B05D1FF2903D00122404608F09EFA11
S214020390284606F0C5FEFF281EBF994B002243F8EA
S2140203A02020089B03F001084FF6F7739E4200F2E6
S2140203B00181B8F1000F40F0D7802946584612F066
S2140203C0C3F811F0B7FC864200F00181304613F004
S2140203D063F8002848D0012F30D1B9F1010F20D19F
S2140203E0BDF83A004246514607F082FE304613F008
S2140203F053F8844B1B78002B6AD1584613F04CF8FE
S214020400002863D1304613F047F800285ED13CE45A
S2140204104FF6FD739E428CD1784B1B78042B88D105
S21402042033E4304613F038F838B3B9F1030F24D169
S214020430BDF83A00514612F00DFA26E4304613F0A3
S2140204402BF8304613F012F800283BD0BDF83A20BD
S21402045000233146584601F093FA98B3BDF83A00A5
S2140204600021FEF7DDFB10E4304613F015F810B15C
S214020470012FDAD0E5E7012FE3D1624B1B78002B80
S214020480BBD0B9F1050F23D111F054FC8DF8500002
S21402049011F050FC000A8DF851000123022214A923
S2140204A00DF13A00F9F7F4FB00287FF4EEAB0AF1FF
S2140204B00101BDF83A00C9B2F9F77CFC03780133B2
S2140204C0037005E04F4B1B78002B96D0012FD8D037
S2140204D063785A070CD5BDF83A40204613F010FB55
S2140204E0411CC9B22046F9F765FC0378013B03704C
S2140204F0424B1B78033B012B2FD8012F06D1B9F1B3
S214020500050F1FD111F016FC834522D1BDF83A0023
S214020510FEF7CAFC02281CD114AA0021584608F08D
S21402052055F930B10379458003F03C0343F04003AC
S21402053003710023344A009312783146584612F06B
S21402054051F906E0BDF83A00FEF7AEFCB9F1030F2A
S214020550E0D1002231461C20DEE4BDF83A00FEF768
S214020560A3FC012FD6D1F1E7012F40F0BF8009F19D
S214020570FF330C2B00F2AE8001A252F823F000BF2C
S214020580D7050200D705020031040200ED0502007D
S2140205900D06020035060200570602008306020018
S2140205A09906020099060200A5060200BD06020090
S2140205B0C9060200012F00F0A080B8F1000F40F03B
S2140205C09580BDF83A00FEF739FEFFF75EBB012FB5
S2140205D07FF444AFCBE7A9F102035A42BDF83A00D2
S2140205E05A41514607F084FDFFF74FBBBDF83A105B
S2140205F052465846FEF720F9FFF747BBFF44002055
S214020600343500201C160020421600200AF1010193
S214020610BDF83A00C9B2F9F7DFFB0AF10203DBB212
S214020620024600930FA9BDF83A30584609F0EAFD93
S214020630FFF72BBB424B1B78013B012B3FF625AB4A
S214020640069B0093BDF83A2023460121002011F0B4
S214020650F4FDFFF71ABB3A4B1B785A1E012A07D93C
S214020660069ABDF83A100120FCF744FCFFF70DBBD2
S214020670022B7FF40AABF9F77DFE0028F0D1FFF7D4
S21402068004BBBDF83A0006F0A3FEFFF7FEBABDF8BB
S2140206903A00FEF737FA94E7BDF83A00FEF732FA68
S2140206A0FFF7F3BA264B1B78013B012B3FF6EDAA68
S2140206B0BDF83A00FDF77CFDFFF7E7BABDF83A0051
S2140206C0FDF7C6FDFFF7E1BABDF83A000FF0B8FA3B
S2140206D0FFF7DBBABDF83A105346224648460FF0FB
S2140206E083FA00287FF4D1AA4946E0E4237A03F08D
S2140206F00303012B7FF4C9AA63E709F1FF330C2B2E
S2140207003FF6C3AA01A252F823F000BFD7050200A3
S214020710D705020031040200ED0502000D060200B4
S2140207203506020057060200830602008F06020004
S2140207308F060200A5060200BD060200C9060200D8
S214020740FF44002010B51248002111F0D6F80446E6
S214020750E8B110F09DFF0F4B1870204610F09DFF79
S2140207600D4B1870204610F09EFF0C4B187020465A
S21402077010F09EFF0A4B186001200CF089FC204600
S214020780FFF748FABDE8104000200CF081BC10BD0F
S214020790B4420020A3450020A2450020A145002027
S2140207A0503B002070B5164E336804460D46E3B142
S2140207B010F0DFFE0C2818D1204610F0DDFF0922CB
S2140207C000210446F7F7B2FD235C042B0DD10D4B36
S2140207D01B78033B012B08D80B4C25B10B4B227818
S2140207E01B789A4203D300232370002070BD08486A
S2140207F03168F9F733FB2378013323700120F5E7DC
S214020800543B0020FF440020A5450020411600204E
S21402081074140020014B93F901007047EA4200204D
S214020820014BB3F8680070476C3A002070B5124D61
S21402083000242C70EEF7F6FBE6B2B04212D80F4B4D
S2140208401B78013B012B04D800214FF6FF70FBF703
S2140208506BFF0B4B00221A700A4B198801B11A80E3
S214020860012070BD304606F0EBFCC30742BF2B7872
S21402087001332B700134DDE7F7440020FF440020EB
S214020880EE4400209642002038B50B4B1B780546F6
S21402089073B101335C08094B1888F9F7ADF80023E9
S2140208A030F81320AA4205D00133DAB2A242F7D3B7
S2140208B0002038BD0120FCE7EE44002096420020CE
S2140208C030B5054685B008460C4612F0A6FDFF2850
S2140208D00CD011F0F2FE01220021CDE901120346EE
S2140208E0009221462A460720FBF7EEFA284606F033
S2140208F017FCFF2804460FD006F0A2FCC2070DD54F
S214020900204606F09DFC830708D40B4A32F81430C2
S21402091043F4806322F8143005B030BD11F0CDFEEA
S21402092001220021CDE901120346009207202A4641
S214020930FBF7CAFAF0E700BF86420020431E9BB2CE
S2140209404FF6FA72934270B504462AD8FFF79CFF18
S21402095038BB194B1B78042B23D0204611F054FBCE
S214020960FF2801D0FAF774FB204612F0A6FE08B163
S21402097007F0F6FD2046114E114D04F05DF92046B3
S2140209800CF086FF317869B12888F9F735F8054604
S21402099001461E22023013F0F1FA2C8033781E2B09
S2140209A007D970BD2020F9F7EDF828800028EBD192
S2140209B0F7E702333370F4E7FF440020EE440020EA
S2140209C09642002037B5134B1B78022B05461ED1E4
S2140209D011F0B0F9044611F0ADF9FFF7AFFF11F0D0
S2140209E06CFE11F0B3F9002011F055FC99200CF0C2
S2140209F073FE3DB1002300930D2221464FF6FD7093
S214020A0011F0F0FE03B0BDE8304004F00DBF03B0B5
S214020A1030BD00BFFF440020034B1B7813B90120F2
S214020A20FFF7D0BF704700BFF5440020F7B5044675
S214020A300D46174611F07EF90646002D49D04FF6B0
S214020A40FB739C4245D82046FFF71EFF30B1A642F4
S214020A5004D1214B1B78033B012B3AD92046FFF7E2
S214020A6013FF10B1012003B0F0BD20460EF03EFC8D
S214020A70C0B1A642F6D01CB369462046F9F7A0FDDF
S214020A800246E8B90821684611F002F9C0B9082200
S214020A906946284613F062FA90B12946204611F0BC
S214020AA03CFEDFE7A642E6D10C490822284613F0B0
S214020AB055FA28B10120FFF785FF06F015FED1E7AB
S214020AC03FB121462846FAF759FC2146284604F04B
S214020AD0CFF80020C7E700BFFF440020744500207F
S214020AE0044A13782BB1013BDBB213700BB9024AEE
S214020AF013807047EE440020964200200148F8F723
S214020B00A1BD00BF964200202DE9F04780468CB07A
S214020B1017460D4661B903AE1B48DFF86CA00021EC
S214020B2010F079FE4FF0000904461CB920461DE07D
S214020B300E46F1E700222146CDF8009024233046E7
S214020B4010F09FFF08224146304613F007FAA8B974
S214020B50337C9BB96FB945B92A460B48214610F03B
S214020B60EBFE0A4A1388013B138001200CB0BDE855
S214020B70F0873B88B28953405B06ECD52146504647
S214020B8010F09FFE0446D0E7FE420020FC42002002
S214020B90024B1888003818BF01207047FC4200201C
S214020BA02DE9F04397B04023064611A88946ADF8D2
S214020BB00E3004AC0EF0CCFB02238DF844302146F6
S214020BC00023304604936360F9F7FAFC05460028D2
S214020BD040F0868030460FF013F8804611F0AAF8EF
S214020BE0002840F0AD8099F80130042B40F0AA802E
S214020BF0554F3B78022B76D13B78022B7FD194E877
S214020C00030003238DF8443012AB83E803009DF8FB
S214020C105130002143F0060310220DA88DF8513002
S214020C2013F0C6F90DA911A80EF0F9FDBDF846306D
S214020C3009A943F0040311A8ADF846300EF045FEAC
S214020C40102209F10A0109A813F088F9002870D1C8
S214020C503B78022B06D10DAA2146FF200EF006FE97
S214020C6000286AD14FF034093B78022B08D19DF850
S214020C7051301B0704D40DF10E01204611F06CFF13
S214020C804946204611F091FF2F464D4610238DF817
S214020C90183004238DF81A30234603CB0022CDF8F1
S214020CA01B00CDF81F1006A80B218DF8197010F046
S214020CB09BFD024638B1002F14BF012303232146B1
S214020CC0304602F0AFFFB8F1000F09D0342D07D13D
S214020CD006A82246314608F075FB06A80EF076FFF7
S214020CE017B0BDE8F08300952B4611AA2946204688
S214020CF001F09CFD00283FF47FAFAD27C6E7012B2D
S214020D0094D1124B1B6803F08403842B8ED10223EA
S214020D1094E803008DF844301023ADF8463012AB49
S214020D2083E803009DF8513043F002038DF85130FA
S214020D307CE74FF03309AD2596E74FF0050993E7B8
S214020D40A327A3E7AA27A1E7B7440020A4360020DA
S214020D502DE9F0433648374D8DB0F9F71BF90CF004
S214020D6081F92B68C41A4FF47A73B4FBF3F4A4B275
S214020D7014B10CF077F928602F4FDFF8C0803B885B
S214020D80ADF80A3000233B804FF6FF7600210DF1C6
S214020D900A0010F0B2FD054658B9284B1B882BB145
S214020DA04FF47A7122487143F9F758F80DB0BDE84E
S214020DB0F0834FF000092423CDF800904A462946D6
S214020DC003A810F05EFEBDF81A30A34294BFDB1AE9
S214020DD01B1B9BB2ADF81A30CBB910F0ABFFBDF8B7
S214020DE0183003F04003184380B218B9322103A822
S214020DF00CF08DFDBDF818301B0602D508980EF0D3
S214020E00BBFCB8F80030013BA8F80030BEE79E42B3
S214020E1028BF1E46012300934A462946242303A8D8
S214020E2010F02FFE4A462946384610F0FAFCADE787
S214020E30B03500205C3B0020FE420020FC42002031
S214020E40F0B52F4A0446516810688DB001AB03C353
S214020E50A378012B50D11422002107A813F0A8F87A
S214020E60D4F82110D4F81D0003AB03C32388190657
S214020E7044BF62680892DA050BD5221D08AE04F15B
S214020E80140710685168354603C50832BA422E4622
S214020E90F7D1ADF8183013F0040318BFA369059311
S214020EA0184B1B88ADF81A3010F044FFE0B906A9BB
S214020EB003A811F051FE0022242103A810F094FC8E
S214020EC00446D8B10020FFF743FF0F480022214610
S214020ED010F0A7FC0D4A1388002001331380FFF799
S214020EE037FF00200DB0F0BD082201A903A813F0B9
S214020EF035F80028DFD0DAE77020F3E71820F1E7AC
S214020F002EB60300A4150020FE420020FC4200205C
S214020F10F7B5044600200E46FFF71AFF104B1B8853
S214020F20A34202D8022003B0F0BD00210D480D4FA7
S214020F3010F071FC002501460029F3D0A54208D125
S214020F400024009424232246304610F09AFD2046C0
S214020F50E9E7384610F0B5FC01350146ECE700BF7C
S214020F60FC420020FE4200200148F8F76BBB00BF9F
S214020F70FE420020014B1888704700BFFC4200204A
S214020F8030B5154A8DB051680546106801AB03C3EB
S214020F9007A80EF0DDF9DDE9010108AC84E80300DC
S214020FA003238DF81C309DF8293003A943F0020371
S214020FB007A88DF829300EF032FC10B103200DB0D0
S214020FC030BD28686968234603C303A907A80EF044
S214020FD00BFC0028F3D0F1E72EB6030070B50C46E2
S214020FE011460E4A2378127813F0200542EA0302CD
S214020FF00646227018BF611D082212F0BFFFD4F801
S2140210000130B36023783373002D0CBF05200D200A
S21402101003F01803082B08BF013070BDFA44002005
S21402102007B504231A460DEB03010120F9F72CF845
S214021030019B034A1B03136003B05DF804FB00BF69
S2140210409436002010B5064C2368C3F30B0313B97D
S21402105004200CF042F82068431C236010BD00BF39
S21402106094360020014B1868704700BF9436002063
S21402107007B5064B0020186004231A460DEB030141
S2140210800190F9F701F803B05DF804FB94360020EE
S2140210907FB51123062201A90120F8F7F5FF084BB8
S2140210A09DF814201A70074B1B780BB1052B05D13F
S2140210B00EF008F9012007B05DF804FB0020FAE7FD
S2140210C0F9440020FA4400202DE9F04F0646CBB042
S2140210D08846008801211746F8F718FD2E4B3188FE
S2140210E0ADF816003A4606A811F0EFFD0DF1280BF2
S2140210F0C4195A464146308811F074FDE4B208EB32
S2140211000003A34216BFA4EB08040446E4B2054655
S2140211104FF004092346CDE900095A4601210BEB9C
S214021120050ACDF808B02D1B06A8EEF761F9EDB258
S2140211300BEB04030093019523465A46308841463A
S21402114011F07EFD348839462046F8F745FE3946CA
S21402115000F0F8022046F8F753FE01213088F8F72F
S214021160D5FC01234A46514680B10DF11600F8F728
S2140211708FFDBDF81620044601213088F8F7DAFC08
S214021180B4FA84F040094BB0BDE8F08F3046F8F769
S2140211907FFD0446F4E700BF744500202DE9F04FBA
S2140211A0C9B0044688469246C118224A04A81F4679
S2140211B0FFF714FFC519EDB208AB0293A5EB0A0BB5
S2140211C0A8EB0A035FFA8BFB4FF00409A8EB0506AF
S2140211D0DBB2F6B204EB0A020093CDF804905B464B
S2140211E0012104A8EEF704F906F590730DEB03024D
S2140211F05A44A2F5807208A8136844F80830E35DE2
S21402120023F00703E3552C443246214612F0F6FE3D
S21402121008ABCDE9019308AA00230096012104A891
S214021220EEF7E6F8324608A9204612F0E7FE49B085
S214021230BDE8F08F74450020F8B5064612F095FD1D
S214021240811C054689B2304612F06BFCF0B1EDB156
S21402125029463046F8F7C0FD1228074616D80C4B2A
S214021260691C1C5CC9B23046F8F7B6FD2C44052F43
S214021270E4B205D1052809D8064B1B5C1C44E4B22F
S21402128021463046BDE8F84012F04BBC0020F8BDBF
S2140212903AF6030034F60300F8B5054612F06EFC83
S2140212A00446284610F068FAA11C074689B228466A
S2140212B012F037FC00283ED0002C3CD021462846AF
S2140212C0F8F78AFD611C0646C9B22846F8F784FD7F
S2140212D00F2E30D8194B9B5DE118731E89B2092B6D
S2140212E00ED8DFE803F009050D0D120D0D181E1EAF
S2140212F0C40644BF083189B2820601D5083189B2D4
S2140213002846BDE8F84012F00CBC7B78DB0612D506
S21402131001EB4001F3E700F01F0000EB4000014440
S214021320EDE71F2805D8092E06BF400080B202202E
S214021330F5E7C828E4D00020F8BD00BF4DF603004C
S214021340F8B5064610F018FA092200210546F6F707
S214021350EDFF00F11004284610F0C5F8E4B2074687
S21402136021463046F8F738FD05463046F8F760FB6A
S214021370BA05A0EB0403DBB20AD47C2D0AD0082DF2
S2140213800AD8064A505D98428CBF00200120F8BD5C
S2140213901220F8E70320F6E7FF20F4E75EF60300E4
S2140213A0014B1878704700BF4316002038B5114B22
S2140213B01B78044608469BB9012038BDA24205F1B7
S2140213C001050FD103EBC1035B6898470028F3D1F0
S2140213D01E2022464FF6FF710DF03DFF0020ECE77F
S2140213E0054B0025E9B213F83120002AE6D114464F
S2140213F0EEE700BF4316002004F6030013B50023F1
S214021400ADF80430134B984221D10B88DA0702D587
S214021410B72002B010BD9B0744BF4FF47F43ADF820
S21402142004300D4B1C887F22022321460DF1060054
S2140214300BF055FEBDF806204FF6FF739A42E7D131
S2140214402046022201A90BF053FE0020E1E702200B
S214021450DFE700BF1FD1BACA929D030013B50F493A
S214021460002303807F220223098804460DF106002A
S2140214700BF035FE9DF80630BDF806201BB123881A
S21402148043F001032380FF2A88BF23884FF0000021
S21402149084BF43F00203238002B010BD929D030076
S2140214A0034B1B78002B14BF442056200E30704787
S2140214B0FA4400202DE9F04F8DB0CDE90423179CA5
S2140214C00394039CBDF858A0D58806460F4644B937
S2140214D0EC0606D5CDF858A00DB0BDE8F04F0DF0DD
S2140214E02EBFC5F380242B054FEA043448BF44F4CC
S2140214F00064A80511D544F080040A2E00F25E812D
S214021500DFE816F088004F003B0059005C015C01E2
S21402151059001000880059003600E90548BF44F01B
S2140215204004EAE7BB464FF00109022302934FF05C
S2140215300008BAF1000F74D1A24B18884FF6FF7359
S214021540984206D0A049F9F73BF810B124F480542B
S214021550A4B2059B00935A46434644F40271504691
S21402156008F00AF9ADF8200000286BD118204EE0EA
S214021570BB464FF001090323D8E708A9F8B211F0D9
S2140215800AFEDDF82500DDF8291006AB03C38F4BF3
S21402159033F817B04FF00009CDF808900DF118088F
S2140215A0C7E706A9F8B203F01FFB0C23884A7B4361
S2140215B032F803B0EEE74FF6F7739F4240F2FE8032
S2140215C015F4026F40F0FA80824B1B78022B03D090
S2140215D0043B012B00F2F480BAF1000F0BD1032E6C
S2140215E00CBF0C23082324F4C0740293A4B2BB4697
S2140215F04FF001099BE75046F8F71AFA0246FFF742
S2140216004FFF032E08BF01388242E8DD74200DB07A
S214021610BDE8F08F4FF00009BB46CDF80890C846EB
S21402162087E7049B1B8843B91A46514606200BF0EF
S214021630FCFF002880D11920E9E700231A4651460C
S2140216400720F4E75F4A11884FF6FF7399421CD0D1
S21402165010F092F85B4A03461188059304300FF0A7
S21402166044FF5D49059B0978D9715749554A14F4D8
S214021670805F1FBF086898604868D8604FF6FF739F
S21402168013804FF0FF330B604B60049A029908A850
S21402169008F028F900283FF469AF504C2378002B55
S2140216A03DD1BAF1000F14D05046F8F7C1F9804682
S2140216B0BDF82000F8F7BCF92378002B14BF1222DD
S2140216C000228044EB1003F0040390444344842B2E
S2140216D09CDC15F400540AD0BDF8208040460FF07A
S2140216E03EFF40F4806189B240460FF023FFA6F128
S2140216F00803012B05D8BDF82000012210210FF0A7
S2140217001FFF039BBDF820803BB3594640460FF0AF
S2140217106AFF039ABDF820301380002077E7AA06F6
S214021720BFD56B0103F020030A2E14BF43F001035A
S21402173063F07E03DBB2B9F1000F08D000210091FE
S214021740424608A800F000FE0028AAD05FE71A4624
S214021750414608A811F0F1FBF6E7404612F00EFAF1
S214021760039B0246414604200BF05FFF00283FF42D
S21402177062AF0A2E16D84FF4D963F340DB0711D5B1
S214021780072E09D00A2E07D0BDF8200010F0ECFE76
S2140217900028C2D1A1203AE708A80EF034FA0028A1
S2140217A0F2D0F7E714B125F04005ADB2BDF820003F
S2140217B02B46FAB2314601F097FE28E7012026E7CB
S2140217C0912024E7C4150020441600206A3F00201A
S2140217D0AA3E0020FE440020B1450020FA44002024
S2140217E070B4084EBDF810403080074815460570A4
S2140217F000201A469DF80C30CDE9034070BC062046
S214021800FFF758BEC4150020B145002030B402468A
S2140218100C48BDF8085005800B489DF80C40047033
S2140218200A4804780020CDE902304FF6FD700B46D8
S2140218304FF6FF71002C08BF014630BC0320FFF7AD
S21402184039BE00BFC4150020B1450020B3440020B5
S21402185013B50246084804780020CDE900300B464E
S2140218604FF6FD704FF6FF71002C08BF01460320AD
S214021870FFF720FE02B010BDB3440020F7B51E46A7
S214021880234B1B78022B05460C4617460AD1A6B1F7
S2140218903046F8F7CDF80246FFF702FE82420CD930
S2140218A0742008E0043B012BF1D908460EF0A8F993
S2140218B00028ECD1912003B0F0BD65B1022D1AD1FB
S2140218C0EDF7AAFBA04214D9124B33F814204FF6B8
S2140218D0FD739A4202E04FF6F7739C4209D8002342
S2140218E0CDE900633A46FF2321462846FFF7E2FD8C
S2140218F0E1E70120DFE7012DFBD1074B1B78A3426E
S214021900F7D9E0B203F088F94FF6FD739842E5E79F
S214021910FE4400206A3F00201016002030B5104B0F
S21402192087B005460C461868596803AA03C2986829
S21402193010609A88DB880B49ADF80E5023F04003FE
S214021940ADF812300023CDE9004352BAADF81020AC
S2140219500988FF2303AA0720FFF7ACFD07B030BDB6
S2140219600A43002016430020034B1B7813B1034B97
S21402197018787047FF207047C2450020C1450020F6
S2140219802DE9F04F074689B0104615461C468A4692
S21402199012F0F4F801462846F8F71EFA06462846DC
S2140219A00FF0EAFE04300FF09EFD804610F0C2F9FA
S2140219B0804551D0B2074FD1DFF8AC8005A9284642
S2140219C0B8F800B012F0E2F99DF81930A8F80070E5
S2140219D00BBBBDF81430F3B928460FF0CDFE02302B
S2140219E00FF081FD4FF6F773984204F1010494BF9D
S2140219F04FF000094FF00109E4B20123CDF8009040
S214021A002A4605A93846039303F04AFF039B40B9CA
S214021A1001339C421ED20020A8F800B009B0BDE8EF
S214021A20F08F022CF8D1012BF6D10C4A0C4BA3F8FE
S214021A3000A01378591C11700A4A7F3B16F00C015D
S214021A40137007D1BDF81A305B0603D5BDF8160031
S214021A50FFF764FF0223D1E70020DFE7FC44002003
S214021A60C4150020B1450020164300202DE9F04F92
S214021A708BB08846ADF81E000FF07EFE00F1020A1B
S214021A80064650460FF02FFDBDF81E40BD4D0746D8
S214021A90204612F073F801462046F8F79DF9814673
S214021AA000F00304301D0FF01EFD288010F042F9EE
S214021AB0B8422DD04FF6F7739F4229D87378DA07CB
S214021AC026D4384611F0D2FC30B1BDF81E20288844
S214021AD001233946FFF754FF10F02CF9A94B1B8857
S214021AE083420FD1BDF81E40204612F047F8014649
S214021AF02046F8F771F910F00C0103D1BDF81E006C
S214021B0001F0ACFDA04B00221A600BB0BDE8F08FCE
S214021B109E49BDF81E0012F039F99D49BDF81E0017
S214021B2012F078F8984A9A4B002808BF0023BDF8AE
S214021B301E0013600FF0ACFD964B1870BDF81E0029
S214021B400FF0ABFD944B1870BDF81E000FF0B0FD01
S214021B50924B186000238DF82230B8F1000F28D07F
S214021B608A4BDB889B0624D510F0E4F8F8B18C4B40
S214021B701B689F071BD4012C14BF082318230DF1E2
S214021B8022020092002211460DF11E0000F0DCFB3C
S214021B9078B1012CA0D1834B1B78112B9CD111F06C
S214021BA06FFA002898D1AF20FAF714F994E70823C1
S214021BB0E5E750460FF097FC4FF6F773984240F26F
S214021BC0F580012C00F0FD80022C00F07981002CBB
S214021BD082D1DFF8B881BDF81E00B8F8063004934B
S214021BE0ADF824000FF0C8FDBDF824600446304668
S214021BF011F0C4FF01463046F8F7EEF88DF82300E0
S214021C00A01C66780FF06FFC074610F093F84FF6AC
S214021C10F7739F422D88B8F8024006F00106824606
S214021C2000F2FF80002E0CBF082006200022294664
S214021C300DF011FBBDF82490484611F09FFF0023DB
S214021C400246494604200BF0D4FC4FF6F7739F4237
S214021C5081460BD8B8F90620B8F80630002A05DB0C
S214021C60580603D500212046FFF758FEB9F1000FAB
S214021C703FF432AFB8F80030002B5BD198F805304D
S214021C80002B57D14FF6F7739F4294BF00230123D0
S214021C900DF12601BDF82400039311F0DBFADFF8FC
S214021CA0E4B000F1FF39BBF8003005935FFA89F91A
S214021CB0B8F80630BDF8260006934946F8F78CF8C1
S214021CC00499069B019000930598039B2246C1F354
S214021CD040110DF0A2FF00283FF4FEAE2B4BBDF8DC
S214021CE026104A4606200BF084FC00283FF4F4AE89
S214021CF0B8F8022048F202039A4205D1BDF8241031
S214021D00BBF8000000F0B0FFDFF8808009AA414669
S214021D100DF123000DF07FFF034600287FF4DCAEB2
S214021D202104BBF80000BDF824207CD5234641469A
S214021D3011F0A5FADFF8548036B99DF8233003F087
S214021D400C030C2B40F09380B8F8080011F062FAEE
S214021D5000283FF4C1AEB8F80810002002F008FED2
S214021D60114B18704FF6F773AA4514BF02250325C8
S214021D709F42BDF8240002D8002E00F09380012373
S214021D8094E000BF16430020643B00200A43002074
S214021D90A9450020A3450020A2450020503B002074
S214021DA0A4360020FE440020C1450020022C00F08C
S214021DB08780474BB3F90630002B25DA012C7FF4D7
S214021DC006AF0FF0B7FF2B8883423FF485AEBDF80F
S214021DD01E100520FFF7EAFA00283FF47DAE3C4AC3
S214021DE0D3885B0607D50023CDE900330A2029886D
S214021DF0FF23FFF75FFB9DF822302988BDF81E00FF
S214021E00424602F015F967E6BDF81E00F7F710FE27
S214021E10A0F11001C9B2304600F086F80028CDD0F5
S214021E205AE6062002E7DFF8B890022189F8001089
S214021E3003990091414603F033FD132C3FF47AAF29
S214021E40B8F806305B043FF575AF224B1B78D8070F
S214021E5004D599F80020022A3FF46CAF99077FF563
S214021E603BAE99F80030012B7FF436AE62E798F865
S214021E7004301948009398F80530008832463146F7
S214021E8002F09EFD154B18709DF82330BDF8240015
S214021E9003F00C03082B4FF6F7730CD035469F421F
S214021EA03FF66DAFA4F138025342534108492A4621
S214021EB004F01EFC10E6AA4514BF04250525EEE72D
S214021EC0BDF81E200249484601F03AFB04E600BF70
S214021ED00A430020B544002016430020C1450020D6
S214021EE0B245002010B5094800210FF006FD044651
S214021EF050B101460420FFF759FA28B120460121C5
S214021F00BDE81040FFF7B2BD10BD00BFFA42002088
S214021F10034B04481A78FF21920012F049B800BF1A
S214021F20111600204C34002070B5451804464FF0B8
S214021F30FF31AC4212D1104B10481A7805460023E6
S214021F40934211DB0E4C2078431CB3FBF2F602FBE5
S214021F50163345F82010237000200CE014F8010B0D
S214021F60E3F7A6F90146E4E750F8044BA14201D094
S214021F700133E5E7012070BD111600204C34002025
S214021F80B345002007B5042301220DEB03011046DA
S214021F90F8F77AF8019B034A1B03136003B05DF857
S214021FA004FB00BF603B0020014B1868704700BF6F
S214021FB0603B0020014B1868704700BF603B002062
S214021FC010B5064C2368C3F30B0313B901200BF0BC
S214021FD084F82068431C236010BD00BF603B0020CD
S214021FE02DE9F04F93B0DDE91C79039300230693A5
S214021FF0834699F8003004930DA80E4615460DF058
S214022000A7F999F8003013F003043ED0039B8DF82D
S21402201024300DF1250A0022082138460FF038FE3A
S21402202000286FD028880FF0A7FB99F800301C070D
S2140220304CBF043002300FF056FA07A9804607F06C
S214022040EFF99DF824300446980633D5288806F121
S2140220500D0111F066FDB0B100230093721D2988B0
S2140220600823D2B238460FF00CFD99F8003003F080
S2140220701803182B48D1B8F1000F45D0A74BB3F878
S2140220806830434540D0A62326E02888711D11F00B
S21402209048FD0028F7D0009405232988324609A86F
S2140220A00FF0EFFC9DF8243003F0180303930DF1B4
S2140220B0240AB0E70CBB39464046F8F781FA0028F6
S2140220C0D3D099F800309907DDD040232246214626
S2140220D0404611F083F9BE2399F8002012F003045B
S2140220E040F0F780288803930FF0A9FA22460146AB
S2140220F01A200DF0B0F8039BEBE007AB03CB386079
S2140221007960B2E74FF6FF780DF068FD044620B11D
S2140221100421384607F0ACF904461E9B002B5AD021
S21402212009231E998DF834300DA80DF05DFB209B17
S2140221300BB1209B0693039B002B40F08E800DA8CC
S214022140EDF710FA99F800309A0700F09880FFF73A
S21402215037FF5146024601200FF0CBF999F80030BE
S2140221609B0710D55946288811F0D6FD0BF10903B6
S21402217050FA83F35FFA83FB2888594611F0A1FDD3
S21402218000EB0B06F6B299F8003013F0C20F0AF114
S21402219004030DD09DF82420614942F020028DF8F8
S2140221A024200A68CAF804204A685A600AF10C0316
S2140221B009A8012200921B1A29883246DBB20FF0C8
S2140221C060FC324659462846FEF77EFF002800F09D
S2140221D0A38000237DE01F9B5BB19E46BEE80F00F6
S2140221E00DF1340CACE80F00DEF80030CCF800300D
S2140221F09DE7049B288803F0200359460493F7F7CB
S214022200EBFD10F0030F0CBF012300230593049B84
S214022210059A1F99003B18BF012342EA4303009325
S2140222200DAA06AB384600F001FB049A034682B1BB
S214022230002880D0059B00930DAA06AB1F9938464E
S21402224000F0F4FA99F8002022F02002034689F8FA
S2140222500020002B3FF46FAF3EE7039B102B06D106
S214022260BDF8363043F00103ADF8363067E7039B1E
S214022270182B4FD1BDF8363043F00203F4E70DF1C8
S214022280250101200FF043F999F8003013F0040FEE
S2140222908246288821D1069B1BB3002C35D00FF02E
S2140222A0CEF90022014616200CF0D5FF84B17FB18C
S2140222B04FF6FF7398450BD000231A460DA93846F1
S2140222C00DF0DAFB9DF83520394640460DF09EFCAF
S2140222D00123184613B0BDE8F08F002CDFD1104F53
S2140222E001E0002CDBD10023009332463B465946E0
S2140222F010F016FD00283FF4C6AE002C3FF469AF7E
S214022300069A0AF10103136063E71B685345C6D8B1
S2140223100124E8E7A623DCE71823DAE76C3A002074
S2140223207445002007B5074A00230193136004236F
S2140223300DEB03027F2101200AF0CDFE03B05DF80B
S21402234004FB00BF603B00202DE9F04FB1B004460D
S21402235000888DF82F3016468A463A9F11F00EFCFA
S21402236001468146208811F0ACFC00EB0908208863
S21402237011F0FBFC9DF82F500790002315F0010B7F
S2140223805FFA88F8ADF8363008D101460DF136020C
S214022390208811F080FB08B1ADF836B016B9CDE949
S2140223A00E660EAEFEF7F4FB18B145F020058DF86A
S2140223B02F500023CDE9033302930DF12F03CDE90D
S2140223C000632246534641464846FFF709FE054645
S2140223D0002800F0B8809DF82F3013F0010B46D18C
S2140223E023F020038DF82F300FF0A4FC70B1754A4D
S2140223F01068516810AB03C3184600F0E9F95D4651
S2140224000890FEF7B7FDABB2984239D80FB1002359
S2140224103B70BDF83630CBB120880121F7F776FB4A
S21402242027880546002800F0BC8001213846F7F7C9
S2140224306DFBBDF8367005463846F7F7F9FA002305
S21402244000903A46194628460FF055FB0023CDE980
S214022450033302930DF12F03CDE900632246534660
S21402246041464846FFF7BCFD054600286BD00FF0F4
S21402247061FC002840F0AC80284631B0BDE8F08F01
S21402248018AB14AA26A9E8B20DF04BFB002875D1AA
S214022490082210A927A811F061FD089B8346002B8D
S2140224A068D09DF8A530099313F0020F62D0082277
S2140224B012A927A811F052FD00285BD1099B5907E3
S2140224C058D50FB101233B7014AB0FCB0DF1740C32
S2140224D08CE80F00BDF83630CBB120880121F7F723
S2140224E015FBB4F800B000284DD001215846F7F786
S2140224F00DFBBDF83620099283461046F7F798FA88
S2140225000023099A0090194658460FF0F4FA2E4B0B
S2140225100493002303931DAB02930DF12F03CDE921
S21402252000632246534641464846FFF759FD28BBFC
S214022530089B002B33D012AA1DAB4FF482714FF4C6
S214022540005000F0CFF80FF0F5FB88B11F4B1B6868
S2140225509A070DD4FEF71CFB50B11A4A1068516850
S21402256018AB03C3002226A918A810F0B8FA18BBA5
S214022570002581E727B9BBF1000FA5D0013540E75A
S21402258000233B70F7E7BDF836200A901046099202
S214022590F7F74EFADDE9092307990090B4E7089A9F
S2140225A0CAE7BDF836B05846F7F742FA07990090E0
S2140225B02B465A46384647E726A918A810F0CCFA02
S2140225C0D0E700BF2EB60300A0360020A4360020B7
S2140225D09DF82F3003F01103102B7FF44DAF3E4BC6
S2140225E01B78432B7FF448AF3C4B1B685B067FF59A
S2140225F043AF208808F1050111F093FA83460028BC
S2140226003FF43AAF41462088F7F7E6FB344B10F02A
S214022610200F08BF1E4612A800F0DAF8082231463C
S21402262012A811F09BFC002852D0314612A80DF0D9
S2140226309CFA012326AE00933246002314A912A860
S21402264000F0F4F800287FF417AF12AB0DF12F0755
S214022650CDE9036002900093019753462246414615
S2140226604846FFF7BDFCA8B3BDF89A3018AA43F057
S214022670080314A91020ADF89A3010F00DFA0028BD
S2140226807FF4FAAE12ABCDE90360CDE90170009398
S2140226902246534641464846FFF7A2FC0546002816
S2140226A07FF4EAAE18AB4FF49071002012AA00F045
S2140226B019F84FF00051002010F097FCBBF1000F04
S2140226C03FF456AF4FF08051002010F08EFC4FE7DB
S2140226D08346AEE714ABE6E7FE440020A4360020AD
S2140226E0D63A0020F0B591B00746164609A80D4620
S2140226F01C4610F074FC3EB13368CDF82630736881
S214022700CDF82A3045F040051B4B1A6822EA07022C
S21402271042EA050119604B040DD5BDF824200B0AC8
S21402272003F4E243C9B222F4E3420B4322F07F02EF
S2140227301343ADF824301A23082209A90020F7F71C
S214022740A3FCB4B104A80CF003FE02236A468DF87B
S214022750103004F1100623461546186859681446C8
S21402276003C40833B3422246F7D1294604A80DF023
S2140227703BF811B0F0BD00BFA4360020054B196827
S21402278047F2FF1041F48042014041F480411A6052
S21402279010F02BBCA436002000B589B0FEF778FCFA
S2140227A001A810F01CFC0948BDF8042001681302B9
S2140227B021F0FF0103F4E2030B43D2B2134343F4C6
S2140227C08043036009B05DF804FB00BFA436002016
S2140227D010B50C4B04461868830788B006D54FF030
S2140227E0FF3323606360012008B010BD10F0400084
S2140227F0FAD001A810F0F3FBDDF806302360DDF80E
S2140228000A30EFE7A436002008B5074B1B6813F022
S2140228104003024605D118461946FFF763FF01201A
S21402282008BD0020FCE700BFA43600202DE9F04FCB
S2140228309FB080469DF8A0A00C461D469346CAB19E
S214022840164630460CF084FD1AF0020714D004B97E
S21402285017AC01AB2246314640460DF040F90DB1A9
S21402286000232B60002814BFA627002738461FB077
S214022870BDE8F08F0DAEE4E701AB05AA314640464F
S2140228800DF0FAF87378FF2B0AF0010A24D000281C
S21402289040F0BD805CB105AA0DF1240C134603CBB3
S2140228A06345206061601A4604F10804F6D125B13A
S2140228B07278584B03EB82032B60BAF1000FD5D027
S2140228C0BDF80430D906D1D472784FF6FF711820BD
S2140228D00CF0C1FCBB27C9E7DFF8409145B10FF009
S2140228E029FA18B1D9F800309A072DD500232B60A3
S2140228F0D9F8003003F03003102B01D0202B25D15D
S21402290017A810F06CFB08220DF15E01404611F08C
S21402291025FB28B1D9F8003003F04403402B15D02C
S214022920BAF1000F14D109A810F063FB022333702A
S214022930002C51D1BBF1000F98D00FF0FBF970B309
S214022940301DFFF745FF91E7334BD0E7A6278DE70B
S214022950D9F80030DB03E6D509A810F04AFB0223BB
S21402296033709CBBBBF1000FAED00FF0E3F908B397
S214022970301DFFF72DFFA7E7D9F8003003F08403D8
S214022980842B30D009AB0DF1340C1A4603CA6245CB
S21402299020606160134604F10804F6D106E0D9F817
S2140229A00030254603F08403842B2AD0301DFFF71F
S2140229B00FFF28E0D9F80030012503F08403F3E77F
S2140229C0D9F80030012503F08403D9E70FF0B2F9F5
S2140229D00028F5D00125D5E70FF0ACF9054600280A
S2140229E0CAD00025CEE712A80CF0B2FC022312A829
S2140229F08DF84830ECF7B6FD224608214046ECF743
S214022A00B5FC10237380002D3FF430AF5CE703273C
S214022A102CE700BF48340020A0360020A436002051
S214022A2049B9084B197849B14EF66023594328B183
S214022A300548F7F713BA41F28831F8E70248F7F784
S214022A40A9BA00BFB4440020F035002070B586B0A5
S214022A5005460FF06FF910B9702006B070BDF7F793
S214022A60AFFB0028F8D001A8FFF7B2FE0646002802
S214022A70F2D055B9304B1C6814F0020433D14FF42F
S214022A808163ADF80C30022125E02C490822284645
S214022A9011F064FA0028DFD0274B1C6814F00204F9
S214022AA006D0274B1B78112BD6D1264BB3F868409D
S214022AB00822294601A811F051FA0028DFD04FF467
S214022AC00273ADF80C302B68CDF80E306B68CDF87B
S214022AD0123000260A21002203A80EF085FE0246C6
S214022AE048B91820B9E7164B1B78112BB4D1154BF1
S214022AF0B3F86840C3E7104B196801F03003102B97
S214022B0017D0202B14BF01230323490001F0040130
S214022B100B432046002101F085F80028E1D0002171
S214022B200120FFF77DFF16B1074B01221A70002025
S214022B3093E70323E9E700BFA4360020744500208C
S214022B40FE4400206C3A0020A845002030B5002440
S214022B5085B0CDE90044F7F71DFA0FF0EBF81D4DEE
S214022B6060B906F07DF80D24002108462970FFF7AB
S214022B7057FF214668460AF0CAFE17E02B783BB399
S214022B80154916480A780078904221D90132012B5D
S214022B900A700DD122464FF4A071204602F0A8FD1D
S214022BA0B0B90F4841F28831F7F758F905B030BD91
S214022BB0022B08D102A92046F7F702FD40B902A867
S214022BC0FFF744FFECE7032B02D101F0DFF9E7E75A
S214022BD00424C9E7B4450020B54500204C16002061
S214022BE0F035002070B51B4A1B4D51682E7886B012
S214022BF00446106801AB03C31EB17024204606B01B
S214022C0070BDF7F733FB0228F7D10FF093F80028D0
S214022C10F3D003A800F02AFE082201A90DF10E0047
S214022C2011F09CF9A0B10D4B32464FF4A07130461C
S214022C301C7002F05DFD04460028DFD1084A0948F0
S214022C40012341F288312B701370F7F707F9D5E7A5
S214022C50B724D3E767F60300B44500204C160020DD
S214022C60B5450020F0350020F0B52F4E9BB0074644
S214022C700C464922002107A8069111F099F93378EB
S214022C80012B37D1B7BB0DF10E01204610F0E2FA48
S214022C900546BDF80E00F6F7CBFE441BE4B22A4604
S214022CA0BDF80E100097234606A80EF0EAFE04A909
S214022CB03846F7F785FC0246E4B19DF819301A4308
S214022CC012F0FF0216D1BDF8233003F47E43B3F5AB
S214022CD0285F1ED3B3F5385F0ED31449BDF80E0035
S214022CE00B6843F400030B6029460CF06AFF18B128
S214022CF0042333701BB0F0BD0D4B012204A81A70DA
S214022D00FFF7A4FE0B4841F28831F7F7A7F8022333
S214022D10EFE7114610463270FFF782FE1E2104A826
S214022D200AF0F5FDE6E700BFB4450020A436002011
S214022D30B5450020F0350020014B1870704700BFE3
S214022D40B5450020014B1878704700BFB4450020F7
S214022D50014B1870704700BFB44500202DE9F047BC
S214022D608CB00546B5294088ADF80A00884600F0C2
S214022D708C8095F80890AE790EF0FEFC05A9044604
S214022D80BDF80A00EF7911F001F8BDF80A000EF05E
S214022D90E6FB420542BFBDF81A3043F40053ADF8D5
S214022DA01A30EB79DB0642BFBDF81A3043F4805383
S214022DB0ADF81A30BDF81A30980613D5022E6AD12D
S214022DC008A9287A10F0E7F9DDF82500DDF82910C1
S214022DD003AB03C303AA0021009104230DF10A00EA
S214022DE0FFF7B2FABDF80A000121F6F78FFE022EAF
S214022DF082465CD1474B33F81940B8F1000F72D0C7
S214022E00BDF81A2051066ED54FF6FB739C426AD85F
S214022E10414B1B78033B012B04D8404BB3F8683078
S214022E20A34260D0D30502D5204610F0A6FBBDF81B
S214022E301A30D80457D5002E46D1BDF80A000EF037
S214022E408EFBC10611D4CDF80080534605AA214652
S214022E5030460AF08FFB0B2017F003021CBF02F16C
S214022E60FF32D2B221460CF0F6F9BDF8162048F22F
S214022E7034039A4209D12A4E3078FF2805D003221D
S214022E802146FBF767FCFF23337000232B806B8001
S214022E900CB0BDE8F087012E01BF2B7A214A03EB66
S214022EA0430302EB83020CBF0232002293E7012E99
S214022EB005D10C231B4A03FB09F3D45A9DE7A01C39
S214022EC00EF011FB044698E7204601F0B5FEBDF869
S214022ED00A000EF044FBC206C7D4CDF80080534663
S214022EE005AA4946B4E7BDF80A000EF038FBC30649
S214022EF0BBD4CDF80080534605AA002E14BF49461F
S214022F00214630460AF036FBB8F1000FA3D109205D
S214022F10A2E700BF6A3F0020FF4400206C3A002070
S214022F2050160020AA3E002070B5114B114D002409
S214022F300A262A78A24205D8C2B9BDE870400E48D1
S214022F40F7F728B8598869B9013AD2B2A2422A706C
S214022F50EFD0121B03F10A011846724311F00EF865
S214022F600346E6E701340A33E4B2E2E770BD00BF87
S214022F70463E0020B84500209414002070B51A4B37
S214022F801A4A1D780023DCB2A54200D870BD14464A
S214022F9001336688864202F10A02F4D1E379A588F3
S214022FA0617203F040028DB9CAB123F00403E371E3
S214022FB00EF0E2FB037803F07F03037021880029FA
S214022FC0E4D1BDE870400A48F6F748BF00216580A4
S214022FD0A180002AE9D1BDE87040FFF7A5BF2046D0
S214022FE0FFF7BCFEF7E700BFB8450020463E0020CC
S214022FF0941400202DE9F047044686B040880F4618
S21402300015460EF0B9FBA3798046082B51D8DFE8A7
S21402301003F0052E185050505050050002300EF0A6
S21402302062FA002D4DD06946F7F7CAFA38B96846F3
S21402303001F0ACFE00F0010006B0BDE8F08700200B
S214023040F8E702A9207A10F0A6F8DDF80D00DDF800
S2140230501110334A6B4603C3237A32F81390314A6F
S214023060D05C6E4675B1314610F0B9F8E4E7237AC3
S2140230702D4903EB430301EB830231F82390907A48
S214023080961CEFE74FF6FB7AD14514D9304603F08B
S214023090F5FF4FF6FF739842054614D001463046B8
S2140230A001F0E6FD554507D9E379DA060DD4CB23C0
S2140230B063720020C0E74D46294608F102000EF072
S2140230C014FA0120B8E74D46EEE74FF6FC78454580
S2140230D011D103F00C030C2B1BD1D7B130464FF69F
S2140230E0FD7101F0C5FDC82161722046FFF736FE6C
S2140230F0FFF71AFFDDE74FF6FD739D4209D1002365
S21402310019461A46304602F0AFFB4146304601F0F9
S214023110AFFDE37943F00C03E371CC23C8E700BFAD
S2140231206A3F0020C0440020AA3E002073B5044631
S21402313040880E460EF020FB02300EF0D4F90CF05A
S2140231405FFD18B1A11C201D0CF05FFDE6B1E5790C
S2140231500135EDB2E57115F0400514D0EBF756FFD8
S2140231600122054600212046FFF744FF18B1394BDD
S2140231701B882B449DB2384B1B78042B01BF354B62
S2140231801B885B199DB22580002231462046FFF738
S21402319031FF20B360880EF0EFFAE2792F4922F071
S2140231A00C03E3710B780133DBB20B70C3712C4B4B
S2140231B01B780546A61C0BB3E37998061ED529494B
S2140231C0097871B159060CD592070AD500220092E9
S2140231D0042311463046FFF7B7F810B1607202B00A
S2140231E070BD00220092012311463046FFF7ACF86C
S2140231F020B1E37943F00303E371EFE730460CF0C6
S21402320002FD10B10123E371E9E76088FBF74CFE8B
S2140232100328E4D8DFE800F0020D1B18E37943F038
S2140232200403E3711B06DAD50F4B1A780F4B1A709C
S214023230D5E7CD236372E37943F00803E3712B7875
S21402324003F07F032B70CAE7CE236372C7E7CF2350
S214023250FBE700BFA2150020FF440020FC4400202C
S214023260FA4400204D160020B8440020B74500203E
S2140232702DE9F74F064609F0F0FE5D4B5D4AB3F8BE
S214023280009018805B4BDFF880B11B78A0EB090436
S214023290A4B2A34286BF1B1BDBB200231370A9EBAA
S2140232A0000305464FF000084FF6FF770093524B97
S2140232B019785FFA88F291420ED80EB1FFF734FE03
S2140232C04FF6FF739F4200F08D804C48394603B09C
S2140232D0BDE8F04FF6F7C2BDBBF80220002A3CD08C
S2140232E0474B9BF807201878BBF800A0042818D094
S2140232F00020BAF1000F08BFA2462044504523D250
S214023300BBF80010009B1944ABF80010002E4DD0FD
S21402331002F04802482A49D100215846FFF706FF24
S21402332044E00192F7F79CF830F01003019ADFD1DF
S214023330FAF706FE334B019AB3F800C08445D7D994
S214023340ACEB000080B2D4E702F00C00042807D1F0
S2140233500022ABF800200BF10A0B08F10108A6E7E1
S214023360510602F0030C02F008000DD520B3BCF1A2
S214023370030F24D1D6B19BF80910002908BFC92132
S2140233805846FFF7EBFC11E040B3BCF1010F25D124
S2140233901206EFD44FF4C862ABF800209BF8072061
S2140233A022F0030242F002028BF80720BBF800204C
S2140233B0974228BF1746CEE703208445DAD2130683
S2140233C00ED50C4B1A780AEB0200844208DA4A44FD
S2140233D0521B0AEB0201ABF80010E7E70120ECE70C
S2140233E001219AE7054803B0BDE8F04FF6F7D2BDD3
S2140233F000430020B7450020B84500209414002062
S214023400FF440020A2150020463E00202DE9F04190
S2140234100B4EDFF8348000250A273378ECB2A3423D
S21402342004D8BDE8F0410748F6F70CB907FB048458
S214023430A01CF6F707F9201DF6F704F90135ECE7AC
S214023440B8450020F6420020463E002070B50D4DDD
S2140234500D4E00242B78A34208D81B1BDBB22B7020
S21402346073B9BDE870400948F6F794BD04EB8400D2
S214023470CA2106EB40000134FFF770FCE4B2E9E72C
S21402348070BD00BFB8450020463E002094140020C0
S2140234902DE9F0410025124CDFF8488006462F46FB
S2140234A098F80020EBB29A4203D8BDE8F041FFF745
S2140234B03BBD60880EF060F902300EF014F8B042A0
S2140234C00AD16088F8F774FB00236288B521184693
S2140234D003F0D0F9278067800A340135E0E700BFA1
S2140234E0463E0020B8450020F8B5124F124D3E78F1
S2140234F02D78DFF848C006EB8604B5424FEA440E44
S2140235000CEB440414D003F4835343EA132300253C
S214023510E37166236080A171227228462CF80E5051
S2140235200136A58063723E70FFF7A2FE2846F8BDFC
S2140235307220FCE7B84500200F160020463E002009
S2140235402DE9F04F354B1C7885B00E4617465CB910
S214023550B1F90680DFF8CC90DFF8CCA0DFF8CCB06B
S21402356099F80030A34202D805B0BDE8F08F04EB0C
S21402357084050AEB4505A88800B9688801A910F0F9
S21402358005FCB27A9DF80E309A4244D1B8F1000F8B
S2140235900FDA317A9DF80C203389914209D82048F7
S2140235A000780844824236DA521A1B0A1341D907B7
S2140235B031D5384610F0D9FBBDF80A309A060446D3
S2140235C002D5F3889B06CFD5EB7903F00C03042BC8
S2140235D008D16888F8F7ECFA00236A881946184674
S2140235E003F048F900212846FFF7B8FBFFF79CFCDA
S2140235F03846F6F71DFA844208D22B7A8BF800304A
S214023600012200233146384603F072F8B8F1000F63
S214023610AADA0024A4E70134E4B2A1E7B645002002
S2140236200E160020B8450020463E0020C145002068
S21402363008B509F012FD074B1B88C01A80B2B0F518
S214023640807F05D9BDE8084003480021F6F706BC8E
S21402365008BD00BF00430020941400202DE9F04767
S21402366086B004460D4610F089FA01462046F6F763
S214023670B3FB10F0030373D110F00C0F06D12946EA
S214023680204606B0BDE8F047FFF778BC20460DF0AE
S21402369066FFC10657D4204610F070FA014620464F
S2140236A0F6F79AFB074620460EF066F80646023004
S2140236B00DF019FF03A98046204607F00C0796F87E
S2140236C0069010F063FB73780C2F0CBF03270627B7
S2140236D0012113F0010F204618BF0327F6F716FA4A
S2140236E0224B1B78033B012B82461BD9B9F1010FF3
S2140236F018D94FF6F773984502D8337A1F2B11D98B
S214023700301D0DF0F0FEF17981460EF019FD0646E9
S2140237104846F7F757FECEB173685A1C02D0834369
S21402372008BFD125124B1B88A34211D1B5FA85F0EA
S2140237304009FAF7A3FE20460DF03FFF002201469D
S21402374007200BF088FD06B0BDE8F087D125E9E733
S2140237500095534603AA4146384609F00BFFEAE7AE
S214023760012BF0D110F00C0FEDD188E7FF440020BA
S214023770F642002010B50A4B1C780A4B0022D1B242
S2140237808C4201D8002010BD197A814202D1997963
S214023790022902D00A330132F1E70120F3E700BF23
S2140237A0B8450020463E002010B5094B1C78094B50
S2140237B001460022D0B2844201D8002010BD187AF9
S2140237C0884202D198790128F8D00A330132F1E70B
S2140237D0B8450020463E002010B40B4B1C780B4B1D
S2140237E00022D1B28C4203D85DF8044BFFF79CBB93
S2140237F0197A814205D19979012902BF00211980DF
S21402380059800A330132ECE7B8450020463E0020D4
S214023810044B1B6813F0300F03D0202130200FF02A
S214023820E4BB7047A43600200949002310B51A46A7
S214023830044601EA00414FF07F60FEF753FFE307BC
S21402384003D5002130200FF0D0FB002010BD00BFB2
S21402385000007207044B5B8823F4784323F08D0341
S21402386003800020704700BFA436002008B5034638
S2140238700022C3F80220C3F806200B4A1268D1B20F
S21402388012F0200F18BF41F010011980930700F1C3
S214023890020001D4FEF79CFF044B1B78023B032B6D
S2140238A08CBF9320002008BDA4360020FE440020D2
S2140238B038B505460C46FDF7EBFB98B10D4B18786C
S2140238C078B10D4B1B681A040ED57CB113F0420F6B
S2140238D000D16DB103F44073B3F5407F0CBF0020F6
S2140238E0B72038BD9520FCE7A820FAE72046F8E77F
S2140238F0B720F6E7FA440020A4360020F0B58DB0D3
S214023900044607A80D4616460BF022FD102200219B
S21402391003A810F04DFB5CB1234603F1100703AC7D
S21402392018685968224603C20833BB421446F7D1C8
S214023930012786EA070303A907A88DF81C708DF8ED
S2140239401D300BF042FF80EA070401A8E4B20BF038
S21402395015FFB6B101A88DF806500BF0C5FF64B18D
S214023960002303A907A88DF81D300BF03DFF0C4B72
S2140239701B78432B01D1F7F713FE0A4B1D700DB0CF
S214023980F0BD01A88DF807500BF0AEFF002CF6D064
S21402399003A907A88DF81D700BF026FFEFE700BFFE
S2140239A0FE440020F9440020F0B593B007460DA867
S2140239B001250C460BF0CCFC05A90DA8ADF8345039
S2140239C00BF02DFF01A80BF0D9FE09A90DA88DF862
S2140239D035509DF806600BF022FF0DA89DF80750A3
S2140239E00BF08CFE70BB731BDBB2802B28D91FB189
S2140239F0A64225D0A54223D105A90DA80BF0F4FEB8
S214023A0003A80BF0BBFE03A88DF80F600BF06CFF4B
S214023A100122294609A8FFF771FFF7F777FE012171
S214023A204FF4007003F0EAFEFDF71CFBB0F1004F06
S214023A3001D9FDF71DFB044B187809F059FF012048
S214023A4013B0F0BD0020FBE7F944002070B50E4627
S214023A50144605460320FFF77BF946F00402294682
S214023A6020460BF01BFF024B00221A6070BD00BFFF
S214023A70A0360020F0B587B0078805461022002140
S214023A8002A810F095FA3B4B1B78002B6FD1B805B5
S214023A9057D407F08403842B5CD0374C0FF033FBEB
S214023AA017F4045F276005F102061CD0BA040AD593
S214023AB0304605F081FA00284AD1236823F40053E1
S214023AC043F48073236030460FF02AFB00283ED171
S214023AD00BF03AFC18B9236843F48033236023685A
S214023AE043F020032360226842F4004112F04002B1
S214023AF018BF05F12302334647F2FF102160FEF796
S214023B00F1FD0DF10600FFF7A5FE236813F4805FB2
S214023B10BDF8063022D043F02003ADF80630BDF8DB
S214023B200600FFF781FE23689B0506D595F822104E
S214023B30012205F11200FFF7E1FE104B002018608B
S214023B4006E005F112000FF0EBFA0028A1D0B22031
S214023B5007B0F0BDB907A0D5B720F9E723F02003D8
S214023B60ADF80630FDF784FAFEF7DCFBD7E77020E7
S214023B70EEE700BFFE440020A4360020A036002058
S214023B8008B5054B1B7833B1FFF742FEBDE8084087
S214023B900248FEF739BE08BDFA44002074450020EC
S214023BA010B5154B1B78D3B1144B1B78033B012B76
S214023BB015D900200FF081FD044698B1027912F063
S214023BC0300F0CD10E4B1B784BB1012B02F0CF02FB
S214023BD006D0991E4B424B415B011A43227110BD1F
S214023BE01023FAE7F7F722FA0028F8D021462046F3
S214023BF0BDE8104004F098B9FA440020FF440020C3
S214023C000D16002008B50EF095F8054B18B9186881
S214023C10C0F3800008BD1868C0F30050FAE700BF82
S214023C20A43600202DE9F047064688B0894610469D
S214023C30002115469846F6F7CFF8102807460AD808
S214023C40684B0341DB0706D4C8F340049DB9002045
S214023C5008B0BDE8F087644B1C78002CF6D0FFF75E
S214023C60D1FF00280CBF4FF4F0744FF4D074FC4020
S214023C7004F00104EAE7002318F0010F1A46294669
S214023C804FF005000CBF4FF0080A4FF4027A09F015
S214023C90CCFC0028DBD0C8230093324600235146D2
S214023CA0284605F069FDADF80E000028CFD018F0C2
S214023CB0080A4AD1A7F10F024FF6F773D2B29E4214
S214023CC08CBF09230123012A01D843F04003474A47
S214023CD08DF8103013788DF81130591C1170002CA5
S214023CE04FD09DF81030052F43F020038DF810308A
S214023CF033D03F4B1D78002D5AD04FF6F773002570
S214023D009E424FF00F0248D9012304A90DF10E007E
S214023D10F5F7BEFF00289AD1002C4DD1BAF100016A
S214023D20BDF80E00CDF8009033463A4618BF012182
S214023D300BF070FFADF80E00002888D018F0040FC4
S214023D404DD031460EF026FC82E749460DF10E00B4
S214023D5005F012F90028ADD179E70121BDF80E0071
S214023D60F5F7D4FE0121F6F737F80123834013F066
S214023D70620F1CD11E4B1B78E3B14FF6F773182562
S214023D80BEE71B4B1B7825460222002BBCD04FF603
S214023D90F7739E42B8D8052FB6D0BAF1000FB3D14A
S214023DA09DF8103043F040038DF81030ACE7102534
S214023DB00F22A9E71825FBE7BAF1000F0AD00090F8
S214023DC002234A4629460DF10E00FEF7BDFA0028E8
S214023DD0A4D03CE7CDF800A041235246F2E70EF00D
S214023DE0C3FB35E79FFEFEFFFA440020FB4400209B
S214023DF0EC4400202DE9DF431E46144B0A9C1B6848
S214023E009B0780460F4691461CD4204614B10BF001
S214023E10E9FEC0B2CDE902400622CDE900890C498E
S214023E203B4600200DF0BBFE024658B1002E4FF076
S214023E3000010CBF01230323084604B0BDE8D043AB
S214023E40FFF7F0BE002004B0BDE8D083A436002001
S214023E506FF603002DE9F04F8DB081469DF85C8029
S214023E608A461F4693463AB903A8FEF7B1FCA8BB9A
S214023E7000200DB0BDE8F08F154600222321104623
S214023E800DF0B2FCADF80A000028F1D0F5F7B4FD4B
S214023E900446052318F0100F00F8023B67701FD087
S214023EA01122002110F084F804F11306032F4FF0BC
S214023EB0080236D15946304610F060F8C8F380132F
S214023EC006F1090533720BF089FE00283DD0002367
S214023ED02B706B700123AB70033536E003ADCCE775
S214023EE016991022012610F049F806FA07F313F085
S214023EF0620F02D104F11206D8E707A80BF028FADF
S214023F0005A88DF81C600BF039FC9DF816209DF86C
S214023F10173018F0200F08BF134604F11306A374D7
S214023F20C4E75146304610F029F806F1080201238C
S214023F30121B00932846BDF80A100823D2B20DF0D1
S214023F40A0FD042F06F11005BDD02D1BE9B20DF120
S214023F500A000DF07DFD00288AD118F0040F0BD060
S214023F60484603F0DDF8FF281FBF074A32F8103034
S214023F7023F4804322F81030BDF80A204346514607
S214023F804846FFF74FFE74E78642002070B590B0B1
S214023F9003268DF807600DF0CDFE10B9702010B024
S214023FA070BDF6F70DF90028F8D002AD2846FEF7E8
S214023FB00FFC0028F2D01C4B1C6814F00204EDD152
S214023FC01A4A40F20F43ADF824301368CDF8263073
S214023FD004A85368CDF82A300BF0BAF995E8030026
S214023FE005AB83E80300062304A88DF81D308DF880
S214023FF01060EBF7B7FA0DF12E0201210DF1070062
S214024000EBF7B4F922461A2109A80DF0EDFB024699
S21402401008B91820C3E7012329462046FFF702FE07
S2140240200028F6D02046BAE7A436002074450020C1
S2140240302DE9F04F99B006461F220F4610A8002120
S21402404003930F910FF0B4FF30460FF097FD014631
S2140240503046F5F7C1FE8DF81B0030460DF08CFB9E
S2140240609DF81B3045788146C5F3400598063046D4
S21402407048BF45F002050FF078FE04463046F5F7D5
S214024080D7FC001B5FFA80FA002300935346232BCB
S21402409028BF2323224631460FA80DF0F2FC002843
S2140240A03ED1AC4B9DF83C801B789DF83DB0002B72
S2140240B039D0FFF7A7FD00280CBF4FF4F0734FF47A
S2140240C0D07323FA08F3D9072DD5AA072BD4B8F153
S2140240D0080F22D1BBF1040F22D1FAF789FEF8B9F4
S2140240E00DF11B0322463146052009F082FAB8B1CB
S2140240F0A8F10508B8F10D0F12D8DFE818F028006D
S2140241009701BE01E401ED0111001100110011003A
S214024110F3018602A102CF02CF02B8F1050F08D042
S21402412019B0BDE8F08FB8F1100F05D1039B002B34
S214024130F6D0FAF75DFED3E7FAF75AFE0028CFD09C
S214024140B8F1050FCCD0B8F1110FC9D0E8E7BBF132
S214024150050FE5D830460DF072FA059009F1020017
S2140241600DF0C1F9814608A8FFF774FB9DF83D7073
S2140241700123BB4013F06203039305D0BDF8203041
S2140241809B0701D5AE07CBD50DF0D4FD0028C7D0CE
S214024190FAF72EFE08B9002DC2D00DF13E0A50469F
S2140241A00EF0BEFF039B049043B3032F9DF84EB060
S2140241B02BD10DF14F040DF0BDFD814500F0BB8003
S2140241C00026039B002B3BD12046F6F7DDF94FF67F
S2140241D0FF739842054604D120460FF03EFCA842E3
S2140241E09ED0049B002B0CBF04231523CDE900A30D
S2140241F032463B462146FFF72DFE91E7032FDDF8B8
S2140242000CB079D10DF14E04D5E7534B1B689C07D1
S21402421027D5FF2208210DF157000DF039FD804603
S214024220F8B9034601460DF157020220FEF75AFA84
S2140242300DF080FD81450DF157060DF14F041FD09C
S2140242404FF6F7739945BFD90022082120460DF094
S2140242501FFD0028B8D0002259465046FFF74EFBF5
S2140242605EE70DF157060DF14F0430460EF0E5FEFF
S214024270002846D00DF05EFD8145A2D14FF0000821
S2140242803649082220460FF069FE002899D1012FF0
S2140242906AD0042F7FF444AF0EF0F2FE10B1032D65
S2140242A07FF43EAF049B002B7FF43AAF32460221E6
S2140242B05046FFF7CBFB2A4B1B7863B1FFF766FE2F
S2140242C0FEF740FD022806D10120FEF735FD01214A
S2140242D00846FEF7A5FB234B1B78022B20D10321B1
S2140242E0304609F014FBFEF72DFD014600287FF448
S2140242F017AFFEF795FB13E70DF156060DF14E04C8
S214024300B3E7184B1B78432B7FF40AAF012F7FF4D9
S21402431007AF0DF00FFD81457FF453AFB846AFE708
S214024320412B7FF4FDAE0C4B1B6858057FF5F8AEAB
S214024330F8F756FDF4E6032D7FF4F2AE9DF856101C
S2140243400039524618BF01210DF14E000BF06FFCEA
S214024350E6E600BFFA440020A4360020744500209A
S214024360A8450020FE440020AE4C2378022B21D024
S2140243702378412B3FF4D4AE049B33B9FAF738FDC9
S214024380594602465046FFF7B9FAFAF731FD0028B9
S2140243903FF4C6AE0EF074FEA34F90B13B681A050A
S2140243A002D42378432B0CD1AB070AD4AC20F7F700
S2140243B011FDB5E60EF064FE0028D9D0A907D7D4C1
S2140243C0AEE6386810F0020002D1059903F0ACFDA3
S2140243D02378112B15D13B685F0512D50020FEF716
S2140243E035FB044600287FF49BAE0DF022FFAE207C
S2140243F0F7F7F0FC21462046FEF712FBF7F7F6FC2D
S2140244008EE6AC0701D5FFF703FAB8F1000F8FD09E
S2140244100AF09AFF18B94FF480310EF0E6FD834B8E
S214024420002230461A600EF0FFFD81E70DF082FC96
S21402443000287FF475AE7E4B1B78002B3FF470AEDF
S214024440A80704D4784B1B6899013FF569AEBAF108
S2140244500C0F0DF1450094BF002412AC0DF043F88A
S21402446002469DF8470003283FF65AAE00940DF127
S2140244703D03394604F022FB52E66E4908220DF14E
S2140244803D000FF06BFD20B902223946FAF762F9B9
S21402449046E6694B1B78013B012B3FF641AE0DF118
S2140244A03D0002F0EBFD4FF6FF739842044606D13C
S2140244B00DF13D000FF0D1FAA0423FF431AE0021DB
S2140244C0FAF758FA2CE6EA077FF52AAE2A460FA92B
S2140244D0384604F0D1FB23E69DF83D100120FFF795
S2140244E063FA1DE6544B1B78013B012B3FF618AED0
S2140244F0EB077FF515AE0DF13D0002F0BFFD4FF65E
S214024500FF7398420546804671D10DF13D000FF0CB
S214024510A4FA40450546074669D10DF13D00F6F777
S21402452073FDB84205463FF4FBAD3046F5F780FA18
S2140245300934E4B2071B0022FFB2394610460DF0DA
S21402454053F9ADF81C0000283FF4EAAD4FF001091C
S214024550CDF8009000232A46082105F00DF9ADF8A3
S2140245601E0000283FF4DCAD214630460FF0D4FB97
S2140245704FF0000A80461622514609A8CDF820A020
S2140245800FF016FD434622463146CDF800A008A895
S2140245900DF077FA4B46424608A90DF11E00F5F7D4
S2140245A077FB00287FF4BCADA7EB0807FFB23946BD
S2140245B007A80DF04DFA284602F0B2FDFF281FBFED
S2140245C01E4A32F8103023F4804322F81030444456
S2140245D0E4B2BDF81C0000972346324600210DF0D7
S2140245E08AFABDF81E0029460DF0D4FF98E5284643
S2140245F002F096FDFF28074697D0F6F72DFF002813
S21402460093D0384603F0BEF98FE70B4B1B78013B7D
S214024610012B3FF685AD2A460FA93846FCF7C0FAAD
S2140246207EE500BFFE440020A4360020A03600200F
S214024630FA44002074450020FF44002086420020F1
S214024640184B1B78022B20D1002F7FF469AD08A8E7
S214024650FEF7BEF800283FF463AD134B1F709DF8BB
S2140246603D30002B14BF64246524FEF76BFB032841
S21402467006D138463946FEF7D3F93846FEF768FBC8
S214024680214608A809F043F94AE5043B012BDBD989
S21402469038460BF0B5FA0028D6D141E530460BF085
S2140246A0B1FA3DE5FE440020A84500202DE9F3417D
S2140246B005460E46174698460EF0E2FC044640B102
S2140246C0CDF8008001233A4631462846FFF792FB92
S2140246D004460EF0D5FC30B1FFF794FA78B10A4BD7
S2140246E01B689B010BD4CDF8008000233A46314666
S2140246F02846FFF77FFB002C0CBF0446012404F07B
S214024700010002B0BDE8F081A436002070B58AB080
S21402471005A80AF01DFE02238DF81430094B01AAE3
S21402472003F11006154618685968144603C4083380
S214024730B3422246F7D1294605A80BF046F80AB03E
S21402474070BD00BF75F60300014B1878704700BFB6
S2140247504E160020014B1888704700BFC615002071
S2140247602DE9F0434FF6FF73994285B080460D4619
S21402477004D11E4908220FF0F1FB58B11C4E002747
S2140247804FF6FD79EAF748FCFCB2A04207D84FF68E
S214024790FF7019E005B0BDE8F0430DF0CBBA36F86D
S2140247A014304B4517D8694620460EF0BDFC082249
S2140247B041460DF105000FF0D1FB4FF6FF7360B9CD
S2140247C09D4204D136F8140005B0BDE8F08326F801
S2140247D014500EF065FC0137D4E79D42FBD036F844
S2140247E01430AB4208BF26F81490F4E77445002054
S2140247F06A3F00202DE9FF47DFF84480DFF844A037
S21402480006460F4600254FF6FD79EAF705FCECB2A0
S214024810A04202D804B0BDE8F08738F814304B4501
S2140248200CD8694620460EF07FFC082231460DF170
S21402483005000FF093FB08B90AF804700135E4E7A7
S2140248406A3F0020C0440020014B33F81000704736
S2140248506A3F0020F0B50E4F85B006460025EAF7FF
S214024860DBFBECB2A04201D805B0F0BD37F814303D
S214024870B3420BD1694620460EF08DFC9DF80030FF
S214024880022B1CBF4FF6FD7327F814300135E6E7FE
S2140248906A3F002030B585B00446EAF7BDFBA04269
S2140248A019D92046FEF766FF0546B0B96946204686
S2140248B00EF03AFC9DF800302BB1694620468DF882
S2140248C000500EF04DFC064B4FF6FF7223F81420F4
S2140248D0002005B030BD6920FBE77520F9E700BF70
S2140248E06A3F00202DE9F0410B7805460E461BB9BB
S2140248F0BDE8F041FFF7CEBFEAF78EFBA8422ED9FD
S2140249002846FEF737FF60BB37464FF6FF7117F8AB
S214024910058B3846FFF724FF0446384600F036FA81
S214024920B8F1000F15D0B8F1030F15D04FF6FF728D
S2140249304FF6FD73944208BF1C460B4B23F81540F6
S2140249400A4B3146585528460EF00AFC0020BDE8B0
S214024950F0814FF6FF74F0E74FF6FE74EDE769203C
S214024960F5E77520F3E700BF6A3F0020C044002049
S2140249702DE9FF41114F0D460E0A04464FF6FE780A
S214024980EAF74AFBA04204D8FF24204604B0BDE85A
S214024990F08137F8143043450CD1694620460EF0B4
S2140249A0C3FB9DF80520EBB29A4203D19DF8063070
S2140249B0B342EAD00134E4B2E2E700BF6A3F002025
S2140249C02DE9F04F87B0DFF86C909DF840A001907B
S2140249D00C461746984600254FF6FD7BEAF71CFB69
S2140249E0EEB2B04201D8FF2616E039F816205A4534
S2140249F01ED802A930460EF097FB3FB99DF8092053
S214024A00424515D19DF80C20524511D144B939F8CA
S214024A101620019B9A420BD1304607B0BDE8F08FB4
S214024A2008220DF10D0120460FF098FA0028F3D067
S214024A300135D3E76A3F002010B514460EF074FB2A
S214024A4020460349BDE8104008220FF097BA00BF7F
S214024A50744500202DE9FF470746154608460822FA
S214024A6024491E460FF07AFA044600283FD1DFF8A2
S214024A7088904FF6FF7AEAF7CFFA5FFA84F8404555
S214024A800BD885B3384608F081FE01250C9B1870BA
S214024A903570012004B0BDE8F08739F81830534568
S214024AA01FD0694640460EF03FFB7A789DF80130EB
S214024AB09A4216D17A88BDF802309A4211D13A79D2
S214024AC09DF804309A420CD108220DF10501781D9A
S214024AD00FF044FA28B9002DD7D1404608F06AFEF6
S214024AE0D3E70134C7E7FF2008F064FECEE70020D4
S214024AF0D0E700BF744500206A3F0020F0B5164E8E
S214024B00164F85B00025EAF787FAECB2A04201D824
S214024B1005B0F0BD694620460EF006FB9DF8003053
S214024B20032B06D90023694620468DF800300EF086
S214024B3017FB9DF8002062B14FF6FD734FF6FE712B
S214024B40032A08BF0B4626F8143000233B550135CE
S214024B50D9E74FF6FF73F6E76A3F0020C04400200D
S214024B60F8B50E4B0E4D1B7803EB43030E4605EBD2
S214024B70830504464FF6FF77A54202D80024204656
S214024B80F8BD2388BB4206D008223146A01C0FF08F
S214024B90E5F90028F3D00C34EEE700BF101600202B
S214024BA0AA3E0020044B05481A7802EB4202920005
S214024BB0FF210FF0FDB900BF10160020AA3E00200C
S214024BC0074A127882420AD900EB4003054A22F8C5
S214024BD023104FF6FF73994201D1FEF7FDBD7047D1
S214024BE010160020AA3E0020094A127803469A426E
S214024BF0084608D90C21022211FB03230549082284
S214024C0019440FF0BBB900230B604B60704700BF1E
S214024C1010160020AA3E0020054B1B78834281BF57
S214024C200C235843034B185A98BF4FF6FF70704731
S214024C3010160020AA3E002038B50446FFF70AFEEA
S214024C40094B1878094B00224FF6FD75D1B28842FF
S214024C5000D838BD33F80C1CA14208BF23F80C5C00
S214024C6001320C33F2E700BF10160020B63E0020D9
S214024C7070B505460E460846FFF7DEFF3146284663
S214024C80FFF76EFD06482946FFF76AFF00B970BDBA
S214024C90044624F80C6B0EF003FA29462046F3E786
S214024CA0AA3E002010B5244986B0082204460FF01A
S214024CB055F920B906B0BDE810400DF03BB81F49C3
S214024CC0082220460FF04AF920B91D4BB3F86800B7
S214024CD006B010BD00230093012221464FF6FF7056
S214024CE0FFF76EFEFF2806D0164B33F810004FF67D
S214024CF0FB739842ECD903A8FEF7B8FD58B9BDF885
S214024D000C305B0607D5082221460DF10E000FF087
S214024D1025F90028DCD00C482146FFF721FF40B1D8
S214024D2000884FF6FB724FF6FF73904288BF184614
S214024D30CEE74FF6FF70CBE774450020D63A002048
S214024D406C3A00206A3F0020AA3E002070B50D4B48
S214024D501D780D4B0446002208464FF6FB76D1B26C
S214024D608D4201D8002009E01988B14207D8A14235
S214024D7005D10822991C0FF001F9012070BD0C33F1
S214024D800132ECE710160020AA3E002037B5014695
S214024D9005460D48FFF7E4FE044630B1807A294600
S214024DA003B0BDE830400EF01ABA03460090012266
S214024DB029464FF6FF70FFF703FEFF2816BF034B88
S214024DC02046185CEBE700BFAA3E0020C044002045
S214024DD02DE9F843164B1B78834207460E4623D925
S214024DE0FEF7E2FC044608BB3046F5F7CDFB4FF073
S214024DF00C084FF6FF724FF6FD73904218BF03463B
S214024E000C4D08FB07F23046AB5205EB0209FFF7E2
S214024E10BDFF89F80A0048460822314602300FF0E4
S214024E20ADF82046BDE8F8836A20FBE77620F9E76E
S214024E3010160020AA3E002038B504460D46FFF79D
S214024E40D9FC05482146FFF78BFE00B938BD8572AE
S214024E5021460C30F7E700BFAA3E00202DE9F041BC
S214024E6092F808801F4608F1FF33DBB2EF2B88B0BA
S214024E7005460E4614460BD982238DF80E309DF851
S214024E800E30214A3146284600F07EFB012037E0EC
S214024E900E22002104A80FF08BF8B4F80930ADF802
S214024EA01230E37A8DF8118003F07F02032A08D0CD
S214024EB0012B24D103238DF81030A389ADF81530C9
S214024EC00EE0032B14BF022301238DF81030E36893
S214024ED0CDF815302369CDF81930237D8DF81430BE
S214024EE0A7F121014A420DF10E034A4100932146E1
S214024EF00DF10F0304A8FFF7ADFD0028BFD1002077
S214024F0008B0BDE8F08100BF62CA03002DE9F04F89
S214024F1095B01D7804920024CDE90201CDE9005433
S214024F2041492346224601200CF039FEADF81E0008
S214024F30F8B1A346264627460DF120090DF1380A98
S214024F40EAF76AF85FFA84F8404516D8BDF81E00FC
S214024F503A460221F4F754FFBDF81E0032460421F9
S214024F60F4F74EFFDDE90310BDF81E30002200F014
S214024F700BFB012015B0BDE8F08F4A460AA9404651
S214024F80FFF75AFD9DF8282022B12DB1013DEDB262
S214024F900137FFB20134D3E7BBF1000FF8D199E82D
S214024FA003009DF829308AE803008DF84030BDF8EA
S214024FB02A308DF84130032A4FEA13238DF8423007
S214024FC016BF032301238DF84330DDF8311018BFD6
S214024FD09DF82C30DDF82D0014BF8DF84C308DF87E
S214024FE0433011AB03C302980CBF4FF00E084FF0CC
S214024FF015080DF095FF0590BDF81E00F4F718FD94
S214025000059900EB080399420BDB01234246514601
S2140250100DF11E00F4F73CFE0028AAD10136F6B2C6
S214025020B6E74FF0010BB3E786F60300074A002304
S2140250301370074A1370074A118801B11380064B92
S2140250401A880AB100221A80704700BFBA450020AB
S214025050B945002006430020044300202DE9F04F06
S2140250604D4C89B09B46238805909DF848900F4684
S21402507010465BB952B10CF02FFD208047484FF422
S214025080FA6109B0BDE8F04FF4F7E8BEDFF8208118
S214025090B8F80050002D6BD02846F4F7C9FCDFF8AC
S2140250A01491DFF814A1C0F347042846F4F7A4FCD1
S2140250B00294B9F800300193BAF8003000933849E8
S2140250C005465B46002201200CF069FDADF81E0085
S2140250D018B305EB440B01245D4512D1ECB9BDF8BB
S2140250E01E50D5B12F4B1B7833BB05982B4600229A
S2140250F0394600F049FA0023AAF80030A9F8003031
S2140251000BE0012329461A460DF11E00F4F7C0FDF6
S21402511010F0FF0405F10205DED0234A0023A8F8AA
S21402512000301378013BDBB21370002BA6D109B016
S214025130BDE8F04FFFF77ABF0CF0DDFD01462846CA
S214025140F4F74AFE0A2183462846F4F745FE064649
S214025150A64202D8FF2CCED1C7E704F10B01C9B292
S2140251602846F4F739FE8345BFD80134E4B2EFE7A8
S2140251700E4C237823B9F3F7A5FB08B90123237055
S2140251804A4659460520F5F7AFFC0028CFD12070D5
S21402519009B0BDE8F08F00BF06430020B41400201B
S2140251A08BF60300BB450020BA450020B945002017
S2140251B0044300209A4200209C42002030B5154D40
S2140251C02C8887B09CB923464FF4A07248F2380167
S2140251D003A80EF0E8F8214620460DF019F90E4B0A
S2140251E00094224603A9FFF739FF07B030BD2046D8
S2140251F00CF0C2FA04300CF076F903A904462888AB
S2140252000EF0C4FD002300932A8803A9204600F06E
S21402521047FBEAE70643002000F8FF0737B50F4CC6
S2140252200F4D01A900200DF0F3F8237801467BB15B
S2140252300C4B019A18780DF00AF92078F7F776F9F0
S214025240002323702B700848F4F7A4FE03B030BD89
S2140252502B78002BF7D0FFF7B1FFF4E7BD4500200F
S214025260BA450020BC450020B414002008B5054805
S214025270F4F7E8F90448F4F7E5F9BDE8084003480E
S214025280F4F7E0B90643002004430020024300205E
S2140252902DE9F04F89B0CDE905239DF84870139E9D
S2140252A08946044630B316F801ABBAF1000F23D094
S2140252B00AF1FF34A400E4B2314601200CF027F9CB
S2140252C0C00E1BD1DFF844B1314601200CF01FF9A5
S2140252D034449BF800502279BDB1002F47D1CDE966
S2140252E00277CDE90077424A05998023484600F0C6
S2140252F04BF93CE08246DFE75446DDE71B28ECD953
S214025300314601200CF003F9E7E7DFF80481FF2AB3
S21402531000EA08080BD1E379A179607901EB032151
S214025320424689B209B0BDE8F04F0DF090B8314957
S21402533009688B070AD5FE2A3AD101230135EDB258
S214025340202D4FEA43030AD1FF250AE029462846C4
S21402535007920DF05DF84845BFD1079AEBE79845EE
S214025360ECD1254B1B78FF2B04D0AB4204D009B0FE
S214025370BDE8F08FFF2DFAD00020F2F77BFCA842A2
S214025380F5D029460020F2F77BFC0028EFD09BF8E8
S21402539000306479002BEAD1FFF748FE17484FF435
S2140253A01051F4F75BFD164B8BF800501C70DEE7CD
S2140253B0052A92D8BAF1010F8FD8B8F1000F8CD017
S2140253C0002FD4D17379002BD1D00E49098821B988
S2140253D00D49082B28BF08230B701292DDE905122F
S2140253E04346484609B0BDE8F04FFFF737BE00BF58
S2140253F08BF60300A43600204F160020B4140020BB
S214025400BC45002006430020BA450020BD450020CA
S21402541000F8FF07014B1880FFF7D0BE04430020B8
S21402542037B5174B1B78022B03D09325284603B0BB
S21402543030BD0DF10700F7F7B9F805460028F4D19C
S214025440104B1B78013B012B01D97025EEE7F4F7D0
S214025450B1FE0028F9D0E0F713FB0446F4F7AAFEE3
S214025460094B18700B23B4FBF3F203FB12440A3405
S214025470A4B24FF47A7105486143F4F7EFFCD5E71E
S214025480FE440020FF440020EF440020D0350020D8
S2140254902DE9F043384B394F1E783D78A5B04FF4CE
S2140254A0F81300240393ADF81040F7F7F7F8BDF9A8
S2140254B00E30ADF81200A342ADF8144006DB304BB6
S2140254C01C780134E4B21C7044F080048DF82C4041
S2140254D08DF82D60A94602244FF00008B14529D365
S2140254E0002221460BA83D708DF82D800CF07CF929
S2140254F0E8B1B8F1000F09D00023CDE9000303AAF2
S214025500FF234FF6FC710620FBF7D4FFB5422FD2DD
S214025510E0F7B6FA0B23B0FBF3F202FB13000A30F5
S21402552080B24FF47A7141431648F4F797FC25B0DF
S214025530BDE8F08306A9484602F04AFA98B9512C0B
S21402554011D804F190030DEB030206AB03CB08342B
S214025550013508F1010842F8640C42F8601CE4B216
S214025560EDB25FFA88F809F101095FFA89F9B5E741
S2140255700448F4F70FFDDAE7EF440020F044002079
S214025580BF450020D03500200CB42DE9FF470CAAF9
S2140255900E4652F8041B0392074600297ED1BDF838
S2140255A03400ADF80A00002800F0918033794FF6F7
S2140255B0F778002B76D147458CBF4FF009084FF09D
S2140255C00808454B1C78FF2C74D1B6F90230002B24
S2140255D0A9BF424B347A1C780134A2BFE4B21C70D5
S2140255E044F08004DFF8009122460021F4F708FC1C
S2140255F099F80020BDF80A30002A5ED00193DFF841
S214025600ECA0FF230093BAF8000033462246394640
S214025610FCF7E6F8002389F800304FF6FF730546DC
S214025620AAF80030742D33D10DF10A0332463946FA
S21402563040460AF0EDFA00284BD04FF6F7739F4229
S21402564026D8B6F902307088002B21DA2449254B79
S21402565048F20402904214BF894699460CF06AFB4F
S2140256604FF0000803464946CDF800808A22012002
S2140256700CF095FA814658B122464146F4F7C0FB33
S214025680CDE90098FF23324639464046FBF712FF23
S214025690284604B0BDE8F04702B0704701200CF07F
S2140256A05BFA7EE70023337147458CBF4FF006084E
S2140256B0984686E7FF221A7094E7CDE9003239460B
S2140256C0FF2332464046FBF7F5FE0546AAE71825B5
S2140256D0DEE70546DCE700BF51160020BF45002086
S2140256E09CF6030091F60300BE4500200843002006
S2140256F070B588B0002416464FF40033ADF81A1081
S2140257000DF10F0204A905460593ADF81840ADF851
S2140257101C4004948DF80F400AF051FA9DF80F30A1
S2140257200193049B0093044A334605A92846FFF7D3
S2140257302BFF08B070BD00BF95F6030030B587B0EA
S2140257404FF48035CDE90012002403958DF8103011
S214025750BDF82850074A8DF81140034603A9BDF844
S2140257602C00ADF81250ADF81440FFF70DFF07B04D
S21402577030BD00BFA1F603002DE9F043B1F1006F82
S2140257808BB014461D4628BF39224FF0000336BFA1
S21402579038224FF001099946ADF81E20FF2C4FF42F
S2140257A080020646ADF81C300892ADF824304FEA67
S2140257B011471FFA81F80FD10CF03EFEB9F1000F27
S2140257C019D1154ACDE90205CDE90074434607A969
S2140257D03046FFF7D9FE1AE0FE2C0AD10CF02CFE5A
S2140257E00130C0B20CF042FEB9F1000F12D00B4AE3
S2140257F002E0E8B2F8E70A4ACDF80080CDE90305F0
S214025800CDE90174012307A93046FFF7BDFE0BB0B0
S214025810BDE8F083034AD5E799F603009FF6030036
S21402582098F60300A0F6030010B54FF4981286B05F
S2140258304FF08063CDE903230023ADF814300CF05B
S21402584079FA0446F6F72AFF054B01900093054ABB
S214025850234603A94FF6FD70FFF796FE06B010BD6D
S21402586074450020A5F6030030B587B0CDE90012D6
S21402587000248DF81030094A8DF8114003464FF483
S214025880806503A94FF6FD700394ADF81250ADF88B
S2140258901440FFF779FE07B030BD00BFA9F603003B
S2140258A02DE9F04F9BB00E4605460EA91046CDE9EF
S2140258B00A329DF890700DF0CDFCBDF838A08046F7
S2140258C05046F4F7B5F8B6F90230B6F80690B6F8D0
S2140258D002B0002B044604DAAB4B00221A700020FA
S2140258E04BE05046F4F7A4F84045F5D3A4EB080481
S2140258F0E3B2002F18BF4FF4A079152B099328BFE7
S21402590015230024013308F1FF32DBB2D2B251462E
S214025910009414A80CF0B5F89C499DF8502008682D
S2140259204968ADF848406FEA4B436FEA5343ADF817
S21402593046300FAB03C3ADF84440ADF84A90ADF81D
S2140259404C20BBF1000F26D1914908220DF15100DF
S2140259500EF004FB044698B90CF0ECF906460DF17D
S214025960590A0DF151030A9A9AF80080012A2DD19C
S21402597057B384F0010404F001001BB0BDE8F08FB9
S2140259800DF1510001F07AFB4FF6FF74011B4C42F9
S21402599006464C41E3E7BBF1010F40F09480BDF8A8
S2140259A051600CF0C7F986420AD00FA930460DF0B6
S2140259B038FD80F00104E4B20DF1530A0FABD2E7D2
S2140259C0734B0DF1530ACEE70A9CD4E797B3002C2B
S2140259D075D1B8F1010F72D837D10CF0ABF90CF0D3
S2140259E0A9F99AF801706A4B064622460021CDE9CB
S2140259F000610297674901200CF0D1F8ADF83A0031
S214025A0000285CD0002C53D1B8F1010F50D1DFF83A
S214025A109CA126469AF800305FFA84F8434538D9A6
S214025A20404601F00DFCC20702D5BFB1013FFFB2EE
S214025A300134EFE7B8F1010F05D1002CCDD09AF86A
S214025A4001708122D2E7002CF9D1B8F1010F94BF80
S214025A50002201229AF80170D201C7E7404601F0FF
S214025A60DDFA0123ADF8340002220DA90DF13A0049
S214025A70F4F70EF918BBBDF83A00F3F7D9FF8046E3
S214025A8048460DF04DFA08F1010801368045F6B297
S214025A90CEDBB6B1BDF83A0032460C21F4F7B0F9C7
S214025AA0BDF83A30002211A92846FFF76DFD06E040
S214025AB00C210DF13A000BF0CBFF0028F0D00120AC
S214025AC05BE70D21F5E70A9B002B7FF408AF73888E
S214025AD0342B6DD1099B092B7FF401AF002F7FF485
S214025AE0FEAE9DF959603A46B41008210DF15100F8
S214025AF004F020040CF0CCF830B9254908220DF148
S214025B0051000EF02BFA70BB234B1B78012B3FF48F
S214025B10E6AE022B13D1214B1B6813F0807F11D106
S214025B201E4B1B685B0201D5002E2BDA00231C4A93
S214025B3011A92846FFF728FD1A4B1C70CFE6033B37
S214025B40012B06D9C823164A11A92846FFF71CFDC1
S214025B50C5E6154BB3F86830AB42E1D00F4B1B6875
S214025B6013F0805FDBE70DF1510001F087FA4FF684
S214025B70FF739842E6D02146F8F7FCFE034600285B
S214025B80E0D1E0E78D23DEE7B24500202EB6030023
S214025B9074450020ADF60300FF440020A436002022
S214025BA062CA0300501600206C3A00201D16002020
S214025BB0099B04930DF15103CDE90592CDE90283C9
S214025BC0CDE9007A0B9B11AA3146284600F022F84E
S214025BD085E600BF024B187840F08000704700BF91
S214025BE0BF45002038B50A4B1C78054624B10CF098
S214025BF0A1F8B0FA80F46409F8F770FF08B144F02F
S214025C004004E9F715FA44EA4020284038BD00BFB0
S214025C10FA4400202DE9F04FB7B08346439C0D931B
S214025C20BDF804310E93BDF814310F9320469DF84B
S214025C301831B1F802909DF800519DF80861109352
S214025C40884692460BF04FFCB9F1110F074600F258
S214025C5089800CF06FF8B84200F08E80B9F1060F1A
S214025C6019D14FF6FD739F423ED0DDB9BC4B1B786F
S214025C70033B012B36D9384601F052FAFF2814BFEF
S214025C80892381230022CDE900725146B54A58463F
S214025C90FFF77AFC06E02DB9B9F1030F08D8B9F17F
S214025CA0010F0AD8B04B00221A7037B0BDE8F08F49
S214025CB0A9F10403022BF5D8D8E7A94B1B78033BBE
S214025CC0012B0DD9384601F02BFAFF2814BF892381
S214025CD08123A64A009751465846FFF755FCE1E74E
S214025CE08023F6E78023CDE7A14B1B7859074BD4D8
S214025CF00CF020F8002703469A4900973A460120FE
S214025D000BF04DFF2379ADF86C000F930028CCD032
S214025D1006EB43090E98F3F78BFE5FFA89F909F151
S214025D2005085FFA88F88045BFD241460E98F4F718
S214025D3053F8109008EB40080E98F3F779FE80456A
S214025D40B3DADDE90F321343DBB2002B40F03182C7
S214025D50002DAAD1A8464246BDF86C000421F4F7ED
S214025D604FF878E1824BB9F13A0F1B7813D948F213
S214025D703B03994508D016E07D4B1B785A070DD594
S214025D80A9F10403022B09D8B8F8063043F480437D
S214025D90A8F8063089E7B9F11B0F1ED8A9F102034D
S214025DA09AB2132A5ED9109B02930F9B0D99CDE9E6
S214025DB0005332465B46484609F00EFF0F287FF432
S214025DC074AF694B01221A70694B1B789B0740F12E
S214025DD0D682002D7FF469AFD6E7A9F11C021E2AEF
S214025DE0E1D801A151F822F009660200A75D02007F
S214025DF0A75D020029620200A75D02000763020097
S214025E0007630200A75D0200A75D0200A75D02000D
S214025E10A75D0200A75D0200A75D0200A75D020063
S214025E20A75D0200A75D0200A75D0200A75D020053
S214025E30A75D0200A75D0200A75D020037630200AD
S214025E4037630200A5650200A75D0200A75D020097
S214025E50BF650200A75D02005D660200736602006F
S214025E6081660200132B9ED801A252F823F000BFCF
S214025E70C15E0200895F0200A75F02008560020021
S214025E80F15C0200A75D0200A75D0200A75D0200AA
S214025E90A75D0200A75D0200A75D0200A75D0200E3
S214025EA0A75D0200A75D0200A75D0200A75D0200D3
S214025EB0A75D0200C1610200A75D0200396602000A
S214025EC01BAB0D98009300241DAB5A4631461D9419
S214025ED08DF86C4009F074FE0BF02CFF204B1B78FB
S214025EE0012B054603D0022B14BF02240124E9F736
S214025EF09FF8162894BF0020012044EA4014F6F7C3
S214025F00CDFB1C4B0646B3F80080FBF7C9FA1A4BCA
S214025F1007464FF6FF70B3F80090FFF763FE174B85
S214025F209DF86C201988124B1B7813F002031CBFD5
S214025F30134B1B780B921D9A0095CDE9093240232C
S214025F40CDE90701CDE90143CDE90579CDE903683D
S214025F500C4A002351465846FFF716FBA5E600BF3B
S214025F60FF44002091F60300B24500209CF6030091
S214025F70B5440020CE150020CA150020C815002002
S214025F80C0450020B3F603000BF0D4FEA24BA34A92
S214025F901B88CDE9400300235146584637B0BDE87A
S214025FA0F04FFFF7F1BAA478631EDBB2EF2B1DA900
S214025FB0204610D9F22C0ED008F032FA82240BF0CA
S214025FC0B9FE0023CDE90003954A234651465846BA
S214025FD0FFF7DAFA69E608F023FA002850D00BF049
S214025FE0A9FE9DF878200492BDF876200392BDF8AB
S214025FF074209DF87A10CDE901429DF8792052006E
S214026000D2B24900C9B208320A4403460092854910
S214026010002201200BF0C3FD9DF87930ADF86C002C
S2140260208DF8673000283FF440AE002601231A465A
S2140260300DF167011BA8F3F72BFE054600287FF437
S21402604034AE9DF86730EAB2934209D89DF87A30AA
S2140260508DF8673016B1BDF86C3033E00126E5E7FF
S2140260603146204608F0DEF90123ADF86800022228
S2140260701AA91BA8F3F70CFE01350028E1D014E696
S21402608083249CE70BF056FE044608F0EEF96449BA
S21402609000902346002201200BF081FD00283FF4E9
S2140260A004AE0025ADF874002C4608F0DEF9EEB218
S2140260B0B0420DD8BDF8740022460421F3F7A0FEC4
S2140260C0BDF87430002251465846FFF75DFAECE5FB
S2140260D0304608F0A3F9FF288DF86C000AD0012399
S2140260E001341A461BA91DA8E4B2F3F7D1FD002815
S2140260F07FF4DBAD0135D8E71846B4F8029008F015
S2140261008DF9FF288DF8680000F0D1821DA908F0ED
S21402611087F9BDF874304B4507D04FF6FF729145AC
S21402612040F0C5821B0400F1C2829DF879301293BA
S214026130731DDBB213930F9B1493002311934FF03E
S2140261400009CDF834900EE0139B0E9803EB410144
S214026150C9B20BF0E3FC002315901299DAB28A4218
S21402616018D309F10109149B5FFA89F19942EBD31E
S2140261709DF87A301293169B13930D9B002B40F0DA
S2140261808982119B002B40F0928201231193109B6F
S2140261901493D4E711999DF86800179308F042F912
S2140261A00D9B159A824208BF01230D93179B01335C
S2140261B0D3E709F106095FFA89F3B846169377E240
S2140261C0A61C31463846A57A09F092F801223146D5
S2140261D03846FAF72BFC38460DF077FA304600F0D0
S2140261E04DFF2288824207D04FF6FF72904203D0BC
S2140261F000F096FF0DF0AAF985F00804C4F3C00477
S21402620021463046FEF718FE2146304637B0BDE836
S214026210F04F09F00EBD00BFCC150020C0F60300FB
S21402622091F60300C4F60300AD4B1B78033B012B2B
S2140262307FF63BAD0BF07EFD58453FF436ADDFF7FB
S2140262401FFC0B23B0FBF3F202FB13000A3080B2F2
S2140262504FF47A714143A348F3F700FEF3F7AAFF1F
S21402626000283FF422AD01239F4994F800900022B3
S21402627018460BF094FCADF8680000283FF415AD04
S21402628000270136F2B23D463C460DF16C083E460A
S214026290FBB2994514D8002C3FF407AD01232A46D9
S2140262A01DA91AA8F3F7F4FC00287FF4FEACBDF88B
S2140262B0680022460221F3F7A3FDBDF8683001E725
S2140262C00E990096082340460D920BF0DAFB4146E3
S2140262D0002000F0F5FEFF280D9A0FD0834B1B5CC2
S2140262E00F2B0BD905F1D80398E803006B44643BE7
S2140262F083E8030008350134EDB2E4B202F1080384
S2140263000137DAB2C4E7002D7FF4CFAC18073FF5A9
S2140263103BAD4B46224651465846FEF79FFD0028A7
S2140263207FF4C3AC8423724A5146584637B0BDE860
S214026330F04FFFF729B923780F9810930CF0F0FD71
S21402634000210646584603F095FF654B1B78B9F1C7
S214026350310F0746A3F103030BD1012B13D9654B6B
S214026360654A1B7812781344DBB20D9316230E93FC
S2140263700DE0012B03D9614B1B780D9353BB002D07
S2140263807FF493ACCEE701231621CDE90D3100242C
S214026390109B00935A4901942346224601200BF093
S2140263A0FEFB00283FF481ACF61BF3B2554FDFF834
S2140263B060811193ADF86C000F9426460D9BE5B2F2
S2140263C0AB4209D83246BDF86C000221F3F718FD3D
S2140263D00F9AC1E40523CAE7162200211DA80DF074
S2140263E0E7FDB9F1320F3DD13B7903F00302032AF0
S2140263F021D18DF87620109B0136F6B2B34215D223
S214026400BDF86C00F3F714FB0E9B1844119B9842E0
S2140264100CDC0E9A01231DA91BA8F3F739FC0028F1
S2140264207FF443AC0F9B0133DBB20F930134083782
S21402643008F11208C2E7B9790029DCD13249C3F360
S214026440C2031DA8CB5C3988012A08BF43F00103AA
S2140264508DF876300BF049F879880DF177000BF05D
S21402646044F8C8E71DA80BF03FFF4FF0FF33CDE915
S2140264701F33204B1B78AB4262D998F804306F2B3F
S214026480D4D81FA92846F5F79BF80028CED01F4B74
S214026490B8F80020B3F8683092B9003B18BF012361
S2140264A05B0143F004038DF8863002238DF88730B3
S2140264B0B8F802301B0A8DF88930114621A8CEE7BB
S2140264C09B1A18BF01235B0143F005038DF8863043
S2140264D002238DF887300F238DF88830E8E700BF57
S2140264E0FF440020D035002088F60300B94400207F
S2140264F062CA0300F8440020F74400201B1600205E
S21402650086F60300F0410020D0F603006C3A002025
S214026510764000200132D2B2551EEDB228461393C1
S214026520129200F08DFE10F0010FDDE91223F1D079
S21402653066490978611A994205D00133DBB2E9E768
S21402654001220023E8E7624B187828441FA9C0B24C
S214026550F5F736F800283FF469AF284600F05EFDEE
S2140265601290284600F06CFE10F0010F129A0FD11E
S21402657016238DF88630574B1B780133DBB20F2B70
S21402658028BF0F238DF88830534B33F8153091E728
S2140265902846129200F054FE10F0020F129AE7D12B
S2140265A01223E6E71A073FF5EFAB0F9823465A4643
S2140265B05146FEF7ABFC00287FF477ABDFE695B1D9
S2140265C0464B1B78033B012B7FF66FAB0BF0B2FBFF
S2140265D018B9BBF1000F7FF468AB207837B0BDE87E
S2140265E0F04FF5F7E1BE0BF0A5FB20B13B4B1B7855
S2140265F0033B012B01D8802395E6394A2B465146A8
S2140266005846FEF7C1FFE8E70BF094FBB8427FF46A
S2140266104CAB344D08222946A01C0DF09FFC0028E6
S2140266207FF443AB0BF086FB04460BF083FB2E4A4B
S214026630CDE940052346AFE420460AF054FFFFF7B3
S214026640D1FA00283FF431AB284A40900023514645
S214026650584637B0BDE8F04FFEF796BFCDE9405436
S2140266600D9B52465946002037B0BDE8F04FFEF764
S2140266700FBECDE940540D9B524659460120F3E722
S2140266800D9A40942B465146584637B0BDE8F04F17
S21402669009F0D2BA01231A461AA91BA8F3F7F8FA88
S2140266A000287FF402AB08F101085FFA88F8013788
S2140266B0FBB20D9307F0D9FE0D9B98423FF61CAD38
S2140266C0B8F1000F3FF444ABFFF745BBF844002097
S2140266D016160020A745002078420020FF4400201E
S2140266E062CA030074450020CCF603009CF6030041
S2140266F073B506460C4615460DF037FB0DF106023D
S214026700014630460DF0C7F90C4E034680B9012209
S21402671032702288BDF8061022B10246072006F023
S21402672068FF28B1BDF806202146284606F00EFF6F
S214026730034A00231360337002B070BDC2450020C6
S214026740643B0020024B1B7803700020704700BF9A
S214026750A3450020024B93F90030037000207047D7
S214026760A2450020044B1B7813B1044B18887047CF
S2140267704FF6FF70704700BFC24500201643002048
S21402678008B5064B1B783BB1054B196821B10822A8
S2140267900DF0F4FB002008BD7020FCE7C245002087
S2140267A0643B002073B5ADF806000DF106000BF051
S2140267B02DF8014608B102B070BD0DF106000BF0CF
S2140267C09CF80446F3F718F9C67A002EEDD1204657
S2140267D00CF038FEFF28E8D000F01AFD054BD3F87F
S2140267E08850002DE1D03346224641213046A84744
S2140267F0DBE700BF6C3A002073B5002200210C20B4
S21402680000F068FD1948194E00210BF004F8012526
S214026810044684B120460CF015FEFF2805D1214619
S21402682030460BF04EF80446F3E7009504220023A8
S21402683000F024FDF3E721460D480D4E0AF0EBFF6B
S214026840012504460CB902B070BD20460CF0FAFDD4
S214026850FF2804D000950822002300F00FFD2146F1
S21402686030460BF02EF80446ECE700BF1A43002031
S2140268701C4300202DE9F84F10460E46174699464F
S2140268800AF088FE254A264BDFF898B0B0F5006F6E
S21402689014BF90469846002140460AF0BCFF4FF0CF
S2140268A0000A04460CB9BDE8F88FBC4228D120463F
S2140268B0F3F7A2F8857A80F80BA0013DEDB2857257
S2140268C016B13F2E00D02DBB05F049FA05462046EC
S2140268D00AF060FEB0F5006F4FF00002214615D1B7
S2140268E00F480BF029F8FFF787FF284605F03DFA18
S2140268F0DBF8885025B14B463A4631460020A84779
S214026900214640460AF0DDFF0446CBE703480BF07B
S21402691013F8EAE7FFF770FFF2E700BF1C43002018
S2140269201A4300206C3A00202DE9F34700232A4C34
S214026930DFF8A890ADF8063006460F464FF6FF7809
S21402694020460AF063FF054648B9294620460AF063
S21402695062FF8246F3F750F80389B34217D94C45D3
S21402696001D1FFF749FF002120460AF054FF07F144
S214026970FF3A05465FFA8AFAD5B94C4516D1BDF8F4
S2140269800600FFF70FFF404602B0BDE8F0877B1E09
S214026990DBB2FD2BD4D9294620460AF0AEFF2A46A2
S2140269A051460DF106000AF03CFFC9E74C46C7E720
S2140269B0BAF1FD0F09D92846F3F71EF803899B1B87
S2140269C09BB29845038128BF9846294620460AF07E
S2140269D078FF0546D0E700BF1C4300201A4300207C
S2140269E008B506F03AFB0B4A13881080C31AFF213B
S2140269F098B2FFF799FF4FF6FF7301469942064891
S214026A0003D1BDE80840F3F7C5BABDE80840F3F77E
S214026A1025BA00BF1E430020D4140020174B2DE9D0
S214026A20F0410028164D18BF1D460F4628464FF067
S214026A3000010CBF4FF008084FF002080AF0EBFE08
S214026A40044610B92046BDE8F0812046F2F7D4FF8E
S214026A50C37A064623B1214628460AF032FFEFE7FC
S214026A6020460AF0C6FD4246014638460DF076FA42
S214026A700028F0D1B378002BEDD1E3E71A430020CB
S214026A801C430020014B1860704700BF683B002083
S214026A9010B504460548F3F77DFA054A002313802D
S214026AA0044A1380044B1C8010BD00BFD41400207F
S214026AB01C4300201A4300201843002008B504484F
S214026AC0F2F7C0FDBDE808400248F2F7BBBD00BFC2
S214026AD01C4300201A4300202DE9F3410446884651
S214026AE006F0BBFA324B074620461E880CF0AAFC7C
S214026AF0054620460AF04EFDB0F5006F32D1FF2D56
S214026B0006D00123009304220023284600F0B6FB99
S214026B10B8F1000F1DD105F022F905462548214699
S214026B200AF09DFE284605F020F923480BF06AF885
S214026B30224BA8B31988711A17FA81F086B220463A
S214026B40F2F75AFF032306818372002002B0BDE8E3
S214026B50F08105F004F905461648002221460AF09F
S214026B6060FEDFE716480AF0B6FE04281ED8FF2DA0
S214026B7006D00123009308220023284600F07EFB5D
S214026B80B8F1000F05D105F0EAF8214605460C4893
S214026B90C6E705F0E4F80022054621460848DEE787
S214026BA005481F803146F3F759F9C8E71C20CDE7A0
S214026BB0184300201A430020D41400201E4300204D
S214026BC01C4300202DE9FF4708460C460AF0C7FC86
S214026BD000F4805820460AF048FD054620460AF092
S214026BE01BFDB0F5404F1BD1B8F1000F14D029465B
S214026BF00020FFF713FF054670B1F2F7FDFE414A8B
S214026C00817800920023044601932A461846F2F73A
S214026C1099F808B90123E372012004B0BDE8F087B1
S214026C2028460AF060FC814600F07AFAFF280746FA
S214026C3037D035490125A0F12006C0F1200325FAF8
S214026C4003F305FA06F61E43D1E9002385402A43DC
S214026C503343C1E9002300F09BFA044638B13846B4
S214026C6000F0EEFA10F00C0F14BF01240024B8F165
S214026C70000FD1D04FF0000A03A90120ADF80C9006
S214026C80FFF7CCFE8146F2F7B7FE8046B9F1000F59
S214026C901ED1BAF1000F14D1FF2FBDD0002CBBD1EC
S214026CA028E01A4B1B684BB148469847044628B161
S214026CB0B8F1000FB0D000252E46DBE7B8F1000F82
S214026CC001D10020A9E7002501242E46A246D3E7DB
S214026CD074B10C4A81780092002301934A46184602
S214026CE0F2F730F8002897D1012388F80B3093E7A3
S214026CF0FF2F91D0064BD3E9001229433243C3E952
S214026D00001289E77568020060190020683B0020BF
S214026D105819002038B504460AF03CFC05462046C1
S214026D200AF067FCA5F5006304460146584258413E
S214026D30FFF774FEB0B9B5F5006F01D0002038BD7C
S214026D4020460AF0D0FB00F0EBF9FF28F6D0064BFF
S214026D5000B21B6833F8100000F4E260003818BF77
S214026D600120ECE70120EAE76C3B00202DE9F7431F
S214026D704FF000090746ADF8049000F061FA10F0F3
S214026D800C0F29D0164D4FF002082B88ADF80630AE
S214026D90A5F800900DF106000AF038FD044630B161
S214026DA0B8F1010F14D00F4D4FF00108EDE7214660
S214026DB00DF106000AF0A1FD06460CF043FBB842B0
S214026DC0224631460CBF01A828460AF02AFDE1E712
S214026DD0BDF80400FFF7E6FC03B0BDE8F08300BF91
S214026DE01C4300201A4300202DE9F04FDFF82081D3
S214026DF0D8E90032134385B07CD105B0BDE8F08FE8
S214026E0002EA040103EA0700014327D022EA040249
S214026E1023EA0703C8E90023DAE9002302EA0405A5
S214026E2003EA070C55EA0C056FEA04006FEA07014D
S214026E3024D1304600F004FAC2070FD5304600F0DF
S214026E40E7F9DBF89C30002B45D11D46304600F0B2
S214026E50E5F8DBF884300BB12946984724197F41C0
S214026E6009F10109284B1B785FFA89F6B342C4D9A7
S214026E70D8E9002352EA0301C2D1BEE702400B4022
S214026E803046CAE9002300F0DBF9C307E6D51F4BFC
S214026E901B6833F8163003F48873102B304610D074
S214026EA000F0B6F9DBF89C3013BB1D4601230093B5
S214026EB010220023304600F0E1F90020F1F7B4FE7C
S214026EC0C4E700F0A5F9DBF89C300125002BBDD005
S214026ED00395012202E0002503952A46039200212B
S214026EE030469847039A002AB0D0002DAED1DDE78F
S214026EF00025EDE74FF00009DFF818A0DFF818B01C
S214026F0001244F46AEE700BF521600206C3B00201D
S214026F1060190020581900206C3A0020F8B5034684
S214026F20084613B309B3402A1FD811490B6011490A
S214026F30086011490A7000210433002600270C4617
S214026F404FF0FF358A4205DC520000210DF030F882
S214026F500020F8BDC3E9036703F8044C23F8024C8B
S214026F601D605D6001311833ECE72120F1E700BFB8
S214026F70703B00206C3B002052160020F0B5144CEB
S214026F802568DDE90567EDB1F0B912480078884258
S214026F901AD901EB41014FEAC10C05EBC10415F801
S214026FA0311011B92169C90710D4002005F80C0068
S214026FB062801A68626046F001065A68A260C4E9F6
S214026FC00467F0BD0220FCE72120FAE72E20F8E74E
S214026FD0703B0020521600200E4B1A6830B5A2B144
S214026FE00D4B1B78834212D900EB4000C10002EB26
S214026FF0C003002400200025C3E9044550544FF086
S214027000FF3258805A609A6030BD0220FCE7212089
S214027010FAE700BF703B002052160020094B1B689F
S21402702063B1094A1278824208D900EB400003EBAA
S214027030C0031A69D20701D5588870474FF6FF7009
S214027040704700BF703B002052160020094A0346D4
S214027050106870B1084A12789A4209D903EB4303C2
S21402706000EBC303186910F0010002D0181D704728
S21402707000207047703B002052160020F8B50E4BD9
S2140270801C68054634B128B10C4B1F780026F3B2B3
S2140270909F4202D84FF6FF7009E008222946201DBB
S2140270A00CF05CFF20B92369DB0701D56088F8BDC8
S2140270B001361834EBE700BF703B00205216002062
S2140270C0F8B5154B1D6804460E46E5B1134B1F78FE
S2140270D0874218D900EB400305EBC30526B92B6996
S2140270E0DA0712D42046F8BD08223146281D0CF0D5
S2140270F035FF50B92B69DB07F4D40134E4B2A7425A
S21402710005F11805F0D1FF24ECE70134E4B2A742FA
S21402711005F11805E2D1F6E7703B00205216002072
S2140271200A4B1B6830B501462BB1094A1478002277
S214027130D0B2844201D8FF2030BD5D888D4202D194
S2140271401D69ED07F8D401321833F1E7703B0020D1
S214027150521600200C4B1B689BB14FF6F7729142F9
S2140271600DD80A4A1278824209D900EB400003EB96
S214027170C0031A69D20704D559800020704721201F
S21402718070470220704700BF703B00205216002056
S2140271900F4A03461068D0B10E4A12789A4215D9A1
S2140271A019B203EB430300EBC300036913F00100BB
S2140271B00DD0094A126832F8112002F4E2622AB9A6
S2140271C013F00C0F14BF01200020704701207047F7
S2140271D0703B0020521600206C3B00200A4A0346F1
S2140271E0106878B1094A12789A420AD903EB430327
S2140271F000EBC300036913F0010003D0C3F30010D1
S21402720070470020704700BF703B002052160020D7
S214027210094B1B686BB1094A1278824209D900EB06
S2140272204000C20003EBC0000169C90701D5985CA3
S2140272307047FF20704700BF703B002052160020A8
S2140272400C4A0346106890B10B4A12789A420DD93E
S21402725003EB430300EBC300D0E9043213F0010052
S2140272604FF0000104D01846114670470020014630
S214027270704700BF703B00205216002070B51C46B7
S214027280124B9DF810601968D1B1114B1B788342DE
S21402729018D900EB4000551E01EBC0012543D1E989
S2140272A0040301D0C5070FD52EB110432343C1E90D
S2140272B00403002070BD20EA020023EA0403F6E776
S2140272C00220F7E72120F5E72D20F3E7703B0020A8
S2140272D052160020134B1B68F0B503B3124C2778E6
S2140272E000266FEA000C6FEA010EF4B2A74201D83C
S2140272F00020F0BDD3E9044514F0010F07D014F0C6
S214027300020F04D132B104430D43C3E904450136EA
S2140273101833EAE70CEA04040EEA0505F5E702204C
S214027320E7E700BF703B0020521600200B4B1B689D
S21402733070B52BB10A4A16780024E2B2964201D8FA
S214027340002070BDD3E9042502400D402A4304F113
S214027350010403F11803F0D00120F2E7703B00208D
S214027360521600202DE9F0470026174DDFF85C8004
S214027370B246FF2798F800305FFA86F94B4502D8E6
S2140273803846BDE8F0872B792F2B0FD928460AF00E
S214027390A0FE2B796C7903F0070304F00304834202
S2140273A02CBFE4182418E4B2A24506D95446B946BE
S2140273B012350136A2464F46DCE7288801F09EF8D1
S2140273C00028F3D1F4E700BF76400020F8440020FE
S2140273D02DE9F04F89B082460AF031F90290504604
S2140273E00CF0CCFB411C0546C9B25046F2F7F4FC41
S2140273F000F01F00023500EB40000026EAB27F4F85
S21402740050FA85F5EDB23446B346B146B046AA42C6
S21402741076D97B4E3378002B6FD0A400B4FBF3F4FE
S214027420E4B2042C029808BF0324F3F7FFFD0546D6
S21402743000283FD1FFF796FFFF285ED0714B0490DD
S21402744005B218786D4F0AF02BFE05EBC505804590
S2140274502CBF04EB08012118B8F1000F14BF01235A
S214027460022307EB450553FA81F3284603930AF0F5
S21402747030FE95F804C06B79039A0CF0070103F00E
S214027480030388422CBF1B185B18DBB29A4234DA1D
S214027490049AB8F1000F04D119B13378033B5B4567
S2140274A02BDC029910460AF0BCFD05B205EBC505B9
S2140274B007EB45052B791E09B8F1000F7ED0414631
S2140274C028460AF030FE032128460AF032FEB9F1B9
S2140274D0000F09D1002E40F08480DEF7D1FAC0F307
S2140274E00B014948F2F7BAFC6B7923F003031C44FC
S2140274F06C7150460AF038F8A87309B0BDE8F08FF0
S2140275004ED0424B03921B88ADF81C304FF000035E
S2140275108DF81E30002300935146032307A80AF075
S214027520B0FA9DF81E30BDF81C10039A03921B0990
S21402753018BF09F10109CDE9041318BF5FFA89F9EA
S2140275400AF0F8FB0499039A059B884203D19DF83A
S2140275501E8008F00F082E4890F800C014E017F8B6
S2140275600E0C10F0070003D00BF1010B5FFA8BFB39
S214027570AA4207D037F812EC8E4503D113B108B1F0
S2140275800134E4B20136F6B2AA4207F112070BD171
S214027590B4450FD917F80E0C10F00700E4D1F1E746
S2140275A000234FF6FF71D6E737F8120C884201D84F
S2140275B0B445D4D80332123FD2B228E7022E14D9E9
S2140275C05B0707D0414628460AF0B3FDB9F1000F23
S2140275D083D089E7032128460AF0ABFDB9F1000FF4
S2140275E082D1062E3FF679AF7EE7314628460AF06C
S2140275F0A0FD59EA06063FF470AF75E77640002014
S21402760016160020A345002010360020D8F60300E8
S214027610F84400202DE9F04385B0082300248DF8B5
S2140276200830CDE900440646022302AA01214FF69D
S214027630FC700CF07FFAADF80A00E0B1DFF8A0802B
S214027640DFF8A090274699F80020E3B29A4225D8A0
S214027650BDF80A4020460CF091FA411C47F0600241
S214027660C9B22046F2F7CCFB0023BDF80A001A4640
S2140276701946F4F771FADEF703FA184AC0F30B015B
S214027680137801F55A51013113B1013B8908137081
S214027690304605B0BDE8F043F2F7E0BB18F80E5CE2
S2140276A06F2D17D840462D0130F8123DADF80C303C
S2140276B00AF00FFD05F0700528448DF80E00012330
S2140276C0032203A90DF10A00F2F7E2FA0028D2D14A
S2140276D00137FFB2013408F11208B4E7F44400207F
S2140276E088400020F844002010B5054C2046F2F7EA
S2140276F051FC20460021BDE81040F2F7AFBB00BFA8
S214027700103600202DE9F043284D294FDFF8B080CF
S214027710DFF8B09087B0F6F705FC2A7824492548AA
S214027720FFF7FCFB2A78244809210CF041FC0026CE
S2140277302B78F4B2A34202D807B0BDE8F0830B233D
S2140277402246182103A805F0BDFCBDF814209DF8BA
S2140277501630511E89B24FF6F670814216D8C3F320
S214027760C003DB184FF0000040EB0001CDE900310A
S21402777003AB2146FFF702FC0028DDD14FF480530D
S21402778027F8143048F8240029F81400012322466A
S2140277901B210DF10A0005F095FC074BBDF80A20E7
S2140277A01A55064B80221A550136C1E71D160020CF
S2140277B086420020C8160020B9440020E544002076
S2140277C0343500207842002010B50A4B1C78FFF7AB
S2140277D0A7FCFF280DD0084A012C32F8101038BF3B
S2140277E00124230219B101EB1313A3EB111322F8A0
S2140277F0103010BDA3450020784200202DE9F04746
S2140278000025DFF84C90DFF84C8006460F46AA4665
S21402781099F80030ECB2A34202D85046BDE8F08791
S2140278202046FFF70DFDC2070CD52046FFF708FDE0
S214027830830707D438F8143037B1334328F81430A6
S2140278404FF0010A0135E3E723EA0603F6E700BF35
S2140278501D1600208642002010B5094B094A1C78E6
S2140278600023D9B28C4201D8002010BD32F8021B88
S21402787030EA010103F10103F3D10120F5E700BF6D
S2140278801D16002086420020F0B50C4687B04FF643
S214027890F7718A429DF8306086461D4602D900205E
S2140278A007B0F0BD596818680DF10C0CACE803007F
S2140278B02A49ADF814200978A142F0D98DF816604D
S2140278C0B610002106F00206019100962146704687
S2140278D0FFF754FB0028E2D1214B224A43F824004A
S2140278E09DF83830204E1B0222F814304FF4A04385
S2140278F026F8143003AA0B232146182005F0EBFBCA
S2140279009DF83430194A13F0040F1BBF0123135598
S214027910174B36F8143007BF1B78135543F008038D
S21402792026F814302244012321461B2005F0D3FBFF
S214027930104B114A1B782344002142F82310284694
S214027940E7F7C0FC0D4B1855284607F0F0FC0C4A2A
S2140279501378013313700120A2E700BF1D16002022
S214027960343500207842002086420020B9440020A8
S214027970061600201616002060340020E54400207B
S214027980F7440020054B1B78834206D9044B054A70
S2140279901B780344002142F8231070471D1600206E
S2140279A01616002060340020074B084A1878002379
S2140279B0D9B2884200D87047118821F4805122F843
S2140279C0021B0133F4E700BF1D160020864200208A
S2140279D030B585B004460D46E7F724FBA04202D830
S2140279E0932005B030BD2046FFF72AFCC007F7D526
S2140279F00B232246182101A805F064FB01AB03CB3A
S214027A009DF80E2069609107286030D412F0080FA6
S214027A100CBF042303232B722046FFF7FFFA154BF5
S214027A2068811B5D6B732046FFF7F2FB124A2873D0
S214027A30135D03F00F03AB73135D13F00F031FBF49
S214027A4003F1FF32022393403C2218BF53430B4AF2
S214027A5008BF0A2352F824204FF47A71B2FBF1F2DF
S214027A609A4234BF9B1A00232B610020B9E70223F7
S214027A70D1E700BFE5440020B94400203435002099
S214027A80F8B51F4E33788342044637D0FFF7C6FA5E
S214027A904FF6FF77B84231D020463470FFF766F9CA
S214027AA02046FFF7BBFA05460AF044F901230146D1
S214027AB01A4628460CF049FA2046FFF78DFA054684
S214027AC0E0B9104A1378013B1370F4F7EFFB29462E
S214027AD020460BF01BFD0C4B23F814500B4B802258
S214027AE01A550B4B204623F814500BF071FF2A460A
S214027AF03946112007F0AFFBFF233370F8BD00BFF5
S214027B0053160020F744002086420020E544002059
S214027B10784200202DE9F04F8BB01F469DF850B0FA
S214027B209DF85430059382460E4615464FF00008DF
S214027B304E4B1B785FFA88F4A34207D84FF6F773CA
S214027B409D421AD817F002083ED018E02046FFF7EA
S214027B5065FA0B2381462246182107A805F0B2FAD9
S214027B604FF6FF737EB9994516D19DF826304FF62B
S214027B70F772954203F0EF0311D94FF6FF752846C8
S214027B800BB0BDE8F08F994506D0082207A930460B
S214027B900CF0E4F90028E8D008F10108C8E79F4293
S214027BA007F002092DD0F3F757FC00285BD1304BC3
S214027BB0304A1B7853FA88F312F8238020460BF0DB
S214027BC0C5FCB9F1000FDAD1E7F72CFA2A4B1B787D
S214027BD08342D2D000210846FFF772FAFF280446F5
S214027BE0CBD0059B0097CDE901B3014633462A4622
S214027BF05046FFF749FE0028BFD0F4F757FBC146B0
S214027C0012E02046FFF70AFAA842CCD1B9F1000FDB
S214027C10B5D13046E7F756FB5FFA88F8174B03F8FC
S214027C200800304607F083FB594620460BF047FC17
S214027C302046FFF7F3F905460AF07CF800230146D2
S214027C40012228460CF081F9F3F706FC28B9084B06
S214027C50084A1B78234442F8239020460BB0BDE81E
S214027C60F04FFFF7DBB94FF00008A7E71D1600201C
S214027C701616002060340020F7440020E544002059
S214027C80F8B5114F00263C78F5B2AC420FD8002565
S214027C900E4B0F481D706400224629460CF088F9E8
S214027CA0224629460B48BDE8F8400CF081B9284622
S214027CB0FFF75CF8002128460BF028FC2846FFF761
S214027CC08BF90136DFE700BF1D160020F7440020BF
S214027CD08642002078420020024B03481A78802110
S214027CE00CF066B91D160020E544002038B5FFF7F3
S214027CF017FAFF28044614D00A4D35F810301B0731
S214027D000FD5094B094A1B78135401460123024436
S214027D101B2005F0E0F935F8143023F0080325F8A7
S214027D20143038BD8642002006160020B9440020D2
S214027D302DE9F04F784B1B78022B8BB005468A460E
S214027D40174604D0002630460BB0BDE8F08F0BF085
S214027D50A3FB06460028F5D14FF6F9739D4263D081
S214027D604FF6F8739D4277D02B0A0DF11E01284676
S214027D708DF81C308DF81B50F2F722FC0028834643
S214027D8015BFB0464FF0200806230E2318BFB34691
S214027D90022229463846039300F0ECFC039B044675
S214027DA00122002840F0B580DFF878918DF818207F
S214027DB099F800208DF81A20CDE900008DF81D00F4
S214027DC0514606AA4FF6FC708DF819800BF0B2FEEB
S214027DD082460028B6D009F0ADFFB8420FD0504612
S214027DE009F0CAFC3946043009F07FFB04A938467C
S214027DF00BF017FB70B104A950460BF02AFF474B55
S214027E001B78033B012B2BD84FF6FF7150460AF026
S214027E10C1FB064699F80030FF2B1ABF0133DBB2CE
S214027E20012389F800308EE74FF008084FF0200B48
S214027E303A4B1B78033B012B84D909F07BFFB842EF
S214027E4080D109F077FFFC238DF81B30FF238DF8D5
S214027E501C30054606239BE74FF01008C346E7E7AB
S214027E600BF03CFC80460028D4D009F063FFA84201
S214027E7002D12B4B1B7843B108F10702594628461C
S214027E8000F0A4FC04460028C4D0002350461A463C
S214027E900321F3F761FE824620B399F8003088F892
S214027EA004300023A8F8007088F8053088F80830F7
S214027EB009F040FFA84202D1194B1B7853B109F0D2
S214027EC039FFB84206D12CB1237923F0030343F0DD
S214027ED00103237100224FF6FF710C2007F0BBF955
S214027EE0564697E7002C95D0237903F00303012B1F
S214027EF090D109F01FFFA84203D1094B1B78002B33
S214027F0088D0237943F0030323714FF6FF7323804F
S214027F1080E7164617E700BFFE440020FF44002015
S214027F2054160020C345002013B50D4B1B78033BA7
S214027F30012B0C4610D90B4B1B78012B0ED09A1E28
S214027F405342534159010DF1070200F03FFC18B1AC
S214027F50448000210BF0A9FB02B010BD1021F2E70D
S214027F60FF4400200D1600202DE9F0438BB0857AE1
S214027F70B0F8069004460E46174609F0DBFE814529
S214027F8005F04005804642D1608800210AF0B6F826
S214027F900246002E45D1082304A9C14501EB03067B
S214027FA00CBF244902A90868496803C6AAB302217D
S214027FB08DF81010217A8DF81210A1888DF8131002
S214027FC08DF81720090A012200268DF81410E18880
S214027FD08DF81510CDE90026090A45F020058DF822
S214027FE0161060888DF81150083304AA31460BF03B
S214027FF0A1FD054688B1618809F0F5FA7900334695
S214028000324601F0FE012846F3F7A6FD06E0E088B8
S21402801002A90BF006FA0028B6D100200BB0BDE884
S214028020F0833068716806AB03C345F01005102371
S214028030B2E700BF744500202DE9F74388461E4686
S2140280400746914609F098FB0021044630460AF09E
S21402805055F808F107010546C9B23846F1F7AAFEF7
S2140280607DB1B9F1000F02D103781D44EDB205705F
S21402807063781A0716D569463046F2F7A1FA024621
S21402808018B1002003B0BDE8F0830821684609F065
S214028090FFFD0028F5D120460BF0AFFD0822694609
S2140280A00BF06CFF09F046FE0146201D09F01DFA92
S2140280B06378DB0603D50C4938460BF0CAFD314619
S2140280C0A01C09F012FA3146384609F08CFA074A23
S2140280D013780133DBB21370E371A3790BB101207D
S2140280E0D0E70123A371FAE774450020FC44002080
S2140280F02DE9F04F8FB0FF23814605918DF822308F
S21402810016461AB301230BAA0BF042FA9DF8365014
S214028110EF06044625D5059BBDF83080002703F1FF
S2140281200802D2B249460097082309A8CDE9097782
S21402813009F0A7FC3A4609A94046F8F777FC00285A
S21402814040F08C80A90627D510210DE013460BAA15
S2140281500BF01EFA9DF836500446A80663D5062193
S21402816002E0AA0618D50821059ABDF83270002347
S2140281701144CAB2CDE9093300934946082309A837
S21402818009F07FFC86F0010209A93846F8F74EFC92
S214028190002863D1002E46D0BDF8307009F0CAFD23
S2140281A0874249D038460BF077F98046002E45D1F3
S2140281B0BDF82EB00021584609F0A0FFBDF82C30BD
S2140281C00390184606930BF067F9064609F0B2FDCF
S2140281D0069B834242D0B74B1B78033B012B3DD90B
S2140281E015F04003049339D1039B0BB9002E35D00A
S2140281F09DF83570039B05F018051F44FFB2082D45
S2140282008DF835706CD120230493002C40F0448105
S2140282100BF064FA054608B3002E40F0B3803346EE
S2140282200126B24674E0BDF8327009F083FD87423B
S214028230B8D14FF00108BBE74FF00108002C43D03D
S2140282409D4BE279678803EBC20633F83220BDF80D
S21402825032309A4205D04FF6FF7323800FB0BDE846
S214028260F08FBDF82EA0B8F1000F08D000213046DE
S2140282700BF01BFAA6F802A00AF012FFEEE7BDF812
S21402828030000BF01AFA4146054630460BF00DFA5E
S214028290A6F802A0894E2DB1414628460BF005FAF3
S2140282A063886B800AF0FCFE3378002BD6D00599E3
S2140282B03B4600224846FFF7BFFE0028CED039468E
S2140282C048460AF067F9C9E70AF0EAFE7B4B1B78D4
S2140282D0002BC3D0B8F1000FC0D14FF6FF77E6E708
S2140282E0102D01D1049590E7B8F1000F8DD1002C26
S2140282F03BD0C246BDF832000DF12202002100F04A
S21402830065FA03460028A9D0002E40F0CD80254607
S2140283100499BDF8300007930DF1230200F056FAD7
S214028320044600289AD0654A079B1278002A7BD01A
S214028330BAF1000F27D102462C466179B94240F2C3
S2140283408180A4F802B0677125461446002B00F01F
S214028350A0809DF82230EA799A4200F09A80002E98
S21402836040F09080EB71002541E00BF0B7F904462F
S21402837000283FF473AF4FF0010ABBE70022012644
S2140283801346DAE70126B8F1000F20D1DDF778FBB5
S21402839005997E230531B0FBF3F202FB1300C9B246
S2140283A03A465FFA80FA4846F1F72AFD4FF6FF7121
S2140283B0484609F018F9039B032B2DD9AAF17E0A29
S2140283C05FFA8AF2002302214846F3F7C5FB069BB2
S2140283D02B809DF834302B710023A5F802B06F7104
S2140283E02B72002E42D19DF82230EB710125B8F196
S2140283F0000F3FF433AF09A948460BF00BFC0028E8
S2140284003FF42CAF2A4609A90BA8FFF7ADFD25E7D6
S214028410002625463446B9E7039B012B94BF0AF192
S214028420020A0AF1420ACBE7BAF1000FCFD1697904
S214028430B94209D9A5F802B06F71002B89D1002E76
S21402844091D024E025461446049A002A3FF406AF4B
S2140284508F427FF403AF0393DDF712FB83077FF4AB
S214028460FDAE039BA5F802B06F716FE7FF23EB71B9
S214028470002CBBD001252379A4F802B023F0030315
S2140284802371B4E7FF23EB71002C3FF46CAF002599
S214028490F1E7002CD3D166E7002E7FF46FAFB24629
S2140284A025460126534633E7BAF1000FB0D15646A9
S2140284B0524642E7FF440020F04100201C160020EE
S2140284C070B50C4B02460C481C784FF6FF7500231D
S2140284D09C4201D1002005E00688964206D1AA42B7
S2140284E001D10B7070BD8679002EFAD001330830A8
S2140284F0DBB2EDE71B160020F041002010B50B4B57
S2140285001C780B4B0022D1B28C4201D8002010BD41
S2140285105988814204D11979890701D1997911B113
S21402852008330132EFE70120F1E700BF1B160020F7
S214028530F041002010B5084B084A1C78014600237B
S214028540D8B2844201D8FF2010BD914203F1010344
S214028550FAD00832F4E700BF1B160020F0410020D4
S21402856038B50446FFF7E6FFFF28054603D10C4858
S2140285703F21DDF72BF94FF6FF732380A3712046C8
S21402858003210BF092F8074B07481A780732D210ED
S21402859002FB05000021BDE838400BF009BD00BF14
S2140285A0E0F603001D160020D4440020F8B5134D53
S2140285B0134F044600263A78F3B29A4209D8114B72
S2140285C01D78114B00224FF6FF71D0B285420BD8B0
S2140285D0F8BDFF2C02D0AB79A34202D12846FFF7A2
S2140285E0BFFF08350136E6E7FF2C02D0187AA04214
S2140285F001D1198019720A330132E6E7F0410020F0
S2140286001B1600201A160020C8410020FF28F8B5C5
S21402861004462CD0164B1B78834203D8154880217B
S214028620DDF7D4F8144A02EBC40032F834100379AA
S2140286304FF6FF75A94203F0030318D0012B16D19B
S2140286400E4B1F780E4B0022D6B2B74203D8BDE8B7
S214028650F840FFF785BF1E88AE4205D093F807C0E4
S214028660A44504D0B14202D00A330132ECE7F8BD89
S2140286701B160020E0F60300F04100201A16002028
S214028680C84100202DE9F74304F0F0FC324B1B787A
S214028690033B012B21D9314B1D88451BADB2E5B1F9
S2140286A02F4A188013782B44C3F3C81403F07F03B1
S2140286B013702C4B2C4A1E7800204FF6FF77C3B25D
S2140286C09E420DD8294CDFF8A89000264FF6FF7779
S2140286D099F80020F3B29A4216D803B0BDE8F083A8
S2140286E01388BB420DD0137999070AD104EB931174
S2140286F0022928BF022189B203F03F0343EA81130D
S214028700137108320130DAE734F80A8CB84506D01D
S21402871014F8043CAB4205D95B1B04F8043C013652
S2140287200A34D5E709F006FB804534F80A3C04F81B
S214028730027C24F80A7C09D00DF107011846FFF7DF
S214028740BFFE18B19DF80700FFF760FF14F8030C90
S214028750FFF75CFFE3E700BFFF4400202043002052
S214028760C44500201B160020F0410020D241002004
S2140287701A160020F0B503461148DFF84CC00678FA
S214028780104800244FF6FF77E5B2AE4201D800202B
S2140287900FE005889D4210D13AB1012A16BFC5796D
S2140287A005793CF83550A94207D1BB4202D11423C1
S2140287B08371F0BD057A002DFBD00A300134E3E761
S2140287C01A160020C8410020F0410020F8B50D46D8
S2140287D0114607461646FFF773FE002837D1214B8F
S2140287E0214C197802464FF6FF7CD3B2994206D83E
S2140287F01D4C00238B4222D1F8BD0834F5E7B4F8AD
S21402880000E0E64502F10102F7D13370012327802A
S21402881023710021A17165B1144B1A7845F0080541
S214028820D31D2571DA103078114B02FB00300BF0A5
S214028830BFFB237903F03F0323712046DCE722794E
S2140288409209022AE1D001330834DBB2D2E7037977
S2140288509A071EBF23F0030343F001030371044685
S214028860D7E700BF1B160020F04100201D1600208F
S214028870D444002073B50DF107010546FFF720FE2C
S21402888040B103799A0705D113F0300404D043F0BF
S2140288900303037102B070BD28460AF016FF094BA7
S2140288A09DF80760084A1D784FF6FF712346D8B236
S2140288B08542EFD9D079B04204BF118011720133DC
S2140288C00A32F4E71A160020C841002030B50A4BD7
S2140288D00A4D1B780733CC08DB1000FB034001F07F
S2140288E0070101238B402C5CDBB212B11C432C54D3
S2140288F030BD24EA0304FAE71D160020D444002003
S21402890070B50B4B1B788342044604D8094840F2E4
S2140289104B21DCF75BFF084E00253378E8B2834232
S21402892000D870BD00222146FFF7D0FF0135F4E7DC
S2140289301D160020E0F603001B160020FF2810D0AC
S214028940FF290ED0084B1B780733CA08DB1000FB42
S2140289500323064AD05C01F00701C84000F001007C
S21402896070470020704700BF1D160020D444002028
S2140289700148F0F767BE00BF224300202DE9F0470A
S2140289801E464D4B8CB01B689DF850901546074608
S214028990884603F0080A09F0CDF9A8423FD1B9F19A
S2140289A0000F14D06EB9ADF806603D460424224688
S2140289B0414628460AF025FF00F001000CB0BDE84B
S2140289C0F0870023ADF806303D4606243AE03846E6
S2140289D0FEF7A6FBFF28044605D0F2F73DFD10B1D0
S2140289E02046FEF7CFFF96B10023ADF80630F8F723
S2140289F0CFF80028E8D006240DF1060202A9404668
S214028A000AF06DF8D8B94046F8F7BAFA17E0ADF8AA
S214028A100660F8F7BDF80028C7D00424ECE73EB39A
S214028A20BAF1000F2ED00023ADF806300B24B9F1B0
S214028A30000F0AD1F8F7ACF82F460028DCD13D46E5
S214028A40002EB4D0BAF1000FB1D004F0040242F006
S214028A501102414628460AF0D4FE22460646414600
S214028A6028460AF0CEFE002814BF30460020A3E7B0
S214028A70BAF1000F14D0ADF806600124B9F1000F68
S214028A8095D1D7E70B2402A92846F1F799FD0746A8
S214028A9068B902A807F086F820B9ADF80600EDE737
S214028AA00124F0E744F00204ADF80670E6E700237E
S214028AB0ADF80630E2E700BFA43600202DE9F04705
S214028AC01E46644B8CB01B78DDF8508007460D4678
S214028AD01446BBB309F02EF930B35F4B1B689807F8
S214028AE022D44FF6F7739C422CD843463A46314678
S214028AF02046FBF7DBFD09F01DF9854200F0A68053
S214028B003046FEF7BBFAA04203D1FEF709FB0AF095
S214028B101DFDBA1E534253412946002220460CB080
S214028B20BDE8F0470BF011BAA7B1F91ED1F1000962
S214028B3049EB01094FF6F7739C420ED903212046F2
S214028B4006F0CFFB09F0F6F8A8427FD04FF6FF7387
S214028B509C42D3E74FF00109ECE72B463A463146F2
S214028B60204604F01EFD2146CDE900082B4632467B
S214028B70384607F02CF880460146204606F0B1FB40
S214028B80B8F1000F51D1B9F1000F3FD0002F3DD000
S214028B90324B03AA03F1100E92461868596894469F
S214028BA0ACE80300083373456246F6D107A806F020
S214028BB0CFFB3068716803238DF81C3008AB03C303
S214028BC09DF8293007A843F002038DF8293006F0F5
S214028BD095FD88B13068716808AB03C3042307A803
S214028BE08DF81C3006F08AFD30B1022307A88DF8F6
S214028BF01C3006F083FD48B9514607A806F0E5FD8D
S214028C0020B1F4F78FFB00283FF475AF88F001031C
S214028C1003F001032A463146CDF800902046FFF7BE
S214028C20ADFE09F087F8A84268E7B8F1010FEDD06B
S214028C30B8F1020F7FF45FAF07A92846F1F7C0FC30
S214028C4020B9324607A928460AF0A2FD0CB0BDE8B4
S214028C50F08700BFFA440020A4360020F0F6030096
S214028C60044B1A880AB100221A8000210846F9F736
S214028C70D7BE00BF224300202DE9F04F00238FB05D
S214028C80CDE903334E7804460D4609F053F850B149
S214028C90B34B1B689B0706D4092103A804F037FED2
S214028CA00FB0BDE8F08F03A92046F1F789FC034612
S214028CB0002840F05181022E38D0042EECD1A94A69
S214028CC01278002A42D0022A40F0218109AF0246D9
S214028CD0394606F0D1FE012103A89DF8255006F07C
S214028CE0A0FF2840FF2800F0338105AD284608F093
S214028CF0DAFF002840F02E8195E80F0087E80F0083
S214028D003246394603A806F0C9FD0246002840F05E
S214028D101F81032303A9CDE9005320463346FBF700
S214028D2099F800280CBF13210621B6E78C4B1F6862
S214028D3017F00207B0D102358B48082229460BF0FD
S214028D400DF90028A8D0894B1B780BB91121A4E78E
S214028D50874B884E1B782BBBFFF782FF3088002894
S214028D6068D10DF10C082946404606F0EFFA0028B5
S214028D7000F0CA802846F1F707FC4FF6FF739842C8
S214028D80814600F0BD800DF1240B584608F08BFF9B
S214028D90002840F0B580002F7AD14246AA464846BF
S214028DA03B4681E03088002844D139463846F0F701
S214028DB0E9FE308000283BD00123082203A9304672
S214028DC0F0F766FFA0BB0123082229463046F0F7DB
S214028DD05FFF68BB01236748ADF82440022209A959
S214028DE0F0F756FF0346308823B1002848D04FF0EC
S214028DF0100A21E0F0F71CFE5E498046204601F08C
S214028E0039FA3088F0F714FE5FFA88F8804509D1FF
S214028E10FF238DF82430012356481A4609A9F0F795
S214028E2037FF28B900210120F9F7FAFD0C2134E7B3
S214028E303088DAE74FF0070AF0F7DEFD8046308822
S214028E40F0F7DAFD348800F1080911212046F0F720
S214028E50C3FF102183462046F0F7BEFF08220446D1
S214028E6003A948460BF07AF8002877D1082229464B
S214028E7040460BF073F8002870D1BAF1070F01D004
S214028E8010210AE704EB0B24A4B24D466BE7012738
S214028E90308828B11221F0F79FFFFF28814615D1AE
S214028EA02A46C2462046402343F00303CDE900B3D8
S214028EB051460323FAF7CEFF10B30721504604F0BB
S214028EC026FD002FE3D0FFF7CBFEE9E60021084699
S214028ED0F0F758FEADF8140048B105A9204601F097
S214028EE0C9F9BDF81400F0F7A3FD0028D8D1142361
S214028EF0009333884A464146204601F083F9CFE77D
S214028F00FFF7AEFE0F21C8E6FFF7AAFE1EE7012A0C
S214028F1001D00621C1E605AD02460090294603A807
S214028F20F9F784FC024608B10A21B6E60C4B1B6828
S214028F305B0003F0040343F00303CDE9005303A9E7
S214028F4033462046FAF786FF0028E2D11321A4E62C
S214028F500521A2E61221A0E60B219EE60E219CE642
S214028F60A4360020B744002074450020B6440020F2
S214028F70B44400202243002030B50E4C85B022783F
S214028F808DF805200123D5180E228DF806200A68D2
S214028F90CDF807204A68CDF80B2001A90B228DF8E0
S214028FA004302570F0F774FEB0FA80F0400905B080
S214028FB030BD00BFFB44002030B519498BB01423E6
S214028FC07F22098805460DEB030004F07BF8BDF806
S214028FD01430DA0721D413F0060FC3F3410208BF98
S214028FE0C3F341220F4B9C5C0DF1160122466846E4
S214028FF00BF004F804F12802BDF826306A44023465
S21402900002F8283C1B0A02F8273C69462A46E0B2C8
S21402901009F042FD00200BB030BDB720FBE700BFD1
S214029020949D030000F7030010B58AB00446ADF81D
S21402903026200022CDE9052204920CAA02924FF6BF
S214029040FF720192074AAC2104FB01220120603222
S214029050009203900DF126024CF620010AF0F3FB73
S2140290600AB010BD6C3A002000B58BB00320ADF8F4
S21402907024309DF8303003900B498DF8263009A82D
S2140290800023CDE90130CDE90533049301F16003F5
S2140290900093B1F85C3002204CF660410AF0D3FB34
S2140290A00BB05DF804FB00BF6C3A002010B5204AF6
S2140290B0B2F86800B2F85E10B2F85C308AB04FF6CA
S2140290C0FF74A042ADF82600ADF824104FF6FD70EE
S2140290D018D081424FF00000CDE90500CDE903002B
S2140290E0CDE9010094BF09AA6032009294BF48F607
S2140290F060014CF660010DF1260204200AF0A3FB83
S2140291000AB010BD814288BF60324FF0000098BF9F
S21402911009AA0092CDE90500CDE90300CDE90100D8
S214029120044A8CBF4CF6604148F66041E5E700BF52
S2140291306C3A0020D63A002000B54FF6FF738BB08B
S2140291400022CDE90522CDE90322CDE90132074A04
S21402915000924CF640010DF126020620ADF82630AC
S2140291600AF071FB0BB05DF804FB00BFCC3A00209E
S21402917000B50E4B8BB00022B3F85E30ADF824304B
S214029180CDE90522CDE90322CDE9012209AA4FF64F
S214029190FF7300924FF400610DF126020720ADF82E
S2140291A026300AF050FB0BB05DF804FB6C3A002048
S2140291B030B58BB010498DF825301B0A8DF8263055
S2140291C0002391F85840CD6DB1F85C000493CDE9C8
S2140291D0053307230393603108ABCDE90103009101
S2140291E04FF6FF734CF62041082008958DF8244070
S2140291F00AF029FB0BB030BD6C3A002070B52A4C41
S214029200B4F85E1094F85C001D464FF6FE76B4F88D
S2140292105C30B142A2B04FEA132321D14FF4404151
S2140292206034ADF808108DF80B0003CC8DF80C30C6
S214029230CDF80D00CDF811100DF115042270120AAA
S21402924062700022A270E27011461046ADF8062047
S21402925008F070FAADF8060090B9002022B070BD92
S2140292604FF400448DF80D10090AADF808408DF849
S2140292700B008DF80C308DF80E100DF10F04DDE7A3
S214029280043402A9621A0123D2B20DF10600F0F7E5
S214029290FFFC0028E1D1BDF806002A460121F0F7BE
S2140292A049FCBDF80600D9E76C3A0020034B1A7851
S2140292B01AB1FF2A04BF00221A707047C645002062
S2140292C070B5084C084E2378F55C1DB107483E2160
S2140292D0DCF77CFA2378FF22F25400232370284618
S2140292E070BD00BFC5450020C645002005F7030037
S2140292F0034B044A1B78D05CFF3818BF0120704726
S214029300C5450020C645002010B508490822044677
S2140293100AF024FEB0FA80F0228940094FF6FF7365
S21402932040009A4208BF40F0010010BD1AF7030041
S2140293302DE9F3410E460021054608F06CFA134F5C
S214029340ADF8060000232B800DF1060008F05EFA49
S214029350044610B102B0BDE8F08121460DF10600C8
S21402936008F0CBFA8046F0F747FB438AB34207D9A8
S2140293709B1B438222464146284608F052FAE3E700
S21402938043895B07E0D53B88F3E700BFA8150020BA
S21402939008B50A48F0F7FEFD09484FF47A71FFF760
S2140293A0C7FF074808F032FA30B9BDE8084003485C
S2140293B04FF47A71F0F752BD08BD00BFF4140020D6
S2140293C0D015002030B5044685B00D4602B9084ACD
S2140293D01068516801AB03C301AB03CBADF80C5068
S2140293E01B88206020466160238105B030BD00BF27
S2140293F02EB603001FB50146002201A8FFF7E2FFC2
S214029400064801A90AF013FB20B1F0F7F5FA4089E5
S214029410C0F3400005B05DF804FB00BFD015002085
S21402942030B585B00D460022014601A8FFF7CAFFF7
S214029430084801A90AF0FBFA50B1F0F7DDFA044633
S2140294400146082228460AF099FD6089C0F34000CA
S21402945005B030BDD015002010B5044C204608F0EB
S2140294603AFA6388181A80B210BD00BFD0150020E1
S214029470F8B50546F8B11048002108F0CCF90446C4
S214029480A8B10D4F2046F0F7B7FA0646FFF73CFFA5
S214029490830705D40822294630460AF05FFD38B114
S2140294A02146384608F00DFA04460028EAD1002480
S2140294B0201E18BF0120F8BDD015002010B50C469E
S2140294C0014606480AF0B3FA30B1F0F795FA438936
S2140294D01C4214BF0120002010BD00BFD015002082
S2140294E01FB51446024601A8FFF76CFF074801A9FC
S2140294F00AF09DFA40B134B1F0F77EFA1422014622
S21402950020460AF03BFD012004B010BDD015002015
S2140295101FB50146002201A8FFF754FF094801A91A
S2140295200AF085FA58B1F0F767FA4389024613F053
S214029530020004D0507B80F00800C0F3C00005B0E3
S2140295405DF804FBD0150020014601480AF094BAE3
S214029550D0150020F8B504460E4614200021F0F778
S21402956011FB0546204608F0B6F96388834225D9E2
S21402957025B3314620460AF07FFA08BB2846F0F7A4
S2140295803BFA0A22074631460AF0F8FC082206F1A0
S2140295900A0107F10A000AF0F1FC0A4B1B887B82DB
S2140295A0238823B908484FF47A71F0F757FC20460F
S2140295B00022294608F035F90020F8BD1C20FCE7F9
S2140295C02E20FAE7A8150020F414002010B5044651
S2140295D086B0B0B1FFF798FE10F0020011D1CDF8B8
S2140295E00E006168CDF81200ADF8160020682289D8
S2140295F001AB03C304481A8001A9FFF7ABFF06B00C
S21402960010BD2120FBE700BFD0150020F8B50D469F
S21402961016461F46044648B3FFF776FE30BB204682
S214029620FFF792FFE0B1214611480AF000FAF0F780
S214029630E3F9438905734673877343F0020321896E
S21402964043812046F2F702F8FF28044606D0F1F7D7
S21402965003FF18B1074B002243F82420002004E041
S2140296602046FFF7B3FF0028DDD0F8BD2120FCE737
S214029670D015002060340020F7B59DF824400194F0
S2140296809DF8204000940D4606461F46FEF742FA15
S2140296904FF6FF718842044610D0BB0711D4284605
S2140296A0F1F7DCFD2046FDF73BFDFF281FBF084A09
S2140296B032F8103023F4804322F81030204603B0EC
S2140296C0F0BD0246294630460AF0DDF9EAE700BF59
S2140296D08642002073B50E46014614480AF0A7F9E2
S2140296E00546D8B1F0F788F943893340044612D0CC
S2140296F09B0736B20BD5002E09DAA17B437B028983
S214029700007B0191012100912146FFF7B5FF638995
S21402971023EA06036381628912B1012002B070BD9A
S2140297202946024808F008F9F7E700BFD0150020DE
S2140297300148EFF787BF00BFD01500201FB50C4ABF
S2140297400C46014601A8FFF73DFE01A8FFF7FCFE06
S21402975060B101A907480AF06AF9F0F74DF9036803
S214029760236043686360002004B010BD2D20FBE731
S2140297701AF70300D01500202DE9F0431E46544B7D
S2140297801B788FB0033B012B9DF8588007460C468A
S214029790154607D8F4F70EFC20B1F0F76FFD08B1B6
S2140297A044F400544B4B1B7813B924F40074A4B24F
S2140297B0200509D546B904A92846F0F701FF002876
S2140297C040D024F40064A4B2ADF81840ADF81A50A4
S2140297D008F0B0FA404BADF81C00B8F1000F02D00A
S2140297E01A78424501D293F800803C4A8DF81E80D2
S2140297F013780133E105DBB213704CBF0DF1210182
S21402980008A922058DF81F3004D533680B607368EB
S2140298104B600831E30405D5314A13680B60536880
S2140298204B6008310DF11808A1EB08005FFA80F9C9
S21402983000214846F0F7A6F9064628B900200FB0E0
S214029840BDE8F08304AEBFE7F0F7D6F841464A46D5
S2140298500AF0D4FB3046F0F7EBF880463046F0F7D5
S214029860CBF80023024600935FFA88F104234FF6F2
S214029870FF7007F034FFADF80E000028DED040F28D
S21402988001131C421AD14FF6F7739D4216D8F0F711
S214029890CFF80DF10E010446284600F0EBFCBDF8A9
S2140298A00E00F0F7C5F8E4B2A04207D9BDF80E00E4
S2140298B007F062FF437843F004034370BDF80E00DE
S2140298C03A460121F0F736F9BDF80E00B7E700BFB9
S2140298D0FF440020FA44002008160020FC44002022
S2140298E074450020F0B50829D58889B028D00C29FF
S2140298F026D0AE0424D405F040030B43424C26780F
S21402990016B105F0200423432FB2002FB8BF43F050
S2140299108003032920D11223AC068DF80430937AF3
S21402992010D48DF805300DF1060401A9621A012340
S214029930D2B2F0F7ADF9B0FA80F0400909B0F0BD46
S2140299400B46DBE732228DF804208DF80530002E18
S214029950E9D00DF11304E8E70C298DF8043009BFAD
S214029960138953798DF805301B0A0BBF8DF8063024
S2140299708DF805300DF107030DF1060354881C70AF
S214029980240A5C7014889C700239240ADC7001294F
S21402999014791C7111D8917A5971002F31DA128913
S2140299A0DA710221120A997103F109041A72002E61
S2140299B0BBD0AB06B9D50534B7E7A9071AD4002F32
S2140299C00CDA117A51B1917A59711189127A03F12E
S2140299D0080492B102229A71D971E8E70B4C2178F9
S2140299E0917201F1010C84F800C09C1D002F597180
S2140299F0DDDAEAE7917A9C1DF8E701229A71090AF4
S214029A00EAE79C1DD3E700BFFA440020FB4400208F
S214029A10014B1870704700BFF2440020074B1A78BB
S214029A2044F6FF7040F6FF73012A18BF1846044B2F
S214029A301B780BB140F40040704700BFFF44002083
S214029A40F2440020F7B50D46044600212846164685
S214029A501F46F2F769FE0A4B002183F859402A4650
S214029A60009733462046FFF7DFFA014630B102225E
S214029A702046F0F72BFEC0B203B0F0BD0120FBE794
S214029A806C3A00202DE9F843074603F0EBFA054648
S214029A901B4808F0B7F81B4B60B31C683C1B2C44F1
S214029AA0A4B2194BDFF868901B78184D99F800603D
S214029AB003EB830305EB430500225FFA82F8464573
S214029AC00AD9AB88A34205F10A0016D9B21A0A23AC
S214029AD05A4329460AF052FA013689F80060AC80E9
S214029AE0B8F1000F03D106483946F0F7B7F9284611
S214029AF0BDE8F8831D603C46D3E701320546DCE745
S214029B0014150020743B0020C7450020A43F002007
S214029B10C84500201FB5154A154C1378013BDBB229
S214029B2013706168206801AA03C221891180114A54
S214029B301278D21805D00A235A43E11820460AF0B2
S214029B401DFA9DF806301B070DD0BDF80C00FFF776
S214029B5099FF8288ADF8082001AA034603CA128834
S214029B60186059601A8104B010BD00BFC7450020B6
S214029B70A43F0020C845002008B5094B094800212B
S214029B801970094B1970094B1A7802EB82025200BF
S214029B900AF00EFABDE808400548F0F7FBB900BF28
S214029BA0C8450020A43F0020C74500201416002008
S214029BB014150020F8B5094D094F0A4E00243B78CB
S214029BC03178E2B20B449A4204F1010400DBF8BD9C
S214029BD02846EFF737FD0A35F1E700BFA43F00201D
S214029BE0C8450020C7450020F8B50D4B16460D4A5D
S214029BF01B78127813440C4A1278934207460D4695
S214029C000CD03046FFF73EFF01350681078085708F
S214029C10044603F022FAE0800120F8BD0020FCE7AB
S214029C20C7450020C84500201416002010B5064C73
S214029C30207828B10548F5F747FF10B1034B18887E
S214029C4010BDFFF767FFF3E7C7450020A43F0020DB
S214029C5008B50A4A0346107860B1094A1088984245
S214029C6009D121B99378103323F00F039370FFF7CD
S214029C7051FF012008BD0020FCE700BFC7450020B9
S214029C80A43F00202DE9F74F03F0ECF9DFF8F88047
S214029C903A4CB8F800C0DFF8F490394D99F80070E5
S214029CA01FFA80FEAEEB0C039BB20193237800935F
S214029CB0002603EB830305EB43033A46B246ACEBBE
S214029CC00E0CB3465FFA86FEBE4515D3BAF1000FF8
S214029CD001D0009B2370BA422AD3002F37D02378B4
S214029CE0C8F800000A2202FB03532648998803B0EC
S214029CF0BDE8F04FF0F7B2B8B3F804E001998E452C
S214029D0012D8009993F802E0A3F804B001310EF1DC
S214029D10FF3EC9B2013A83F802E00091D2B24FF098
S214029D20010A0A330136CDE7E644A3F804E0F8E771
S214029D3089F800204AB12378C8F800000A2202FBFC
S214029D40035310489988F0F789F8237813B903B0BB
S214029D50BDE8F08FFFF76AFF06460028F5D007F049
S214029D602CFC0146304608F015FC20B1002128885C
S214029D70FFF76EFFE9E76621F9E700BFC745002057
S214029D80A43F002014150020743B0020C845002084
S214029D9038B50E4B05460E481C88F0F74BF8012DD9
S214029DA00CD10C4B1C88FA21614358B1884209D267
S214029DB08408012C204638BF012038BD022D08BF7A
S214029DC00224F0E70248F0F749F8F2E7A03F002045
S214029DD0703500209E3F002008B5064B064801223B
S214029DE01A700021F0F73AF8BDE808400020FFF7A5
S214029DF0CFBF00BFCB440020703500201E4B1A8810
S214029E0002F108039BB2012B73B502D81B4B1B78D9
S214029E1023B902B0BDE87040F0F7BCB8184B194D34
S214029E2000241C70184B1C702B787BB1174E4FF613
S214029E30FC730093308823462246214609F0BBFA7B
S214029E404FF6FD732C70338001200FE0104B104646
S214029E501978F5F79DF90028F6D10C4B1A884FF6BB
S214029E60FD739A42F0D001232B70022002B0BDE8A7
S214029E707040FFF78DBF00BFA23F0020CB440020FA
S214029E80CE440020CC440020CD4400209C3F00203D
S214029E90CF440020012808B50AD002280CD020B9E9
S214029EA0084B18700848F0F775F84FF0FF3008BDF9
S214029EB0BDE80840FFF790BFBDE808400020FFF766
S214029EC067BF00BFCB4400207035002002280CD8A4
S214029ED059B1064A13780133DBB21370044A12787A
S214029EE09A4202D80220FFF7D5BF7047CD44002021
S214029EF0D044002038B500F15703DBB2012B0446EC
S214029F000D4615D80D4A13780133DBB213700C4A8E
S214029F1012789A420CD80B4B19884FF6FD72914272
S214029F2001BF1D80084B00221A700020FFF730FF89
S214029F3029462046BDE8384003F086BCCE440020C1
S214029F40D14400209C3F0020CC440020064A002337
S214029F501370064A1370064A4FF6FD711180054AC1
S214029F601370054A13707047CE440020CD4400207B
S214029F709C3F0020CC440020CB44002030B5094B47
S214029F801B78024633B1084B084C19780023D8B226
S214029F90884201D3FF2004E0013334F8235095426F
S214029FA0F5D130BD13160020D34400207C3F00209C
S214029FB0054B064800221A70054BFF211970054B07
S214029FC01A78920009F0F4BFD3440020803F0020A4
S214029FD0D244002013160020F7B58DF807100DF1B5
S214029FE00701044603F06BFB234B1D78002D41D07E
S214029FF02046FFF7C3FF214E214B3178FF2805D1BB
S21402A000204A107885422DD9451C1570884219D0F1
S21402A0101C4A1B4D92F800C00022D7B2BC450CD990
S21402A0202F46013297F803E0864505F10405F4D180
S21402A03002B203EB8202D278FA7002B203EB820219
S21402A040D170307002B203EB820123F82240FF2265
S21402A0508A709DF80720FF2A02D003EB82039870CD
S21402A06003B0F0BD0A46104603EB8202D278FF2AFE
S21402A070F9D1CBE7FF20F3E713160020D2440020E5
S21402A080803F0020D34400202DE9F843FFF776FFF7
S21402A090FF2804466AD0364FDFF8E080354E03B21A
S21402A0A04FF6FF7227F8232098F80050A54202D1F7
S21402A0B00020BDE8F88320B23378810007EB8000E9
S21402A0C0A34290F803E011D0294A00235FFA83F9ED
S21402A0D04D45944607D99CF80390A14503F1010328
S21402A0E002F10402F2D18CF803E001E086F800E007
S21402A0F0013DEDB22A1BD2B204319200394409F076
S21402A1003DFF88F800503378FF2B04D0A34224BFCB
S21402A11003F1FF333370164B00214FF6FF70CAB2BD
S21402A120AA420CD3144A00234FF6FF71DCB2AC42AB
S21402A130BAD2013332F823008842F7D1B4E79A78CC
S21402A140A2420BD11880DA78FF2A04D0A24224BF9A
S21402A15002F1FF32DA7001310433E0E7FF2AF2D06F
S21402A160A24224BF02F1FF329A70ECE70320A0E776
S21402A170803F0020D24400207C3F0020D3440020B1
S21402A180F8B51C4B1B780546084673B3FFF7F6FE78
S21402A190FF28044629D02846FFF7F0FEFF2806D0FF
S21402A1A0154B164E1A780023D9B2914218D3FF21C6
S21402A1B02846FFF711FFFF28014616D0104F054626
S21402A1C023B207EB830237F823009678FFF704FFE3
S21402A1D0A84208BFFF25FF2E214608D12846F8BD13
S21402A1E0013316F823108142DED1FF25F6E7344606
S21402A1F0E6E700BF13160020D34400207E3F00206F
S21402A200803F00202DE9FF414FF0000C9DF82850BA
S21402A2108DF80FC00DF10F0CCDE9005C1F46064607
S21402A2208846144603F01BFA9DF80F3093B9414650
S21402A2303046E4F75BFE0E4B1B785BB10B2C09D85D
S21402A2403046FF21FFF7C8FE05EB44040646E4B29B
S21402A250A54202D104B0BDE8F0812946384607F08F
S21402A2605DFC3146FFF7B8FE02350646EDB2EFE773
S21402A270131600202DE9F34700230DF107028DF88F
S21402A280073004460E4603F005FA9DF807300546E9
S21402A29063B92046FFF772FE04465EB13088EFF7D8
S21402A2A0C7FB5FFA80F8FF2C46D10025284602B08D
S21402A2B0BDE8F087B046F6E701320C2AF5D02DB29B
S21402A2C007EB8505AD78FF2DF6D112F0FF0AECD02C
S21402A2D04FEA4A050235EDB2002EE7D008EB05013B
S21402A2E0C9B2304607F0B4FB0028DED130885246A9
S21402A2F04146EFF785FD0AF1FF3208F1010108F148
S21402A30002093088D2B2C9B25FFA89F9EFF778FD4E
S21402A31024B207EB8404A478FF2CC7D023B230887B
S21402A32037F82320494607F009FC0028BDD109F179
S21402A33002095FFA89F9EBE7014F25460022BEE7DC
S21402A340803F0020FF2810B51FBF064B03EB80049A
S21402A35033F820300B801DBFA37813700020032033
S21402A36010BD00BF803F002081F0004102E000BF28
S21402A37083F0004330B54FEA41044FEA430594EABE
S21402A380050F08BF90EA020F1FBF54EA000C55EAF9
S21402A390020C7FEA645C7FEA655C00F0E2804FEACA
S21402A3A05454D4EB5555B8BF6D420CDD2C4480EAAC
S21402A3B0020281EA030382EA000083EA010180EADC
S21402A3C0020281EA0303362D88BF30BD11F0004F2A
S21402A3D04FEA01314FF4801C4CEA113102D0404260
S21402A3E061EB410113F0004F4FEA03334CEA13339B
S21402A3F002D0524263EB430394EA050F00F0A780B3
S21402A400A4F10104D5F1200E0DDB02FA0EFC22FAAD
S21402A41005F2801841F1000103FA0EF2801843FAA1
S21402A42005F359410EE0A5F120050EF1200E012A92
S21402A43003FA0EFC28BF4CF0020C43FA05F3C018D0
S21402A44051EBE37101F0004507D54FF0000EDCF149
S21402A450000C7EEB00006EEB0101B1F5801F1BD3F2
S21402A460B1F5001F0CD349085FEA30004FEA3C0CF6
S21402A47004F101044FEA445212F5800F80F09A80EC
S21402A480BCF1004F08BF5FEA500C50F1000041EBF0
S21402A490045141EA050130BD5FEA4C0C404141EBF4
S21402A4A00101013C28BFB1F5801FE9D291F0000FEF
S21402A4B004BF01460020B1FA81F308BF2033A3F19E
S21402A4C00B03B3F120020CDA0C3208DD02F1140C95
S21402A4D0C2F10C0201FA0CF021FA02F10CE002F1D0
S21402A4E01402D8BFC2F1200C01FA02F120FA0CFCC9
S21402A4F0DCBF41EA0C019040E41AA2BF01EB045112
S21402A500294330BD6FEA04041F3C1CDA0C340EDC0F
S21402A51004F11404C4F1200220FA04F001FA02F352
S21402A52040EA030021FA04F345EA030130BDC4F110
S21402A5300C04C4F1200220FA02F001FA04F340EA05
S21402A5400300294630BD21FA04F0294630BD94F0B6
S21402A550000F83F4801306BF81F480110134013D9D
S21402A5604EE77FEA645C18BF7FEA655C29D094EA0E
S21402A570050F08BF90EA020F05D054EA000C04BF8C
S21402A5801946104630BD91EA030F1EBF0021002077
S21402A59030BD5FEA545C05D14000494128BF41F016
S21402A5A0004130BD14F580043CBF01F5801130BD7A
S21402A5B001F0004545F0FE4141F470014FF0000005
S21402A5C030BD7FEA645C1ABF194610467FEA655CB6
S21402A5D01CBF0B46024650EA013406BF52EA033558
S21402A5E091EA030F41F4002130BD00BF90F0000F46
S21402A5F004BF0021704730B54FF4806404F1320482
S21402A6004FF000054FF0000150E700BF90F0000F3A
S21402A61004BF0021704730B54FF4806404F1320461
S21402A62010F0004548BF40424FF000013EE700BF31
S21402A63042004FEAE2014FEA31014FEA02701FBFC1
S21402A64012F07F4393F07F4F81F06051704732F0F3
S21402A6507F4208BF704793F07F4F04BF41F400214A
S21402A660704730B54FF4607401F0004521F00041A8
S21402A6701CE700BF50EA010208BF704730B54FF032
S21402A68000050AE050EA010208BF704730B511F033
S21402A690004502D5404261EB41014FF4806404F16B
S21402A6A032045FEA915C3FF4D8AE4FF003025FEAF1
S21402A6B0DC0C18BF03325FEADC0C18BF033202EB75
S21402A6C0DC02C2F1200300FA03FC20FA02F001FACF
S21402A6D003FE40EA0E0021FA02F11444BDE600BF72
S21402A6E070B54FF0FF0C4CF4E06C1CEA11541DBF21
S21402A6F01CEA135594EA0C0F95EA0C0F00F0DEF8EC
S21402A7002C4481EA030621EA4C5123EA4C5350EAD0
S21402A710013518BF52EA033541F4801143F4801321
S21402A72038D0A0FB02CE4FF00005E1FB02E506F0B2
S21402A7300042E0FB03E54FF00006E1FB03569CF007
S21402A740000F18BF4EF0010EA4F1FF04B6F5007F0D
S21402A75064F5407404D25FEA4E0E6D4146EB06067F
S21402A76042EAC62141EA55514FEAC52040EA5E5008
S21402A7704FEACE2EB4F1FD0C88BFBCF5E06F1ED8B2
S21402A780BEF1004F08BF5FEA500E50F1000041EBE9
S21402A790045170BD06F0004646EA010140EA020096
S21402A7A081EA0301B4EB5C04C2BFD4EB0C0541EAB8
S21402A7B0045170BD41F480114FF0000E013C00F3CD
S21402A7C0AB8014F1360FDEBF002001F0004170BDF1
S21402A7D0C4F10004203C35DA0C341BDC04F114040A
S21402A7E0C4F1200500FA05F320FA04F001FA05F296
S21402A7F040EA020001F0004221F0004110EBD37063
S21402A80021FA04F642EB06015EEA430E08BF20EA8E
S21402A810D37070BDC4F10C04C4F1200500FA04F331
S21402A82020FA05F001FA04F240EA020001F00041C3
S21402A83010EBD37041F100015EEA430E08BF20EA36
S21402A840D37070BDC4F1200500FA05F24EEA020E7E
S21402A85020FA04F301FA05F243EA020321FA04F0AD
S21402A86001F0004121FA04F220EA020000EBD37064
S21402A8705EEA430E08BF20EAD37070BD94F0000F64
S21402A8800FD101F00046400041EB010111F4801F98
S21402A89008BF013CF7D041EA060195F0000F18BF49
S21402A8A0704703F00046520043EB030313F4801F85
S21402A8B008BF013DF7D043EA0603704794EA0C0F3F
S21402A8C00CEA135518BF95EA0C0F0CD050EA410655
S21402A8D018BF52EA4306D1D181EA030101F00041D2
S21402A8E04FF0000070BD50EA410606BF10461946FA
S21402A8F052EA430619D094EA0C0F02D150EA013606
S21402A90013D195EA0C0F05D152EA03361CBF104646
S21402A91019460AD181EA030101F0004141F0FE41E5
S21402A92041F470014FF0000070BD41F0FE4141F469
S21402A930780170BD70B54FF0FF0C4CF4E06C1CEA69
S21402A94011541DBF1CEA135594EA0C0F95EA0C0F1E
S21402A95000F0A7F8A4EB050481EA030E52EA0335D9
S21402A9604FEA013100F088804FEA03334FF08055FA
S21402A97045EA131343EA12634FEA022245EA111527
S21402A98045EA10654FEA00260EF000419D4208BFD8
S21402A990964244F1FD0404F5407402D25B084FEA85
S21402A9A03202B61A65EB03055B084FEA32024FF431
S21402A9B080104FF4002CB6EB020E75EB030E22BF8E
S21402A9C0B61A754640EA0C005B084FEA3202B6EB4E
S21402A9D0020E75EB030E22BFB61A754640EA5C00FD
S21402A9E05B084FEA3202B6EB020E75EB030E22BF8D
S21402A9F0B61A754640EA9C005B084FEA3202B6EB8E
S21402AA00020E75EB030E22BFB61A754640EADC004C
S21402AA1055EA060E18D04FEA051545EA16754FEAAE
S21402AA2006164FEAC30343EA52734FEAC2025FEACC
S21402AA301C1CC0D111F4801F0BD141EA00014FF05B
S21402AA4000004FF0004CB6E711F4801F04BF01432C
S21402AA500020B4F1FD0C88BFBCF5E06F3FF6AFAE48
S21402AA60B5EB030C04BFB6EB020C5FEA500C50F1D8
S21402AA70000041EB045170BD0EF0004E4EEA11315B
S21402AA8014EB5C04C2BFD4EB0C0541EA045170BD62
S21402AA9041F480114FF0000E013C90E645EA060EA6
S21402AAA08DE60CEA135594EA0C0F08BF95EA0C0FD4
S21402AAB03FF43BAF94EA0C0F0AD150EA01347FF41C
S21402AAC034AF95EA0C0F7FF425AF104619462CE7F3
S21402AAD095EA0C0F06D152EA03353FF4FDAE104656
S21402AAE0194622E750EA410618BF52EA43067FF4A7
S21402AAF0C5AE50EA41047FF40DAF52EA43057FF437
S21402AB00EBAE12E74FF0FF3C06E000BF4FF0010C41
S21402AB1002E000BF4FF0010C4DF804CD4FEA410CA5
S21402AB207FEA6C5C4FEA430C18BF7FEA6C5C1BD072
S21402AB3001B050EA410C0CBF52EA430C91EA030FF3
S21402AB4002BF90EA020F0020704710F1000F91EA50
S21402AB50030F58BF994208BF90422CBFD8176FEA1E
S21402AB60E37040F0010070474FEA410C7FEA6C5CEC
S21402AB7002D150EA013C07D14FEA430C7FEA6C5CF3
S21402AB80D6D152EA033CD3D05DF8040B704700BF1F
S21402AB908446104662468C461946634600E000BF6D
S21402ABA001B5FFF7B7FF002848BF10F1000F01BD3F
S21402ABB04DF808EDFFF7F4FF0CBF012000205DF80A
S21402ABC008FB00BF4DF808EDFFF7EAFF34BF01208F
S21402ABD000205DF808FB00BF4DF808EDFFF7E0FF28
S21402ABE094BF012000205DF808FB00BF4DF808ED79
S21402ABF0FFF7CEFF94BF012000205DF808FB00BFE0
S21402AC004DF808EDFFF7C4FF34BF012000205DF8C1
S21402AC1008FB00BF4FEA410212F5001215D211D509
S21402AC206FF47873B3EB625212D94FEAC12343F042
S21402AC30004343EA505311F0004F23FA02F018BFC4
S21402AC40404270474FF00000704750EA013005D18D
S21402AC5011F0004008BF6FF0004070474FF0000050
S21402AC60704700BF4A0011D212F5001211D20DD55C
S21402AC706FF47873B3EB62520ED44FEAC12343F0FB
S21402AC80004343EA505323FA02F070474FF00000A5
S21402AC90704750EA013002D14FF0FF3070474FF054
S21402ACA00000704753B94AB9002908BF00281CBFE4
S21402ACB04FF0FF314FF0FF3000F06AB9ADF1080CEB
S21402ACC06DE904CE00F006F8DDF804E0DDE90223C3
S21402ACD004B070472DE9F047089D0C46002B4ED174
S21402ACE094468C458646B2FA82F262D94AB1C2F1DD
S21402ACF02003914020FA03F30CFA02FC194300FAEF
S21402AD0002FE4FEA1C471FFA8CF6B1FBF7F44FEA35
S21402AD101E4307FB141143EA014304FB06F1994262
S21402AD200AD91CEB030304F1FF3080F01381994229
S21402AD3040F21081023C6344591A1FFA8EF3B1FBAB
S21402AD40F7F007FB101143EA014300FB06F69E42AA
S21402AD500AD91CEB030300F1FF3180F0FD809E420E
S21402AD6040F2FA80634402389B1B40EA044000210A
S21402AD701DB1D3400022C5E90032BDE8F0878B4200
S21402AD8005D90DB1C5E9000100210846F5E7B3FA79
S21402AD9083F1002946D1A34202D39042C0F0F1804B
S21402ADA0861A64EB03030120002DE6D0C5E9006392
S21402ADB0E3E7002A40F09180A1EB0C044FEA1C481E
S21402ADC01FFA8CF70121B4FBF8F64FEA1E4308FB84
S21402ADD0164443EA044307FB06F0984208D91CEBE4
S21402ADE0030306F1FF3402D2984200F2CE802646D2
S21402ADF01C1A1FFA8EF3B4FBF8F008FB104443EA61
S21402AE00044300FB07F79F4208D91CEB030300F13B
S21402AE10FF3402D29F4200F2B1802046DB1B40EA9A
S21402AE200640A5E7C1F120068B4022FA06F71F432B
S21402AE3020FA06FC04FA01F343EA0C03F44000FA93
S21402AE4001F8380C4FEA1349B4FBF0FE1FFA87FCF0
S21402AE5000FB1E4449EA04440EFB0CF9A14502FA23
S21402AE6001F20AD93C190EF1FF3A80F08580A1451D
S21402AE7040F28280AEF1020E3C44A4EB09041FFAB3
S21402AE8083F9B4FBF0F300FB134449EA044403FBE2
S21402AE900CFCA44507D93C1903F1FF3068D2A4453F
S21402AEA066D9023B3C4443EA0E40A0FB0293A4EB65
S21402AEB00C049C42CE469C4652D34FD055B1B8EBBA
S21402AEC00E0364EB0C0404FA06F6CB40CC401E4399
S21402AED0C5E900640021BDE8F087C2F1200320FA2C
S21402AEE003F10CFA02FC24FA03F394400C434FEAF3
S21402AEF01C4800FA02FE1FFA8CF7B3FBF8F008FBB8
S21402AF001031230C43EA014300FB07F1994208D9AA
S21402AF101CEB030300F1FF362CD299422AD90238E1
S21402AF2063445B1AA4B2B3FBF8F108FB113344EA9C
S21402AF30034401FB07F3A34208D91CEB040401F106
S21402AF40FF3613D2A34211D902396444E41A41EA05
S21402AF50004138E70446EFE6084605E7C845ADD2A5
S21402AF60B9EB020E63EB070C0138A7E73146EDE7B3
S21402AF70034698E73046D4E7D6467EE7634402386F
S21402AF804CE70646234608460EE7023E63442FE792
S21402AF90704700BF08B5064B044613B10021AFF355
S21402AFA00080044B1B6803B19847204600F005FD5D
S21402AFB000000000B43C0020024B0146186800F076
S21402AFC0DBB900BF34150020014809F00BB800BFFA
S21402AFD0C9450020014809F006B800BFC94500204F
S21402AFE0242B2DE9F0478646904601D8012B06D140
S21402AFF000F098F9162303600020BDE8F087364873
S21402B0000D462A4615F8014B065D16F00806F8D1DD
S21402B0102D2C24D12C780126951C2BBB302C30D01D
S21402B0200A2306F1004C0CF1FF3C0022BCFBF3F9AC
S21402B030104603FB19CAA4F13007092F28D83C464C
S21402B040A34234DD571C07D081452DD301D1A2453A
S21402B0502ADB00FB0340012215F8014BEBE72B2C01
S21402B06004BF2C78951CD8E7102BDAD1302CD8D117
S21402B0702A7802F0DF02582AD3D16C7810230235E0
S21402B080CFE72B7803F0DF03582BF6D00823C8E768
S21402B090A4F14107192F01D8373CD1E7A4F1610783
S21402B0A0192F04D8573CCBE74FF0FF32D4E7531C96
S21402B0B008D12223CEF800306046B8F1000F9CD0AB
S21402B0C0691E06E006B14042B8F1000F95D0002A8C
S21402B0D0F6D1C8F8001090E725F7030013460A4693
S21402B0E0014602480068FFF77BBF00BF3415002008
S21402B0F02DE9F043364E86460D46284615F8014B96
S21402B100375D17F00807F8D12D2C26D12C780127A9
S21402B110851C3BBB302C32D00A234FF0FF3800266A
S21402B120B8FBF3F803FB08F96FEA09093046A4F105
S21402B130300CBCF1090F29D86446A34237DDB6F1BC
S21402B140FF3F07D080452FD301D1A1452CDB00FB62
S21402B1500340012615F8014BE9E72B2C04BF2C7897
S21402B160851CD6E7102BD8D1302CD6D1287800F003
S21402B170DF005828D1D16C7810230235CDE72B7822
S21402B18003F0DF03582BF6D00823C6E7A4F1410CE0
S21402B190BCF1190F01D8373CCFE7A4F1610CBCF122
S21402B1A0190F04D8573CC8E74FF0FF36D2E7731C96
S21402B1B006D12223CEF80030304632B9BDE8F083FD
S21402B1C007B14042002AF9D006B1691E1160F5E7C0
S21402B1D025F7030013460A46014602480068FFF7B1
S21402B1E087BF00BF341500202DE9F04F85B090468A
S21402B1F0464A029089461E460D462B4615F8014BD6
S21402B200175D17F00807F8D12D2C41D12C780127AD
S21402B2109D1C002E41D1302C4CD00A2607F1004A44
S21402B22007F1FF3B0AF1FF3AF317324658465146FA
S21402B2300393FFF737FD019200228E46844611469D
S21402B2401046A4F13003092B05D9A4F14103192BAA
S21402B25037D8A4F137039E423DDD541C15D08445F1
S21402B2607EEB010234D38E4508BF844502D1019A93
S21402B2709A422DDB039A714300FB0211A6FB0002E1
S21402B2800A44181842EBE371012215F8014BD8E77D
S21402B2902B2C04BF2C789D1CBBE7102EBED1302C65
S21402B2A0BCD12B7803F0DF03582BB7D16C7810266D
S21402B2B00235B3E72B7803F0DF03582BF6D00826C7
S21402B2C0ACE7A4F16103192B05D8A4F15703C2E732
S21402B2D04FF0FF32D9E7531C0AD1029A2223136099
S21402B2E058465146B8F1000F0AD105B0BDE8F08FB6
S21402B2F017B1404261EB4101B8F1000FF5D00AB137
S21402B30005F1FF39C8F80090EFE700BF25F7030004
S21402B31013460A46014602480068FFF765BF00BFAB
S21402B32034150020014B1868704700BF3415002002
S21402B33070B50D4D0D4C641BA4100026A64209D113
S21402B3400B4D0C4C08F07CFE641BA4100026A64293
S21402B35005D170BD55F8043B98470136EEE755F81F
S21402B360043B98470136F2E770160020701600205C
S21402B370701600207416002038B50546002941D004
S21402B38051F8043C0C1F002BB8BFE418FFF71CFE54
S21402B3901D4A136833B9636014602846BDE8384016
S21402B3A0FFF718BEA34208D9206821188B4201BFB6
S21402B3B019685B6809182160EDE71A465B680BB1ED
S21402B3C0A342FAD911685018A0420BD12068014452
S21402B3D0501883421160E0D118685B6853600844D5
S21402B3E01060DAE702D90C232B60D6E72068211812
S21402B3F08B4204BF19685B68636004BF091821604A
S21402B4005460CAE738BD00BF783B0020ECF7BEBEEA
S21402B41008B501F0EDFE01F0F8FEDAF73BFEFAE7BA
S21402B420704708B5D5F784FFD6F73AFBD5F7E0FCA8
S21402B430D5F7ECFCD5F7F8FCBDE80840D5F7CABD51
S21402B44008B500F02DFADBF729F900F0B3FED5F7C0
S21402B450ABFCBDE80840D5F7A1BB08B5D8F756F94E
S21402B46000F0A6FED8F75EF9DDF79EFFDEF74CF891
S21402B470BDE80840DEF784B870477047D5F7B4BB1E
S21402B48008B502F015F8BDE8084002F038B8704773
S21402B490D5F798BC012070470120704738B5D5F71C
S21402B4A09DFB044601F0EAFD051E18BF2546DEF7A1
S21402B4B005F9041E18BF2C46FFF7ECFF002818BF3C
S21402B4C0204638BD38B5DAF7EBFE0446D5F780FCE1
S21402B4D004281ED002284FF0000508BF012401F000
S21402B4E0CFFD042817D0022808BF012402F025F851
S21402B4F0042812D0022808BF0124FFF7CDFF042833
S21402B5000DD0022808BF0124002D18BF00242046B3
S21402B51038BD0125E3E70125E8E70125EDE700242C
S21402B520F5E7FF20704708B5FFF7FBFF002008BDD0
S21402B5301FB544F20212ADF80C2003AA034600928D
S21402B540042100220120DDF7D9F805B05DF804FBDE
S21402B5501FB544F20212ADF80C2003AA034600926D
S21402B560042105220120DDF7C9F805B05DF804FBC9
S21402B5701FB503AA034600920120022203218DF87A
S21402B5800C00DDF7BBF805B05DF804FB1FB54FF401
S21402B5908172ADF80C2003AA0346009205214122CF
S21402B5A00120DDF7ABF805B05DF804FB1FB542F2EB
S21402B5B00122ADF80C2003AA0346009204210222BF
S21402B5C00120DDF79BF805B05DF804FB1FB50222EB
S21402B5D08DF80C2003AA03460092052106220120BC
S21402B5E0DDF78CF805B05DF804FB1FB502228DF876
S21402B5F00C2003AA03460092032100220120DDF755
S21402B6007DF805B05DF804FB07B500220092012222
S21402B610034603211046DDF771F803B05DF804FB1C
S21402B62007B500220346009206210120DDF766F8E0
S21402B63003B05DF804FB1FB540F20112ADF80C2012
S21402B64003AA03460092062140220120DDF756F89F
S21402B65005B05DF804FB07B50022009201220346FE
S21402B66006211046DDF74AF803B05DF804FB07B57D
S21402B670002203460092062141220120DDF73EF811
S21402B68003B05DF804FB07B50022009204220346CD
S21402B69011460120DDF732F803B05DF804FB1FB552
S21402B6A002228DF80C2003AA0346009205210322EB
S21402B6B00120DDF723F805B05DF804FB1FB5022272
S21402B6C08DF80C2003AA03460092042103220120CF
S21402B6D0DDF714F805B05DF804FB1FB54FF4817270
S21402B6E0ADF80C2003AA034600920521022201208F
S21402B6F0DDF704F805B05DF804FB07B50022034643
S21402B700009211460120DCF7F9FF03B05DF804FB56
S21402B7101FB54FF48172ADF80C2003AA03460092BF
S21402B720052104220120DCF7E9FF05B05DF804FBE1
S21402B73007B5002203460092062102220120DCF70A
S21402B740DDFF03B05DF804FB1FB540F20112ADF851
S21402B7500C2003AA03460092032140220120DCF7B4
S21402B760CDFF05B05DF804FB1FB502228DF80C2054
S21402B77003AA00920122034604211046DCF7BEFF0C
S21402B78005B05DF804FB1FB54FF48172ADF80C20CE
S21402B79003AA00920122034605211046DCF7AEFFFB
S21402B7A005B05DF804FB07B50092027D0B46818961
S21402B7B0806802F0FBFA003818BF0120C00103B00F
S21402B7C05DF804FB704708B50020E1F795F8002005
S21402B7D0E2F780FD0020DEF767FF0020DFF706FCB9
S21402B7E00020E0F701FBBDE808400020E0F728BB98
S21402B7F0012002F098B908B50220E1F71DF90220EF
S21402B800E0F7FCFA0220E3F74BF8BDE80840022016
S21402B810E0F776BE704702F076BD70477047DEF7F7
S21402B820D5BE7047704770477047704710B50446DC
S21402B830E0F78CFD2046BDE81040DFF7F7B902F0CE
S21402B84025BA02F02FBADFF7DBBB704770477047A6
S21402B8507047704770477047704770477047704729
S21402B8607047E0F777BA704770477047704770477F
S21402B87082B06B4683E8060093E8060002B0DEF765
S21402B8802DB8704770477047704703F05DB903F0F4
S21402B89061B970470020704703F05EB903F06AB9D9
S21402B8A00F20704770B5002506462C46052C20D87A
S21402B8B0DFE804F003070B0F13175B210820D5F708
S21402B8C09DFD0C210820D5F799FDD1210820D5F73A
S21402B8D095FD80210820D5F791FD00210820D5F797
S21402B8E08DFD294608206C1CD5F788FDE4B2254656
S21402B8F00624A4F10E03012B05D85A210820D5F7F9
S21402B9007DFD0134D2E7102C05D1BDE870405D21E3
S21402B9100820D5F773BDB31F195DEFE707B520F012
S21402B9207F4040EA81700123019068460093FFF74A
S21402B930B9FF03B05DF804FBFEE74FF40040704722
S21402B9404FF47A70704700230360704703680B60F9
S21402B9500160704710B538B132B129B10023013900
S21402B960D45C14B90023037010BD8B42FAD200F8DF
S21402B970014B0133F4E7034638B10020814204D07C
S21402B9801A5C02B970470130F8E770474FF0FF3192
S21402B990FFF7F1BF70B50C461646054660B15AB1C0
S21402B9A051B1FFF7F3FF844206D9211A32462844E2
S21402B9B0BDE87040FFF7CEBF70BDFEE7436803B137
S21402B9C0184722207047436903B11847FF20704783
S21402B9D030221C2302FB003000F1047000F52040E8
S21402B9E001EBC00189000868704738B50D682B78EE
S21402B9F0022B0C460CD069792879FFF7E9FFB0FADA
S21402BA0080F0400928702046BDE83840D5F79AB83D
S21402BA1038BD03681878704710B504682378022B7F
S21402BA2015D061792079FFF7D3FFA279012A15D1C3
S21402BA300038638818BF012040EA430363F03F03DF
S21402BA409BB24FF6E0718B4202D12270638010BD2A
S21402BA504FF6DF729342F9D10022F6E7002AF6D1BA
S21402BA60B0FA80F040092070F1E703681A78022ADB
S21402BA7003D100225A80D5F72DBC704713B504684F
S21402BA802378022B10D0A379022B0BD160790021E8
S21402BA90D6F71EF8627920790023CDE900331146E5
S21402BAA0D7F7F2F90223237002B010BD4FF06042BE
S21402BAB00123D2F8001E83400B43C2F8003E00204A
S21402BAC070474FF060410122D1F8003E824023EADF
S21402BAD00203C1F8003E00207047D0E90003184771
S21402BAE0836800681847C3680068184703690068D7
S21402BAF0184783890B807047037A01229A400369AC
S21402BB0003F1C0631A637047037A01229A400369FD
S21402BB1003F180631A63704738B505698269EB6979
S21402BB208181013AB3FBF2F35943FFF7EDFF037A43
S21402BB3005EB0315E966BDE83840FFF7DDBF43783D
S21402BB4010B5012204780C219A40302313FB04130B
S21402BB50817803F1804303F5204319B903F180632A
S21402BB601A6010BD03F1C063FAE7437810B50122EC
S21402BB7004780C219A40302313FB0413817803F1D6
S21402BB80804303F5204319B903F1C0631A6010BD60
S21402BB9003F18063FAE74178037801228A40302174
S21402BBA04B4303F1804303F520439A6170470246F4
S21402BBB000780C21302313FB001303F10473517831
S21402BBC003F5204301EBC3039B0018689378C0B2C9
S21402BBD013B9B0FA80F04009704710B50446006801
S21402BBE0D5F72EFC012809D06068D5F729FC012874
S21402BBF004D0A068D5F724FC012801D1012010BD8D
S21402BC0000232376FBE710B504460068FFF774FFAF
S21402BC106068FFF771FFA068FFF76EFF01232376C7
S21402BC2010BD10B504460068FFF76EFF6068FFF7A8
S21402BC306BFFA068FFF768FF0023237610BD037E24
S21402BC400BB9FFF7E0BFFFF7ECBF007E704770B599
S21402BC50044600681D4603681646984723686068CF
S21402BC601B68314698472368A0681B682946BDE8CA
S21402BC707040184770B5044600681D46436816466D
S21402BC809847236860685B68314698472368A068CF
S21402BC905B682946BDE87040184710B4846900689E
S21402BCA0A4465DF8044B604710B588B004460E986B
S21402BCB007900D9806909DF8300005900B9804901A
S21402BCC09DF8280003900020CDE9013000920B4633
S21402BCD022460121D5F77CFC08B010BD704713B58B
S21402BCE0044601A8D7F76EFB9DF80630238040F283
S21402BCF001136380D7F78CFB6060002002B010BD92
S21402BD00D7F718BA08B5D7F705FA002008BD10B558
S21402BD10044644EA010313F00303084609D193429A
S21402BD2001D1002010BD54F8231040F8231001332F
S21402BD30F5E79200214608F061F9F2E7704708B588
S21402BD40D6F750F8013008BDEFF3108072B6704790
S21402BD5000B962B67047602383F311887047EFF329
S21402BD601180602383F31188704780F3118870472F
S21402BD7084B00B6800934B6801938B680293CB6880
S21402BD800393009B0360019B0360029B0360039B7B
S21402BD9003600023009301930293039304B0704759
S21402BDA084B00368009303680193036802930368F0
S21402BDB00393009B0B60019B4B60029B8B60039B73
S21402BDC0CB600023009301930293039304B0704761
S21402BDD030B5D1E90223D1E900540560046002605F
S21402BDE0036030BD30B50568046802680368C1E9BF
S21402BDF00054C1E9022330BD7FB58A0704460B46CC
S21402BE0010D06D4601F11006186859682A4603C21A
S21402BE100833B3421546F7D169462046FFF7D8FFE6
S21402BE2004B070BD0091009904B0BDE87040FFF701
S21402BE30CFBF30B58B0785B00C4610D06946FFF7EA
S21402BE40D1FF0D46234604AC2A4603CAA242186016
S21402BE505960154603F10803F6D105B030BD0091CE
S21402BE60009905B0BDE83040FFF7BCBF00F1424381
S21402BE7003F58013102A10B54FEA43130AD10122A4
S21402BE801A6000F58870FFF773FF1031BDE81040A6
S21402BE90FFF76EBF00221A602430F7E7F0B50B46B4
S21402BEA0990789B0044615462DD0082A19D16D4641
S21402BEB003F11006186859682A4603C20833B342CB
S21402BEC01546F7D1082269462046FFF7CFFF032220
S21402BED06B460020013A186003F10403FAD209B057
S21402BEE0F0BD6E4603F1200718685968324603C251
S21402BEF00833BB421646F7D12A4669462046FFF764
S21402BF00B5FF0722E4E70093009909B0BDE8F040C8
S21402BF10FFF7ACBF10B52030FFF742FF102A04D15E
S21402BF20BDE810401031FFF73BBF10BD30B58B07A0
S21402BF3089B00C46154625D06946FFF7EBFF082D5B
S21402BF406A4613D104AD134603CBAB422060616050
S21402BF501A4604F10804F6D103226B460020013A81
S21402BF60186003F10403FAD209B030BD08AD1346D7
S21402BF7003CBAB42206061601A4604F10804F6D196
S21402BF800722EAE70091009909B0BDE83040FFF7C2
S21402BF90C1BF704770477047D6F706BCD6F796BB48
S21402BFA070B505460E461446FFF7CEFE2B685C407B
S21402BFB034405C402C60BDE87040FFF7C9BED7F73E
S21402BFC001B90A7810B50AB9022343600023436216
S21402BFD0CB788C781B0443EA04634C7A2343CC79EF
S21402BFE043EA84230C7A43EA04234C7843EA841314
S21402BFF08C7A43EAC413CC7A43EA44130C7B43EAB2
S21402C00004134C7B43EAC4030C7943EA44334C7969
S21402C010897943EA047343EA417303600AB1012350
S21402C020436010BD10B5537814781B0643EA846348
S21402C03094792343947843EA0443D47843EA043356
S21402C040147943EA8423547943EA0423D47943EAED
S21402C0508473147A43EA4473547A43EA0413947A50
S21402C060D27A063143EA8403090143EA0273435053
S21402C07010BDCB435B0003F00A03C360C160704788
S21402C08038B5D7F715FA8B7C04460D461BB1036804
S21402C09043F080430360EB7C1BB12B7D43F08003AF
S21402C0A0A3652A8A6B7B1343EA89134363602B7B5F
S21402C0B0D5E901122046D7F7B7F96B7D1BB1236885
S21402C0C043F480332360AB7D1BB1236843F4004303
S21402C0D02360EB7D2A7E1B07120502F4E00203F0C2
S21402C0E0E04313432366636F23F030036367626F94
S21402C0F06B7E134363672B78E36038BD38B5D7F79A
S21402C100D7F90B8A026843F0010313438A7B43EA9A
S21402C1108223036003680A7D43EA427303608B7CD2
S21402C12004460D461BB1CB7C43F0800383652B7B14
S21402C13043F480536360D5E901122046D7F7A6F987
S21402C1406B7B0BB11023E3606B7D1BB1236843F45A
S21402C15080332360AB7D1BB1236843F40043236026
S21402C160EB7D2A7E1B07120503F0E04302F4E00291
S21402C170134323662B78E36038BD03695A06FCD561
S21402C180416303699B06FCD5C069C0B27047036968
S21402C1905B06FCD54163704700207047002070475D
S21402C1A00020704701207047012070470F2070471B
S21402C1B0E5F778BC704770B504460D46FFF7C4FD38
S21402C1C0A36A102B064604F10501284614BF102266
S21402C1D00822FFF763FE05F1840004F14C01FFF725
S21402C1E00BFE3046BDE87040FFF7B2BD2DE9F043C6
S21402C1F0074685B016461C460D4631B9D7F7AAFA49
S21402C200054601463846FFF7D6FF44B3FFF79CFDC6
S21402C21097F842308046F3B10E2200210DF102005B
S21402C22007F0C6FE0E2CBB8DA14628BF4FF00E09A6
S21402C2305BBA31464A460DF10200ADF8003007F00F
S21402C240DDFE69462846D7F7A9FA0023A4EB0904BF
S21402C2504E4487F842302CB94046FFF779FD05B0C8
S21402C260BDE8F083102C27464FF0100228BF102797
S21402C2700021684607F09CFE31463A46684607F0BB
S21402C280BDFE69462846D7F789FAE41B3E44E2E734
S21402C2902DE9F04F8BB00546DDF85080169E174606
S21402C2A09A460C464FF0010900297BD1D7F752FA7D
S21402C2B0CDF8009004462B6E2F714FF000095FFAFE
S21402C2C088F7EB62C5F8449085F86C704246514692
S21402C2D005F15C00019307F091FE159A019BC7F1E8
S21402C2E00F0B023AC7F10E07B3EB0903FFB24FEA90
S21402C2F0520247EAC20218BF012342EA831351469A
S21402C30042460DF109008DF8083007F077FE06AABE
S21402C3104B465FFA8BFB9146D9B28B4547D8002E27
S21402C32059D166602660FFF70FFDAB6A0190102BAD
S21402C33014BF10220822691D2046FFF7AFFDC4F87D
S21402C340886002A9C4F888602046C4F88860C4F8E9
S21402C3508860D7F723FA0198FFF7FAFC424651465F
S21402C3600DF119008DF8187007F048FE08F101006B
S21402C3705A463146484407F01BFE01238DF8273003
S21402C380FFF7E2FC04F18407064649463846FFF703
S21402C39033FD3046FFF7DCFC009B6BB900200BB088
S21402C3A0BDE8F08F002380F84290009383E702F8FE
S21402C3B0016D0133360AAFE7FFF7C6FC05F14C0103
S21402C3C006463846FFF735FD3046FFF7C1FC2046E5
S21402C3D0D7F7CAF9E2E76FF08600E0E701440023E8
S21402C3E0884200D1704700F8013BF9E72DE9FF4784
S21402C3F0DDF83890DDF848800C46064617469A4621
S21402C400D7F7A8F90C9BC6F860902246009301461F
S21402C410CDE90187054653463046FFF739FF044605
S21402C420C8B90D9A4B4629463046FFF7DFFE3FB1A4
S21402C430109B00933A460F9B29463046D7F718FAC8
S21402C440119A434629463046D7F7B6F9044610B93C
S21402C4502846D7F789F9204604B0BDE8F0872DE9CB
S21402C460F8431546894607469846D7F773F90023D8
S21402C470436003600446FFF767FCB9F1100F14BF70
S21402C480102208223946064604F180072046FFF7A6
S21402C49005FD41463846FFF7AFFC3046FFF758FC2D
S21402C4A0012D0CBF05230623A360256915F002059E
S21402C4B0FBD1FFF749FC089906463846FFF7B9FC58
S21402C4C03046FFF745FC2046D7F74EF92846BDE82A
S21402C4D0F8832DE9F04190461E46054678B38B4216
S21402C4E02DD1D7F737F90023436003600446FFF7E0
S21402C4F02BFC102E074614BF10220822294620467F
S21402C500FFF7CCFC3846FFF723FC0523A36025691A
S21402C51015F00205FBD1FFF717FC102E14BF1022F0
S21402C5200822414607462046FFF700FD3846FFF739
S21402C5300FFC2046D7F718F92846BDE8F0816FF0C1
S21402C5408600FAE770470020704700207047C368ED
S21402C5501944836853F8210030F8023B1360704791
S21402C56010B5012380F888300378044653B100F0F2
S21402C57064FA21462046D7F709FE2046BDE8104059
S21402C58000F050BA10BD38B50D460446D7F7E6FDA2
S21402C5906B68C4F8B032A968204600F098F94FF0EC
S21402C5A0FF33C4F8B4322046FFF7CDFF38BDD0F8CB
S21402C5B0B432013310B5044601D0002010BD00F09D
S21402C5C0BFFAC4F8B4020130F7D194F8B80280F08A
S21402C5D00100F3E708B5D7F7FBFD08BD0A782D2A58
S21402C5E008BF012200F1FF300CBF89180022D7F7DE
S21402C5F039BE07281BD8DFE800F0060A0D1013150F
S21402C60004170120704700220820D7F72BBE00220D
S21402C6101020FAE700222020F7E70820FFF7DEBF07
S21402C6201020FBE72020F9E70846D7F77DBE00205A
S21402C63070472DE9F7430728DDE90A760C4690464F
S21402C6401D4608D8013806280AD8DFE800F01D275C
S21402C650303A44574A00212850D003B0BDE8F08350
S21402C660002211462046FEF7B5FD3368C0B205EB40
S21402C67083013A6845F82300013348F822103360F4
S21402C6803B6801333B60E8E7002211462046FEF78E
S21402C690A1FD336880B205EB8301EAE7002211466A
S21402C6A02046FEF797FD336805EB8301E1E700229B
S21402C6B011462046FEF712FD336840B205EB8301B1
S21402C6C0D7E7002211462046FEF708FD336800B27F
S21402C6D005EB8301CDE7002211462046FEF7FEFC5D
S21402C6E0E1E700238DF8063089461E461D4619F8F6
S21402C6F0013F7D2B06D125702D0A65703B6848F8F0
S21402C7002340BDE7202BF2D006F00102013612B913
S21402C7108DF80430EBE71022002101A88DF80530D1
S21402C720FEF7DCFC631901359870ADB2DFE72DE940
S21402C730F04F9B4685B000238B45CDE902338146F8
S21402C740884692466BDC1A461E4619F80340FF2CB2
S21402C75008D15B4496B1013B434516DD2B2005B05C
S21402C760BDE8F08F172C04D8102C28BF0122013305
S21402C770EBE7203C012C98BF0126F8E762B1013BAB
S21402C7804345EBDC3546374602E000252F462E466B
S21402C790454504DB0020E2E79845F3D0DEE75D4539
S21402C7A03BDB19F80730202B18D109EB07035B781F
S21402C7B0FF2BD3D1CEB95AF825102046FFF719FF22
S21402C7C078B303AB019302AB00935AF82510DDE968
S21402C7D00E232046FFF72DFF0135D9E7212B0ED178
S21402C7E009EB07035B78FF2BB8D1029B0E995AF828
S21402C7F0252041F82320013302930126ECE7A3F11A
S21402C8001004072C02D901371C46D3E709EB0703AD
S21402C8105B78FF2BA2D1E4B2CCE70624CAE721203C
S21402C8209DE726209BE72DE9F04F85B0DDE90FABAB
S21402C830DDF8449007460E4615469846044620689C
S21402C84008B3DAF80020D8F800108A421BDA0E9BEA
S21402C85053F82210D4F71CFD48BBDAF80020013248
S21402C860CAF800206268117BFE291BD10E9B106855
S21402C8700093CDE902B9CDF804A043462A46012129
S21402C880FFF7D1FF04462B7843B999F800302BB94D
S21402C8907EB1012389F800303C462B70204605B055
S21402C8A0BDE8F08F01238BF800302B70EBE70C34D9
S21402C8B0C5E73446F2E710B50446236803B910BD4F
S21402C8C0237A13B92046D7F765FD0C34F5E710B581
S21402C8D041B10A7932B901249C300C71FFF736F85F
S21402C8E0204610BD0020FCE72DE9F041BAB005460F
S21402C8F00AAA084603A900F05FF90446B0B90DF18A
S21402C9000A0301930DF10B038DF80A0000930AAA9D
S21402C91004AB03A92846D7F703FF9DF80A20B2B155
S21402C9209DF80B2048B12AB1D7F734FD20463AB01D
S21402C930BDE8F081FFF7BFFFF8E7D5F89C50002D61
S21402C940F4D0A86808B1FFF7B6FF2D68F7E700B382
S21402C950466803991AAB06F10C082AAF01930097B2
S21402C960049B0AAA4046FFF7E2FE04460028DDD1F1
S21402C970039B0595CDE90637049B05A8CDE9083843
S21402C980DAF752FC05A83368984705A800F0ACFC15
S21402C990CCE72D24CAE710B50446AC3007F03CFBC2
S21402C9A004F1AB031A180020934200D110BD13F80D
S21402C9B0011F0029FAD00A2908BF0130F4E7002334
S21402C9C0F0B50B6013600646D0F8AC0278B196F864
S21402C9D0AC0060B1012406F1AC07D6F8AC02844282
S21402C9E011D306F1AC00B3F5007F11D30120F0BDE0
S21402C9F00D6801350D60156801351560F85C0A286A
S21402CA0003F1010302D0B3F5007FF1D30134E4E76A
S21402CA10C15C0A29EAD00029E8D011680131116008
S21402CA200133E0E710B5D0F88C200021044607F069
S21402CA30BFFA0023C4E9243310BD73B5044600F1DF
S21402CA40AC0580212046FEF796FF4FF4007106469D
S21402CA502846FEF790FF0136C0F500708642204653
S21402CA601FD807F0D9FA0646284607F0D5FA013647
S21402CA70421C2946A81907F081FA204607F0CCFA8C
S21402CA8021460246284607F0B9FA204607F0C4FABD
S21402CA9020440A2380F8AC300023C4F8AC3202B03B
S21402CAA070BDFFF778FF01AAC4F8AC0269462046BB
S21402CAB0FFF785FF009B2344002283F8AC20C0E7E3
S21402CAC073B50D460446FFF766FF6B1C1FD1D4F8FC
S21402CAD0AC3213B1013BC4F8AC320025204607F055
S21402CAE09BFAA8421BD82046FFF79CFFD4F8AC322C
S21402CAF05BB101AA69462046FFF761FF28B1009D97
S21402CB0004F1AC06019BAB4214D802B070BD012DF5
S21402CB10FBD1D4F8AC328342F7D20133DBE70820EC
S21402CB2000F01DF8202000F01AF8082000F017F890
S21402CB300135D3E7715D2046D7F724FF0135E1E7DB
S21402CB4007B500200DF1070100F0EFF820B99DF8B7
S21402CB50070003B05DF804FB4FF0FF30F9E710B5AD
S21402CB60C1B20446002000F0D0F800280CBF2046D0
S21402CB704FF0FF3010BD0FB407B504A951F8040BEF
S21402CB800191E3F74FF8002003B05DF804EB04B020
S21402CB90704710B54C1C0B460119045D222C03D0BD
S21402CBA07B2C01D05C2C05D1D21A184407F0E6F98A
S21402CBB0012010BD0020FCE72DE9F047054691460E
S21402CBC0884607F029FA2A4606461346013219789D
S21402CBD02029FAD0C9F800305C1B0123C8F80030BF
S21402CBE06FF0404AA64201D8002015E02F5D7B2F49
S21402CBF005EB040112D0222F2ED1D8F80030621C89
S21402CC0053442A4449F82320012C09D911F8013C3F
S21402CC1013F0DF0F04D02120BDE8F0877D27F3E76D
S21402CC2001342B5DBB4209D12B195B7813F0DF036D
S21402CC30F1D1222F00D12B550134D3E75C2B07D13B
S21402CC40324621462846FFF7A4FF0028E3D0013EDD
S21402CC500134A642E5D8DEE75C2F08D132462146EB
S21402CC602846FFF796FF0028D5D0013EE4E7202F9E
S21402CC70E2D1631C0022B3420A70DDD2EA18EB5CF2
S21402CC80202BD9D0D8F800300F2B05DC49F823200A
S21402CC900133C8F80030CFE71E20BDE713B50223E4
S21402CCA00024684600948DF804408DF80530D5F7C8
S21402CCB02DFE204602B010BD70B50C46154610B9C2
S21402CCC0D7F7D6FF38B143682BB12A46214600680B
S21402CCD0BDE870401847232070BDF7B50D461646CE
S21402CCE01C4648B103B901AC87685FB12346324699
S21402CCF029460068B84706E0D7F7BAFF04B901AC80
S21402CD000028F1D1232003B0F0BD07B501228DF82B
S21402CD1007100DF10701FFF7CFFF03B05DF804FB24
S21402CD200B4601461846FFF7F0BF00230122FFF725
S21402CD30D4BF0EB403B503AA52F8041B0192D7F768
S21402CD40A3FF02B05DF804EB03B07047034670B170
S21402CD5090F8382090F83C002AB1022803D101222C
S21402CD6083F83C20704704284FF00102F8D00120D7
S21402CD70704780F82C10704790F82C00704790F897
S21402CD8039007047037A3022534303F1804303F598
S21402CD906223D3F89410D0E903231344994214BFB4
S21402CDA0084610467047F8B590F8393004460D46E6
S21402CDB081B173B990F83A60FEF7C6FF01210546C5
S21402CDC03046D9F7CBF82846FEF7C2FF012384F88F
S21402CDD03930F8BD002BFCD090F83A70FEF7B4FF5D
S21402CDE0294606463846D9F7B9F83046FEF7B0FF68
S21402CDF084F83950EDE72DE9F8430446164690F8D4
S21402CE002C800D46FEF7ABFF94F8382003469AB105
S21402CE10FEF7ABFF94F83B90FEF796FF012107461C
S21402CE204846D9F79BF83846FEF792FFFEF797FF7B
S21402CE300022034684F838201846FEF796FF2E4452
S21402CE40B54204D1236A0121204698473CE094F873
S21402CE502D3023B3FEF783FF237E0746E3B1204639
S21402CE60FFF790FFE168D4F830C0013888423EBF31
S21402CE70206900F1FF30401803469C450BD013F89A
S21402CE800129112A01D0132A21D1A2F111035A42F3
S21402CE905A4184F8342020633846FEF766FF94F839
S21402CEA03430002BCCD0B8F1000F06D02B780A2BEA
S21402CEB003D1E3690D2120469847E36915F8011B63
S21402CEC0204698470028BBD00020BDE8F883994248
S21402CED082BF236903F1FF335B18CEE7F8B590F8FB
S21402CEE03830044603F0FF06A3B9036A3146984772
S21402CEF0012384F8383094F83B70FEF725FF31465C
S21402CF0005463846D9F72AF82846FEF721FF0223B7
S21402CF1084F83C30F8BD026CD36C43F00403D3644F
S21402CF207047026C10B5044613695906FCD50023F7
S21402CF301A4694F8491094F84800D5F7E9FF0023FA
S21402CF401A4694F84B1094F84A00D5F7E1FF94F885
S21402CF505030DA0707D5002394F84D1094F84C00A9
S21402CF601A46D5F7D5FF94F850309B0707D500230D
S21402CF7094F84F1094F84E001A46D5F7C9FF206C65
S21402CF80C36C23F00103C364C36C23F00403C364BD
S21402CF900021FFF76EF8606C0021D4F7DDFE00205A
S21402CFA010BD08B5006CFFF7F2F8002008BD036C50
S21402CFB0DA6C19B142F00102DA64704722F001021B
S21402CFC0DA6401229A64704738B50468206C056CEE
S21402CFD015F0010509D00123836403699B060FD56A
S21402CFE02046BDE83840FFF779BF042384F83C307A
S21402CFF0237E33B9C36C23F00403C3640123237670
S21402D00038BD637E23B394F82D300BB384F83550C5
S21402D0101321FFF7BCF8236CDA6C42F00402DA64E0
S21402D020DB69DBB2112B0ED1012384F83430237A6C
S21402D0303022534303F1804303F56223D3F894303E
S21402D040013B2363DCE7132BDAD184F83450EEE796
S21402D050C36C23F00403C364D2E708B5D8F7CEF84E
S21402D06080B208BD08B5D8F7C9F808BD08B5FFF7FD
S21402D070F9FFFA23B0FBF3F080B208BD0120704737
S21402D0800420704740F20160D8F782BB70477047B1
S21402D09070477047032000F020B801207047002038
S21402D0A0704749BA89B280EA0103C3F303125340B8
S21402D0B0180380B258405B0103F4FF535840704790
S21402D0C042DE704710B404460846114622465DF812
S21402D0D0044BD9F7E3BED9F723BFD9F761BF10B423
S21402D0E004460846114622465DF8044BD9F776BF39
S21402D0F0D9F7F6BF704708B50846E2F77FFD00206D
S21402D10008BD104430B5054602B930BD01F00F0324
S21402D1100A2B34BF302437242344013A05F8013D54
S21402D1200909D2B2F0E710B5FEF70EFE0446D8F7AC
S21402D13089FE2046BDE81040FEF70ABE7047FEF79D
S21402D1402BBF70477047012070474FF41670D8F710
S21402D15091BF2DE9FF410D4616461F460446A8B16B
S21402D1604FF00008C0F81C80D9F7D2FABDF82C3070
S21402D17002939DF828304246CDE90073294633468D
S21402D1802046D9F72BFA04B0BDE8F0812220FAE750
S21402D190F0B587B01F4600230D4616468DF81730A9
S21402D1A00446A8B1C3610DF11701D9F7E1FA9DF85B
S21402D1B017207AB9BDF8343002939DF830302946EC
S21402D1C0CDE9007320463346D9F708FA07B0F0BD1A
S21402D1D02220FBE70320F9E738B5FEF7C0FD054637
S21402D1E0D9F7AAFC04462846FEF7BFFD204638BDFE
S21402D1F008B5D3F731FDFEF714F9FEF721F9FEF76D
S21402D2002CF9BDE80840FEF737B908B5FEF735F940
S21402D210FEF734F9FEF734F9BDE80840FEF737B9F1
S21402D220704707B503469B0753BF6FEA01414FF6A7
S21402D230FF7343EA01416FEA11410422019120F093
S21402D24003000DEB0201FEF7BAFE03B05DF804FB25
S21402D25041EA000313F001032DE9F04104460E46AD
S21402D26015463FD1002A3BD04FF6FF7234F8131012
S21402D270914205D036F8131011B14B20BDE8F0816B
S21402D2800133AB42F2D1D5F745FF012D01D0A307FA
S21402D2900ED531882046FFF7C4FF10B1D5F74AFFF6
S21402D2A0EBE7013D012D04F1020406F102060ED958
S21402D2B025F001084FEA48073A4631462046FEF76F
S21402D2C07EFE0028EAD13C443E44A5EB08052DB17B
S21402D2D031882046FFF7A5FF0028DFD1D5F72AFFC1
S21402D2E00020CBE70120C9E701F08ABCDFF7FEBBCE
S21402D2F0FFF7C8BED0E9023253F822300021187870
S21402D300DFF732B9704705F055BF01F02CBCC36891
S21402D3108268013BDBB252F823305B78652B02D180
S21402D3200020E1F733BB6E2B01D10120F9E7662B13
S21402D33001D10220F5E7704710B50446C0B2DAF70D
S21402D34073FF200ABDE81040DAF76EBF1FB5D0E9BA
S21402D350023253F82230ADF80E10187821230093CB
S21402D36000220DF10E03032101F0D3FA05B05DF899
S21402D37004FBD0E9023253F822301878DBF75EB8A5
S21402D3807047E0F7A9B808B501F0D5FCBDE808403B
S21402D390E1F7EEB9D0E9023253F82230186801F00C
S21402D3A0C8BC0020E1F7E6BA0120E1F7E3BAC2689A
S21402D3B08368013253F822301988002908BF3C21BD
S21402D3C0FFF7C4BF0021FFF7C1BF0221DAF7CCBFC7
S21402D3D00321DAF7C9BF0521DAF7C6BF08B5014649
S21402D3E00C20DAF79DFFBDE80840DAF729BF08B53A
S21402D3F001460020DAF794FFBDE80840DAF720BFBE
S21402D40007B5C26883680432012153F822301B88AC
S21402D410ADF806300DF106020023DBF7D7FC03B0A9
S21402D4205DF804FB2DE9F04F87B00025039089468E
S21402D4301E46ADF81450ADF816504FF018081446B4
S21402D4401AB3DDF840B00DF1140A04E0DDF844B07A
S21402D45034460DF1160A00210846ECF793FBAAF8AB
S21402D460000008B300273BF81730ADF81030022250
S21402D470012304A95046ECF70BFC10F0FF0813D169
S21402D4800137FAB2A242EED315B90125002EDDD13C
S21402D490BDF848300093BDF81420BDF81630039846
S21402D4A0494601F01DFE8046404607B0BDE8F08FB3
S21402D4B008B5FFF71FFEBDE80840EDF721B810B526
S21402D4C01446DBF7CFFF2146BDE81040ECF7C6BC9A
S21402D4D008B5DBF7C7FFBDE808400021ECF7BEBC85
S21402D4E008B5DBF7BFFFBDE80840ECF753BD08B54B
S21402D4F0DBF7B8FFBDE80840ECF79CBC704708B500
S21402D500FFF7F8FDFFF7FAFFFEF784F9BDE80840DB
S21402D510DBF7F4BF704738B50546FEF715FC012168
S21402D52004462846D8F71AFD2046BDE83840FEF7DE
S21402D5300FBC012070470120704708B5DCF7BEF823
S21402D54000280CBF0420012008BD704770B50446B1
S21402D5500D46164601F052FB324629462046FEF795
S21402D5605AF9324629462046FFF7EFFFBDE87040DB
S21402D57001F046BB2DE9F34104469DF820800D4696
S21402D58016461F4601F03AFBCDF800803B4632466F
S21402D5902946204600F0DBFE02B0BDE8F04101F06D
S21402D5A02FBB2DE9F04104460D4616461F4601F0F4
S21402D5B025FB3B46324629462046DEF785FD3B469E
S21402D5C08046324629462046FEF728F901F018FB27
S21402D5D04046BDE8F081704708B501F00FFBFEF744
S21402D5E01EF9FFF7F8FFBDE8084001F009BB01206D
S21402D5F070472DE9F04104460D4616461F4601F0D7
S21402D600FDFA3B46324629462046FFF7F0FF3B46E8
S21402D6108046324629462046FEF703F901F0F0FA24
S21402D6204046BDE8F081012070472DE9F0410446EE
S21402D6300D4616461F4601F0E1FA3B46324629469B
S21402D6402046FFF7F0FF3B468046324629462046F4
S21402D650FEF7E8F801F0D4FA4046BDE8F0812DE97D
S21402D660F743DDF82C909DF8288004460D461646B2
S21402D6701F4601F0C3FACDE900893B4632462946E9
S21402D6802046FEF7D0F803B0BDE8F04301F0B8BA82
S21402D69000207047F8B504460D46164601F0AEFA6D
S21402D6A0324629462046FFF7F3FF3246074629460A
S21402D6B02046FEF7B9F801F0A3FA3846F8BD38B5A9
S21402D6C004460D4601F09AFA29462046FEF7ADF8C2
S21402D6D0BDE8384001F094BA10B5044601F08EFA5F
S21402D6E02046FEF7A3F82046D3F74AFABDE81040D4
S21402D6F001F086BA704738B504460D4601F07EFA48
S21402D70029462046FEF79BF829462046FFF7F2FFF9
S21402D710BDE8384001F074BA704770B504460D464D
S21402D720164601F06BFA324629462046FEF789F87D
S21402D730324629462046FFF7EFFFBDE8704001F06B
S21402D7405FBA704738B504460D4601F057FA2946C7
S21402D7502046FEF778F829462046FFF7F2FFBDE896
S21402D760384001F04DBA704738B504460D4601F010
S21402D77045FA29462046FEF768F829462046FFF76E
S21402D780F2FFBDE8384001F03BBA704738B50446B0
S21402D79001F034FA204600F088FD05462046FEF7E2
S21402D7A055F829462046FFF7F0FF01F029FA2846E9
S21402D7B038BD704738B5044601F020FA2046DFF738
S21402D7C06DF905462046FEF742F829462046FFF741
S21402D7D0F0FF01F015FA284638BD704710B504462A
S21402D7E001F00CFA2046FEF733F82046FFF7F5FF65
S21402D7F0BDE8104001F004BA704738B504460D463D
S21402D80001F0FCF929462046FEF723F82946204671
S21402D810FFF7F2FFBDE8384001F0F2B9704770B585
S21402D82004460D46164601F0E9F9324629462046D8
S21402D830FEF710F8324629462046FFF7EFFFBDE80E
S21402D840704001F0DDB9704738B504460D4601F068
S21402D850D5F929462046FDF7FEFF29462046FFF762
S21402D860F2FFBDE8384001F0CBB9704738B5044640
S21402D8700D4601F0C3F929462046FDF7EDFF29467D
S21402D8802046FFF7F2FFBDE8384001F0B9B970470D
S21402D89010B5044601F0B2F92046FDF7DEFF204639
S21402D8A0FFF7F5FFBDE8104001F0AAB9704710B5C2
S21402D8B0044601F0A3F92046FDF7D0FF2046FFF705
S21402D8C0F5FFBDE8104001F09BB9704738B5044635
S21402D8D00D4601F093F929462046FDF7C0FF29467A
S21402D8E02046FFF7F2FFBDE8384001F089B97047DD
S21402D8F010B5044601F082F92046FDF7B1FF204636
S21402D900FFF7F5FFBDE8104001F07AB9704738B569
S21402D91004460D4601F072F929462046FDF7A1FF9E
S21402D92029462046FFF7F2FFBDE8384001F068B905
S21402D93070477FB50C46054601F060F92146284639
S21402D940FDF791FF00230DF10F008DF80E308DF8D4
S21402D9500F30F8F7FFFE0DF10E00F8F7F3FE204643
S21402D960ECF766F806462046ECF746F89DF90F20D7
S21402D9709DF80E100090F3B22846FFF7D9FF01F08B
S21402D9803FF904B070BD704770B504460D4601F00D
S21402D99035F929462046FDF767FF2046ECF748F89A
S21402D9A006462046ECF728F8F1B202462846FFF76C
S21402D9B0EAFFBDE8704001F023B9704730B504466F
S21402D9C085B001F01BF92046FDF74FFF00230DF14D
S21402D9D00F008DF80E308DF80F30F8F7BBFE0DF104
S21402D9E00E00F8F7AFFE6088ECF722F8054660886E
S21402D9F0ECF702F8EDB2019000959DF90F309DF814
S21402DA000E2061782078FFF7D8FF01F0F9F805B00C
S21402DA1030BDB5207047B520704738B5044601F0D2
S21402DA20EDF82046FFF7F7FF05462046FDF71EFFF6
S21402DA302046FFF7EEFF01F0E3F8284638BD7047B0
S21402DA4010B5044601F0DAF82046FDF710FF20462E
S21402DA50FFF7F5FFBDE8104001F0D2B882B002AB86
S21402DA6003E9060002B0704737B505466C4684E8FF
S21402DA70060001F0C3F894E806002846FDF7F8FE13
S21402DA8094E806002846FFF7E9FF03B0BDE83040F9
S21402DA9001F0B6B8002070470020704738B504463B
S21402DAA001F0ACF82046FFF7F7FF05462046FDF7E3
S21402DAB0E8FE2046FFF7EEFF01F0A2F8284638BD42
S21402DAC0704708B5FDF7DEFEFFF7FAFF08BD08B59A
S21402DAD001F094F8FDF7D7FEFDF798FCBDE8084084
S21402DAE001F08EB80020704770470B68DA7B10B5DD
S21402DAF00AB1812010BDDC7C002CFAD1DBF754FE83
S21402DB000028F6D02046F5E7704708B5DBF766FE34
S21402DB10BDE80840DBF766BFDBF760BE7047DBF7A1
S21402DB2061BFDBF767BF08B5DBF75CFFBDE80840FF
S21402DB30DBF760BF0121DBF7A1BF0221DBF79EBF47
S21402DB400421DBF79BBF0821DBF798BF1021DBF728
S21402DB5095BF70477047002070471378032B10B5A7
S21402DB600CD15479CBB29C4208D19379B3EB112FE6
S21402DB7004D153781B1A5842584110BD0020FCE7C6
S21402DB807FB505460E4600246946E0B205F003FB63
S21402DB9028B96A4631462846FFF7DFFF18B901342E
S21402DBA00A2CF1D1002004B070BDFFF7E9BF086867
S21402DBB008B5C37B0BB1812008BDC37C052BFAD800
S21402DBC0DFE803F003150C120F09DCF72FF8002824
S21402DBD0F1D00020F0E7DCF77FFAF8E7DCF7C0F8D0
S21402DBE0F5E7DCF71BFAF2E7DCF79AF9EFE7DCF782
S21402DBF05FF8ECE770477047DCF732BB13B50DF100
S21402DC0006010446DCF7FAFA38B9BDF8061009B17F
S21402DC10013989B22046DCF709FB02B010BD09B90A
S21402DC20DCF71EBB7047086808B5C37B0BB18120C2
S21402DC3008BDC37C23B1012BF9D1DCF771FB01E0EF
S21402DC40DCF744FB0028F2D00020F1E70020704702
S21402DC50DCF7C2BC7047FFF7FDBF08B50B68DA7B7E
S21402DC600AB1812008BDDB7C012B09D0022B0AD029
S21402DC70002BF6D1DDF7FCF80028F2D00020F1E701
S21402DC80DDF706F9F8E7DDF713F9F5E713B5002334
S21402DC900C46CDE9003301461A46E0B2DDF718F924
S21402DCA002B010BD13B50023144601900093012262
S21402DCB0E0B2DDF70DF902B010BD0020704710B5D6
S21402DCC086B002A90446D3F75FF970B9059B0193A3
S21402DCD0049B00939DF80A20BDF80C30BDF808108E
S21402DCE02046DDF781FC06B010BD0020FBE713B529
S21402DCF001A90446D3F736F940B99DF80620BDF8C7
S21402DD0004102046DDF778FD02B010BD0020FBE7C8
S21402DD10086808B5C37B0BB1812008BDC37C062BFF
S21402DD20FAD8DFE803F004191310160D0A00FFF7FD
S21402DD30C6FF0028F0D00020EFE7DDF785FBF8E706
S21402DD40DDF73AFFF5E7DDF7F9FAF2E7DDF766FA0F
S21402DD50EFE7DDF7B1FEECE7FFF7C9FFE9E7D0E949
S21402DD60023253F822301868DEF738B8086810B561
S21402DD70C47B0CB1812010BDC37C402BFAD1DEF7E8
S21402DD806FF80028F6D02046F5E77047194491420E
S21402DD900ADC4218002003B9704712F8011D013B45
S21402DDA001EB0020DBB2F6E7002070472DE9F04FCA
S21402DDB085B007460E46144600934FF0000A009BB5
S21402DDC01A785FFA8AF39A4203D8002005B0BDE8B3
S21402DDD0F08F009A02EB430307EB040893F80190D6
S21402DDE093F802B019F0400309F03F0504D0631916
S21402DDF0B34217DC2B4634E0042D07D865B1AB1EC0
S21402DE00022B0BD8DFE803F01F3746003E2D4DD01D
S21402DE103F2D5FD03D2D61D00320D7E7B4424FF0AF
S21402DE200105E7D319F0800F65D00E9B2A4603EB57
S21402DE300B00002106F0BCF83446002323449CB2B3
S21402DE400AF1010ABBE7A31CB342EBDC022332460B
S21402DE5021463846FFF79AFF0DF10A08ADF80A0088
S21402DE60022301930E9B2A4603EB0B00414606F063
S21402DE70C5F8019BE2E7E31CB3423ADC03233246D1
S21402DE8021463846FFF782FF0425039003230DF14F
S21402DE900C08E6E7231DB342C4DC042332462146BF
S21402DEA03846FFF773FF04230390F0E7731E9C4285
S21402DEB01FDA0223324621463846FFF767FF4FF63F
S21402DEC0FF7380B298421ABF023083B202231A1935
S21402DED096420EDB0E9A42F80B80AFE7B44208D2A7
S21402DEE098F80030FF2B14BF01330123E218B24228
S21402DEF0F0DD042596E7022068E710B586B00881B3
S21402DF00089C04940024CDE902440124CDE900349F
S21402DF1013460A4601460320DEF740F906B010BD56
S21402DF2013B500240094FFF7E8FF02B010BD2DE9F8
S21402DF30FF410E461746054680B379B372B34FF0DB
S21402DF40000869465FFA88F005F025F9044640B9EC
S21402DF509DF80030032B08D008F10108B8F10A0F2B
S21402DF60EFD1204604B0BDE8F0819DF801202B7960
S21402DF709A42F1D1BDF802206B889A42ECD19DF804
S21402DF800430BDF805006B7128813B4632462946AF
S21402DF90FFF7C6FF0028DFD00446E2E70224E0E7E8
S21402DFA010B586B0089C04940024CDE902440124EE
S21402DFB0CDE9003413460A4601460620DEF7EEF89F
S21402DFC006B010BD13B500240094FFF7E9FF02B0B7
S21402DFD010BDF0B502288BB005460E4614461F4605
S21402DFE00AD106A9F0B205F0D6F898B99DF819300C
S21402DFF023719DF81C306371119B04930023CDE9B5
S21402E00002330193109B009322463B463146284634
S21402E010DEF7C4F80BB0F0BD13B500240194049CDF
S21402E0200094FFF7D6FF02B010BD2DE9F043054677
S21402E0308BB00F4690469946002606A9F0B205F028
S21402E040AAF8044630B99DF81830012B06D00136DE
S21402E0500A2EF2D120460BB0BDE8F0839DF81920B7
S21402E0602B799A42F3D1BDF81A206B889A42EED1E8
S21402E0709DF81C306B712A46CDE90309CDE90100F3
S21402E080CDF800803B46B1B20220DEF787F80028C2
S21402E090DDD00446DEE70023FFF7C7BF10B504460F
S21402E0A0DEF716FD631E04F10F02002113F8010FBE
S21402E0B0FF2808BF19709342F8D10023237410BDBD
S21402E0C02DE9F04788B099460C469246BDF8408046
S21402E0D0119F0646F8F746FBCDE9034705468DF83D
S21402E0E00860ADF81480ADF816008DF818A08DF80B
S21402E0F0199000F05FF98DF81A0000F05DF9002320
S21402E1008DF81B0002A88DF81C3000F01FFDA8B980
S21402E11043463A4621462846E0F79AF970B94346FE
S21402E1203A4621462846DEF757FA38B9CDE9005076
S21402E13043463A4631462046E0F71AFD08B0BDE8A7
S21402E140F0870020704770B506461D46DEF7B4FB22
S21402E150044608B9022070BD3046DEF735FE0028B8
S21402E160F8D0A0682A46FF21FFF7A9F99DF81030DB
S21402E17063719DF81430A3710020ECE713B59DF887
S21402E1801040CDE9003413460022FFF7DCFF02B050
S21402E19010BD07B500230093FFF7F0FF03B05DF84C
S21402E1A004FB08B5DEF788FB28B18068FF21FFF77D
S21402E1B097F9002008BD0220FCE70022FFF7F1BF16
S21402E1C01FB50B466A460146184604F065FC6A46C9
S21402E1D00823002032F8021B013B13F0FF0380EAFB
S21402E1E00100F7D1012838BF012080B205B05DF8E2
S21402E1F004FB2DE9F74F9846DDE90C3B07460E4631
S21402E2001446414600221846BDF838909DF83CA0B8
S21402E210019303F0E9FA0546002840D0019B4146E7
S21402E2201846FFF7CDFFABF80000062F3BD8DFE815
S21402E23007F00404040D162A21002B462246314616
S21402E240384603B0BDE8F04FF3F718BB0C222B4656
S21402E2501146204603B0BDE8F04FF3F7F9BAE27A6A
S21402E2602B4611462046CDE90C9A03B0BDE8F04F86
S21402E270F3F7CCBA2B460C222146304603B0BDE853
S21402E280F04F04F041BE0D95E37A0C9352462346B6
S21402E2903146484603B0BDE8F04FF3F7A1BA18205E
S21402E2A003B0BDE8F08F0220FAE77FB5054603F01B
S21402E2B041FD48B16B88B3F5006F05D1681D04B007
S21402E2C0BDE8704000F039BC284600F050FC044619
S21402E2D0B8B9E6B26946304604F05DFF9DF80030F4
S21402E2E01843C0B248B929463046F6F7FBFA10B1D1
S21402E2F0752806D08C2004B070BD01340A2CE8D1F3
S21402E300F8E78D20F7E72DE9F04385B005460DF1D5
S21402E3100E0014460E46F8F715FA0DF10F00F8F740
S21402E32019FA20469DF80E809DF90F90EBF780FBB8
S21402E33007462046EBF760FB4B46CDE900704246A7
S21402E34031462846FFF7BCFE05B0BDE8F0832DE94E
S21402E350FF47054618461E4690460F469DF830A0D3
S21402E360EBF74AFB81463046EBF762FB0446514622
S21402E3702846E4B2FBF7AAFD21464846FFF720FFEF
S21402E3805346CDE901904246394628460094DEF7C8
S21402E390DFF93346424639462846CDF830A004B067
S21402E3A0BDE8F047FDF739BA03F0C4BC03F0DFBCA2
S21402E3B0EBF75CBFF3F7D8BA1FB56846F8F7E0F993
S21402E3C0C8B902A9F6F710FC082269460DEB02004E
S21402E3D005F0C4FD10B9002004B010BD02A901204A
S21402E3E0F6F702FC082269460DEB020005F0B6FDC0
S21402E3F090B90120F0E7F8F7B5F94FF6FF739842A7
S21402E400044609D00020F6F707FC8442E3D0012038
S21402E410F6F702FC8442ECD0FF20DDE7DEF7ECBA2A
S21402E420DEF7A8BADEF7CABA10B504460846EBF716
S21402E43051FF2046BDE81040EEF7B8B8EEF7B6B882
S21402E440EBF7BEBE002070470A20704708B5EBF710
S21402E4508FF8C0F3471008BD08B5EBF7C7F8C0F34E
S21402E460471008BDEDF71EBD7047DEF789BB70B5D5
S21402E47006460C46154600F025F860B10CB9002099
S21402E48070BD002DFBD0204600F0A4FB013080B208
S21402E490A842F4D8F4E7304600F01AF840B1002C4F
S21402E4A0EDD0012DEBD9204600F099FB0230EEE7C5
S21402E4B03046DEF723FBEBE7413803288CBF00200B
S21402E4C001207047413801288CBF00200120704788
S21402E4D0433801288CBF0020012070470020704777
S21402E4E0002070470388B3F57C4F01D3FFF7F8BFCF
S21402E4F00846FFF7F3BF10B54A880488A2420DD13A
S21402E500037B0C79234009D0B2F57C4F08D3FFF782
S21402E510E7FF0B891B1A5842584110BD0020FCE742
S21402E5200120FAE738B50D88D488A5420AD10388B7
S21402E530B3F57C4F08D2FFF7D5FF13891B1A584252
S21402E540584138BD0020FCE70120FAE72DE9F041EA
S21402E5500779064600254FF01408E8B2874201D82C
S21402E56000241AE0D6F800C008FB05F00CEB000405
S21402E5703CF8000081421AD132B1802A10D194F9B7
S21402E5800CC0BCF1000F12DAB0F57C4F05D3204662
S21402E590FFF7A6FF834200D04BB92046BDE8F081C4
S21402E5A0402A04D194F80CC01CF0400FECD101357F
S21402E5B0D3E70121DEF7B4BA08B513460022DEF728
S21402E5C015FC003818BF012008BD08B513464022C6
S21402E5D0DEF70CFC003818BF012008BD08B513464C
S21402E5E08022DEF703FC003818BF012008BD08B5FC
S21402E5F040220023DEF7FAFB003818BF012008BDD0
S21402E6000023DEF7F3BB0021DEF78ABA4022DEF7EC
S21402E61015BC0021DEF780BC10B501210446DEF7EA
S21402E6207BFC2046BDE81040FDF72EB97047F8B5D2
S21402E63016461F469DF81820BDF81C300546DEF724
S21402E640D5FB78B10421DEF7EDFC044650B128462E
S21402E65000F0E2FA3A4631462846A047BDE8F840BE
S21402E66000F0CEBAF8BD2DE9F74FDDF830909DF8F0
S21402E67034B01E460746BDF83830884614462AB3DC
S21402E680B9F1000F22D00EB392F804A099F8002038
S21402E690618812F0080F0CBF802240225046DEF737
S21402E6A0A5FB98B10821DEF7BDFC054670B15046C1
S21402E6B000F0B2FACDE9009B334622464146384680
S21402E6C0A84703B0BDE8F04F00F09ABA03B0BDE821
S21402E6D0F08FF8B5BDF8187016461A463B46044643
S21402E6E0DEF784FBE0B177B90221DEF79BFC054634
S21402E6F0B0B1204600F090FA31462046A847BDE861
S21402E700F84000F07DBA1021DEF78CFC054638B1E1
S21402E710204600F081FA3A4631462046A847EEE700
S21402E720F8BD73B5BDF8184016461A462346054688
S21402E730DEF75CFBB8B1C4B92021DEF773FC0446F1
S21402E74070B1284600F068FA099B00939DF81C20D9
S21402E7509DF8203031462846A047044600F050FA7D
S21402E760204602B070BD8624FAE70024F8E72DE9B9
S21402E770F04186680446007800F04EFA0025142719
S21402E7803279EBB29A4203D8BDE8F04100F038BACB
S21402E7907B4332682078D15A02EB030800F0ABF9CB
S21402E7A001214046DEF73EFC034608B12078984732
S21402E7B00135E5E72DE9F04F89B01C46BDF84880E3
S21402E7C09DF84C3001939DF8503002939246434692
S21402E7D0224607460D46DEF709FB8DF81470ADF8A3
S21402E7E016508DF81840ADF81AA0ADF81C800646F3
S21402E7F018B9012009B0BDE8F08F05A9FFF77BFE26
S21402E8000028F6D000252F46A8462C4634E00C23D6
S21402E81031881FFA85F903FB09F97368B1F57C4F55
S21402E82033F8092003EB090B1AD333F809005045D5
S21402E8302CD3019BA3422DD900F0A8F99BF8020025
S21402E840DFF70CF8029B43B19BF8043013F0010F7C
S21402E8500CBF05200720DFF701F80134A4B219E047
S21402E860ADF81A20594605AA30460393FFF75AFE1A
S21402E870039B0028D9D101353289ABB29A42C6D859
S21402E88004EB0800C31B58425841B3E708F10108DD
S21402E8901FFA88F80137BFB2EDE72DE9F04786B0D8
S21402E8A00446DDF83C909DF840A0BDF83880CDF8CF
S21402E8B00080CDE9019A0D4616461F4600F013F970
S21402E8C0A8B1431EDBB2012B0ED800230493831E8D
S21402E8D058425841CDE902A0CDE900893B4632466E
S21402E8E029462046DEF7E8FC06B0BDE8F0870120A0
S21402E8F0FAE730B587B000240125CDE903549DF828
S21402E9002C5002950A9DCDE90045DEF7D5FC07B0EE
S21402E91030BD30B587B000240125CDE903549DF8FB
S21402E92028500094CDE901354023DEF7C5FC07B038
S21402E93030BD10B586B04FF0010C0024CDE9034C73
S21402E9409DF828400294099C0194BDF8204000944A
S21402E950DEF7B2FC06B010BD1FB5089C03949DF806
S21402E9601C400294069C019400240094DEF788FD65
S21402E97004B010BD30B585B000249DF82050039435
S21402E980CDE9013500944023DEF77AFD05B030BDAF
S21402E9902DE9F84F02290C9D0746884604D84FF009
S21402E9A0000A5046BDE8F88F1BBB02700124DFF751
S21402E9B0D7FF04F1020A385501349DF828303B553A
S21402E9C04FF000090B9A5FFA89F3D45C002CE8D06A
S21402E9D0732C18D82E464C2C56F804BB45D0532C14
S21402E9E01DD0622C4DD1AC8805F1080600231A46CC
S21402E9F01EE00429D3D942F0040243701B0A0270B7
S21402EA0083700324D3E7A4F17503032BC7D8763C9F
S21402EA102E1D022C52D8DFE804F0565A58006A68B7
S21402EA2094B2D2B2B2F1FF0305F1080618BF012371
S21402EA300AEB040119448845B1DB50461946002901
S21402EA4047D153441FFA83FA5CB1BBF1000FA6D03C
S21402EA50224607EB0A00594605F0D0FA54441FFA3C
S21402EA6084FA09F101093546ACE76A684FF6FF7386
S21402EA7094B205F1080622469C4214BF02230023E4
S21402EA80D6E76C2C05D1584600F0A9F8841CA4B22F
S21402EA90ACE7732C04D1584600F09CF8441CF6E709
S21402EAA0A4F13003DAB2092A01D89CB29EE7A4F197
S21402EAB04103062B3FF673AF373CE8E701230024F9
S21402EAC02A68A346B4E70223F9E70323F7E70423F9
S21402EAD0F5E700F1010C01393A54C9B2120A1FFADD
S21402EAE08CF0ACE770470120704701207047012088
S21402EAF07047B52070477047002070470020704767
S21402EB0000207047002070470020704700207047A2
S21402EB10002070470120704701207047B5207047DB
S21402EB200020704700207047002070470020704782
S21402EB30704700207047B5207047842070477047A2
S21402EB400020704700207047002070470020704762
S21402EB500020704700207047002070470020704752
S21402EB60002070477047B52070470020704700208D
S21402EB707047704700207047704770477047B5204F
S21402EB8070477047704700207047704738B5054693
S21402EB90C0B2DEF763FE0446280ADEF75FFE14B153
S21402EBA0002808BF0024204638BD10B4CC18944272
S21402EBB003DC5DF8044BFFF7E9B800205DF8044B70
S21402EBC070470423FFF7F1BF08B50223FFF7EDFFF6
S21402EBD080B208BD0078FF2808BF0020704708B53D
S21402EBE002220021FFF7F0FF4FF6FF73984208BF9C
S21402EBF0002008BD002818BF70207047002070470C
S21402EC000020704708B5FFF7D4FCFF284FF0FF300E
S21402EC1018BF0020C0B208BD08B5FFF7F3FFFF28F3
S21402EC200CBFA320002008BDF8B506460C461546C4
S21402EC301F4600F011F810B12544AC4200D1F8BDD1
S21402EC4014F8012B39463046DEF7D8FEF5E70146C2
S21402EC5000220220DEF762BE0120704773B5064628
S21402EC60DDF77AFA81250446019614B9284602B0E1
S21402EC7070BD2378B3B9336862685B889A4211D153
S21402EC80A368F27B99B292B1328A91420AD1727D1E
S21402EC90B2EB134F06D1E36801A90020984710F0A3
S21402ECA0FF05E3D02046DDF75FFA0446DDE74FF6C0
S21402ECB0FF72EAE738B50446436808460D469847A9
S21402ECC0B4F90830002B02DB2B78042B06D1002384
S21402ECD063602046BDE83840DFF746BA38BDF0B577
S21402ECE0044685B00D462020002117461E46EAF748
S21402ECF049FFADF80E00D0B102210DF10E0002F070
S21402ED00A7FE3A460021BDF80E0002F017FFBDF836
S21402ED100E20002E4FF48A53009329460ABF13464C
S21402ED2000230022204600F0DBF905B0F0BD1820D3
S21402ED30FBE7FFF723BFFFF7F3BE1FB502230093DF
S21402ED4000220DF10E030321FFF714FE38B9BDF8B9
S21402ED500E00003818BF012005B05DF804FB002045
S21402ED60FAE708B5EDF778F820B9EBF77FFA08B9B5
S21402ED70FFF7BFFEFFF7F6FEBDE80840FFF702BF4B
S21402ED800020DFF72FBE0021DFF7C4BE0022DFF728
S21402ED9083BED28812F0200F10B503460CBF522451
S21402EDA049240846510544BF083CE4B2110544BF55
S21402EDB0083CE4B2120444BF023CE4B2032B11D86E
S21402EDC0DFE803F005020A0EC0B2F5F725FFFFF7EB
S21402EDD0B0FE201AC0B210BDC0B2F5F735FDF6E798
S21402EDE0013CE4B24FF6FD70F1E7F8B50646174669
S21402EDF00D4681B10C78FF2C0BD00846FFF7EAFED1
S21402EE00B84228BF3846C4B22246691C701C05F0B8
S21402EE10B5F83470F8BD0C46FBE770B504461546E7
S21402EE200E4611B94170017070BD0B78FF2B05D1EB
S21402EE304B78FF2B02D103704370F5E73046FFF79D
S21402EE40CEFEA84228BF284685B22A46B11CA01C80
S21402EE5005F094F825702D0A6570E5E7F0B523B93C
S21402EE60013A531C2FD1002020E0042AFBD80023AD
S21402EE70551E1C466E1C1AD1042A10D0D20001213F
S21402EE80501E01FA00F020421EBF914049420C4338
S21402EE9018421EBF4FF0FF3101FA02F213439C42A2
S21402EEA016DCB4BF4FF0FF30002040B2F0BD40B1D8
S21402EEB0465DEF00BE4034434E5DBE403343013DE7
S21402EEC0D8E70646F5E78C5C20B1835CA34202D9FC
S21402EED00120EBE70346A34202F1FF32C1D24FF014
S21402EEE0FF30E3E7283807288CBF00200120704750
S21402EEF01D2813D004D860B11C2805D08A2070477C
S21402EF001E38C0B20128F9D81B2934BF00208A2037
S21402EF1070470B390F2988BF8A2070470929F4E702
S21402EF2038B5C36819448368144653F821501AB199
S21402EF30284605F071F82070284638BD2DE9F341C1
S21402EF4016460DF107021C469DF82050FFF7E8FF13
S21402EF509DF80730A34288BF8DF807409DF80770DA
S21402EF6080460DB1E41BE5B22A460021304605F084
S21402EF701FF83A464146701905F000F8384602B0C6
S21402EF80BDE8F0812DE9F341164601AA1D469DF81B
S21402EF902040FDF7DCFA019B9D4238BF0195019F98
S21402EFA0804604B1EC1B22460021304605F000F8EC
S21402EFB03A464146301904F0E1FFF8B202B0BDE825
S21402EFC0F08173B51546002401AA1E460194FDF78A
S21402EFD0BEFA019B072B0AD92146CCB216B1C4F160
S21402EFE00704E4B2425C2A5501310829F5D1D8B2A9
S21402EFF002B070BD1FB5030A8DF80E3003230093CE
S21402F00003AB8DF80D0000F00AF905B05DF804FBBD
S21402F0101FB5030A8DF80F1004218DF80E300091EB
S21402F02003AB8DF80D0000F0FAF805B05DF804FBAE
S21402F030F0B589B016689DF83C50CDF809608DF899
S21402F04011305668BDF83830109FBDF84440CDF8F0
S21402F0500D60012DADF812308DF8145014D0032D2A
S21402F06019D13B68CDF815307B68CDF819309DF87C
S21402F07048308DF81D3016230093BDF84C2002ABA5
S21402F08000F0CDF809B0F0BD8DF81540240A8DF8D1
S21402F09016400F23F0E70120F4E71FB504460846A2
S21402F0A011461A4602238DF80D100093214603AB33
S21402F0B000F0B5F804B010BD10B586B014461A4676
S21402F0C00B68CDF80D304B68CDF811300A2300934B
S21402F0D0342103AB8DF8154000F0A1F806B010BD40
S21402F0E02DE9F04F89B00D4601901C4616463AB3FC
S21402F0F01046EAF79DFCC0F347091CB32046EAF720
S21402F10097FCC0F34707DFF749FF019B8DF818000D
S21402F1108DF819308DF81B501B0A2D0A0022062185
S21402F12006A88DF81A308DF81C508DF81D9002F046
S21402F1305BFBADF8160038B9182009B0BDE8F08FB1
S21402F1409146DAE72746DEE74FEA4901C9B28B1D48
S21402F15007315FFA81F801EB4701DBB2C9B20DF164
S21402F1601600029302F074FC82460028E4D103469D
S21402F1700625D9B28945BDF816B012D802993A4684
S21402F1805846EAF73DFE5FFA8AF5AF42BDF81660CA
S21402F19025D8BDF84820019833460621DFF708FF38
S21402F1A0CBE7490001F0FE0130460393EAF714FE6E
S21402F1B0294602465846EAF723FE691FC9B2304678
S21402F1C0BDF816B0EAF708FE691C0246C9B25846F0
S21402F1D0EAF716FE039B02350133EDB2C9E76D006E
S21402F1E0EDB229462046EAF7F7FD4146024630468A
S21402F1F0EAF706FE691CC9B22046BDF81660EAF7B1
S21402F200EBFD08F101010246C9B2304608F10208D8
S21402F210EAF7F6FD0AF1010A5FFA88F8B3E72DE984
S21402F220F0411C469DF818800E4617460546DFF745
S21402F230B5FE002220704146204602F0D5FA03466B
S21402F24030B13A4631462846BDE8F041DFF7B0BE57
S21402F2501820BDE8F08130B589B00446ADF8061036
S21402F2608DF81020EAF77CFF05462046EAF788FF6D
S21402F27003469DB1BDF80600ABB902F051FDFF286A
S21402F28008BF00208DF80F000DF10F030593DDE98E
S21402F29004122046FEF7E8FB09B030BD0028F6D07F
S21402F2A00DF10603F2E702F03BFDFF28BDF806303B
S21402F2B0ADF81A3008BF00208DF80F008DF8180040
S21402F2C006ABE3E7704708B5E8F7B4FF00280CBFC3
S21402F2D0A520002008BD70477047704770477047EA
S21402F2E0704770470020704770477047002070478D
S21402F2F07047704710B51C4602F03EFA02F0F3F86B
S21402F30000232370C0F34020400010BD002208B541
S21402F3100B461146FFF7EEFF023818BF012008BD64
S21402F3207047B1FA81F04009704701207047704774
S21402F3307047002070477047002070477047B5201E
S21402F34070470120704770470120704701207047C0
S21402F3501422002104F02CBE704730B540780128F4
S21402F36087B00C464FF0110301F1100516D10222A8
S21402F37001A9EAF789FE234601AC186859682246B5
S21402F38003C20833AB421446F7D11123022201A965
S21402F3900020EAF779FE002007B030BD062201A958
S21402F3A00120EAF771FE234601AC18685968224626
S21402F3B003C20833AB421446F7D111230622E6E70E
S21402F3C030B5407887B001280C464FF011030BBFCA
S21402F3D00222062201A901A918BF0120EAF754FE5B
S21402F3E005AD01AA2346144603CCAC421860596008
S21402F3F0224603F10803F6D1002007B030BD10B54F
S21402F40088B00C461A23082201A90120EAF73CFE1E
S21402F41021460DF10E0304F1100251F8040B43F8D5
S21402F420040B9142F9D11A23082201A90020EAF717
S21402F4302BFE002008B010BDF0B58BB004460D467A
S21402F44002F078FCB0B101A8F3F7C2F990B1667B7E
S21402F45016F0020F04F1040705D0082201A9384667
S21402F46004F07CFDD0B901AB03CB46F00206606027
S21402F470796066731A23082203A90120EAF704FEBC
S21402F4800DF1160329460DF1260253F8040B41F836
S21402F490040B9342F9D100200BB0F0BD2D20FBE700
S21402F4A070B505468AB00C46252200210DF10300F0
S21402F4B004F07EFD6B68CDF81D30AB68CDF82130C8
S21402F4C0234603F1100601AC18685968224603C2A7
S21402F4D00833B3421446F7D16A7B012312F0040FB5
S21402F4E08DF802300CBF4FF480734FF4A0731107EF
S21402F4F048BF43F48063ADF80030930748BFBDF8B9
S21402F5000030684644BF43F00803ADF80030F1F718
S21402F51097FC003818BF01200AB070BD30B5427B98
S21402F5200D46D1078BB0044607D5407801A9F1F7FE
S21402F530EFFCD8B12D200BB030BD9307FAD5C2F33D
S21402F540800310074FEA8313ADF8023044BF43F43A
S21402F5508063ADF80230BDF80220201D0AB10DF11D
S21402F560020201A903F0B5FA0028E3D001AB03CBEF
S21402F5709DF814302373BDF81030A160590648BFB9
S21402F580627B606044BF42F0040262735A0542BF67
S21402F590627B42F0080262731B0742BF637B43F042
S21402F5A0020363732B4606AC0AAD224603CAAA427E
S21402F5B018605960144603F10803F6D10020BAE732
S21402F5C0F0B5044693B00D46252200210DF1230026
S21402F5D004F0EEFC6368CDF83D30A368CDF8413008
S21402F5E004F1040C2B4609AE05F110071868596899
S21402F5F0324603C20833BB421646F7D105238DF8BE
S21402F6002230637B5B0103F40073ADF8203063782D
S21402F610FF2B19D100231A4601A9604600F02CFAE6
S21402F6209DF80530FF2B0CD100231A46184601A977
S21402F63000F022FA9DF80530FF2B02D11C2013B0F1
S21402F640F0BD9DF805306370617808AA002000F0CE
S21402F650EAFA0646F0B919231946627801A8FDF7B8
S21402F66031FD2B4603AD186859682A4603C2083393
S21402F670BB421546F7D1637B6178DB0642BF9DF835
S21402F6801C3063F07F038DF81C30192301AA18463C
S21402F690FDF721FD301E18BF0120D0E710B5044645
S21402F6A08AB02422002101A804F082FC637B590759
S21402F6B044BF4022ADF810201A0742BFBDF8102002
S21402F6C042F48062ADF81020DB070FD5607801A9FE
S21402F6D0F1F71EFC10B12D200AB010BD01AB03CB12
S21402F6E0637B606043F00203A160637304A9201D7C
S21402F6F003F0F1F90028EED00020EDE71FB56946C9
S21402F70000F08DF8002818BF2D2005B05DF804FB28
S21402F71073B50D4614460646DFF7BCFD6B881A071E
S21402F7201AD522463146102003F0B6F92046DFF7F6
S21402F730B1FD6B88D90717D50023224601210DF1AA
S21402F74007008DF80730DFF711FE6B88002B0CBF21
S21402F7502120002002B070BDDE06EAD5224608212E
S21402F760281DDFF703FEE1E79A0701D50223E4E747
S21402F7705B07EAD50323E0E70F20704710B586B093
S21402F780044601A9022211230120EAF77DFC9DF816
S21402F7901430E37001A803F0C3FC80F001000622D7
S21402F7A001A9607011230120EAF76EFC9DF814305F
S21402F7B0A37001A803F0B4FC80F001002070F1F7FA
S21402F7C051FC6060002006B010BD1FB50C466946AD
S21402F7D000F025F810222146684604F0BFFBB0FA76
S21402F7E080F0400904B010BDB8B1B1B14388A3B9E6
S21402F7F00378013B082B10D8DFE803F00507090B56
S21402F8000F0F0F0F0D00FFF7A8BDFFF7F8BDFFF7AC
S21402F81047BEFFF7D5BEDFF7EFBE2120704738B5EB
S21402F8200D4609B300B30378013B082B1AD8DFE86C
S21402F83003F0050D1013191919191600FFF7C0FD6C
S21402F8400446284603F044FB204638BDFFF7F4FD85
S21402F850F6E7FFF763FEF3E7DFF73AFDF0E7DFF7D9
S21402F860D5FEEDE72124ECE72124EDE770B586B05E
S21402F870064601A80C461546FFF76AFD04238DF8D6
S21402F88004301CB12068616802AB03C3294601A894
S21402F8908DF80560FFF7A8FF06B070BD70B5044688
S21402F8A086B001A80D461646FFF752FD206861682D
S21402F8B08DF8116003238DF8043002AB03C329468A
S21402F8C001A8FFF791FF06B070BD30B585B00D46B2
S21402F8D069460446FFF7A3FF20B92A462146684632
S21402F8E0FFF716FF05B030BD10B5044686B01123EB
S21402F8F0062201A90120EAF7C7FBA3789DF8142087
S21402F9009A4207D08DF814300622112301A900204E
S21402F910EAF7BAFB1123022201A90120EAF7B4FB97
S21402F920E3789DF814209A4207D08DF8143002220C
S21402F930112301A90020EAF7A7FB06B010BD30B5D7
S21402F940437B13F001028BB004460D4607D0407885
S21402F95001A9F1F7DDFA70B12D200BB030BD9B077F
S21402F960FAD5ADF8022001A90DF10202043003F027
S21402F970B0F80028F0D000210E22A81C04F018FBD4
S21402F980BDF810302B80039BAB60BDF81230AB8104
S21402F9909DF81430237301AB03CB6060A160002096
S21402F9A0DBE770B5437BDB078AB005460E4602D41A
S21402F9B02D200AB070BD4078694600F030F9044642
S21402F9C00028F5D1DDF81D306B60DDF82130AB6024
S21402F9D06B7B43F002036B730E220146B01C04F0ED
S21402F9E0E7FABDF80030069AB26043F004033380AB
S21402F9F0059B73602046DCE70B4610B504461022D2
S21402FA000021184604F0D4FA2278032A09D0042AE0
S21402FA100DD0022A11D101462046BDE81040DFF77C
S21402FA20FFBD01462046BDE81040FFF788BF0146ED
S21402FA302046BDE81040FFF7B4BF262010BDF8B53B
S21402FA400C460746084616461D46FFF781FC042369
S21402FA502370637B677043F001036373314620466D
S21402FA60FFF7DDFE08B12D20F8BD29462046FFF738
S21402FA70C3FF0028F8D0F6E7F8B50C460546084658
S21402FA801F461646FFF764FC0423237025B108229E
S21402FA902946E01804F072FA637B43F002036373AC
S21402FAA04EB932460121284600F0C4F8FF2860709D
S21402FAB007D12D20F8BD31462046FFF7B0FE0028BC
S21402FAC0F7D1637B43F0010363730DB90020F1E7BE
S21402FAD0002FFBD039462046FFF78EFFF6E7F8B533
S21402FAE00C460746084616461D46FFF731FC2046DA
S21402FAF0032300F8043B3946082204F03FFA637BEE
S21402FB0043F00203637331462046FFF788FE08B1CE
S21402FB102D20F8BD29462046FFF76EFF0028F8D0B4
S21402FB20F6E7F8B50C460746084616461D46FFF7A2
S21402FB300FFC03232370637B677043F00103637338
S21402FB4031462046FFF76BFE08B12D20F8BD294648
S21402FB502046FFF751FF0028F8D0F6E718B18022BA
S21402FB60012100F067B8FF20704730B589B00D4616
S21402FB70FFF7F4FFFF28044612D01923024619465F
S21402FB8001A8FDF79FFA2868696801AB03C3192329
S21402FB90184601AA2146FDF79EFA002009B030BD9C
S21402FBA02D20FBE707B5002300931A461946F2F705
S21402FBB03DFEB0FA80F0400903B05DF804FB7047E2
S21402FBC070470020704770470F20704770479DF8B7
S21402FBD0000070470F2070470F20704700207047C4
S21402FBE00F207047002070470020704784B08DE8D1
S21402FBF00F00002004B0704700207047704770471F
S21402FC0000207047704700207047704700207047FA
S21402FC100120704770470020704701207047B520CA
S21402FC207047FF207047B5207047B5207047002008
S21402FC3070477047FF207047704770470020704734
S21402FC407047704770470020704770470020704723
S21402FC5000207047002070477047704700207047AA
S21402FC60704700207047002070477047002070479A
S21402FC7038B50546FCF768F804462846FBF79CF9B3
S21402FC802046BDE83840FCF763B810B50446C069A4
S21402FC90FFF7EEFF20462422BDE81040002104F0C4
S21402FCA087B970472DE9F84F98460D9B15469A0777
S21402FCB0DDE90B4906460F4623D02A460A9B03EB8C
S21402FCC0040A1444A24220D10D9B9B0705D5A2EB41
S21402FCD0050AD14505EB0A0420D82046BDE8F88F70
S21402FCE0434639462020B0470AF1010ACA450AEBC4
S21402FCF00B02F5D3A9EB04024C4588BF00222A4426
S21402FD00DCE7A246A5EB040BF0E702F1010B1AF8BA
S21402FD10010D43463946B0475A46D3E74346224684
S21402FD2039462020B0470AF1010AD2E72DE9F0470A
S21402FD309E46DDE90D3C1CF0020FDDE90874DDE9A4
S21402FD400B659DF828801FD10CF001094BB1B9F163
S21402FD50000F06D0B8F1000F02D11CF00C0F00D035
S21402FD60013B4FF0300A02E007F804A00134A54236
S21402FD7001D9202CF8D1B9F1000F05D04FF0300987
S21402FD80A34201D9202C1BD11CF0100F15D01CF455
S21402FD90806F32D1C4B1AC4201D09C422DD1651ED7
S21402FDA012D0102E3FD11CF0200FA4F1020456D11F
S21402FDB078263E5530267E556C1C202C29D00DE028
S21402FDC007F804900134DBE7102E10D11CF0200F48
S21402FDD02FD178243C7030247C700224B8F1000FB6
S21402FDE031D02D253D55013414E06224F2E7022E6F
S21402FDF0FBD030243C700124F0E7102E1BD11CF0FF
S21402FE00200F2AD1202C04D0651C78263E55202DA2
S21402FE10D0D12024CDE90A3CCDE908747346BDE86A
S21402FE20F047FFF73FBF022EC4D162247C5501354E
S21402FE30EDE75824CEE7022E03D1202CE9D0254642
S21402FE40F3E72546E3E71CF0040F01D02B25C9E7AC
S21402FE501CF0080FDED02025C4E7202CD9D0651C64
S21402FE605826D3E72DE9F04391B0189D1A9F1D9EA0
S21402FE702DB926F0100416F4806F264622D116F00D
S21402FE80200F14BF4FF0410E4FF0610EAC460DF13D
S21402FE9020080025AEF10A0EBCFBF7F907FB19C9CC
S21402FEA05FFA89F4B9F1090F94BF30347444E4B2AE
S21402FEB0BC4508F8014BBCFBF7F405F1010501D37C
S21402FEC0202D10D11C9C05941B9C0696CDE903742C
S21402FED09DF86440CDE9015408AC0094FFF726FF74
S21402FEE011B0BDE8F083A446D6E72DE9F04F95B0F1
S21402FEF0DDE91E76CDE90A2357EA0603CDE90801B5
S21402FF00DDE9229B269C05D124F0100314F4806FB1
S21402FF101C4637D114F0200F14BF412361230DF184
S21402FF20300A0025A3F10A0831464A465B4638469F
S21402FF30FAF7B8FED2B2092A94BF303242444F458D
S21402FF40D2B276EB0B060AF8012B05F1010501D3B6
S21402FF50202D14D1259B0593249B0694CDE903936B
S21402FF609DF88030CDE901530CAB0093DDE9080122
S21402FF70DDE90A23FFF7DAFE15B0BDE8F08F074683
S21402FF800E46D1E70025E5E708B100F014B8704741
S21402FF9010B1D1E900311847704738B5441E14F83D
S21402FFA0015F25B90A2000F006F8284638BD284623
S21402FFB000F001F8F3E701460020FCF7A6BE43690D
S21402FFC0406CDA1C1438B2FBF0F203EBC203CA1D13
S21402FFD0B2FBF0F2013201EBC2010333B3FBF0F3E2
S21402FFE0023300FB0310704738B5446905462146C4
S21402FFF0FFF7E5FF6A6CE31D143AB3FBF2F3013335
S21403000004EBC304204438BD73B506460D460024EE
S214030010F36B01225B6901A928199847019B0133F9
S21403002009D1736C043462196A405B421A42EFD0FA
S214030030204602B070BD0024FAE770B505460C46AC
S214030040D1F7F0FDEB6B2046DB68BDE87040184740
S21403005070B5002586B004460562E369AB4202D854
S214030060206A06B070BD666C2068E36B05225B6988
S21403007001A906FB0500984701A800F009FC00F05B
S2140300802CFC10B1236A013323620135E5E738B54A
S2140300900446456C006804F1400305FB0101E06B70
S2140300A000F028FC05462046FFF7D2FF284638BD59
S2140300B0F0B5054687B00026EC69013CB44203D888
S2140300C00C46204607B0F0BD01B14C1E6F6C286885
S2140300D0EB6B05225B6901A907FB0400984701A89F
S2140300E000F0D6FB00F0F9FB0028EAD101362146E2
S2140300F0E2E7F0B50446466CE36B00685B6987B0DD
S2140301000D46052201A906FB0500984701A800F045
S214030110BFFB00F0E2FB20B101A800F090FB07B0A4
S214030120F0BD29462046FFF7C3FF676CE36B064620
S21403013020685B69052201A907FB0600984701A80A
S21403014000F07DFB431CEAD0B54238BF0130E6E73A
S2140301502DE9F043D0F824804FF6FF7987B00446A4
S2140301600E46C84514BF454600250027E369BB4233
S21403017002D807B0BDE8F083E26B2368606CD2F860
S21403018014C001A9052200FB0530E04701A800F0D2
S2140301907FFB022806D0C8450CD1721C2946204690
S2140301A0FFF775FFE36901350137B5FBF3F203FB90
S2140301B01255DBE729462046FFF79BFFB0F1FF3FCA
S2140301C014BF024632460132E8E7F0B5036887B04B
S2140301D006460025CC1A436CB4FBF3F4F369376880
S2140301E0706C5A1E954208D3706C336800FB04305B
S2140301F007B0BDE8F04000F07BBB0134B4FBF3F27C
S21403020003FB1244F36B05225B6901A900FB047030
S214030210984701A800F03CFB00F05FFB0028E3D101
S2140302200135DBE710B423F0030422449B070A449A
S214030230436C18BF04325B4282EA0104234203D0B4
S2140302405DF8044BFFF7C1BF10465DF8044B7047DB
S2140302502DE9F041D0E90A369E4286B0044628D1FD
S214030260C3694568142202FB1355284606B0BDE849
S214030270F0812068676CE26B331AD2F81480B3FB04
S214030280F7F3052201A907FB0300C04701A800F006
S214030290FFFA012804D0636C1D44013B3340ED1A7A
S2140302A031462046FFF791FF0646A36AB342E0D1E4
S2140302B0DBE70025F9E7F0B5002587B004462E46B0
S2140302C0E369B34202D8284607B0F0BD636C2768DB
S2140302D003FB0677E36B05225B6901A9384698475B
S2140302E001A800F0D5FA00F0F8FA58B1384600F045
S2140302F0FFFA01462046FFF787FE636C143B8342F2
S21403030008BF01350136DBE708B508301346D1E9E7
S2140303100012E1F789F8012008BD13B50C46002149
S21403032021760093616813462246DFF799FC18B1DD
S214030330E37D03B1A07EA075A07D02B010BD73B5AA
S21403034000F1080516460C460DF107020968284613
S21403035000F09AF9032E06D16368834203D121681D
S214030360284600F077F9012002B070BDD01E009B2E
S21403037042424241187E824211D11A688A420ED8FE
S2140303805A688A420BD35A6901325A61D3E9030287
S21403039082423FBF986840F8221001321A6101205A
S2140303A0704710B5032A029C07D1A26A5340626CB9
S2140303B05242134201D100F04DF9012010BD08B599
S2140303C0C36800209847BDE80840D1F733BC70B532
S2140303D0002401281C7014BF04200220CC7D424355
S2140303E0101D02F002024CB91AB1012220F00300DC
S2140303F01A7000F108034868184470BD1AB1012248
S21403040020F003001A700C7E002301F12005DAB2F7
S214030410944201D80020F0E735F83320824203F1F6
S214030420010606D901EBC30300F10802D86910449C
S214030430E3E7801A3346EAE773B590F84260054669
S2140304401C4630460DF10303FFF7C1FFEB6B012E8D
S2140304505B690DD1324601A998479DF8033013B165
S214030460BDF806300193BDF80430236002B070BDBA
S2140304700122214602B0BDE870401847F0B5054694
S21403048087B04868EB6B00245B6902940E46012232
S21403049002A908309847274695F84230012B40F0CA
S2140304A08480632C02D9029807B0F0BD612C08D86B
S2140304B005AB224631462846FFF7BEFF9DF81430AB
S2140304C01BB305AB2246314628468DF81070FFF75E
S2140304D0B3FF95F84230012B059B55D14FF6FF72BB
S2140304E0934200F09680082205A904A800F057F965
S2140304F0059B9DF81010C3F30722914240F08980B4
S214030500DBB2029A1A44029283E095F84230012B3A
S21403051030D103AB224631462846FFF78DFF04ABA6
S214030520621C31462846FFF787FF05ABA21C3146FF
S2140305302846FFF781FF102208230DEB02010DF179
S21403054007008DF8073000F02AF9102205A90DF1EF
S214030550070000F024F9039BDAB2002A52D19DF873
S2140305600720B2EB132F4DD1DDE9043203EB024330
S214030570029347E0302C2BD944E09DF80720B2EBDA
S214030580134F3FD1049BF3E7013342D0102205A952
S2140305900DEB020000F003F9059B9DF81010C3F362
S2140305A00742914235D19BB2ABE7312C3FF67BAF86
S2140305B087D005AB224631462846FFF73DFFBDF8F8
S2140305C01430002B7FF47DAF95F84230012BA0D07A
S2140305D003AB224631462846FFF72EFF04AB621CC8
S2140305E031462846FFF728FF102320220DEB030190
S2140305F00DF107008DF8073000F0D1F8039B9AB28F
S214030600002ABAD095F84230012B14BF01230223E7
S2140306101C44013440E713B500240194049C009461
S214030620DFF7BEFE02B010BD30B5446800234FF0BE
S214030630FF329C4202D10023037230BD016801EBF6
S214030640C30541F833206A600133F2E7C0E90012BC
S214030650FFF7EABFF0B5456800239D4211D0046852
S21403066054F83320B2F1FF3F4FEAC30704EBC30647
S21403067008D0C2F31302914204D14FF0FF33E35183
S2140306807360F0BD0133E8E7F0B5456800239D428B
S21403069002D14FF0FF300FE0046854F83340671C74
S2140306A04FEAC30609D0C4F31307B94205D1240D94
S2140306B01470036833445868F0BD0133E7E713B595
S2140306C00446002301461B220DF107008DF8073070
S2140306D000F065F822689DF80730B3EBD26F0CBFC5
S2140306E00120002002B010BD13B5002304460146C6
S2140306F020220DF107008DF8073000F050F80DF1B9
S21403070007001A22211D00F04AF862689DF8073098
S214030710B3EB926F0CBF0120002002B010BD00683F
S214030720431C584258417047006810F07E0F0CBFB8
S214030730C0F3C160002070470068C0F3D310704751
S214030740006800F07F0001288CBF0020012070475E
S214030750036813F07E0F14BF042008207047036855
S21403076013F07E0F03D1406820F07C40704713F0EF
S21403077078001CBF03F07F03D81F7047006800F0A3
S2140307807F007047032809D0022803D1C1F1020174
S214030790C8B2704700290CBF0720002070471F2AE5
S2140307A00B689EBF4FF0FF3191408B43590801F011
S2140307B055315B1A03F033319B0803F033330B4494
S2140307C0017803EB13130A4403F00F334FF00131A0
S2140307D04B43A2EB13620270704737B501F10C046A
S2140307E0436905466946012220469847BDF800300E
S2140307F001930122AB6901A92046984703B030BD97
S21403080037B501F10C0443690122694605462046C3
S2140308109847009B4FF6FF7299B291420DD11B0C7D
S2140308201B0443F4254343F0A50301930122AB695C
S21403083001A92046984703B030BD0020FBE737B533
S21403084004461B22011D00250DF107008DF80750F5
S214030850FFF7A5FF60689DF80720B2EBD06F03D1C2
S21403086020F0784003B030BD0DF107001B2204F1E1
S21403087008018DF80750FFF792FFA0689DF8073030
S214030880B3EBD06F01D1C043EAE74FF0FF30E9E79F
S21403089003684BF29A22B2EB134F10B5044613D1FA
S2140308A09BB2012B13D1FFF7CAFF01300CD0E068CF
S2140308B04FF6FF72B2EB104F4FEA104309D180B2E6
S2140308C0C01A18BF012010BD2368013303D00420CB
S2140308D0F9E70220F7E70320F5E701288CBF00209D
S2140308E001207047033801288CBF00200120704781
S2140308F0143070472DE9F0410546984603690846CB
S2140309000E4617469847044638B943463A46314694
S2140309102846E0F765FE044618B131462846FFF739
S2140309205CFF2046BDE8F081E4F7F2BA38B504462A
S2140309300D46E5F7F1FD28B929462046BDE83840BF
S214030940E4F7BABA38BDE5F781BA70B516460C4671
S214030950FBF7FAF9314605462046E2F75BFD044607
S2140309602846FBF7F5F9204670BD00F0E3B938B525
S214030970044648880D4600F0ADF8D4F8A0302BB9ED
S21403098029462046BDE83840E4F73ABC022038BD85
S21403099000F0A1B800F025BA73B5044600200D4652
S2140309A000F098F8D4F8A06069462046FFF7F2FFF7
S2140309B05EB99DF800102A462046D2F7B7FD0146D9
S2140309C0204600F0DAF902B070BD00231A46294625
S2140309D02046B047F7E7E4F711B9E1F739BC38B575
S2140309E005460C46FBF7B0F92B6B1C40EB6A23431A
S2140309F0EB62FBF7ADF9211E18BF01210020490267
S214030A0038BD38B504460D46FBF79EF9236B1D40EB
S214030A10E36A23EA0505E562FBF79AF9284638BD3B
S214030A20C06A704710B501210446FFF7EAFF204667
S214030A30BDE81040E2F7E2BC38B504460D464FF475
S214030A408811FFF7DEFF29462046BDE83840E1F768
S214030A5079B80846E2F712B800F089B8E1F79EBE07
S214030A60084708B5E4F74AF980B208BD022A01D858
S214030A7000F095BA01207047022A01D800F0A0BA08
S214030A8001207047022A01D800F0ACBA0120704753
S214030A90E5F7C0BA0846E5F7DFBA00F0E0BA00208B
S214030AA070470020704738B50D6804462846E1F7BE
S214030AB03BF8D4F8903043B15B6933B1013504BFDA
S214030AC06FF001020A600A681A60002038BDE5F775
S214030AD097B97047704770477047704738B50D46EB
S214030AE00446E2F7EBF8AC4042F2107364095C4349
S214030AF06423B0FBF3F0B4FBF0F038BD022807D054
S214030B00062807D0003818BF01204042C0B27047FD
S214030B10012070470020704730B51F23B0FBF3F366
S214030B205D1CEDB24FF0FF34C3EB4313AC40C01A69
S214030B30E4430130E4B2C0B21460086030BD70B55F
S214030B4005460E46C0B201F00F01FFF7C7FFC6F316
S214030B5003110446C5F30720FFF7C0FFC6F30321BE
S214030B600444C5F30740FFF7B9FF204470BD08B53A
S214030B70E1F756FDBDE80840E1F7DCBD10B50446D5
S214030B80E1F74EFD844288BF01F1FF31204601F0B4
S214030B900301BDE81040E1F7CDBD38B50446FFF7C5
S214030BA0E6FF0546FFF7E3FF431BA342FAD338BD30
S214030BB00020704710B50446E2F704F9C4F30113A6
S214030BC0022B05D0032B09D0012B00D1400810BD02
S214030BD0C4F3C4240134B0FBF4F0F8E78008F6E766
S214030BE000F03003202B10B513D110F4E02FC0F320
S214030BF002440AD010F4C01FC0F3C423B3FBF4F4BA
S214030C0018BF6400052C0ED86408FFF7D3FF6043B3
S214030C1010BDC0F382136FF012041C4104F00104EC
S214030C20C4F10204F1E70424EFE710B5044651B11A
S214030C300B6843B15B6833B11A68032A03D99C6A0D
S214030C40640E204610BDFBF77FF801462046E2F708
S214030C50FBFA04460846FBF77BF8F2E7E3F7AEB980
S214030C60E3F7ACB9E3F7AAB9E3F7A8B97047436B60
S214030C7003F06003402B0DD0602B03D0203B58427B
S214030C805841704749B10B68012B06D9486940F0B3
S214030C900100704740F2011070470020704703467A
S214030CA070B10268022A0BD9426A12F47F4FC2F36C
S214030CB0072006D01B6AD2B25A43B2FBF0F0704745
S214030CC000207047F0B5144687B01E460F4619B984
S214030CD00024204607B0F0BD002AF9D00028F7D03C
S214030CE001A9E5F76FFE0028F2D0BDF80630BDF87F
S214030CF00850A2199A42C4BF9B1B9CB2B54212D994
S214030D000399AD1BADB23144A5420391ADF808502B
S214030D100DD22A46384603F071F90499621B7819F6
S214030D2003F06CF9D5E70499761B31440491224607
S214030D303846F5E70846E2F71DB90220E1F75ABC44
S214030D40D0F894304BB11A68022A06D993F82500D6
S214030D5028B11B6AB3FBF0F0704700F0D1B97047B7
S214030D6008B50146D0F89400FFF799FF20B9BDE80F
S214030D700840084600F0C8B908BD10B590F8D03052
S214030D800E2B04462BD00175D0F8900020B3D4F870
S214030D90A0304BB994F8D9308B420BD320460022AF
S214030DA0BDE81040E4F786BAB4F92420B0F912304F
S214030DB09A42F3DD94F8D91000222046E4F77AFA33
S214030DC060B9C4F89000204600F0EEF901462046CC
S214030DD0BDE81040E5F7A0BBFF23637510BD0220F6
S214030DE0FCE70346D0F8D0000860B3F8D4308B8015
S214030DF00020704790F8D0300E2B14BF407DFF20A4
S214030E00704738B505460C46E5F7F8F888B10CB1D7
S214030E10002038BD4FF400612846E3F717FD002293
S214030E204FF480712846E3F7FDFC003818BF012015
S214030E30EFE74FF400612846E3F708FD40B1002CC6
S214030E40EDD095F8CA30002BE2D14FF48072E7E775
S214030E502202E5E74FF48071E3F7F8BC4A024FF449
S214030E600071E3F7DFBC8A024FF48061E3F7DABC74
S214030E704FF40071E3F7EABC3F2B084610B5114662
S214030E8019D9B3FA83F3C3F11902D2B2062A01D8E9
S214030E90192B0ED0062A28BF0622931DDBB2012487
S214030EA09C40A4B2A14228BF2146E5F7A3FB2046F7
S214030EB010BD0022F1E70024F9E713883F2B10B595
S214030EC0084616D9B3FA83F3C3F11901C9B2062942
S214030ED001D8192B0BD0062928BF06218C1DE4B296
S214030EE00123A3401380E5F7A3FB002010BD0021D8
S214030EF0F4E70120FAE7E3F7EFBC10B5084614461B
S214030F000121E1F7E9FE20460121BDE81040E1F7A3
S214030F10E3BEF8B504460E461746FAF715FF3A46FB
S214030F2005463146204600F02CFA04462846FAF7D2
S214030F300FFF2046F8BD0220704703207047E1F7F5
S214030F4051BB10B5E4F7BEFD044608B9E2F758FEF8
S214030F50204610BD704770B505460E461446FFF78B
S214030F60BCFD3146284600F0EAF8FFF7B6FD04F06C
S214030F700903082B04D10C2C1CBF24F00804A4B2CC
S214030F8021462846E3F7C0FE00224FF400312846E8
S214030F90E3F748FC002070BD8021E3F757BC7FB51C
S214030FA0531C05AAADF81410029202210022CDE9C3
S214030FB00021DBB21146E3F753FC07B05DF804FBF0
S214030FC07FB5531C05AAADF8141002920421022221
S214030FD0CDE90021DBB200220121E3F741FC07B093
S214030FE05DF804FB1FB5531C029100220821CDE9CE
S214030FF000210122DBB21146E3F732FC05B05DF8AF
S21403100004FB07B591F82830009391F82B3091F83C
S214031010292091F82A10E4F7CFFF03B05DF804FB0C
S21403102038B50546E3F76AFE04462846E3F744FE6A
S214031030072811D1D5F89030DB6924F47F4121F0DD
S214031040080103B15B7841EA032141F020012846F9
S214031050BDE83840E3F758BE24F02001F7E7081E42
S21403106018BF0120704700207047022070470020F9
S214031070704701207047002070470020704701200A
S214031080704700207047E4F705BF08461146E5F7AA
S214031090F1B870B505460C4611461A46E5F70CF846
S2140310A006682B462046B446BDE87040604710B538
S2140310B0E5F702F8BDE8104083681847E1F7F8BE85
S2140310C04942FFF7FBBF7047431E012B03D9031F9B
S2140310D058425841704701207047FFF7FABC4FF457
S2140310E0A472002102F064BF10B500210446FFF786
S2140310F02AFC2046BDE81040E4F7AABBE3F7E4BDAC
S214031100E4F704B8FFF71CBEE4F706B8FFF728BEFB
S214031110D0F88C0070B5C468002324259C4201D106
S214031120012070BD826805FB0322D6898E4202D851
S214031130128A8A4201D20133F0E70020F1E7F8B5BC
S21403114005460E46E5F758F8D5F88C307BB15B6953
S2140311506BB1E1F7B3FDD5F88C305B691B1A5842C7
S21403116040F26B124FF042015841E5F70DFAF7686B
S21403117000224FF6FF734FF0240CD0B2B84208D3C8
S2140311801C4621462846E5F7C7F9FFF7A5FC204687
S214031190F8BDB1680CFB0011CC899C4202D2002C2E
S2140311A0EFD023460132E8E7008B70470A7838B55C
S2140311B005461046FFF788FF60B14C782046FFF7D8
S2140311C083FF38B12243530704D42846BDE838408A
S2140311D0E3F7A8BF012038BD10B504460878FFF72B
S2140311E073FF58B14A781046FFF76EFF30B1042AF2
S2140311F004D02046BDE81040E3F7CCBF012010BD65
S214031200E3F708BDE4F76EBA73B50D7806460C46E9
S21403121035B304238DF8043023798DF8053001A9FE
S2140312203046FFF7D9FF0546B8B92278A37952BBF3
S2140312308DF80430E3798DF8053001A93046FFF7C1
S214031240B5FF054648B923783BB161883046E4F7D5
S214031250D9F801213046FFF7D4FD284602B070BD09
S2140312602946FFF7CEFD29463046FFF7F7FD294608
S2140312703046FFF7F8FD2378002BCAD123798DF883
S21403128004306379C9E702228DF80420D3E7FFF719
S214031290E5BDFFF7EDBDFFF7EFBDFFF70EBE084652
S2140312A01146E5F78FBBC0F89C1000207047E4F7A3
S2140312B0E7B870B5144686B005460E4612220021DE
S2140312C00DF1060002F074FE236800936946284673
S2140312D0ADF80460E4F7CEF9009B236006B070BD5A
S2140312E038B50446154609B1FFF705FE25B1204675
S2140312F0BDE83840E4F7DAB938BD084611461A4661
S214031300BDF80030FFF7DEBC2DE9F74F1C469DF80D
S21403131030300193036803F00703063301259D402D
S2140313200646174605F1FF380B46A1B1416804EAA5
S214031330080BA5EB0B0A41F00059524509EB0B01CC
S21403134014D95246184602F059FE7A1B5A444946A7
S214031350504402F053FE019B2BB13C4448EA050877
S21403136004EA0804F46003B0BDE8F08F1846F0E71B
S21403137037B5002500951446FFF7C6FF204603B091
S21403138030BDF7B505460F4668461146E5F7E8FB58
S214031390064698B197B1DDE900311B0A43EA0163BB
S2140313A0A5FB0343090A05FB0135E1F787FC002388
S2140313B0024629462046F9F775FC3860304603B0E6
S2140313C0F0BD38B14FF47A735843A0F6AC50401AC8
S2140313D0E5F782BC4CF25030FAE700228A4202D18B
S2140313E04FF0FF30704750F8223093FAA3F30BB94F
S2140313F00132F3E7B3FA83F000EB4210704710B5FF
S2140314000446E5F729FE21460020E7F7E1FCBDE8A0
S2140314101040002000F0C8B9704708B5E8F730FC64
S21403142080F00100C0B208BDFFF716BB704700206E
S2140314307047704770B5144681F0010519B90D2A37
S21403144007D1FF2018E00D2A03D100780538C0B273
S21403145012E0084400F047F8C5F1040110F44066B2
S2140314600246C9B209D1042C084605D0052C16D16C
S21403147012F0400F18BF084670BDC5F10603042CD2
S214031480D8B2F9D0B6F5006F03D1C5F10805E8B2B6
S214031490ECE7B6F5406FE9D1C5F10E05F7E712F4B0
S2140314A0404107D1062CE7D0072CE5D0082C13D1F2
S2140314B00130CCE755065CBF831CD8B2062CDBD0C4
S2140314C0B1F5004F02D1831CD8B2EDE7B1F5404F1A
S2140314D0EAD100F10803F7E7130744BF0530C0B2AB
S2140314E00C2CC9D9ADE7008870470170090A417012
S2140314F0704710B50024E3B210B9C3F10303DBB29F
S2140315000134042CCA544FEA1222F4D110BD10B58C
S2140315100B784C788A78C97828B910462246044650
S21403152008461946034642EA012043EA042343EAEF
S214031530004010BD10B50C46E8F75EFA048010BDF7
S21403154038B50C461546E8F757FA03881DB11C4311
S214031550A1B2018038BD23EA040189B2F9E708B5D0
S214031560E8F74AFA008808BD08B5E8F745FAC078F0
S21403157008BD08B5E8F740FA008800F00C0008BD7F
S21403158008B5E8F739FA008800F00C00031F584244
S214031590584108BD38B50546E8F72EFA04462846EE
S2140315A0FFF7EEFF30B904F11000FFF79CFF00F4DD
S2140315B0406038BD4FF40060FBE738B50546E8F7F2
S2140315C01BFA04462846FFF7DBFF014648B91034EA
S2140315D020460422E6F7AAFE2044BDE83840FFF77B
S2140315E082BFA08838BD10B50C46E8F705FA84809C
S2140315F010BD38B50546E8F7FFF904462846FFF759
S214031600BFFF014608B1201D38BD10340422204612
S214031610E6F78CFE2044F7E738B50546E8F7ECF91D
S21403162004462846FFF7ACFF30B904F11000FFF775
S2140316305AFF00F4404038BD4FF40060FBE738B56E
S2140316400546E8F7D9F904462846FFF799FF014609
S21403165048B9103420460622E6F768FE2044BDE863
S2140316603840FFF740BFA08838BD38B50546E8F7D1
S214031670C3F904462846FFF783FF014608B1201D39
S21403168038BD103406222046E6F750FE2044F7E71E
S21403169008B5E8F7B1F9007A08BD08B5E8F7ACF97C
S2140316A090F9090008BD08B5E8F7A6F9807A08BDE1
S2140316B008B5E8F7A1F9C06808BD10B50C46E8F709
S2140316C09BF9047210BD10B50C46E8F795F9447201
S2140316D010BD10B50C46E8F78FF9C46010BD2DE9B0
S2140316E0F8430F468046002107F110001646994638
S2140316F0E8F748FA0446D0B1E8F77EF905462046EF
S214031700E8F796F900210246284602F051FC00232A
S214031710AB7049F004012046FFF70CFFA5F80480E0
S2140317202EB13A46314605F1100002F067FC20461A
S214031730BDE8F883F8B505460F4610200021E8F704
S21403174021FA0446B0B1E8F757F906462046E8F70B
S2140317506FF900210246304602F02AFC0023B370DC
S21403176039462046FFF7E6FE25B12A4601212046E4
S214031770E8F7E0F92046F8BD08B5E8F73DF910307C
S21403178008BD08B5E8F754F91038C0B208BD10B55F
S2140317900C46098821B90846F7F7EAFC208008B109
S2140317A0012010BD0220FCE70020E7F73DBA08B58C
S2140317B0E7F7C2FC002008BD4088C0F30C000330E6
S2140317C0800840000430704708B520B1E7F728FFCB
S2140317D000F0010008BD0120FAE708B5E7F758FE58
S2140317E0BDE80840FFF7F0BF70B50E460546114644
S2140317F03046E8F7C7F9044635B128B1E8F7FCF8F0
S2140318003246294602F0BAFB204670BD0088B0FA7D
S21403181080F040097047008810B1C9B2E8F776B97E
S21403182070472DE9F041B0F8008006460C46D5B265
S214031830B8F1000F11D029464046E8F767F922466B
S214031840074629464046E8F775F93A4629462046AC
S214031850E8F770F93480BDE8F0810F46F5E738B550
S214031860058800220446FFF7DCFF05B1258038BD56
S214031870F8B507460D46008800211646E8F746F9F0
S214031880B042044605D129463846BDE8F840FFF77E
S214031890E6BF00212046E8F739F9B04205D02046D6
S2140318A00021E8F733F90446F3E72A4620460021E9
S2140318B0E8F740F9324628460021BDE8F840E8F745
S2140318C039B9034608461B888B4202D00021E8F745
S2140318D01DB90020704738B5044638B10021FFF71C
S2140318E09AFF002301465D1C09B998B238BD20460D
S2140318F0FFF7E7FF2B460146F5E7F8B505880746E9
S2140319007DB1CCB221462846E8F700F98542064663
S21403191009D100233B80002221463046E8F70AF926
S21403192035462846F8BD2146E8F7F0F82146024634
S2140319302846E8F7FFF8EEE72DE9F04707888246E2
S214031940884614465FB33846E8F772F83D460646BF
S214031950E4B221462846E8F7D9F84045814616D131
S2140319602146E8F7D3F8214602462846E8F7E2F888
S214031970474504D1454508BF0025AAF80050002274
S21403198021464046E8F7D6F83046BDE8F08787425A
S214031990FAD0E8F74DF8304486B24D46D9E73E46CE
S2140319A0F2E72DE9F04780460F4602F1FF39064677
S2140319B00024BC4202D219F8015F25B9A6EB080041
S2140319C0C0B2BDE8F0879A46A5F13102012A5AF85B
S2140319D0041B10D83246322D02F8011B06D10134FF
S2140319E0E4B2A74232D30912B21C71700134E4B2D6
S2140319F053461646DDE7342D0CD10334BC42DDDAFC
S214031A000B0A317073700B0C090EB370321DF17034
S214031A10E4B2EBE7A5F13302062A0DD8303DEDB26A
S214031A202B19BB42CADA2A463046013C02F0A6FA14
S214031A3055FA84F47219EBE7A5F14102062A01D898
S214031A40373DECE71D7903F1080AE9E71646B5E7E3
S214031A5070B5054600880C46E7F7EAFF84422888F7
S214031A600AD9E7F7E5FF0023221AD2B22846194619
S214031A70BDE87040E8F70CB92146E7F7F5FF00200C
S214031A8070BD2DE9F8430746084616469DF8209094
S214031A9088461C46E7F7B0FF8519CCB1C5B140466A
S214031AA0E7F7C6FF2644864214DC2246B9F1000F48
S214031AB006D12946384602F061FA0020BDE8F883CD
S214031AC0B9F1010F39462846F5D002F097FAF4E744
S214031AD02120F3E71D20F1E738B50546E7F78CFF2D
S214031AE004462846E7F7A4FF002201462046BDE841
S214031AF03840FFF779BEF8B516460C461D46BDF8C6
S214031B001870E7F779FF04443046E7F775FF3A465F
S214031B1041192046BDE8F84002F030BA70B50C46CD
S214031B200131C9B20646E8F757F92146054630465D
S214031B30E8F752F900EB052080B270BD1FB501230C
S214031B40ADF80C2000930A460223014603A8FFF7CC
S214031B5098FF05B05DF804FB73B504460D464020B8
S214031B6000211646E8F70EF8ADF80600E7F744FF3F
S214031B70BDF8063013B9002002B070BD40213346CD
S214031B802A462044FFF70DFF2118C9B20DF10600BF
S214031B90FFF75EFF0028EED1BDF80600ECE70EB4B3
S214031BA003B503AA52F8041B0192FFF7D5FF02B050
S214031BB05DF804EB03B0704700220123C0E900235D
S214031BC07047F8B5044601270026FAF7C8F82368D5
S214031BD03BB9FAF7CAF863680022012B0ED163609B
S214031BE0F8BD1D691F612660FAF7BFF8012DF2D014
S214031BF02B462D691E61012DFAD1E6E719691A6194
S214031C000B46EAE70069003818BF012070470368EF
S214031C1023B94068012803D0E8F70CB900207047C1
S214031C204FF0FF307047F8B50546FBF71BFA012364
S214031C300646A8602B730027FAF791F82B6802462E
S214031C407BB11C692169A1420CBF2F601961276112
S214031C501046FAF78AF8012C08D06368204698479E
S214031C60EAE76C68012C04D1FAF77FF800232B739C
S214031C70F8BD6169711AB1F1004FF5D82169696041
S214031C802361E5E770207047702070470020704797
S214031C900144884201D10120704710F8013B93426A
S214031CA0F7D0002070470821FDF70DBB30B501467D
S214031CB093B005460020E5F7C1FF10F0FF040BD1F3
S214031CC06A4621462046E6F7A5FF6A462146204691
S214031CD08DF80250E7F77EFA204613B030BD00B504
S214031CE0002193B06A460846E6F794FF9DF9020082
S214031CF013B05DF804FB00B5002193B06A460846AE
S214031D00E6F788FF9DF8000013B05DF804FB08B5FE
S214031D10E6F7E8FA003818BF012008BD012070472F
S214031D20002070477047704770477047704770478A
S214031D307047704700B5002193B06A460846E6F739
S214031D4069FFBDF8060013B05DF804FB10B500216B
S214031D5092B004466A460846E6F75CFF00216A46E8
S214031D600846ADF80640E7F735FA12B010BD00B5E1
S214031D70002193B06A460846E6F74CFFBDF8040018
S214031D8013B05DF804FB10B5002192B004466A4612
S214031D900846E6F73FFF00216A460846ADF80440CA
S214031DA0E7F718FA12B010BD70472DE9F04F85B06B
S214031DB00C4691468046FFF7DCFB671C0546384613
S214031DC0FFF791FB042D40F08B804046FFF7D4FCD1
S214031DD0037803F00303012B4FF009024FF00101D0
S214031DE0204614BF4FF0020B4FF0030BE6F79EFAA4
S214031DF00922002105462046E6F798FA21788DF851
S214031E000F000139002289B22046FFF7EDFC04EBF0
S214031E10090A0646D0B12A4601460DF10F03584675
S214031E20FBF703FC0228054626D13046E7F700FEFB
S214031E30C0B220700023013800930122C3B231469A
S214031E403846FFF71EFE2378013323704046FFF71C
S214031E5086FB020424D49AF8013021789B071FD509
S214031E600139A1EB09014246C9B25046EDF7AEF976
S214031E7023781844207013E020B92070284605B054
S214031E80BDE8F08F032809D15046FFF72CFB20F45A
S214031E90007189B25046FFF728FBD7E70428D5D14F
S214031EA00125217800222046FFF79EFC06460028DF
S214031EB0E4D00023014601221846FBF7B6FB0228AE
S214031EC019D13046E7F7B4FDC0B2207000230138BD
S214031ED000930122C3B231463846FFF7D2FDCDE761
S214031EE080F0800520F0800081B23846C5F3C01527
S214031EF0FFF7FBFAD5E70028C0D12070BEE708B588
S214031F000020FFF78AFA80F00100C0B208BD0A4637
S214031F1008B501460020E8F7D9FBB0FA80F040097F
S214031F2008BD0020E7F788BA00210846E6F700BF99
S214031F300020E5F761BE08B5E8F730FC003818BFA7
S214031F40012008BD01207047E8F74CBD10B50C46CC
S214031F50098821B90846F7F7EFF8208008B1012071
S214031F6010BD0220FCE710B50446FDF77AFE08B95B
S214031F70FDF779FE03050FD40C231B2B01D100209C
S214031F8009E020FA03F1C90703F1010206D5DBB223
S214031F90E31A5842584110BD0B23F9E71346ECE702
S214031FA010B50C46098819B90846F7F7E1F82080FA
S214031FB0012010BD402908B5104604D009D811B138
S214031FC03F290CD0C9B200F02AFBBDE80840FBF756
S214031FD078BD412905D04C29F4D18D21F3E7312171
S214031FE0F1E74221EFE770B592B004460D46164678
S214031FF06A46E6F70FFE6A46294620468DF81F60B6
S214032000E7F7E8F812B070BD07B50DF10701E8F77A
S21403201019FF20B19DF8070003B05DF804FBFF200D
S214032020FAE710B50C46E9F713F82046BDE810406A
S214032030E8F724BF0129F8B505460C461DD0032949
S2140320401ED0052920D0072922D0002600240027E9
S2140320500120E6F7C7F8304485421DDA0320E6F789
S214032060C1F82044854219DA0520E6F7BBF8384460
S2140320708542B4BF07200520F8BD6FF00406E5E7E8
S2140320806FF004040526E2E700266FF00407DFE797
S214032090002426460527DBE70120EDE70320EBE7D0
S2140320A038B5054600242046E6F79CF80134A842D6
S2140320B0E4B202D9062CF6D10724204638BD38B13F
S2140320C04379490023F00C0301F00C010B434371E1
S2140320D0704710B5044678B141794088490801F045
S2140320E006010131000AFFF7A5FF02460146204616
S2140320F0FFF7E5FF104610BD0722FBE738B50D4690
S214032100E8F794FF044608B9002038BDFFF7E1FF5F
S214032110002DFAD1237913F00703F5D0984238BF80
S2140321201846C0B2F1E7037923F007031943017198
S2140321307047037903F00F0343EA011303717047F3
S2140321400022E9F719BB002108B50122E9F714FBC1
S214032150401A18BF012008BD38B51546FFF7F0FF33
S21403216004462846FFF750FF84B1FF2804D0626870
S21403217022FA00F3DB0701D5012038BD0123834093
S21403218013436360E3780133E370F5E72046F4E72F
S214032190E9F760BD0146102307220120E7F774BF65
S2140321A010B5E7F729FC00F110042046FFF79BF96A
S2140321B020F4007189B22046BDE81040FFF795B9B8
S2140321C02DE9FF418DF80D301B0A15468DF80E30AC
S2140321D001919DF82C308DF80C0001218DF80F30FD
S2140321E00091042303AA28469DF828809DF83070A2
S2140321F09DF8346001F09EFC044670B12946FFF753
S214032200F2F9B8F1000F02D12046FFF7C9FF2FB14C
S21403221046B931462046F4F75FFC0024204604B056
S214032220BDE8F08100231A4619462046E9F794FCD8
S214032230F3E74FF47A70E9F7E9BDF0B5064687B0E1
S21403224010461C460F461546FFF796FA9DF83030A3
S21403225018444378A4B1617811F0020F4FF00102DD
S2140322600CBF032100210020CDE90310CDE9014274
S2140322700095072239463046E9F764FE07B0F0BDFD
S21403228022462146EFE708B5E7F784FEBDE8084097
S2140322900020EAF789B81FB504466846FFF77AFFB9
S2140322A054B100238DF80530102307226946002019
S2140322B0E7F7EAFE04B010BDFFF73CFDADF80600F5
S2140322C0FFF755FDADF80000EEE700B58BB06846A6
S2140322D0FFF760FF009BBDF80600069304A9E9F725
S2140322E03BFD0BB05DF804FB1FB504466846FFF7DD
S2140322F051FF02AB03CB2060616004B010BDFF2228
S214032300EAF76CB938B5D31E012B04460D461046C2
S21403231007D8EAF777F829462046BDE83840FFF79E
S214032320EEBF022038BD1FB5062304468DF80C30D9
S214032330EAF7B4F90023CDE900338DF80D00022344
S21403234003AA0121204601F0F5FB04B010BD70B5C9
S2140323500C4605460120EBF78FF8237B4BB1FFF7BE
S214032360E9FC014623462A460120BDE87040EAF709
S21403237023BB4FF6FE71F5E7F8B50E460746FFF7A3
S214032380FBF90546FFF7AFF800F44040B0F5404FC1
S21403239014BF0022062202F10A030B32EB5C5C0038
S2140323A004F00E045B08144403F0380338461C4458
S2140323B0FFF7E7F9844208D2001BC2B20F2A28BFF0
S2140323C00F222919304601F019FE2046F8BDD02009
S2140323D0EBF778BF13B5F4F721FE6946044601F020
S2140323E020F858B1FFF7A6FC40B1E7F7E9FE28B19D
S2140323F00023022269462046F2F758F902B010BDC0
S214032400FF224FF6FF71ECF7A5B90020FFF7F8BFE0
S21403241037B5082305460C46092269460120E7F727
S21403242033FE15B19DF806302B700CB1009B23606C
S214032430BDF8040003B030BD07B500210DF1070059
S214032440FFF7E6FF9DF8070003B05DF804FB07B54A
S21403245008238DF80600ADF8041000926946092299
S2140324600020E7F711FE03B05DF804FB13B504463E
S21403247001A90020FFF7CCFF019A01462046FFF78B
S214032480E6FF204602B010BDF0B50F46002187B028
S214032490044608461646FFF7BBFF012305460DF123
S2140324A00A008DF808408DF80930FFF71DFF092C48
S2140324B01DD131460DF11200FFF717F805AB02AA3E
S2140324C09B1A0021CDE900112846DBB2642101F0F6
S2140324D031FB0546E0B1092C15D1ECF7FFFA0446AB
S2140324E088B12846ECF70EFB204607B0F0BD314610
S2140324F00DF113008DF812704FF6FF75FEF7F5FF1A
S2140325000DF11503DBE7284600F02EF80446EBE74B
S2140325100446E9E77FB50D461646ADF80E00E7F725
S21403252087FA841BE4B2BDF80E20631B9BB21046E9
S214032530009329467319FFF7DEFA21460DF10E00C4
S214032540FFF786FA04B070BD38B504460D4600F0B2
S214032550A3FF40B1AC4206D02046F4F7E1FDBDE848
S214032560384000F0F3BF38BD10B50446FFF704F952
S2140325700230FEF7B8FF4FF6F7739842204603D9AA
S214032580BDE81040ECF744BCECF78EFCB0FA80F0E4
S214032590400910BD0022ECF75DBB70B50546FFF79A
S2140325A0EBF80646284601F0E9FA01462846E7F71F
S2140325B013FC04462846FFF700F84FF6F7739842D5
S2140325C008D8337803F00303012B05D1A31E584222
S2140325D0584170BD0120FCE70020FAE730B585B00E
S2140325E041F203330D46ADF808300446FFF7A2FB6D
S2140325F08DF80A00FFF79EFB0021000A8DF80B00FA
S214032600CDE90011052302AA20468DF80C5001F0EF
S21403261091FA10B12146FFF7BDFF05B030BD70B586
S21403262004460D4691B131294FF0000600D13546D8
S2140326302046FEF79EFF08280AD101212046E7F729
S21403264065FA2946BDE87040FBF740B90126EFE777
S2140326502046FEF78EFF024630B9BDE870404FF6BF
S214032660FF710120FCF7F7BD2046FEF793FFB0F598
S214032670006F0ED12046FEF7A0FF4FF6FF73984279
S214032680014617D0002D0CBF032005200022FCF7BF
S214032690E2FD29462046E9F71DFB68B92946204690
S2140326A0EEF780F840B9324629462046BDE870402A
S2140326B0ECF7BEBE0120E9E770BD37B54FF6F675F9
S2140326C0D3F7DEF9431E9BB2AB420446F8D8E8F7CD
S2140326D0ADFC0028F4D169462046E7F771FF0028D1
S2140326E0EED0204601F000F80028E9D12046FFF797
S2140326F02AFD0028E4D12046EEF7C6F80028DFD1ED
S214032700204600F0C9FE0028DAD12046FCF7EEFD8D
S2140327100028D5D1204603B030BD73B504460E4617
S214032720EEF7B2F8054688B92046EEF707F92146D4
S21403273000952B460D224FF6FD7000F053F83146F8
S214032740204602B0BDE87040EEF7BAB802B070BDDE
S21403275037B5054614460C2914D8DFE801F02913CB
S2140327602913131307131313132424006946E7F7D7
S21403277027FF18B901216846F2F75EFB4220294677
S214032780F7F7B8FBBCB12046FEF7F6FF0230FEF7BC
S214032790AAFE4FF6F77398420DD9204603B0BDE85C
S2140327A03040ECF74BBD0B2914BFAA20A920E6E75F
S2140327B0F6F760F8E6E703B030BD1FB503460846F4
S2140327C003218DF80C108DF80D3000210123CDE97F
S2140327D00031ADF80E20042303AA01F0ABF905B0CF
S2140327E05DF804FB2DE9F34106469DF820800F466D
S2140327F014461D46FFF79EFAB04207D10022214633
S214032800384602B0BDE8F041FFF7A2BF3A4631466C
S2140328102046FFF7D2FFADF8060060B10D2C05D1B8
S21403282000224FF6FF712820FCF715FD35B9BDF8D9
S2140328300600FFF799FE02B0BDE8F0810123424689
S21403284029460DF10600E7F723FABDF80630002BFC
S214032850EDD1F0E7F7B50C460546FEF78DFF611C94
S214032860C9B206462846E7F7B7FAA11C0746C9B217
S2140328702846FFF753F9014604463846FAF7F6FFAB
S2140328800D2F34D12046EDF7FFFF78B1301DFEF74C
S2140328902AFE04462846F679FEF7D1FE314602465E
S2140328A0204603B0BDE8F040FFF756BCB01CFEF769
S2140328B01AFE4FF6F773984202D92846ECF7BEFC89
S2140328C02046EEF73BF8FFF735FAA04205D1002085
S2140328D003B0BDE8F040EEF775B8B068F1686B4634
S2140328E003C369462046EDF7EBFF03B0F0BD2A4667
S2140328F03946204603B0BDE8F040FFF729BF14224F
S214032900002101F055BB2DE9F0470B078EB00446B6
S2140329100E4615465CD10120DCF752FE09A8FCF7EB
S21403292017FD092309A88DF82430FCF715FD09A81F
S214032930DCF718FE01A909A8FCF771FF26F00F07BC
S2140329402F4404F1100804F10F09BD4211D1236985
S2140329503344236101A909A8FCF746FF0020DCF7EE
S2140329602FFEB6F1005F2CBFB12000200EB0BDE8ED
S214032970F08705AA23469646186859689446ACE835
S2140329800300083343456246F6D12B46224605F13B
S214032990100A53F8041B42F8041B5345F9D1714639
S2140329A009A8FCF721FF09A8DCF7DCFD224621462F
S2140329B00120DCF797FD013D631E13F8012F15F880
S2140329C0011F4B4582EA01021A70F6D15546BCE751
S2140329D07020CBE7F0B585B0174605460C461022A7
S2140329E00021684601F0E4FABFB3C4B30F2C04F029
S2140329F00F0608D924F00F043A4621462846FFF767
S214032A0082FF40BB274432463946684601F0F6FA51
S214032A102F6906F1100337446B448022B7F5005F35
S214032A2003F8102C2F61C6F110061AD3062E1FDDED
S214032A30FB001A0E8DF80A201A0C5BBA8DF80B20D1
S214032A40ADF80C306A4610212846FFF75CFF2B6969
S214032A50103B2B61002005B0F0BD3E46D8E7264666
S214032A60D6E7022E04DDFB005BBAADF80E30E9E7CD
S214032A706A4610212846FFF746FF2B69A3F1100488
S214032A802C6110220021684601F092FAB7F5005F28
S214032A904FEAC403CDD2E7E770B586B00E460546C7
S214032AA001A81446FFF72BFF3246294601A8FFF775
S214032AB091FF05AE054601AB22461C4603CCB44245
S214032AC010605160234602F10802F6D1284606B08C
S214032AD070BDEEF719B80A460021EEF715B8F0B543
S214032AE08BB00C4601A9EEF70FF8054688B32522EE
S214032AF00021E01C01F05CFABDF810700123A370FE
S214032B00FA054FF00E03238010D523464FF4877241
S214032B1023F8042B06AE0DF1280C324603CA624591
S214032B2018605960164603F10803F6D13B0605D52F
S214032B30238843F080032380069B636001AB03CBAB
S214032B40039BC4F81D00C4F82110A361EFF732FA03
S214032B50606128460BB0F0BD30B5054687B001A8C6
S214032B600C46FCF7F5FB2868696802AB03C39DF8BF
S214032B70113043F002028DF8112074B122885106F9
S214032B8044BF43F006038DF81130530542BF9DF84A
S214032B90113043F008038DF8113001A8FCF77EFDD1
S214032BA0B0FA80F0400907B030BD70B58AB00D4664
S214032BB0002201A90446EDF7A7FF88B104A9204621
S214032BC0FFF7CAFF60B1BDF81060FFF7B3F838B976
S214032BD0720601D5730503D529462046FAF797FEF4
S214032BE00AB070BD2DE9F3410F4605461646E6F7D3
S214032BF01FFFC41BE4B24FF000082946CDF800803F
S214032C0023463A463046FEF73CFF01212846E6F7C0
S214032C107DFF88B101212846E6F778FF0746E6F7E9
S214032C2007FFC5B22B463019CDF800804246394619
S214032C30FEF727FF2544ECB2204602B0BDE8F0813C
S214032C402DE9F74F0C9E9DF834808946054693463A
S214032C501C46E6F7EDFE012723464A4629468246EA
S214032C6000975846FEF70DFF39462846E6F74EFF0F
S214032C704C4428B339462846E6F748FF5FFA8AFAF3
S214032C805445814611DAE4B2AAEB040B5FFA8BFBD8
S214032C902246304600975B4629464444FEF7F1FE3B
S214032CA0A4EB0A045E4404F0FF0801230C930022FD
S214032CB043464946304603B0BDE8F04FFEF7E1BE53
S214032CC00C974346E2B22946F4E72DE9F04186B075
S214032CD00026074608460C4615469846CDE9026682
S214032CE004968DF81460E6F7A3FE411BCBB20D2BBA
S214032CF028BF0D2300962A46214602A8FEF7C1FEEA
S214032D00424602A93846EEF769F99DF808200646BA
S214032D1029462046E7F774F8304606B0BDE8F0814A
S214032D202DE9F04F0E46CBB00121054617461C464B
S214032D30E6F7ECFE23463A462946814606A8FFF701
S214032D40C4FF0DF1280A00EB070B5FFA8BFB524614
S214032D5031462846FFF746FFB34503D200204BB063
S214032D60BDE8F08FABEB06085FFA88F808F10403BA
S214032D709842F3DB331F1844C4B204230193A31B06
S214032D80DBB20093CDF808A043465246002106A8BE
S214032D90DCF72EFBC0B20028E0D1A4EB0B040AEB51
S214032DA00803E4B25246284600933146434601944C
S214032DB0FFF746FF39462846E7F70EF8394600F090
S214032DC0F8022846E7F71CF801212846E6F79EFE98
S214032DD0002818BF4D462846ADF81650E6F728FEDD
S214032DE0011FC9B20DF11600FEF732FE0120B6E749
S214032DF02DE9F041044600F0C1FE411C074689B2A6
S214032E00204600F08EFE98B397B339462046E6F781
S214032E10E3FF00F00C03042B054629D000F003085B
S214032E20B8F1020F00D11BBB284600F030FF2B067B
S214032E300744BEB216D5711C89B2204600F071FE57
S214032E40B0B1F9B22046E6F7C7FFB8F1010F014665
S214032E5000F003030CD0032B0AD0284600F026FF0D
S214032E60304486B231462046BDE8F04100F059BEF4
S214032E700020BDE8F081F8B5064600F041FE0546A1
S214032E8004463046FEF778FC43785B0718D5AC1C3F
S214032E90A4B22146304600F044FEB8B12946304677
S214032EA0E6F79AFF691C0746C9B23046E6F794FF71
S214032EB01FB1874201D8FF2808D104EB4704A4B208
S214032EC021463046BDE8F84000F02BBE0020F8BD92
S214032ED013B5044601A8EEF7C1FABDF80430DA07C5
S214032EE010D49B0707D410220021204602B0BDE869
S214032EF0104001F05DB8224621461020FFF7CCFDB6
S214032F000028F0D102B010BD13B50024CDE900347B
S214032F1013460A4601460620EEF7CCFA02B010BD69
S214032F2008B50246EEF7BCFA510544BF0838C0B2EE
S214032F30130544BF0838C0B208BDF0B5D3078BB03D
S214032F4005460C4649D5008800F018FE00230646C1
S214032F50029314B9CDE9034403AC002208212046AA
S214032F60FEF796FEA0B12888FEF706FC0230FEF7B1
S214032F70BAFA21460746E7F723FB48B10022402367
S214032F801146384600F02AFABE2528460BB0F0BD97
S214032F9031462888E6F720FF10F0030F0CBF012602
S214032FA00026EDF7F5FD46EA4000C0B2009002ABFE
S214032FB005AA00212046EFF739FC0546EDF7E8FDA4
S214032FC00028E2D0002DE0D0009602AB05AA00212F
S214032FD02046EFF72BFC0546D7E7A625D5E701469F
S214032FE01A2308220120E7F74FB800231A46EFF703
S214032FF079BB30B58BB005AD04462846FCF7A8F977
S214033000022301A928468DF81430FCF708FC01AA10
S2140330102346144603CCAC4218605960224603F19B
S2140330200803F6D10BB030BD08B500230246194697
S2140330301846EFF757FB012008BD37B50446684628
S214033040EFF7C6FB054648B108222146684600F05E
S21403305085FFB0FA80F0400903B030BDFF22082197
S2140330602046FEF715FE034628B106212846FFF73D
S214033070BCFF0120F0E722460146EFF733FBF8E7F3
S21403308007B56846EFF7A4FB10B16846FCF78AFD60
S21403309000F0010003B05DF804FB0120F0F7E8B888
S2140330A0704737B504460846FEF7A3FA0546FEF70B
S2140330B041FE00230146009322462B460120F5F7E6
S2140330C0FDFC03B030BD30B589B0054603A8FCF758
S2140330D03FF9012401A88DF80C40FCF74FFB9DF83F
S2140330E006209DF80730AA4209D0AB4209D103A8AF
S2140330F08DF80D40DCF736FA012009B030BD002408
S214033100F5E70020F9E708B5002211461046F0F768
S214033110F5FBBDE8084000214FF6FF70FFF765BFDB
S21403312000221021FEF7B4BD7FB502460D460D23DF
S21403313017216846F9F7C6FF02AE6B462A461C46B9
S21403314003CCB44210605160234602F10802F6D164
S214033150206810602379137100236B7304B070BD6D
S214033160F0B585B06C4606460B4601F108072246C5
S21403317018685968254603C50833BB422C46F7D161
S214033180186828601B792B7131460D231720F9F731
S214033190A2FF05B0F0BD38B504460D46DBF73CFF8D
S2140331A0A04205D920462946FFF7BEFF002038BDBA
S2140331B06920FCE730B585B000248DF80040DBF7C6
S2140331C02BFFE5B2A84204D8F1F798FC002005B01F
S2140331D030BD69462846FFF7C3FF0134EFE738B52D
S2140331E004460020F3F76CFFFF2805460FD0F4F7DC
S2140331F027F810F0010009D02846F4F721F8400814
S21403320040EAC17080F0010000F0010038BD04F010
S2140332100100FBE7F8B5014606460020F1F7A8FBD8
S214033220FF2801D00120F8BDDBF7E6FE00240546A3
S214033230871CDBF7E5FEE3B2984201D80020F2E7ED
S21403324035F82430B34203D117F82430002BE9D1E4
S2140332500134EEE738B50D4601210446E6F756FC81
S21403326030B101212046E6F751FC2880012038BD05
S2140332702C80204600F079FD0130C0B2F7E72DE937
S214033280F04788B00746894610460DF10A011D46E9
S2140332909046FFF7DFFFBDF80A6004464FF0000ACA
S2140332A03046CDE905AACDF81BA0E6F7C1FB031B04
S2140332B0DBB20B2B28BF0B23CDF800A022463146EA
S2140332C005A8FEF7DEFB48F21F039D4243D00BD84A
S2140332D085F40043012B15D90097234642464946F9
S2140332E02846FCF777FC33E048F23A039D42F3D1D5
S2140332F0FEF720FDB8422BD02246414605A8FCF730
S2140333009CFC25E09DF8143013BBBDF81D40DDF88A
S2140333101500DDF8191003AB03C303A92046DBF73A
S214033320E5FD012203A92046EDF780FBA7420646EA
S2140333300ED0012103A8F1F77FFD48F201039D4259
S21403334006D12EB9334632463946204600F0FDFDF7
S21403335008B0BDE8F0879DF81450002DF8D102346C
S2140333609DF81570E4B2A846EBB2BB42F0D22246F3
S21403337008233146CDF8008003A8CDE90388FEF77D
S21403338080FB03A8F3F77AFEF3F7CAFE083400F0CF
S214033390DDF80135E4B2E7E708B5E6F7FBFDBDE87F
S2140333A00840F2F775B810B5002484804180048085
S2140333B0C280038110BD13B5BDF81040CDE90034BB
S2140333C00023F2F7BBF902B010BD13B5BDF81040E9
S2140333D001900094F2F7B2F902B010BD07B500935E
S2140333E00123FFF7F2FF03B05DF804FB0123F2F7B6
S2140333F03BBA0121F3F770BB08B500F00EF8FF28BF
S21403340004D0F3F71DFFC0F3C00008BD0120FCE79E
S21403341001464FF6FF70F3F787BA01460020F3F72D
S2140334204FBE10B50C46F3F77BFEFF2808D0F3F724
S2140334300DFE20B10368236043686360012010BD5E
S2140334400020FCE710B50446FEF7A4F8B0F5006FBD
S214033450204605D1FEF7B1F8BDE81040F3F760BE8D
S214033460FEF7C7F8BDE81040FFF7D7BF08B5F3F778
S21403347057FEFF280CD0F3F7E3FE10F0010309D044
S214033480400840EAC17080F0010000F0010008BD6A
S2140334900020FCE71846FAE708B5F3F741FEFF38C5
S2140334A018BF012008BD1FB502460B2301A818212B
S2140334B0F9F708FE9DF80E0005B05DF804FB30B57D
S2140334C011F0010587B0044616D001A9F4F780FA77
S2140334D090B92046F3F7B4FE10F0010109D0204658
S2140334E0F3F7AEFE430843EAC17383F0010303F028
S2140334F0010101A8F1F7A0FC2046F5F701FA2946D9
S214033500204607B0BDE83040FAF72EB930B585B08F
S2140335100C460546F3F782FDA04215D04FF6F77327
S2140335209C4211D80B232A46182101A8F9F7CAFD95
S214033530294618200B2301AAADF80C40F9F7CBFD5A
S21403354021462846F3F706FE05B030BD10B50446FF
S214033550DBF768FDA0420FD92046F3F75FFD4FF671
S214033560FF73984208D020460021FFF7A8FF2046A5
S214033570BDE81040F4F784BA10BD10B50446FEF754
S214033580D9FB002102462046BDE81040F4F7D0BB25
S2140335902DE9F04114460F4605469846FEF7ECF82B
S2140335A006460430FDF79FFF20802846FEF747F8BF
S2140335B06080B379E372791CC9B22846E6F70CFC3F
S2140335C0B91CA072C9B22846E6F706FCFE1C207298
S2140335D0F6B2B8F1000F18D031462846FEF79EFA29
S2140335E00537FEB2A08031462846FEF797FAB11C8F
S2140335F0E080C9B22846E6F7EFFB6072217AA0881E
S2140336000122BDE8F041F5F7B5B82088EAE72DE9D1
S214033610F04186B090461E4604460D46FEF78AFBEA
S2140336204FF6F7739845074632D8A0424FF0050386
S2140336308DF80C304FF0010214BF012300234FF026
S2140336400001CDE900211ABF8DF80D30ADF80E004C
S2140336508DF80D30284614BF0423022303AA00F076
S21403366069FA0546A0B1A7421AD0FEF785F80746C1
S21403367021460430803EFDF738FFFE7104A920463C
S214033680FFF7CFFE40B904A92046F5F7C9FE18B9DF
S214033690002006B0BDE8F08104A9284600F0D9FA58
S2140336A041462846FEF776FFF3E7037923F0030344
S2140336B0194301F03F010171704707B50DF107018A
S2140336C0F4F7FEFE03B05DF804FB08B5FFF7F5FF5D
S2140336D018B1BDE80840F4F743BF08BD0022114601
S2140336E04FF6FF70F5F746B810B50446FFF7E5FF4B
S2140336F0024638B901462046F5F73CF8003818BFAD
S214033700012010BD0120FCE7F8B5174604460E4617
S214033710FFF7D3FF0546386068B1037903F0030368
S214033720337023B93A68137903F03F0313713B6888
S2140337305C882046F8BD01462046FEF7DFFC0746B8
S21403374028B1E7F783FE874201D83570F1E73146A3
S2140337502046FCF739FA0028EBD0032333704FF6E4
S214033760FF74E6E707B501AA0DF10301FFF7CCFFE7
S2140337709DF8033053B9019828B1037913F0300F3D
S21403378014BF0120002003B05DF804FB0020FAE715
S2140337902DE9FF410646104688461546F3F76EFCAC
S2140337A00746FEF7C7FA044648BB4FF6FF739E422A
S2140337B025D09F4206D00146384604B0BDE8F04106
S2140337C0EBF7D8B807238DF804302B68CDF805300F
S2140337D002466B68CDF80930092101A8FEF704F804
S2140337E0024618B9182004B0BDE8F081012341460B
S2140337F03046F0F717FA0028F4D02046F3E7702097
S214033800F1E72DE9F04391B0064603AD0BA89046C9
S2140338100F464FF00109FBF79BFD29460BA8ADF8B1
S2140338202C90FBF7FCFF95E80F0007AC84E80F002D
S214033830CDE900484B46002239463046F0F70AFBEE
S21403384011B0BDE8F0832DE9F04F002785B081461F
S2140338500C467E203946BDF83CB09DF844A0BDF822
S2140338604C5001929846ADF80E70E6F78BF9064673
S214033870002800F0AA80E6F7BFF839467E2200F05B
S21403388097FB3046E6F7B8F800903046E6F7B4F80C
S214033890B9F1FF0F14BF44F0030727463B0A14F49D
S2140338A04062077043705FD1C31C4FF00808184688
S2140338B00199424600F062FB04F440440346434445
S2140338C084B1790606D419464FEA1B2201F802BBD7
S2140338D05A700B46B4F5004F56D0A4F540425442F6
S2140338E05441E400224618460E9900F047FB009A1E
S2140338F003462044A0EB02085FFA88F89DB14FF414
S2140339007C521A53841C2846E6F776F883462846E4
S214033910E6F78EF8C5B22A465946204600F06EFBF7
S21403392060190235EDB2B9F1FF0F2FD0109900F8E8
S214033930019B524600F062FB08F101015AFA81F13D
S21403394029443046E6F790F80C21FF00002207F0E2
S214033950800739431046FDF7EDFEADF80E00E8B9D3
S214033960002005B0BDE8F08FB2F5006F80F8038045
S2140339704FEA182880F8048000F1050314BF4FF0BF
S21403398008084FF0020892E70224ABE708EB0A01A7
S21403399029443046E6F768F80821D6E73046E6F7C6
S2140339A02BF804463046E6F743F80123C2B2214615
S2140339B00DF10E00E6F76CF90028D1D1BDF84820CA
S2140339C0BDF80E000121E6F7B5F8BDF80E00C8E70E
S2140339D07047F8B506460D46F5F796FC03280446E9
S2140339E021D02846F5F790FC032807461BD010F095
S2140339F0020318D1A0070DD5F90716D401233C43BB
S214033A00E20704D431892A89914218BF002303F0C0
S214033A100100F8BD08222946304600F09FFAB0FAA6
S214033A2080F35B09EBE70020F3E71846F1E770B590
S214033A300D4600210646FDF7EEFE044630B1E5F7D7
S214033A40DBFF01462846FFF7C4FF08B1204670BDDA
S214033A5021463046FDF735FFEFE77FB54FF6FF719A
S214033A6001AAF5F73DFD20B1BDF80C0007B05DF8DF
S214033A7004FB4FF6FF70F9E708B5FFF7D8FF0038E9
S214033A8018BF012008BD08B51046E7F70DFCBDE8D2
S214033A900840E7F7C7BC2DE9F7430F4601218146E7
S214033AA01646E6F733F8054658B1FEF715F83080A4
S214033AB088B92846E5F7BCFF68B1182003B0BDE80F
S214033AC0F0834846E5F7B4FFFF2FA0EB0704E4B204
S214033AD014D014B934800020F0E72A46214628463D
S214033AE0FDF782FE80460028E7D000943B464A4610
S214033AF02946FEF700F8A6F80080ECE70120DDE78C
S214033B0008B5FDF739FE437803F001001A074CBFEA
S214033B1010300830DB0644BF0830C0B21030C0B2E5
S214033B2008BD10B50C46E5F783FFA04234BF00205E
S214033B30012010BD7FB59DF820600091144641F228
S214033B400921024641F60920002E18BF01461D46EC
S214033B500020099BF5F710FEADF80E0010B9002003
S214033B6004B070BD01232A4621460DF10E00E6F788
S214033B708FF80028F3D1BDF80E00F1E738B50546F7
S214033B80FFF7BEFF04462846E5F752FF631C9BB2C9
S214033B9083420FD82846FDF7EFFD43785B0707D52A
S214033BA021462846E6F718F9013004EB4004E4B250
S214033BB0204638BD0024FBE730B585B0ADF80E00CF
S214033BC0E5F736FF0446BDF80E00FFF7D7FF00F112
S214033BD00E03DBB2E5B2BDF80E20ED1AADB2014618
S214033BE000951046FDF787FFA4F10E01C9B20DF14B
S214033BF00E00FDF72DFF05B030BD4278034612F0E8
S214033C00080006D0D20702D403F10800704703F178
S214033C100900704737B505460C46FDF7ADFD4378FA
S214033C2013F0100211D094B103F001021B074FF0FA
S214033C300003009354BF1832203208232946204637
S214033C40FDF71FFF012003B030BD1046FBE72046FB
S214033C50F9E773B505460C46FDF78EFD437813F07A
S214033C60100210D08CB103F0010201261B0754BFCB
S214033C70183220320096082329462046FDF701FF16
S214033C80304602B070BD1046FBE72046F9E700F069
S214033C900303012B08D0C30606D400F00C000C283F
S214033CA014BF08200920704702207047034611F00E
S214033CB0030005D003F00303022B14BF02200320E6
S214033CC070472DE9F0414E1C07460D46E5F7B0FE5A
S214033CD0864203D900242046BDE8F08129463846AB
S214033CE0E6F77AF88046FFF7D2FF18F0800F04460F
S214033CF0F1D006443846E5F79BFEB6B28642E9D8CD
S214033D002919C9B23846E6F767F801464046FFF771
S214033D10CDFF2044C4B2DEE7F8B506460D46FFF7EE
S214033D20D0FF044610B900242046F8BD2946304685
S214033D30E6F752F88206F7D53046E5F779FE6F1CAC
S214033D402744BFB28742EED82919C9B23046E6F7F0
S214033D5043F800F01803082B14BF05340634E4B206
S214033D60830644BF0834E4B2DEE738B50546FFF7FA
S214033D7005FF044608B9002038BD01462846FFF76C
S214033D80CBFF0028F7D02044C0B2F5E72DE9F04377
S214033D9087B005460C46FDF7EFFC8046FDF7A3FB10
S214033DA007462846FFF7EAFE064601462846FFF77B
S214033DB088FF0022034600922946324602A8FDF7F2
S214033DC060FE9DF8086006F00C030C2B06F0030952
S214033DD00BD0B9F1010F59D0F10657D49DF809302D
S214033DE00DF10A056371002007E0FF2363710DF1EF
S214033DF00900FDF778FB0DF10B05208198F80130DB
S214033E00DA0704D508F10200FDF76DFB2081B9F14E
S214033E10010F5FFA89F83DD0F3063BD42846FDF739
S214033E2062FB6080A81CFDF75EFB053515F8013CB8
S214033E30208023712B78A372B00606F0400348BF98
S214033E4043F02003390627D543F40073F80448BF2C
S214033E5043F48063390548BF43F400633206E380C6
S214033E6011D56A7812F003020DD0A9786FEA43439E
S214033E706FEA5343B8F1020FE3800B4611D1EB7898
S214033E8041EA0321218107B0BDE8F083FF230DF14A
S214033E900905A7E7FF23CCE77A0648BF43F48073F8
S214033EA0D4E7012A04BF0B029BB22381EBE770B56C
S214033EB00646F5F7B3FD04463046E9F79FFB224670
S214033EC0034600213046F5F799F90546C0B1FDF7DC
S214033ED053FC04462846E5F78FFDE21D121A00231D
S214033EE0D2B229460820F9F7A0FB0138C0B2012850
S214033EF006D8294630460122BDE87040E6F7E6BB01
S214033F0070BD10B513460A4600210446F5F750F96E
S214033F10014628B102222046E6F7D8FBC0B210BD00
S214033F200120FCE707B5009313460A460021F5F780
S214033F309BF830B10021F2F7CFFDC0B203B05DF8B5
S214033F4004FB0120FAE7F6F733B80BB1F6F79CB893
S214033F500AB9F6F715B9FF21F6F73EB810B50139D9
S214033F600244904201D1002005E0037811F8014F86
S214033F70A34201D0181B10BD0130F2E7884210B5EA
S214033F8001EB020402D98442234607D8431EA1420A
S214033F9008D011F8012B03F8012FF8E70244014675
S214033FA08A4200D110BD13F8014D02F8014DF7E720
S214033FB002440346934200D1704703F8011BF9E716
S214033FC010B56AB10139841810F8012B11F8013FB6
S214033FD09A4203D1A04201D0002AF5D1D01A10BDCF
S214033FE01046FCE77047704710F8012B11F8013BA9
S214033FF0012A28BF9A42F7D0D01A70470A44914242
S21403400000F1FF3300D1704710B511F8014B03F8E8
S214034010014F9142F9D110BD034613F8012B002A34
S214034020FBD1181A01387047431C08BF0020E0F77D
S21403403039BF000000000000000000000000000080
S214034040F8B500BFF8BC08BC9E467047F8B500BF7D
S214034050F8BC08BC9E4670475FF800F0591600206F
S2140340600000000000000000000000000000000048
S2140340700000000000000000000000000000000038
S2140340804A6F696E002573206E6574776F726B20B6
S21403409025733A2030782530325800696E666F00F3
S2140340A06C696273006273656E640072657365742F
S2140340B0007261770073656E645F6D756C74696317
S2140340C06173740073656E642D7573696E672D6D09
S2140340D0756C7469636173742D62696E64696E6767
S2140340E00074696D6573796E63006765742D70740B
S2140340F0692D726164696F2D636F6E66696700630D
S2140341006F6E6669672D6363612D6D6F64650076F8
S214034110657273696F6E006576656E74730073659A
S214034120637572697479007A69676265655F707230
S214034130696E7400706C7567696E006E6574006BEB
S214034140657973006F7074696F6E00706C756700C5
S2140341506368616E67656B6579006368616E676542
S2140341606B007A646F007072696E742072656C619E
S21403417074656420636F6D6D616E64732E00617485
S21403418074720074696D65005A646F2072656C61A1
S21403419074656420636F6D6D616E64732E00726F59
S2140341A075746500706F776572006D676D742D6C3E
S2140341B07169006D676D742D62696E64006C65616C
S2140341C07665006E6F64650073696D706C65006973
S2140341D0656565006E776B00756E62696E64006E6A
S2140341E0776B2D757064006F75742D636C2D6C6919
S2140341F0737400696E2D636C2D6C697374005A6456
S2140342006F20696E2D636C2D6C6973742072656CF8
S2140342106174656420636F6D6D616E64732E005AFE
S214034220646F206F75742D636C2D6C6973742072C4
S214034230656C6174656420636F6D6D616E64732E67
S214034240005A646F206E776B2D7570642072656CF0
S2140342506174656420636F6D6D616E64732E0073A5
S21403426063616E2D6368616E2D6D61736B0073639E
S214034270616E006368616E5067006368616E005A22
S214034280646F20756E62696E642072656C61746516
S2140342906420636F6D6D616E64732E00756E696363
S2140342A0617374006368616E67656B657920726518
S2140342B06C6174656420636F6D6D616E64732E004C
S2140342C06C696E6B004F7074696F6E2072656C61FB
S2140342D074656420636F6D6D616E64732E00726522
S2140342E067697374657200746172676574006469E4
S2140342F0736300696E7374616C6C2D636F64650021
S21403430062696E64696E672D7461626C65007072B3
S214034310696E742D72782D6D736773006170737296
S2140343206574727900415053207265747279206601
S2140343306C616720666F72636520636F6D6D616E77
S21403434064730064656661756C7400456E61626CC7
S21403435065732F44697361626C6573207072696E4E
S21403436074696E67206F66205278206D657373617B
S2140343706765732E00656E61626C650064697361C0
S214034380626C650042696E64696E67207461626C74
S214034390652072656C6174656420636F6D6D616E14
S2140343A064732E005365637572697479206B65793F
S2140343B0732072656C6174656420636F6D6D616EE6
S2140343C064732E0064656C657465004E6574776F60
S2140343D0726B2072656C6174656420636F6D6D61CA
S2140343E06E64732E00666F726D0072656A6F696E17
S2140343F02D646966662D6465766963652D747970C8
S214034400650065787470616E69640069736F7065C2
S2140344106E0062726F61642D706A6F696E00636806
S214034420616E67652D6368616E6E656C00696E69A3
S21403443074006368616E67652D6B6565702D616CCE
S2140344406976652D6D6F64650074696D656F757447
S2140344502D6F7074696F6E2D6D61736B006D756C67
S21403446074692D7068792D7374617274006D756C40
S21403447074692D7068792D73746F700066696E6445
S214034480006E6574776F726B2066696E6420636F67
S2140344906D6D616E64732E006A6F696E61626C6522
S2140344A000756E757365640069646C652D736C6561
S2140344B0657000636F756E746572730067726F75EF
S2140344C070732D736572766572006964656E7469C0
S2140344D06679006E6574776F726B2D73746565729B
S2140344E0696E67007570646174652D74632D6C69FD
S2140344F06E6B2D6B6579007570646174652D7463DE
S2140345002D6C696E6B2D6B65792072656C617465B5
S2140345106420636F6D6D616E64730074696D65729C
S214034520007363656E65732072656C6174656420E1
S214034530636F6D6D616E64732E006E6574776F7254
S2140345406B2D7374656572696E672072656C617432
S214034550656420636F6D6D616E64732E00707265A3
S2140345602D636F6E666967757265642D6B65792D4D
S214034570736574006D61736B2072656C617465643A
S21403458020636F6D6D616E642E0073756274726165
S2140345906374006964656E746966792072656C611C
S2140345A074656420636F6D6D616E64730067726F0C
S2140345B07570732D7365727665722072656C61749F
S2140345C0656420636F6D6D616E64732E00656E6146
S2140345D0626C655F7479706500737461636B006108
S2140345E07070007A636C006C65676163795F6166FF
S2140345F05F646562756700636F756E7465727320BA
S21403460072656C6174656420636F6D6D616E64734F
S2140346102E007072696E742D636F756E7465722DDD
S214034620747970650073696D706C652D7072696E50
S21403463074007072696E742D7468726573686F6C3B
S2140346406473007365742D7468726573686F6C6445
S2140346500072657365742D7468726573686F6C6435
S214034660730073656E642D7265717565737400737C
S214034670656375726974792072656C61746564200C
S214034680636F6D6D616E6473007365742D616C6C1E
S2140346906F772D74727573742D63656E7465722DE2
S2140346A072656A6F696E2D7573696E672D77656CB3
S2140346B06C2D6B6E6F776E2D6B6579007365742D3D
S2140346C0616C6C6F772D74727573742D63656E747D
S2140346D065722D72656A6F696E2D7573696E672DC7
S2140346E077656C6C2D6B6E6F776E2D6B65792D749D
S2140346F0696D656F7574007365742D6B65792D72BE
S2140347006571756573742D706F6C696379006D667A
S214034710672D746F6B656E00617073005365637508
S21403472072697479206170732072656C6174656454
S21403473020636F6D6D616E64732E004765742F730F
S2140347406574204D464720746F6B656E2E00656E4C
S21403475064706F696E742072656C6174656420633F
S2140347606F6D6D616E64732E00436F6D6D616E6465
S2140347707320746F20636F6E74726F6C2069646C41
S214034780696E672F736C656570696E67206F662048
S2140347907468652064657669636500666F72636531
S2140347A02D6177616B65006177616B652D77686551
S2140347B06E2D6E6F742D6A6F696E65640050726934
S2140347C06E74732074696D652E005072696E74730F
S2140347D0206174747269627574652E00436C65613A
S2140347E0727320746865205A444F206C6973742072
S2140347F06F6620636C69656E742028696E29206372
S2140348006C7573746572732E004164647320636CF5
S21403481075737465727320746F20746865206B6E8D
S2140348206F776E20636C69656E742028696E292025
S214034830636C757374657273206F6E207468697326
S214034840206465766963652E00436C656172732028
S214034850746865205A444F206C697374206F662011
S214034860636C69656E7420286F75742920636C7594
S21403487073746572732E004164647320636C75737E
S2140348807465727320746F20746865206B6E6F771F
S2140348906E20636C69656E7420286F7574292063B7
S2140348A06C757374657273206F6E207468697320F9
S2140348B06465766963652E0053656E647320616E66
S2140348C020757064617465206368616E6E656C2024
S2140348D0726571756573742E006368616E6E656CC0
S2140348E01F0053656E647320616E20757064617477
S2140348F065206368616E6E656C2070616765207203
S21403490065712E2054686520737461636B2073652C
S2140349106E6473206E776B20656E68616E63656484
S214034920207570646174652072657120666F7220ED
S2140349306E6F6E2D7A65726F20706167652E0063E9
S21403494068616E6E656C1F706167651F00506572E7
S214034950666F726D7320616E20656E65726779206F
S2140349607363616E2E007461726765744E6F64655F
S21403497049641F7363616E4475726174696F6E1F59
S2140349807363616E436F756E741F0042726F61646A
S214034990636173747320746865204944206F6620CE
S2140349A0746865206E6577206E6574776F726B200A
S2140349B06D616E6167657220616E64206163746900
S2140349C07665206368616E6E656C732E006E776B1A
S2140349D04D676549641F6368616E6E656C4D6173F0
S2140349E06B1F00506572666F726D7320616E206573
S2140349F06E65726779207363616E206F6E206769D8
S214034A0076656E206368616E6E656C206D61736B90
S214034A102E007461726765744E6F646549641F7314
S214034A2063616E4475726174696F6E1F7363616E42
S214034A30436F756E741F6368616E6E656C4D61734C
S214034A406B1F0053656E64732061206E6574776F09
S214034A50726B206164647265737320726571756529
S214034A60737420666F722074686520676976656E56
S214034A70204945454520616464726573732E006959
S214034A806565651F00526571756573747320616E85
S214034A9020494545452061646472657373206261ED
S214034AA0736564206F6E206120676976656E206E7D
S214034AB06F64652049442E006E6F646549641F0069
S214034AC053656E647320612073696D706C65206432
S214034AD0657363726970746F72207265717565733E
S214034AE07420666F72207468652073686F72742012
S214034AF06164647265737320616E6420656E6470AE
S214034B006F696E74207370656369666965642E00E9
S214034B10646573741F746172676574456E64706F41
S214034B20696E741F0053656E64732061206D617433
S214034B30636844657363726970746F7273526571E8
S214034B407565737420746F2074686520676976656D
S214034B506E2064657374696E6174696F6E2077691D
S214034B6074682074686520676976656E2070726F56
S214034B7066696C652E006E6F646549641F70726F9C
S214034B8066696C651F0053656E64732061206E6FE3
S214034B9064652064657363726970746F72207265EE
S214034BA0717565737420746F206120676976656E0E
S214034BB020746172676574206465766963652E0088
S214034BC07461726765741F0053656E647320612099
S214034BD05A444F2042696E6420636F6D6D616E6444
S214034BE020746F2061206465766963652073706541
S214034BF063696669656420696E2074686520636FFF
S214034C006D6D616E6420617267756D656E74732E6B
S214034C100044657374696E6174696F6E1F536F75B4
S214034C2072636520656E64706F696E741F44657386
S214034C3074696E6174696F6E20656E64706F696EF9
S214034C40741F636C757374657249441F72656D6F68
S214034C50746545554936341F64657374455549363E
S214034C60341F0053656E647320616E20616374693C
S214034C70766520656E64706F696E742072657175F3
S214034C8065737420746F2074686520646576696341
S214034C906520776974682074686520676976656E31
S214034CA02073686F72742049442E0053656E6473D4
S214034CB020616E20756E62696E642072657175651B
S214034CC0737420666F72206120756E6963617374F6
S214034CD02062696E64696E6720746F20746865204D
S214034CE0746172676574206465766963652E007403
S214034CF061726765741F736F757263652065756986
S214034D0036341F736F7572636520656E64706F69E2
S214034D106E741F636C757374657249441F646573A0
S214034D2074696E6174696F6E45554936341F6465E0
S214034D307374696E6174696F6E20656E64706F69F3
S214034D406E741F0053656E647320616E20756E6209
S214034D50696E64207265717565737420666F722060
S214034D6061206D756C7469636173742062696E6427
S214034D70696E6720746F2074686520746172676556
S214034D8074206465766963652E0074617267657462
S214034D901F736F757263652065756936341F736F8D
S214034DA07572636520656E64706F696E741F636CDD
S214034DB0757374657249441F67726F7570416464D6
S214034DC0726573731F0053656E64732061205A44C3
S214034DD04F204D616E6167656D656E74204C65612D
S214034DE0766520636F6D6D616E6420746F207468E2
S214034DF06520746172676574206465766963652EE1
S214034E00007461726765741F72656D6F76654368BB
S214034E10696C6472656E1F72656A6F696E1F0053F4
S214034E20656E64732061205A444F204D474D542DC0
S214034E3042696E64202842696E64696E6720546115
S214034E40626C6529205265717565737420746F20D2
S214034E507468652074617267657420646576696337
S214034E60652E007461726765741F7374617274498A
S214034E706E6465781F0053656E64732061205A4420
S214034E804F204D474D542D4C514920284C51492015
S214034E905461626C6529205265717565737420745C
S214034EA06F20746865207461726765742064657624
S214034EB06963652E0053656E64732061205A444F00
S214034EC020506F7765722044657363726970746FE0
S214034ED072205265717565737420746F20746865EB
S214034EE020746172676574206465766963652E0055
S214034EF053656E64732061205A444F20726F757435
S214034F0065207265717565737420636F6D6D616E70
S214034F106420746F20746865207461726765742EEC
S214034F20007461726765741F696E6465781F006933
S214034F306E6465781F65756936341F696E737461B0
S214034F406C6C436F64651F00696E6465781F6575D6
S214034F506936341F6B65791F005443206C696E6B8A
S214034F60206B6579207265717565737420706F6C3C
S214034F706963791F417070206C696E6B206B65796D
S214034F80207265717565737420706F6C6963791F21
S214034F9000426F6F6C3A20616C6C6F772074727589
S214034FA073742063656E7465722072656A6F696ECA
S214034FB0207573696E672077656C6C2D6B6E6F77E3
S214034FC06E206B65791F0070726F66696C65496445
S214034FD01F636C757374657249641F00746172672E
S214034FE0657449641F00456E61626C657320707258
S214034FF0696E74696E67206F66205278206D6573DC
S21403500073616765732E0053657473207468652037
S21403501062696E64696E67207461626C6500696EAE
S2140350206465781F636C75737465721F6C6F636158
S2140350306C45701F72656D6F746545701F65756985
S21403504036341F00436C6561727320746865206292
S214035050696E64696E67207461626C652E005072B7
S214035060696E7473207468652062696E64696E671E
S214035070207461626C6520746F2074686520636FAA
S2140350806D6D616E64206C696E652E00436C6561A0
S214035090727320616C6C2073656375726974792012
S2140350A06B6579732E0044656C657465207468655A
S2140350B020737065636966696564206C696E6B202E
S2140350C06B657920696E6465782E005072696E741C
S2140350D07320616C6C207365637572697479206BD9
S2140350E06579732E005465726D696E6174657320FD
S2140350F0746865206D756C74692D50485920696E07
S21403510074657266616365005573656420746F2009
S2140351107374617274206D756C74692D50485920D0
S214035120696E74657266616365206F746865722064
S2140351307468616E206E617469766520616E6420A2
S214035140666F726D20746865206E6574776F726B18
S2140351502E2054686520737461636B2075736573C2
S2140351602073616D652050616E4964206173206E03
S214035170617469766520726164696F206E65747701
S2140351806F726B2E00706167651F6368616E6E6574
S2140351906C1F706F7765721F6F7074696F6E734DD7
S2140351A061736B20284269742030203D20526F754E
S2140351B07465727320616C6C6F7765642C2042692A
S2140351C0742031203D2042726F61646361737420E2
S2140351D0616C6C6F776564291F00417474656D702C
S2140351E0747320746F206368616E676520746865E6
S2140351F0206368696C642074696D656F7574206FCD
S2140352007074696F6E206D61736B20746F206669AE
S2140352106C746572206F757420756E64657369723D
S21403522061626C652076616C7565732028652E67F0
S2140352302E206E6F206D6F7265207468616E20334A
S2140352402064617973292E0074696D656F75742007
S2140352506F7074696F6E206D61736B1F005377698F
S2140352607463686573206265747765656E20646928
S21403527066666572656E74206B65657020616C6921
S2140352807665206D6F64657320737570706F7274C6
S2140352906564206279206120726F757465722E00D2
S2140352A04B65657020616C697665206D6F64651F5C
S2140352B0005072696E747320746865206375727229
S2140352C0656E74204E6F64652049442C204555490D
S2140352D036342C20616E642050616E2049442E00C3
S2140352E0496E697469616C697A65732061206E65BD
S2140352F074776F726B3B20746869732069732061DF
S214035300207465737420636F6D6D616E64207573AE
S214035310656420666F722074632D737761702D6FDA
S21403532075742074657374696E672E0053657473A1
S21403533020746865206E6574776F726B20696E647F
S2140353406578207573656420627920616C6C2066CD
S214035350757475726520434C4920636F6D6D616E7D
S21403536064732E20204265666F72652065786563D8
S2140353707574696E67206120434C4920636F6D6DB9
S214035380616E642C20746865206672616D65776F44
S214035390726B20737769746368657320746F207407
S2140353A0686973206E6574776F726B2E2020416672
S2140353B07465722074686520636F6D6D616E64201A
S2140353C066696E6973686573206578656375746965
S2140353D06E672C20746865206672616D65776F72E0
S2140353E06B207377697463686573206261636B20EF
S2140353F0746F207468652070726576696F757320A4
S2140354006E6574776F726B2E202054686520434C4C
S214035410492075736573207468652073616D652014
S2140354206E6574776F726B20696E64657820756E2F
S21403543074696C2074686520646576696365207298
S2140354406573657473206F722069742069732063B3
S21403545068616E676564207468726F756768207428
S21403546068697320636F6D6D616E642E004174749A
S214035470656D70747320746F206368616E67652052
S214035480646576696365206F76657220746F206144
S21403549020646966666572656E74206368616E6E05
S2140354A0656C20676976656E20696E207468652072
S2140354B06368616E6E656C20617267756D656E7488
S2140354C02E00546865206368616E6E656C20746F89
S2140354D0206368616E676520746F1F0066696E647B
S2140354E0556E7573656450616E49640066696E64D3
S2140354F04A6F696E61626C654E6574776F726B0096
S2140355005065726D697473206A6F696E696E672081
S2140355106F6E20746865206E6574776F726B206695
S2140355206F72206120676976656E206E756D6265A1
S21403553072206F66207365636F6E647320414E44FA
S2140355402062726F616463617374732061205A44CE
S2140355504F204D676D74205065726D6974204A6FD5
S214035560696E696E67207265717565737420746FF2
S21403557020616C6C20726F75746572732E00412007
S21403558073696E676C65206279746520696E6469F9
S214035590636174696E6720686F77206C6F6E67202F
S2140355A0746865206465766963652073686F756CD7
S2140355B0642068617665207065726D6974206A6F11
S2140355C0696E696E67207475726E6564206F6E20EF
S2140355D0666F722E20412076616C7565206F66209B
S2140355E030786666207475726E73206F6E207065F1
S2140355F0726D6974206A6F696E20696E6465666988
S2140356006E6974656C792E1F00436865636B73203F
S2140356106E6574776F726B20706A6F696E20737431
S214035620617475732E0057726974657320746865A8
S21403563020657874656E6465642070616E204944E5
S21403564020666F7220746865206465766963652ECC
S2140356500065787470616E69641F0052656A6F69CD
S2140356606E7320616E206578697374696E67206E49
S2140356706574776F726B20696E206120736563753E
S2140356807265206F7220696E736563757265206D2F
S214035690616E6E657220776974682061206469663E
S2140356A0666572656E7420646576696365207479D1
S2140356B070652E00426F6F6C65616E206E65747741
S2140356C06F726B206B657920617661696C616269C4
S2140356D06C6974791F4368616E6E656C206D6173C7
S2140356E06B1F416E20656E756D65726174696F6EB2
S2140356F020696E6469636174696E672074686520E7
S214035700646576696365207479706520746F2072AA
S214035710656A6F696E2061732E54686520737461C1
S214035720636B206F6E6C792061636365707473209E
S214035730454D4245525F454E445F444556494345B1
S21403574020616E6420454D4245525F534C4545509B
S214035750595F454E445F4445564943452E1F005204
S214035760654A6F696E732061206E6574776F726B1E
S2140357702E00426F6F6C65616E206E6574776F7274
S2140357806B206B657920617661696C6162696C690F
S21403579074791F4368616E6E656C206D61736B1F51
S2140357A0004C65617665732061206E6574776F7251
S2140357B06B2E005475726E73207065726D6974205B
S2140357C06A6F696E696E67206F6E20666F722074EB
S2140357D0686520616D6F756E74206F662074696DE1
S2140357E06520696E646963617465642E0041207385
S2140357F0696E676C65206279746520696E64696397
S2140358006174696E6720686F77206C6F6E672074AB
S2140358106865206465766963652073686F756C6474
S2140358202068617665207065726D6974206A6F6999
S2140358306E696E67207475726E206F6E20666F7267
S2140358402E20412076616C7565206F662030786661
S21403585066207475726E73207065726D6974206A43
S2140358606F696E20696E646566696E6974656C79C6
S2140358702E1F004A6F696E732061206E6574776F02
S214035880726B206F6E206120676976656E20636891
S214035890616E6E656C2C2077697468206120676979
S2140358A076656E20545820506F77657220616E645B
S2140358B02050414E2049442E005468652063686199
S2140358C06E6E656C206F6E20776869636820746FF0
S2140358D0206A6F696E20746865206E6574776F72D0
S2140358E06B1F4F6E652D62797465207369676E65ED
S2140358F0642076616C756520696E6469636174699A
S2140359006E672074686520545820506F7765722040
S214035910746861742074686520726164696F2073AB
S214035920686F756C642062652073657420746F1FDE
S2140359305468652050414E204944206F6E20776896
S21403594069636820746F206A6F696E2074686520C7
S2140359506E6574776F726B1F00466F726D7320618E
S214035960206E6574776F726B206F6E206120676997
S21403597076656E206368616E6E656C2C207769743D
S21403598068206120676976656E20545820506F77CB
S214035990657220616E642050414E2049442E0054A7
S2140359A06865206368616E6E656C206F6E2077682D
S2140359B069636820746F20666F726D207468652053
S2140359C06E6574776F726B1F4F6E652D62797465A3
S2140359D0207369676E65642076616C756520696EF1
S2140359E06469636174696E6720746865205458201F
S2140359F0506F7765722074686174207468652072CE
S214035A006164696F2073686F756C642062652073C8
S214035A10657420746F1F5468652050414E204944B6
S214035A20206F6E20776869636820746F20666F72D4
S214035A306D20746865206E6574776F726B1F0054F3
S214035A406869732073657473207468652074686569
S214035A5020616D6F756E74206F662074696D6520A6
S214035A606265747765656E207375627365717565B7
S214035A706E742074727573742063656E7465722019
S214035A806C696E6B206B65792075706461746573E1
S214035A9020696E206D696C6C697365636F6E6473E1
S214035AA02E0054686520616D6F756E74206F6620D6
S214035AB074696D65206265747765656E20737562BB
S214035AC073657175656E742074727573742063657F
S214035AD06E746572206C696E6B206B6579207570C9
S214035AE0646174657320696E206D696C6C69736597
S214035AF0636F6E64731F00436C6561727320746812
S214035B0065207363656E6573207461626C65206FD0
S214035B106E20657665727920656E64706F696E7443
S214035B202E005072696E747320696E666F726D61B3
S214035B3074696F6E2061626F757420746865206384
S214035B406F6E74656E7473206F6620746865207359
S214035B5063656E6573207461626C652E00537562AF
S214035B607472616374732061206368616E6E656C22
S214035B702066726F6D206569746865722074686547
S214035B80207072696D617279206F72207365636F1E
S214035B906E64617279206368616E6E656C206D61F8
S214035BA0736B206F6620746865206E6574776F72FA
S214035BB06B2D7374656572696E6720636F6D706FA6
S214035BC06E656E742E00546865206368616E6E653C
S214035BD06C206D61736B20746F20737562747261D1
S214035BE0637420746865206368616E6E656C2066F6
S214035BF0726F6D1F546865206368616E6E656C20F6
S214035C00746F2073756274726163742074686520A0
S214035C106D61736B2066726F6D1F00416464732041
S214035C2061206368616E6E656C20746F20656974AD
S214035C3068657220746865207072696D6172792078
S214035C406F72207365636F6E646172792063686137
S214035C506E6E656C206D61736B206F66207468656D
S214035C60206E6574776F726B2D7374656572696EDB
S214035C706720636F6D706F6E656E742E0054686573
S214035C80206368616E6E656C206D61736B20746F44
S214035C90206164642061206368616E6E656C2074A5
S214035CA06F1F546865206368616E6E656C20746F41
S214035CB02061646420746F20746865206D61736B63
S214035CC01F00536574732065697468657220746871
S214035CD065207072696D617279206F7220736563D7
S214035CE06F6E64617279206368616E6E656C206D99
S214035CF061736B2E00546865206368616E6E656C15
S214035D00206D61736B20746F2073756274726163A8
S214035D107420746865206368616E6E656C206672B5
S214035D206F6D1F5468652076616C756520746F20EF
S214035D3073657420746865206368616E6E656C2095
S214035D406D61736B20746F2E1F005365747320741C
S214035D506865207072652D636F6E66696775726518
S214035D6064206B657920736F20746861742074688F
S214035D7065206A6F696E696E672064657669636518
S214035D802063616E20656E74657220746865206E8C
S214035D906574776F726B2E00536574732074686531
S214035DA020707265636F6E66696775726564206BD3
S214035DB065791F0053746F707320746865206E6571
S214035DC074776F726B207374656572696E67207083
S214035DD0726F636573732E005374617274732074E9
S214035DE06865206E6574776F726B20737465657271
S214035DF0696E672070726F636573732E0041206D42
S214035E0061736B206F66206F7074696F6E732066A4
S214035E106F7220696E6469636174696E672073705C
S214035E20656369666963206265686176696F722077
S214035E3077697468696E20746865206E6574776F19
S214035E40726B2D7374656572696E672070726F630B
S214035E506573732E1F00446973706C6179732074C5
S214035E6068652063757272656E74207374617475E9
S214035E7073206F6620746865206E6574776F726B27
S214035E80207374656572696E672070726F636573DD
S214035E90732E005072696E74207768696368206594
S214035EA06E64706F696E74732061726520726570BC
S214035EB06F7274696E672E00436C6561727320742B
S214035EC068652067726F757073207461626C6520F5
S214035ED06F6E20657665727920656E64706F696E85
S214035EE074005072696E747320696E666F726D61AA
S214035EF074696F6E2061626F7574207468652063C1
S214035F006F6E74656E7473206F66207468652067A1
S214035F10726F757073207461626C652E00456E61D6
S214035F20626C652F64697361626C65206465627573
S214035F306720606C656761637920617070206672A4
S214035F40616D65776F726B2064656275676020703C
S214035F5072696E7420747970652E00456E61626C8A
S214035F60652F64697361626C651F00456E61626CC0
S214035F70652F64697361626C65206465627567206A
S214035F80607A636C60207072696E742074797065D1
S214035F902E00456E61626C652F64697361626C6581
S214035FA02064656275672060617070602070726936
S214035FB06E7420747970652E00456E61626C652F71
S214035FC064697361626C65206465627567206063EB
S214035FD06F726560207072696E7420747970652EB6
S214035FE000456E61626C652F64697361626C65203F
S214035FF064656275672060737461636B602070729A
S214036000696E7420747970652E0053656E64732010
S21403601061207265717565737420666F72204F54C4
S2140360204120636F756E746572732E0052657365D7
S214036030747320616C6C207468726573686F6C642B
S214036040732076616C75657320746F2030784646CE
S21403605046462E0053657473206120746872657318
S214036060686F6C642076616C756520666F7220615C
S21403607020706172746963756C61722074797065DF
S214036080206F6620636F756E7465722E0054797088
S21403609065206F6620636F756E7465721F54687231
S2140360A06573686F6C642056616C75651F0050726B
S2140360B0696E747320746865207468726573686F9C
S2140360C06C6473206F6620616C6C20746865206353
S2140360D06F756E746572732E00436C656172732000
S2140360E0616C6C20636F756E7465722076616C7577
S2140360F065732E005072696E747320616C6C206336
S2140361006F756E7465722076616C7565732E0050BC
S21403611072696E7473207468652076616C75652089
S2140361206F66207468697320706172746963756C36
S214036130617220636F756E7465722E0054686520F5
S214036140636F756E746572207479706520746F2042
S2140361507072696E741F005072696E747320616C7E
S2140361606C20636F756E7465722076616C756573EB
S21403617020616E6420636C65617273207468656D5C
S2140361802E00536574204D464720746F6B656E2C46
S2140361902043414E4E4F5420424520554E534554BE
S2140361A020425920434C492E005072696E74204D8C
S2140361B0464720746F6B656E2E005072696E7420AE
S2140361C0616374697665206576656E74732E004424
S2140361D0697361626C652074686520656E64706FB0
S2140361E0696E7420666F72205A434C206D65737314
S2140361F0616765732E00456E64706F696E742069FF
S2140362006E6465781F00456E61626C657320746802
S2140362106520656E64706F696E7420666F72205AAF
S214036220434C206D657373616765732E0050726906
S2140362306E7420737461747573206F6620656E6464
S214036240706F696E74732E0053686F77732074686B
S214036250652076657273696F6E206F662074686555
S21403626020736F6674776172652E005365742074AD
S214036270686520636F6E666967757265642038307B
S214036280322E31352E3420434341206D6F64652012
S214036290696E2074686520726164696F2E20536589
S2140362A06520646F63756D656E746174696F6E20C7
S2140362B0726567617264696E67205241494C5F4933
S2140362C04545453830323135345F4363614D6F643D
S2140362D0655F742E0041205241494C5F4945454550
S2140362E03830323135345F4363614D6F64655F74B4
S2140362F02076616C75651F0052657475726E732027
S21403630050544920726164696F20636F6E666967D3
S21403631020696E666F726D6174696F6E20746F208C
S21403632064657465726D696E65207468652050488F
S214036330592074797065206265696E672075736588
S21403634064206279205241494C2E2072657475721E
S2140363506E2076616C756520697320656E756D2099
S2140363605241494C5F494545453830323135345FF3
S214036370507469526164696F436F6E6669675F74D0
S21403638020652E6720205241494C5F4945454538D4
S21403639030323135345F5054495F524144494F5F80
S2140363A0434F4E4649475F32503447485A203D20B4
S2140363B03078303055205241494C5F494545453881
S2140363C030323135345F5054495F524144494F5F50
S2140363D0434F4E4649475F32503447485A5F414E13
S2140363E054444956203D2030783031552052414997
S2140363F04C5F494545453830323135345F50544952
S2140364005F524144494F5F434F4E4649475F3250C0
S2140364103447485A5F434F4558203D203078303242
S21403642055205241494C5F49454545383032313550
S214036430345F5054495F524144494F5F434F4E4681
S21403644049475F32503447485A5F414E5444495691
S2140364505F434F4558203D20307830335500536511
S2140364606E647320612072656164206174747220A7
S214036470666F72207468652074696D65206F662088
S21403648074686520646576696365207370656369FF
S214036490666965642E2049742073657473206120D1
S2140364A0666C616720736F207768656E2069742059
S2140364B0676574732074686520726573706F6E7396
S2140364C06520697420777269746573207468652023
S2140364D074696D6520746F20697473206F776E20FE
S2140364E074696D6520617474722E0049641F73723B
S2140364F063456E64706F696E741F64657374456E6E
S21403650064706F696E741F005768656E2073656EDE
S21403651064696E67207573696E6720612062696EB1
S21403652064696E672C20737065636966696573209A
S214036530776865746865722061206D756C7469632D
S2140365406173742062696E64696E672073686F7521
S2140365506C6420626520757365642E007573654DE3
S214036560756C74696361737442696E64696E671FE0
S2140365700053656E64732061207072652D627566C4
S2140365806665726564206D756C74696361737420E7
S2140365906D65737361676520746F20612067697624
S2140365A0656E2067726F75702049442066726F6D42
S2140365B0206120676976656E20656E64706F696E0C
S2140365C0742E0067726F757049641F7372632D654E
S2140365D06E64706F696E741F0043726561746573D1
S2140365E02061206D6573736167652062792073701F
S2140365F06563696679696E6720746865207261777A
S2140366002062797465732E2055736520746865203F
S21403661073656E6420636F6D6D616E6420746F20A6
S21403662073656E6420746865206D65737361676552
S214036630206F6E63652069742068617320626565E8
S2140366406E20637265617465642E2045783A207205
S214036650617720307830303046207B303020304130
S214036660203030203131203232203333203434206E
S21403667035357D2073656E64732061206D65737395
S21403668061676520746F20636C757374657220315F
S21403669035202830783030304629206F66206C65E8
S2140366A06E677468203820776869636820696E634C
S2140366B06C7564657320746865205A434C2068655E
S2140366C0616465722E00436C757374657249641F4A
S2140366D0446174611F005265736574732074686542
S2140366E0206E6F64652E005772697465732061208F
S2140366F06D6573736167652E00456E64706F696EB2
S214036700741F436C75737465722049441F41747417
S2140367107269627574652049441F4D61736B1F442B
S21403672061746120747970651F44617461206279B5
S21403673074651F0052656164732061206D65737311
S2140367406167652E00456E64706F696E741F436CD7
S21403675075737465722049441F4174747269627557
S21403676074652049441F3120696620736572766517
S2140367707220646972656374696F6E2C20302069B9
S2140367806620636C69656E742064697265637469F8
S2140367906F6E1F0053656E64732061206D6573739F
S2140367A06167652E0044657374696E6174696F6E04
S2140367B01F536F7572636520656E64706F696E74C0
S2140367C01F44657374696E6174696F6E20656E64C9
S2140367D0706F696E741F00536F7572636520656E04
S2140367E064706F696E741F004C69737473207768E6
S2140367F0696368206F7074696F6E616C206C696280
S214036800726172696573206F66207468652073749D
S21403681061636B2061726520696D706C656D656E72
S214036820746564206F6E2074686973206465766986
S21403683063652E005072696E747320696E666F729C
S2140368406D6174696F6E2061626F7574207468651C
S214036850206E6574776F726B2073746174652C2079
S214036860636C7573746572732C20616E6420656E39
S21403687064706F696E74732E00536574206F722094
S214036880636C6561722073746179206177616B65EF
S214036890207768656E206E6F74206A6F696E656414
S2140368A000536574206F7220636C65617220666F97
S2140368B0726365206177616B6500446973706C6110
S2140368C0792074686520736C6565702073746174D1
S2140368D0757300009B400300407A0300000000002D
S2140368E0A0400300307A030000000000A540030028
S2140368F0207A030000000000A6400300107A03007D
S2140369000000000016BE0300FC7903000000000030
S21403691009BE0300E879030000000000AB40030053
S214036920D879030000000000B1400300C8790300D3
S21403693000000000B5400300B87903000000000023
S214036940C4400300A879030000000000E1400300F0
S2140369509879030000000000EA40030088790300EA
S21403696000000000FF4003007879030000000000E9
S2140369700F4103006879030000000000174103007D
S214036980287903000000000004D20300A07203006D
S214036990000000001E410300E07103000000000039
S2140369A027410300E47003000000000034410300A5
S2140369B0246F03000000000012B50300FC6D030003
S2140369C0000000003B410300FC6D030001000000D3
S2140369D03F410300BC6D0300000000004441030078
S2140369E0806C030000000000A98B0300806C03008A
S2140369F00100000034410300246F03000000000080
S214036A004B410300246F03000100000050410300C4
S214036A104C6C0300000000005A4103004C6C03005A
S214036A2001000000624103007C6A030000000000CE
S214036A300DA30300486A03000000000000000000E6
S214036A400000000000000000586A030066410300CF
S214036A50A37B0300FE0000007E41030030730300A7
S214036A6000000000834103002073030000000000C1
S214036A700000000000000000000000008C6A030015
S214036A8088410300A37B0300FE0000009E41030031
S214036A90B074030000000000A4410300A0740300C8
S214036AA000000000AA4103009074030000000000E9
S214036AB0B34103008074030000000000BD410300DF
S214036AC070740300000000005F9E03003874030028
S214036AD00000000072A703002474030000000000F7
S214036AE0C341030014740300000000004CA303001A
S214036AF00474030000000000C8410300F47303009D
S214036B0000000000CF410300E47303000000000010
S214036B10D4410300D473030000000000D8410300EF
S214036B20186C030000000000DF410300C06B030085
S214036B3000000000E74103008C6B03000000000028
S214036B40F3410300586B0300000000000000000040
S214036B500000000000000000686B0300FE41030015
S214036B60A37B0300FE000000C27C030050730300F7
S214036B70000000004BC70300407303000000000042
S214036B800000000000000000000000009C6B0300F3
S214036B901F420300A37B0300FE000000C27C030029
S214036BA070730300000000004BC70300607303000C
S214036BB000000000000000000000000000000000CD
S214036BC0D06B030041420300A37B0300FE000000DA
S214036BD05F420300C073030000000000704503001B
S214036BE0B0730300000000006E420300A0730300AE
S214036BF000000000734203009073030000000000CF
S214036C007A420300807303000000000000000000C7
S214036C100000000000000000286C03007F42030011
S214036C20A37B0300FE0000000DBB03005C7403009F
S214036C30000000009C4203004874030000000000AC
S214036C400000000000000000000000005C6C030071
S214036C50A4420300A37B0300FE000000C04203001F
S214036C60F07403000000000012B50300E074030094
S214036C70000000000000000000000000000000000C
S214036C80906C0300C5420300A37B0300FE000000D4
S214036C90DE420300A075030000000000E742030085
S214036CA09075030000000000EE42030080750300A9
S214036CB000000000C0420300D07403000000000080
S214036CC0F3420300C0740300000000000043030007
S214036CD07C6D0300000000000E430300486D0300B4
S214036CE0000000001C430300086D030000000000C2
S214036CF01E410300E07103000000000000000000D6
S214036D000000000000000000186D03002543030088
S214036D10A37B0300FE0000000C7C030070750300D9
S214036D20000000001D7C03006075030000000000E7
S214036D3043430300507503000000000000000000FA
S214036D400000000000000000586D03004B430300E2
S214036D50A37B0300FE00000075430300C075030019
S214036D60000000007C430300B07503000000000031
S214036D700000000000000000000000008C6D03000F
S214036D8084430300A37B0300FE0000000DA303005F
S214036D90F4750300000000004BC70300E47503000E
S214036DA00000000070450300D075030000000000DB
S214036DB0000000000000000000000000CC6D03008F
S214036DC0A4430300A37B0300FE0000000DA30300FF
S214036DD02476030000000000C44303001476030077
S214036DE0000000004BC70300047603000000000009
S214036DF00000000000000000000000000C6E03000E
S214036E00CB430300A37B0300FE000000E54303001F
S214036E10587703000000000003C703004877030009
S214036E200000000018440300387703000000000049
S214036E30BD41030028770300000000001EC70300BF
S214036E401877030000000000EA43030008770300F6
S214036E500000000002440300F87603000000000070
S214036E600B440300E876030000000000124403000E
S214036E70D8760300000000001E440300A876030033
S214036E800000000070450300987603000000000031
S214036E902D4403008876030000000000137D0300E2
S214036EA0787603000000000032440300687603008F
S214036EB00000000049440300587603000000000069
S214036EC05D44030044760300000000006D440300A5
S214036ED034760300000000007C440300F06E0300D9
S214036EE0000000000000000000000000000000009A
S214036EF0006F030081440300A37B0300FE00000031
S214036F0098440300C876030000000000A144030071
S214036F10B876030000000000000000000000000038
S214036F2000000000346F0300A37B0300A37B030071
S214036F30FE000000A8440300E07203000000000007
S214036F40B34403006471030000000000BC44030064
S214036F50B070030000000000CA44030088700300FA
S214036F6000000000D3440300F06F0300000000009D
S214036F70DFBB0300BC6F030000000000E444030013
S214036F80946F0300000000000000000000000000F3
S214036F9000000000A46F0300F7440300A37B030074
S214036FA0FE0000001B450300687703000000000096
S214036FB0000000000000000000000000CC6F03008B
S214036FC021450300A37B0300FE0000000DA303007E
S214036FD088770300000000004BC7030078770300A0
S214036FE00000000000000000000000000000000099
S214036FF0007003003A450300A37B0300FE00000075
S21403700064B50300F877030000000000674403003C
S214037010E87703000000000077440300D8770300F6
S214037020000000005D450300C87703000000000071
S21403703069420300487003000000000000000000DF
S21403704000000000000000005870030074450300B1
S214037050A37B0300FE00000070450300B87703001F
S21403706000000000C27C0300A877030000000000B5
S2140370708A45030098770300000000000000000024
S2140370800000000000000000987003009345030012
S214037090A37B0300FE0000000DA303000878030093
S2140370A000000000000000000000000000000000D8
S2140370B0C0700300AD450300A37B0300FE00000081
S2140370C00DA3030028780300000000004BC703004D
S2140370D01878030000000000000000000000000015
S2140370E000000000F4700300A37B0300A37B0300EF
S2140370F0FE000000CD4503000C71030000000000F5
S2140371000000000000000000000000001C710300E7
S214037110A37B0300A37B0300FE000000D945030006
S2140371207878030000000000CDD4030068780300DD
S21403713000000000DF45030058780300000000004D
S214037140E34503004878030000000000E74503001A
S2140371503878030000000000000000000000000074
S2140371600000000074710300F7450300A37B0300CF
S214037170FE0000000DA30300F878030000000000E3
S21403718012460300E87803000000000025460300CB
S214037190D8780300000000004BC70300C87803003C
S2140371A00000000032460300B87803000000000029
S2140371B043460300A878030000000000514603007E
S2140371C098780300000000006246030088780300F6
S2140371D000000000000000000000000000000000A7
S2140371E0F07103006F460300A37B0300FE0000005C
S2140371F0894603002075030000000000BC46030018
S2140372001075030000000000F74603000075030036
S214037210000000000E4703006C720300000000002D
S2140372201847030038720300000000000000000047
S2140372300000000000000000487203001C47030023
S214037240A37B0300FE0000000C7C030040750300D4
S214037250000000001D7C03003075030000000000E2
S2140372600000000000000000000000007C72030025
S2140372703B470300A37B0300FE000000EA42030033
S2140372801879030000000000704503000879030026
S21403729000000000000000000000000000000000E6
S2140372A0B07203004E470300A37B0300FE000000FA
S2140372B00DA3030058790300000000007543030084
S2140372C048790300000000007C430300387903007C
S2140372D000000000000000000000000000000000A6
S2140372E0F072030069470300A37B0300FE0000005F
S2140372F064B50300707A0300000000009B47030098
S214037300607A030000000000A7470300507A0300DA
S2140373100000000000000000000000000000000065
S21403732087D30200BD470300A37B0300FF000000D2
S21403733083D30200CA470300A37B0300FF000000B9
S214037340E18F0000DC470300A37B0300FF0000007F
S2140373507D8F000009480300D14F030001FF0000A2
S214037360E18F000049480300A37B0300FF000000F1
S2140373707D8F000077480300D14F030001FF000014
S21403738015900000B8480300D948030000FF00002A
S21403739015900000E24803003F4903000000FF0089
S2140373A0A19000004D49030066490300010001FF58
S2140373B00D9100008B490300CD4903000102FF0035
S2140373C0A1900000E3490300124A030001000102F2
S2140373D0FF000000618E0000434A03007F4A03005B
S2140373E007FF0000818E0000854A0300B84A0300A9
S2140373F001FF0000958E0000C04A0300104B0300F7
S2140374000100FF00BD920000254B0300764B0300EE
S2140374100101FF00C58E0000864B0300C04B03002E
S21403742001FF0000F18E0000C84B0300114C03005F
S214037430010000010707FF003D910000634C0300B5
S214037440B84A030001FF000045920000AB4C03005E
S214037450EF4C0300010700010700FF0001D4020000
S214037460444D03008A4D03000107000101FF00009D
S214037470C5910000C64D0300014E0300010000FF46
S214037480959100001F4E0300634E03000100FF00AA
S21403749065910000764E0300634E03000100FF0073
S2140374A015920000B54E0300C04B030001FF000019
S2140374B085920000F04E0300214F03000100FF00F9
S2140374C0517C0000A37B03002F4F0300000707FF38
S2140374D0E97B0000A37B0300484F0300000707FF78
S2140374E041810000A37B0300544F030007FF000005
S2140374F041810000A37B0300544F030007FF0000F5
S2140375001D810000A37B0300594F03000000FF000A
S214037510FD800000A37B03002AC1030001FF0000D7
S214037520C5800000A37B0300914F030000FF00000B
S214037530C97B0000A37B0300A37B0300FF000000BE
S214037540C97B0000A37B0300A37B0300FF000000AE
S2140375500FD30200A37B0300A37B0300FF000000FE
S2140375600FD30200A37B0300A37B0300FF000000EE
S2140375700FD30200A37B0300A37B0300FF000000DE
S214037580997B0000A37B0300C74F03000101FF00A4
S214037590857B0000A37B0300DC4F030001FF000094
S2140375A00BD30200A37B0300A37B0300FF000000B2
S2140375B04D7B000053430300A37B0300FF00000042
S2140375C04D7B0000E64F0300A37B0300FF00000093
S2140375D0E17C0000075003001E500300000100007A
S2140375E007FF000007D3020044500300A37B0300F9
S2140375F0FF000000497A00005E500300A37B0300EF
S214037600FF00000081D302008C500300A37B03001D
S214037610FF00000073D30200A6500300284F0300A8
S21403762000FF000019840000CB500300A37B030077
S214037630FF0000001D790000E5500300A37B030054
S214037640FF000000B17800000851030085510300D5
S21403765000000310FF0000008D790000DA510300DC
S2140376604852030001FF0000617900005D520300E9
S214037670A052030000FF000075780000B15203001B
S214037680A37B0300FF00000005D30200E0520300C3
S214037690A37B0300FF000000517800002C53030077
S2140376A0284F030000FF00001D7800006D54030000
S2140376B0C254030000FF000001780000DC540300FE
S2140376C0A37B0300FF000000E5770000EC540300F3
S2140376D0A37B0300FF000000F5D202000055030061
S2140376E07E55030000FF0000B5770000095603002F
S2140376F0A37B0300FF0000007177000026560300FB
S2140377005156030007FF0000357700005B56030061
S214037710B4560300000500FFED7600005F57030034
S214037720725703000002FF00C9760000A15703004A
S214037730A37B0300FF000000F5D20200B35703004B
S214037740ED57030000FF00005D760000735803004A
S214037750B9580300000301FF4D7600005959030092
S2140377609F590300000301FF5FDD02003F5A030039
S214037770A25A030002FF000061B00000F75A03009C
S214037780A37B0300FF0000007DB10000225B030023
S214037790A37B0300FF000000C5A300005D5B03009E
S2140377A0C65B03000000FF00C5A300001B5C0300CC
S2140377B07D5C03000000FF0065A40000C25C0300BC
S2140377C0F55C03000002FF00C1A500004A5D03004C
S2140377D0985D030007FF000099A50000B45D030051
S2140377E0A37B0300FF000000ADA30000D85D0300E9
S2140377F0FD5D030000FF0000B9A40000565E030011
S214037800A37B0300FF000000B1A10000935E03000A
S214037810A37B0300FF000000459B0000B85E030047
S214037820A37B0300FF0000000D9B0000E25E030045
S214037830A37B0300FF0000004DDB02001D5F030077
S2140378405B5F030000FF000047DB02006B5F030083
S2140378505B5F030000FF000041DB0200925F030052
S2140378605B5F030000FF00003BDB0200B95F030021
S2140378705B5F030000FF000035DB0200E15F0300EF
S2140378805B5F030000FF00001DDB02000A600300CD
S214037890A37B0300FF00000023DB02002C60030031
S2140378A0A37B0300FF0000006998000054600300F8
S2140378B08D6003000001FF0095980000AE60030092
S2140378C0A37B0300FF0000001FDB0200D960030058
S2140378D0A37B0300FF00000019DB0200F460030033
S2140378E0A37B0300FF000000259800000F61030040
S2140378F03C61030000FF00000BDB0200576103003E
S214037900A37B0300FF000000958100008261030053
S214037910A37B0300FF00000095810000A96103001C
S214037920A37B0300FF0000003D760000BA6103005E
S214037930A37B0300FF00000009760000CF6103006D
S214037940F661030000FF00000976000006620300EC
S214037950F661030000FF0000A17500002D6203001E
S214037960A37B0300FF000000EDD202004862030081
S214037970A37B0300FF000000017200006B6203009C
S214037980D562030000FF0000E1710000F862030007
S214037990A37B0300FF0000006D8D00005E64030000
S2140379A0EB640300010000FF5D8C00000865030024
S2140379B05C65030000FF0000918C00007165030006
S2140379C0C36503000100FF00FD8B0000D9650300BB
S2140379D0C66603000107FF00F1D20200D666030065
S2140379E0A37B0300FF000000FD850000E76603009D
S2140379F0F9660300000101000007FF00ED840000A4
S214037A00346703004567030000010100FF00000020
S214037A10918C000094670300A5670300010000FF34
S214037A206584000094670300D767030000FF000027
S214037A3011EE0000E8670300A37B0300FF000000CD
S214037A403572000034680300A37B0300FF000000C8
S214037A508D97000079680300D851030000FF0000EB
S214037A6055970000A1680300D851030000FF0000EB
S214037A7005970000BA680300A37B0300FF434C4945
S214037A8020696E7374616E6365206578616D706CD2
S214037A906500000001000000A0190020000000009F
S214037AA000000000FFFF0000EBDA02000000000009
S214037AB004000000FFFF0000AFDB02000000000030
S214037AC003000000FFFF000027DC020000000000A8
S214037AD006000000FFFF00005BDC02000000000061
S214037AE005000000FFFF000011DD0200000000009B
S214037AF003000000FFFF00006DDD0200050000002C
S214037B000000000000C20100000500000010000095
S214037B10000000000000000084150020D5120000BD
S214037B2019BA02006BBA02007DBA020013BA020049
S214037B308C150020D512000019BA02006BBA020099
S214037B407DBA020013BA0200D41500209D1500006A
S214037B503FBB02006BBB020097BB0200AFBB020039
S214037B60D71500209D1500003FBB02006BBB02002B
S214037B7097BB0200AFBB0200B4100020DBBB0200C1
S214037B8007BC020023BC02003FBC02004BBC020041
S214037B904FBC020075BC0200020102414400010210
S214037BA00102010001020200020122005A434C2096
S214037BB0636F6D6D616E6473006261736963006702
S214037BC0726F757073006F6E2D6F666600676C6FED
S214037BD062616C006D66672D636F6465007573651F
S214037BE02D6E6578742D73657175656E63650078A3
S214037BF02D64656661756C742D72657370007465AB
S214037C0073742D726573706F6E73652D6F6E00746B
S214037C106573742D726573706F6E73652D6F66660C
S214037C20005A434C207363656E657320636C7573EB
S214037C3074657220636F6D6D616E6473005A434C96
S214037C40206F6E5F6F666620636C75737465722053
S214037C50636F6D6D616E6473005A434C206964658F
S214037C606E7469667920636C757374657220636FCE
S214037C706D6D616E6473005A434C2067726F757046
S214037C807320636C757374657220636F6D6D616EBC
S214037C906473005A434C20626173696320636C7596
S214037CA07374657220636F6D6D616E6473007265C5
S214037CB06D6F766500726D616C6C0073746F7265C0
S214037CC0006561646400657669657700636F707943
S214037CD000746F67676C65006F66666566666563E6
S214037CE074006F6E726563616C6C006F6E74696DA1
S214037CF065646F666600717565727900657A2D6DC9
S214037D006F64650074726967676572006164642DE9
S214037D1069662D6964007274666400436F6D6D61F5
S214037D206E64206465736372697074696F6E20662F
S214037D306F7220566965775363656E650067726F69
S214037D4075702069641F7363656E652069641F0020
S214037D50436F6D6D616E64206465736372697074DE
S214037D60696F6E20666F72205669657747726F7506
S214037D70700067726F75702069641F00436F6D6DC6
S214037D80616E64206465736372697074696F6E20D4
S214037D90666F7220547269676765724566666563C7
S214037DA074006566666563742069641F6566666548
S214037DB063742076617269616E741F00436F6D6D24
S214037DC0616E64206465736372697074696F6E2094
S214037DD0666F7220546F67676C6500436F6D6D61E5
S214037DE06E64206465736372697074696F6E20666F
S214037DF06F722053746F72655363656E6500436FCD
S214037E006D6D616E64207468617420726573657449
S214037E107320616C6C20617474726962757465207A
S214037E2076616C75657320746F20666163746F7218
S214037E30792064656661756C742E00436F6D6D61A1
S214037E406E64206465736372697074696F6E20660E
S214037E506F722052656D6F76655363656E6500437A
S214037E606F6D6D616E6420646573637269707469A7
S214037E706F6E20666F722052656D6F766547726F00
S214037E80757000436F6D6D616E6420646573637215
S214037E90697074696F6E20666F722052656D6F76B7
S214037EA065416C6C5363656E657300436F6D6D61FE
S214037EB06E64206465736372697074696F6E20669E
S214037EC06F722052656D6F7665416C6C47726F7585
S214037ED0707300436F6D6D616E64206465736372C7
S214037EE0697074696F6E20666F7220526563616C89
S214037EF06C5363656E650067726F75702069641FE7
S214037F007363656E652069641F7472616E7369744A
S214037F10696F6E2074696D651F00436F6D6D616ECA
S214037F2064206465736372697074696F6E20666F2C
S214037F3072204F6E5769746854696D65644F666640
S214037F40006F6E206F666620636F6E74726F6C1FB1
S214037F506F6E2074696D651F6F666620776169743E
S214037F602074696D651F00436F6D6D616E642064D8
S214037F7065736372697074696F6E20666F72204FE3
S214037F806E57697468526563616C6C476C6F6261A7
S214037F906C5363656E6500436F6D6D616E6420643C
S214037FA065736372697074696F6E20666F72204FB3
S214037FB06E00436F6D6D616E6420646573637269F2
S214037FC07074696F6E20666F72204F6666576974A9
S214037FD06845666665637400436F6D6D616E642005
S214037FE06465736372697074696F6E20666F72205E
S214037FF04F666600436F6D6D616E642064657363E0
S21403800072697074696F6E20666F72204964656E5C
S21403801074696679517565727900436F6D6D616E2B
S21403802064206465736372697074696F6E20666F2B
S21403803072204964656E74696679006964656E7456
S2140380406966792074696D651F00436F6D6D616E97
S21403805064206465736372697074696F6E20666FFB
S21403806072204765745363656E654D656D62657210
S2140380707368697000436F6D6D616E642064657329
S2140380806372697074696F6E20666F7220476574D9
S21403809047726F75704D656D6265727368697000BF
S2140380A067726F757020636F756E741F67726F7576
S2140380B070206C6973741F00436F6D6D616E64206E
S2140380C06465736372697074696F6E20666F72207D
S2140380D0456E68616E636564566965775363656E5E
S2140380E06500436F6D6D616E6420646573637269CA
S2140380F07074696F6E20666F7220456E68616E637A
S21403810065644164645363656E650067726F75707A
S2140381102069641F7363656E652069641F747261EA
S2140381206E736974696F6E2074696D651F7363651A
S2140381306E65206E616D651F657874656E73696F15
S2140381406E206669656C6420736574731F00496EE0
S214038150766F6B6520455A4D6F6465206F6E2061A0
S2140381606E204964656E7469667920536572766518
S2140381707200616374696F6E1F00436F6D6D616E8D
S21403818064206465736372697074696F6E20666FCA
S2140381907220436F70795363656E65006D6F646517
S2140381A01F67726F75702069642066726F6D1F7328
S2140381B063656E652069642066726F6D1F67726FF4
S2140381C0757020696420746F1F7363656E6520691C
S2140381D06420746F1F004164642061207363656EBE
S2140381E06520746F20746865207363656E652074FC
S2140381F061626C652E20457874656E73696F6E20B8
S2140382006669656C64207365747320617265207398
S2140382107570706F727465642C20616E6420617271
S2140382206520696E7075746564206173206172726F
S214038230617973206F662074686520666F726D209F
S2140382405B5B636C75737465722049445D205B6C7D
S214038250656E6774685D205B76616C7565302E2E7F
S2140382602E6E5D202E2E2E5D00436F6D6D616E6447
S214038270206465736372697074696F6E20666F72CB
S2140382802041646447726F757049664964656E740D
S214038290696679696E670067726F75702069641F17
S2140382A067726F7570206E616D651F00436F6D6D2D
S2140382B0616E64206465736372697074696F6E209F
S2140382C0666F722041646447726F75700000000029
S2140382D0E34503003011002000000000000000000A
S2140382E00000000000000000B97B0300C483030005
S2140382F000000000BF7B0300B483030000000000FF
S214038300CA440300A483030000000000C67B0300E6
S2140383109483030000000000DFBB03008483030094
S21403832000000000CD7B0300A4C40300000000008F
S214038330D47B030074C603000000000083410300DF
S21403834064C6030000000000DD7B030054C6030080
S21403835000000000EF7B030044C60300000000009B
S214038360FE7B030034C60300000000000F7C0300FE
S21403837024C6030000000000000000000000000008
S21403838000000000D4830300217C0300A37B0300CA
S214038390FE000000588403003D7C0300A37B03001B
S2140383A0FE000000AC840300597C0300A37B03009B
S2140383B0FE00000000850300777C0300A37B030018
S2140383C0FE00000054850300937C0300A37B030098
S2140383D0FE000000C27C0300F486030000000000D9
S2140383E0C77C03006C85030000000000AE7C03001E
S2140383F0CC85030000000000B57C0300EC85030079
S21403840000000000BB7C0300AC85030000000000F6
S214038410E47C03000C86030000000000EA4203002D
S2140384208C86030000000000C17C0300BC860300AA
S21403843000000000C67C0300AC86030000000000BA
S214038440CC7C0300E0860300000000000000000070
S21403845000000000000000001D7C03005C86030093
S214038460000000000C7C03003C86030000000000B4
S214038470D17C03009C85030000000000D87C030029
S2140384804C86030000000000E27C03002C860300F9
S21403849000000000EB7C03001C86030000000000C5
S2140384A0000000000000000000000000137D030031
S2140384B07C86030000000000F67C03006C86030045
S2140384C000000000FC7C0300D086030000000000D0
S2140384D0047D03008C850300000000000C7C030071
S2140384E09CBD0300000000001D7C03008CBD030040
S2140384F00000000000000000000000000000000074
S214038500C27C03001887030000000000C77C03003A
S2140385107C85030000000000EA4203009C860300FB
S21403852000000000AE7C0300DC85030000000000B2
S214038530B57C0300FC850300000000000C7D0300EF
S2140385400887030000000000000000000000000091
S21403855000000000167D0300BC8503000000000039
S21403856000000000000000000000000087B70200C3
S2140385701B7D03003D7D03000100FF0069B7020079
S214038580507D0300727D030001FF000049B702001F
S2140385907C7D0300A27D03000000FF0031B70200CC
S2140385A0BC7D0300A37B0300FF00000011B702009D
S2140385B0DB7D03003D7D03000100FF00FBB60200E8
S2140385C0FE7D0300A37B0300FF000000DBB6020072
S2140385D03B7E03003D7D03000100FF00BDB60200A5
S2140385E05F7E0300727D030001FF00009FB602005A
S2140385F0837E0300727D030001FF000087B602003E
S214038600AB7E0300A37B0300FF000000D90E00002F
S214038610D37E0300F77E0300010001FFAD0E0000CA
S2140386201A7F0300417F0300000101FF6FB60200BB
S214038630677F0300A37B0300FF00000057B602001A
S214038640977F0300A37B0300FF00000037B60200FA
S214038650B27F0300A27D03000000FF0021B60200E4
S214038660D87F0300A37B0300FF00000009B60200C7
S214038670F47F0300A37B0300FF000000EBB50200BA
S2140386801A8003003B80030001FF0000CDB5020003
S2140386904A800300727D030001FF0000ADB50200AF
S2140386A075800300A08003000011FF008DB5020053
S2140386B0B88003003D7D03000100FF00850E000027
S2140386C0E28003000B8103000100010617FF000090
S2140386D071B502004E8103007281030000FF0000A3
S2140386E05D0E00007A8103009C81030000010001F7
S2140386F000FF0000350E0000D68103000B81030047
S2140387000100010617FF000051B50200698203004D
S214038710978203000106FF0031B50200AC82030016
S214038720978203000106FF0201003F0403020001D3
S214038730028204050200010202043D083F0C020205
S214038740000102020200010202020001020202000C
S2140387503D040202003D0401020001020001020082
S21403876001020001020002010001010005000000F1
S2140387700000000040420F0005010000000000005A
S214038780000000000000000013B779FAC925DDB722
S214038790ADF3CFE0F1B614B801020000000000000C
S2140387A0FFFFFFFF010000000100000000000000C3
S2140387B000000000000000000000000000000000B1
S2140387C000000000000000000000000000000000A1
S2140387D000000000000000000700000305BD0200C3
S2140387E001BD0200DFBC0200DDBC0200E11B00008D
S2140387F00FBD0200A51B00002C00000002000002B3
S2140388008000080002002000000140000400010070
S21403881010000806020004090703010540787D01DD
S21403882000000000005A620200010000C0CF6A0088
S21403883002000000809FD50002010000002D3101D8
S2140388400202000001000000000000000400000017
S21403885001000000080000000100000010000000F6
S21403886001000000000100000100000000080000F5
S2140388701D000000000200001D00000000040000B0
S2140388801D000000000001001D000000000301039E
S21403889003030200000800FC088903000100010727
S2140388A0B4880300000800F8C48803000000000032
S2140388B00000000083FFBFFFE2FFF1FFF9FFFEFFAA
S2140388C0000000009600FCFEF8006D23441FEEFF38
S2140388D0C700F20E8E37FAFF5C00A40324A7FFFF3F
S2140388E03200D601AD3400001F003001004D0000F9
S2140388F01200C000CA4A00000B006E00F73C0000DE
S21403890005001F002F2000008C00FCFEFFFF000068
S21403891000000000FC00D2104C06FAFF75009B0511
S214038920F132FFFF3E0062020B35000025004B01CB
S214038930885F00001700E0005E5D00000E008C00FC
S2140389406A4F00000700250083280000000800FC8B
S214038950C0890300010001076C890300000800F8C2
S2140389607C890300000000000000000083FFBFFFB7
S214038970E2FFF1FFF9FFFEFF00000000C800FCFE67
S214038980F800C50A571EFBFF7B0095047C02FFFF19
S2140389904A00B60246DFFFFF2D00AD01412F00005F
S2140389A01C000701854700001200A7009746000039
S2140389B00B0067001A3C0000060022006823000034
S2140389C0C800FCFEFC00D80A066CFBFF88003705CF
S2140389D018E2FEFF53000403F5E3FFFF3200B9017C
S2140389E09D43000029005701F85700001600D100E8
S2140389F0585700000E007C00D049000007002800EE
S214038A001729000000000F400000000000040F407C
S214038A10010000003E2000556E6B6E6F776E20657A
S214038A2072726F72004D6178696D756D206E756D2B
S214038A30626572206F6620617267756D656E74730A
S214038A4020657863656564656400546865206172B3
S214038A5067756D656E74206973206E6F7420666F1C
S214038A60726D617474656420636F72726563746C8F
S214038A707900496E636F72726563742061726775FD
S214038A806D656E74207479706500496E636F7272DB
S214038A90656374206E756D626572206F6620617201
S214038AA067756D656E7473004E6F20636F6D6D61D1
S214038AB06E6420666F756E6400000000A37B03007F
S214038AC0178A0300178A0300178A0300178A03000E
S214038AD0178A0300178A0300178A0300178A0300FE
S214038AE0178A0300178A0300178A0300178A0300EE
S214038AF0178A0300178A0300178A0300178A0300DE
S214038B00178A0300178A0300178A0300178A0300CD
S214038B10178A0300178A0300178A0300178A0300BD
S214038B20178A0300178A0300178A0300178A0300AD
S214038B30178A0300258A0300178A0300178A03008F
S214038B404A8A0300178A0300178A0300178A03005A
S214038B50178A0300728A0300178A0300178A030022
S214038B60178A0300178A03008A8A0300178A0300FA
S214038B70A88A030075696E7431360075696E743899
S214038B8000756E6B6E6F776E0077696C64636172E7
S214038B9064006865786F707400737472696E676FCB
S214038BA070740075696E7433326F70740075696E15
S214038BB07431366F70740075696E74386F70740034
S214038BC068657800737472696E670075696E7433CE
S214038BD032002A002E2E2E200068656C70000A25AF
S214038BE0730A257325730025732008000001080700
S214038BF00F000A00C8002000A000010000000000CB
S214038C00A00068010A200706020A04070000000203
S214038C100700443A2F4765636B6F2F6765636B6F77
S214038C205F73646B2F706C6174666F726D2F736500
S214038C3072766963652F6C65676163795F68616CDB
S214038C402F7372632F626173652D7265706C616337
S214038C50656D656E742E63002573203D2025346C88
S214038C60780052657365742063617573653A20579F
S214038C7061746368646F6720657870697265642CD5
S214038C80206E6F2072656C6961626C65206578740E
S214038C90726120696E666F726D6174696F6E0A0029
S214038CA052657365742063617573653A2057617402
S214038CB06368646F67206361756768742077697497
S214038CC06820656E68616E63656420696E666F0A08
S214038CD000496E737472756374696F6E20616464A1
S214038CE0726573733A2025346C780A00526573658F
S214038CF0742063617573653A2041737365727420DB
S214038D0025733A256C640A005265736574206361A3
S214038D107573653A2048617264204661756C740AFF
S214038D2000484653522E5645435454424C3A206507
S214038D3072726F722072656164696E67207665630E
S214038D40746F72207461626C6520666F7220616E48
S214038D5020657863657074696F6E0A0048465352DF
S214038D602E464F524345443A20636F6E66696775D5
S214038D707261626C65206661756C7420636F756CD6
S214038D8064206E6F742061637469766174650A008B
S214038D90484653522E44454255474556543A206654
S214038DA061756C742072656C6174656420746F20E1
S214038DB06465627567202D20652E672E2C206578E6
S214038DC065637574656420424B50540A005265739C
S214038DD065742063617573653A204D656D6F7279AE
S214038DE0204D616E6167656D656E74204661756CB6
S214038DF0740A00496C6C6567616C20616363657314
S214038E007320616464726573733A2025346C780A40
S214038E1000434653522E25730A0052657365742029
S214038E2063617573653A20427573204661756C7489
S214038E300A0041646472657373206973206F662049
S214038E40616E20696E737472756374696F6E2061E8
S214038E506674657220627573206661756C74206F24
S214038E60636375727265642C206E6F742074686514
S214038E702063617573652E0A00434653522E286E8F
S214038E806F6E6529206C6F6164206F722073746F38
S214038E90726520617420616E20696C6C6567616C15
S214038EA020616464726573730A0052657365742087
S214038EB063617573653A205573616765204661750E
S214038EC06C740A0052657365742063617573653A42
S214038ED0204465627567204D6F6E69746F72204615
S214038EE061756C740A006D61696E00546872656121
S214038EF0640048616E646C6572002573206D6F6450
S214038F0065207573696E6720257320737461636BC0
S214038F10202825346C7820746F2025346C78292C0F
S214038F20205350203D2025346C780A002575206296
S214038F30797465732075736564202825752525293E
S214038F4020696E20257320737461636B20286F7508
S214038F5074206F6620257520627974657320746F9C
S214038F6074616C290A005350206973206F757473FB
S214038F7069646520257320737461636B2072616E68
S214038F806765210A00496E74657272757074732082
S214038F9061637469766520286F72207072652D652B
S214038FA06D7074656420616E6420737461636B65B1
S214038FB064293A0A004E6F20696E74657272757082
S214038FC07473206163746976650A000D0A5B415306
S214038FD0534552543A25733A25645D0D0A00554E9F
S214038FE04B00474F200042544C00474F3200474F38
S214038FF03300474F3400474F3500474F3600474F3F
S2140390003700474F3800474F3900474F4100474F17
S2140390104200474F4300474F4400474F4500474FE2
S21403902046004A4D500042445200555052004254A6
S2140390304D004D534D0046544C00554E4B00474F84
S214039040200042544C004241440046544C004652D1
S21403905043004F54410044534C00554E4B00504977
S2140390604E00454D3400554E4B0048562000554E95
S2140390704B00455850004C574D00554E4B0052423E
S214039080540044534C00454D3400554E4B00415359
S2140390905400554E4B0056465900494E4800554E0F
S2140390A04B004C434B0058544C004F424600554E21
S2140390B04B00485244004D454D004255530055530E
S2140390C0470044424700444D410056435400554E22
S2140390D04B00555020005250200041503000415064
S2140390E03100415020004450200044454300000016
S2140390F0DE8F0300E28F03003A9003005A900300CA
S214039100669003006E9003007A9003008A90030033
S214039110929003009E900300AE900300CE9003004F
S214039120554E4B004649420042544C0045585400A5
S214039130505752005744470020535700435253009A
S2140391404653480042414400464C540042524F00A6
S21403915001040000050B060B070B000000000000CF
S21403916001030109060001050000000000000000DD
S214039170030652300052310052320052330052344A
S214039180005235005236005237005238005239002A
S21403919052313000523131005231320052313328CD
S2140391A04C5229004D535000505350005043007802
S2140391B0505352004D5350207573656400505350FE
S2140391C020757365640043535441434B20626F74A8
S2140391D0746F6D004943535200534843535200493A
S2140391E04E545F4143544956453000494E545F41FF
S2140391F0435449564531004346535200484653525A
S2140392000044465352004D4D41522F4246415200B0
S2140392104146535200526574300052657431005211
S21403922065743200526574330052657434005265B7
S2140392307435004461743000446174310000454D58
S214039240555F4952516E004652435F5052495F493B
S21403925052516E0057444F47305F4952516E005784
S214039260444F47315F4952516E004652435F49525D
S214039270516E004D4F44454D5F4952516E00524169
S214039280435F5345515F4952516E005241435F520B
S214039290534D5F4952516E00425546435F49525102
S2140392A06E004C444D415F4952516E004750494F42
S2140392B05F4556454E5F4952516E005553415254D1
S2140392C0305F52585F4952516E00555341525430E5
S2140392D05F54585F4952516E0041434D50305F49C9
S2140392E052516E00414443305F4952516E00494427
S2140392F04143305F4952516E00493243305F495211
S214039300516E004750494F5F4F44445F4952516E78
S214039310005553415254315F52585F4952516E00C3
S2140393205553415254315F54585F4952516E004C65
S2140393304555415254305F4952516E0050434E5486
S214039340305F4952516E00434D555F4952516E008E
S2140393504D53435F4952516E0043525950544F3058
S2140393605F4952516E004C4554494D4552305F4952
S21403937052516E004147435F4952516E0050524F5F
S21403938054494D45525F4952516E00525443435F10
S2140393904952516E0053594E54485F4952516E001C
S2140393A04352594F54494D45525F4952516E0052EC
S2140393B04653454E53455F4952516E0046505545F8
S2140393C0485F4952516E00534D555F4952516E00E6
S2140393D05754494D4552305F4952516E00575449D0
S2140393E04D4552315F4952516E0050434E54315FE2
S2140393F04952516E0050434E54325F4952516E00EB
S2140394005553415254325F52585F4952516E00557C
S21403941053415254325F54585F4952516E00493299
S21403942043315F4952516E005553415254335F5294
S214039430585F4952516E005553415254335F545846
S2140394405F4952516E0056444143305F4952516E54
S214039450004353454E5F4952516E004C4553454EAB
S21403946053455F4952516E0043525950544F315F32
S2140394704952516E0054524E47305F4952516E0066
S2140394804941434356494F4C3A20617474656D70A5
S21403949074656420696E737472756374696F6E2085
S2140394A066657463682066726F6D2061206E6F2D2B
S2140394B065786563757465206164647265737300AB
S2140394C04441434356494F4C3A20617474656D706A
S2140394D0746564206C6F6164206F722073746F729E
S2140394E06520617420616E20696C6C6567616C2011
S2140394F061646472657373004D554E53544B455205
S214039500523A20756E737461636B2066726F6D20BA
S214039510657863657074696F6E2072657475726EB4
S2140395202063617573656420616363657373207676
S214039530696F6C6174696F6E004D53544B4552529C
S2140395403A20737461636B696E672066726F6D2071
S214039550657863657074696F6E206361757365649F
S214039560206163636573732076696F6C6174696FDA
S2140395706E004D4D415256414C49443A204D4D41A3
S2140395805220636F6E7461696E732076616C6964D2
S214039590206661756C742061646472657373004938
S2140395A04255534552523A20696E7374727563740A
S2140395B0696F6E2070726566657463682063617593
S2140395C073656420627573206661756C740050520F
S2140395D0454349534552523A207072656369736531
S2140395E0206461746120627573206661756C740013
S2140395F0494D5052454349534552523A20696D707E
S2140396007265636973652064617461206275732093
S2140396106661756C7400554E53544B4552523A204E
S214039620756E737461636B696E67206F6E20657801
S21403963063657074696F6E2072657475726E2063ED
S2140396406175736564206461746120627573206656
S21403965061756C740053544B4552523A20737461CF
S214039660636B696E67206F6E2065786365707469D7
S2140396706F6E20656E7472792063617573656420FE
S2140396806461746120627573206661756C74004250
S21403969046415256414C49443A2042464152206381
S2140396A06F6E7461696E732076616C69642066619F
S2140396B0756C74206164647265737300554E44451B
S2140396C046494E5354523A20747269656420746F47
S2140396D0206578656375746520616E20756E6465B4
S2140396E066696E656420696E737472756374696FF8
S2140396F06E00494E5653544154453A20696E76617E
S2140397006C69642045505352202D20652E672E2CFD
S21403971020747269656420746F2073776974636854
S21403972020746F2041524D206D6F646500494E567C
S21403973050433A20657863657074696F6E2072656E
S2140397407475726E20696E746567726974792063C6
S2140397506865636B73206661696C6564004E4F438E
S214039760503A20617474656D7074656420746F205C
S21403977065786563757465206120636F70726F63C7
S2140397806573736F7220696E737472756374696F31
S2140397906E00554E414C49474E45443A2061747419
S2140397A0656D7074656420616E20756E616C6967A3
S2140397B06E6564206D656D6F727920616363657392
S2140397C0730044495642595A45524F3A20617474BD
S2140397D0656D7074656420746F2065786563757451
S2140397E0652053444956206F7220554449562077C6
S2140397F06974682064697669736F72206F662030B7
S214039800000000003E9203004792030054920300B8
S2140398105F9203006A920300739203007E92030032
S2140398208B92030098920300A2920300AC9203006B
S21403983068930300BB920300CA920300D992030005
S214039840E4920300EE920300F992030003930300ED
S214039850DE93030011930300209303002F9303006A
S2140398603C9303004793030050930300599303006C
S21403987066930300749303007D9303008B930300A6
S21403988095930300A0930300AF930300BC930300D8
S214039890C7930300D0930300DD930300EA9303000A
S2140398A0F5930300009403000F9403001E94030033
S2140398B0289403003794030046940300519403004E
S2140398C05B9403006894030075940300809403007C
S2140398D0C0940300A37B0300F894030039950300A8
S2140398E0A37B0300A37B0300729503009F950300ED
S2140398F0CE950300F09503001696030055960300D5
S214039900A37B0300A37B03008F960300BC96030090
S214039910F29603002D9703005D970300A37B0300D5
S214039920A37B0300A37B0300A37B030092970300A0
S214039930C2970300000008070A00000000CA9A3B0B
S21403994000E1F5058096980040420F00A0860100CE
S21403995010270000E8030000640000000A0000006F
S2140399600104104001000000050000000002000092
S21403997003000000DC9B0300D89B0300C49B03008A
S214039980C09B0300BC9B0300B89B0300A69B03007D
S214039990969B03007C9B0300749B03006A9B030057
S2140399A0689B0300509B03004D9B0300459B0300ED
S2140399B0349B0300249B0300129B0300F89A0300C6
S2140399C0F09A0300E49A0300E09A0300DE9A030089
S2140399D0D19A0300C69A0300AD9A0300519A030076
S2140399E0509A0300409A0300189A03000A9A030049
S2140399F0099A0300089A0300FC990300000000007C
S214039A000000000000000000000F0000000000003F
S214039A10000000000000000000000000000000003E
S214039A20000000000000000000000000000000002E
S214039A30000000000000000000000000000000001E
S214039A40010000000000000000000000000000000D
S214039A500F000000000000000000000000000000EF
S214039A6000000000000000000000000000000000EE
S214039A7000000000000000000000000000000000DE
S214039A8000000000000000000000000000000000CE
S214039A9000000000000000000000000000000000BE
S214039AA000000000000000000000000000000000AE
S214039AB0000000000000000000000000000000009E
S214039AC0000000000000000000000000000000008E
S214039AD0000000000000000000000000000000007E
S214039AE000000000FFFFFFFFFFFFFFFFFFFF000078
S214039AF0000000000000000000000000000000005E
S214039B00000000000000000000000000000000004D
S214039B10000000000000000000000000000000003D
S214039B20000000000000000000000000000000002D
S214039B30000000000000000000000000000000001D
S214039B400000000000FFFFFFFFFFFFFFFF9C000079
S214039B50FF000000000000000000000000000000FE
S214039B6000000000800000000000FFFFFFFFFFFF73
S214039B70FFFFFFFF00000000FFFF000000000000E3
S214039B8000000000000000000000000000000000CD
S214039B90000000000000FFFFFF00000000000000C0
S214039BA000000000000000000000000000000000AD
S214039BB0000000000000000000000000000000009D
S214039BC0000000000000000000000000000000008D
S214039BD0000000000000000000000000FC0301017C
S214039BE00101010101010101010101010100000060
S214039BF000000001000A0600000601010000010340
S214039C0002041104040211101A080A0218010811AA
S214039C1010111A080A04020D0B195C0110280B0117
S214039C20010C00000000000000000000000000001F
S214039C300001010101010100010101010101000010
S214039C400101000100010001010000000000000006
S214039C5000000000000000000001000000000000FB
S214039C60000000000000000001FF010023E10100E6
S214039C7075E4010063E2010063E5010062E10100AF
S214039C8079EB010064EE010024E1010025E1010007
S214039C9026E1010027E1010028E1010029E1010096
S214039CA02AE101000000010080000100000101001C
S214039CB080010100000201008002010020E2010091
S214039CC000030100000501008005010000060100F5
S214039CD0800601000007010001E5010002E501001E
S214039CE0000801008008010023870100804001006E
S214039CF0443A2F4765636B6F2F6765636B6F5F73BC
S214039D00646B2F706C6174666F726D2F73657276F9
S214039D106963652F746F6B656E5F6D616E616765F2
S214039D20722F7372632F736C5F746F6B656E5F6DE8
S214039D30616E616765722E6300443A2F4765636BF5
S214039D406F2F6765636B6F5F73646B2F706C6174E3
S214039D50666F726D2F736572766963652F746F6BAA
S214039D60656E5F6D616E616765722F7372632F73C5
S214039D706C5F746F6B656E5F6D616E756661637441
S214039D807572696E672E6300FFFFFFFFFFFFFFFF1D
S214039D9034B684327032F6101A1043757272656EDA
S214039DA07420436F6E6669673A20253078005365E2
S214039DB07420434341206D6F646520746F202564CF
S214039DC03A2025307800656E61626C6564006469CC
S214039DD07361626C6564006F757428636C69656E85
S214039DE0742900696E202873657276657229004DA2
S214039DF0464720537472696E673A20257300417094
S214039E00704275696C646572204D464720436F64E3
S214039E10653A20307825303458006E6F6465205BD1
S214039E20004164646974696F6E616C20696E746561
S214039E3072666163657300202025643A20007061B2
S214039E406765205B25645D206368616E205B25641F
S214039E505D20707772205B25645D006E6F742061F1
S214039E606374697665006572726F72203078253286
S214039E70580070616E4944205B3078253034585D55
S214039E80206E6F64654944205B3078253034585D16
S214039E9020007870616E205B307800706172656EAA
S214039EA0744944205B3078253034585D20706172E5
S214039EB0656E7452737369205B25645D006E6F6410
S214039EC06554797065205B005365637572697479B0
S214039ED0206C6576656C205B25785D006E6574770F
S214039EE06F726B207374617465205B253032585D26
S214039EF0200042756666733A202564202F20256469
S214039F0000457020636E743A202564006570202532
S214039F1064205B656E64706F696E742025732C20F5
S214039F206465766963652025735D20006E776B2014
S214039F305B25645D2070726F66696C65205B3078A4
S214039F40253034585D206465764964205B30782577
S214039F503034585D20766572205B307825785D0056
S214039F6020202020257320636C75737465723A2055
S214039F7030782530345820004E776B20636E743A61
S214039F80202564006E776B202564205B25735D00B7
S214039F905072696D617279202870726F29002020D3
S214039FA06E6F646554797065205B3078253032585F
S214039FB05D002020736563757269747950726F66ED
S214039FC0696C65205B3078253032585D004550203B
S214039FD025643A20257320004572726F723A20205A
S214039FE0556E6B6E6F776E20656E64706F696E74F8
S214039FF02E00456E61626C65206576656E7420641E
S21403A0006562756720696E666F20696E20436F729E
S21403A0106520434C4920636F6D706F6E656E7400E8
S21403A0206F6E6C7920636F6F7264696E61746F72A2
S21403A030732063616E20666F726D0A006A6F696EC5
S21403A040203078253032580A0025732030782530A2
S21403A05032580A002573203078253032780072652E
S21403A0606A6F696E446966664465766963655479A2
S21403A07070650025732030782578006578742E2067
S21403A08050414E2049443A20004E574B206F70658E
S21403A0906E3A20257520736563004E574B20636C1C
S21403A0A06F7365640066696E64206A6F696E6162C9
S21403A0B06C653A203078253032580066696E642025
S21403A0C0756E757365643A203078253032580043D0
S21403A0D068616E67696E6720746F206368616E6E71
S21403A0E0656C2025643A2030782530325800696E36
S21403A0F076616C6964206E6574776F726B20696E27
S21403A1006465780053686F72742049443A20307847
S21403A110253034582C2045554936343A20002C2017
S21403A12050616E2049443A20307825303458005325
S21403A130746172746564206D756C74692D706879CA
S21403A14020696E74657266616365004661696C6555
S21403A1506420746F202573202573203078253032D1
S21403A16058005465726D696E6174656420257320AA
S21403A170307825303258004B65657020616C6976FF
S21403A1806520737570706F727420656E61626C659E
S21403A190642E006661696C656420746F2073657451
S21403A1A0206B65657020616C697665206D6F6465EC
S21403A1B02E007375636365737366756C6C792073B1
S21403A1C0657420746865206368696C642074696DBF
S21403A1D0656F7574206F7074696F6E206D61736B35
S21403A1E02E006661696C656420746F207365742045
S21403A1F0746865206368696C642074696D656F753F
S21403A20074206F7074696F6E206D61736B2E0064BB
S21403A2106973636F766572004D6174636820257099
S21403A220792066726F6D203078253034582C20657F
S21403A23070202564004E574B204164647265737327
S21403A24020726573706F6E73653A203078253034EC
S21403A250580049454545204164647265737320720E
S21403A2606573706F6E73653A200053657276696323
S21403A270652025737920646F6E652E002320207475
S21403A2807970652020206E776B20206C6F6320200A
S21403A2902072656D202020636C75732020206E6FFE
S21403A2A06465202020657569002020256420202011
S21403A2B02030782530345820203078253034582004
S21403A2C02030782530345820307825303458200014
S21403A2D0656D62657247657442696E64696E672070
S21403A2E04572726F723A2030782532580A00256418
S21403A2F0206F662025642062696E64696E6773202A
S21403A3007573656400656E61626C6564207072695E
S21403A3106E740064697361626C6564207072696E42
S21403A3207400616464206C696E6B206B657900450C
S21403A33052523A2043616C63756C617465642043C2
S21403A340524320646F6573206E6F74206D6174636F
S21403A35068004552523A20496E7374616C6C204310
S21403A3606F6465206D75737420626520382C203108
S21403A370302C2031342C206F7220313820627974CF
S21403A380657320696E206C656E677468004552526B
S21403A3903A204145532D4D4D4F2068617368206622
S21403A3A061696C65643A20307825780053657420BB
S21403A3B06A6F696E696E67206C696E6B206B657970
S21403A3C0007365742062696E642025643A203078D1
S21403A3D02530327800454D50545900554E49434177
S21403A3E0004D324F4E45004D554C5449003F2020FA
S21403A3F020200000D5A30300DBA30300E1A3030092
S21403A400E7A30300EDA30300496E6465782049457E
S21403A4104545204164647265737320202020202004
S21403A4202020204E574B496E6465782020496E20C5
S21403A4304643202020202054544C28732920466C61
S21403A4406167202020204B6579202020200025648A
S21403A45020202020200020202564202020202020CB
S21403A4602000202025303858202000203078253042
S21403A4703458202000496E646578204945454520B8
S21403A48041646472657373202020202020202020DE
S21403A490496E2046432020202020547970652020D2
S21403A4A04175746820204B6579002D2020202020DC
S21403A4B00025632020202020256320202020200044
S21403A4C0696573005741524E494E473A202052451C
S21403A4D04144494E47204F46204B45592056414C50
S21403A4E05545532044495341424C45442042592044
S21403A4F04D464720544F4B454E004E574B204B6519
S21403A50079002573206F75742046433A202530382A
S21403A5105800257320736571206E756D3A20307868
S21403A52025780025733A20002573206F757420461E
S21403A530433A2025303878005443202573200025DD
S21403A54073205461626C650025642F256420656E54
S21403A550747269657320757365642E005472616E38
S21403A5607369656E74204B657900256420656E7487
S21403A57072257320636F6E73756D696E672025642D
S21403A580207061636B6574206275666665722573F9
S21403A5902E0057494C4C0057494C4C204E4F540004
S21403A5A054727573742043656E746572202570202B
S21403A5B0616C6C6F772074727573742063656E7448
S21403A5C065722072656A6F696E73207573696E674C
S21403A5D02077656C6C2D6B6E6F776E206B65792EAE
S21403A5E0005365742074696D656F757420666F72A9
S21403A5F02054727573742043656E74657220726599
S21403A6006A6F696E73207573696E672077656C6C05
S21403A6102D6B6E6F776E206C696E6B206B65792081
S21403A620746F202564207365636F6E64732E004514
S21403A63052524F523A20002570737461636B206D3B
S21403A64075737420626520646F776E2E004E4F4ECE
S21403A650450052656164696E6720416C6C6F77656F
S21403A660640048617368696E67206F6E6C79004595
S21403A6706D6265724B657953657474696E67733A78
S21403A680203078253034580020205065726D697369
S21403A69073696F6E733A202573004572726F723A50
S21403A6A0204661696C656420746F20676574206357
S21403A6B06F6E6669672C207374617475733A203005
S21403A6C07825303258004661696C65643A203078E4
S21403A6D025303258004D73673A20636C757320300B
S21403A6E078253034582C20636D642030782530323A
S21403A6F0582C206C656E202564006275666665724C
S21403A7003A2000454D4245525F0025735345435555
S21403A710524954595F4C4556454C3A2025303258D9
S21403A7200025736572617365206B65792025643A2D
S21403A7302030782530325800636D64206E6F7420A5
S21403A7406275696C740073726320657020253032FD
S21403A750782C20636C757320253034780073656E0F
S21403A76064696E6720746F206D756C7469636173BA
S21403A770742062696E640025733A2065703A20255A
S21403A780642C20636C3A203078253034582C2061B2
S21403A7907474723A20307825303458002C2073763F
S21403A7A0723A2025630025733A20726561643A2065
S21403A7B0307825303278002C207376723A20256361
S21403A7C02C2064747970653A20307825303258002E
S21403A7D0417267756D656E7420617420696E646579
S21403A7E0783A202564206973206F7574206F66207D
S21403A7F072616E676500436F6D6D616E6420616C98
S21403A8007265616479206275696C742E20204361D9
S21403A8106E6E6F7420736574204D464720737065A3
S21403A820636966696320636F646520666F7220637D
S21403A8306F6D6D616E642E004D464720436F6465F1
S21403A8402053657420666F72206E65787420636F7C
S21403A8506D6D616E643A2030782530345800557338
S21403A86065204E6578742053657175656E63652043
S21403A87053657420666F72206E65787420636F6DFF
S21403A8806D616E643A20307825303258004469731F
S21403A89061626C652044656661756C7420526573ED
S21403A8A0706F6E73652053657420666F72206E65D5
S21403A8B0787420636F6D6D616E643A20307825304E
S21403A8C03258004552523A2072656164696E6720B9
S21403A8D06174747269627574652025303278004538
S21403A8E052523A2061747472696275746520736992
S21403A8F07A6520256420746F6F206C61726765200B
S21403A900666F7220627566666572004572726F7254
S21403A9103A20617474726962757465204944203004
S21403A9207825303458207265706F727461626C6576
S21403A930206368616E67652069732073697A652092
S21403A9402564422C206275742025644220656E744B
S21403A950657265640A006E6F20636D6400457272EB
S21403A9606F723A20434C492053656E6420666169D2
S21403A9706C65642C207374617475733A2030782583
S21403A980303258004572726F723A20204555493668
S21403A9903420617267756D656E7420697320656D0A
S21403A9A070747920616E64206C6F6F6B75702062B3
S21403A9B079206E6F6465204944206661696C65641E
S21403A9C02E00556E696361737400556E62696E641A
S21403A9D020257020257030782558005265717565DE
S21403A9E073743A20005A444F2073696D706C652067
S21403A9F064657363207265712025303278005A448B
S21403AA004F206E6F646520646573632072657120E2
S21403AA1025303278005573696E67206D79206C6F28
S21403AA2063616C20455549363420666F7220646531
S21403AA30737420455549363420696E2062696E6406
S21403AA40696E67005A444F2062696E6420726571AE
S21403AA50202530327800636C7573746572206C69D8
S21403AA606D6974207265616368656400696E7661FA
S21403AA706C696420706167653A202564206F7220D4
S21403AA806368616E6E656C3A202564004368616E88
S21403AA906765206368616E6E656C20737461747598
S21403AAA0733A2030782530327800647572617469A1
S21403AAB06F6E206D75737420626520696E207261F7
S21403AAC06E67652030202D203500636F756E742009
S21403AAD06D75737420626520696E2072616E67659A
S21403AAE02031202D2038007363616E2073746174E7
S21403AAF075732030782578006E6574776F726B20D7
S21403AB0075706461746520736574207374617475FD
S21403AB107320307825780041637469766520455044
S21403AB202072657175657374207374617475733AF6
S21403AB302030782558004C5149205461626C6520BA
S21403AB40726571756573743A2030782558004269CA
S21403AB506E64696E67205461626C652072657175F8
S21403AB606573743A2030782558004C656176652005
S21403AB7025703078255800506F77657220446573CA
S21403AB8063726970746F722025703078255800558B
S21403AB9073696E67206D79206C6F63616C20455511
S21403ABA049363420666F72206465737420455549B0
S21403ABB0363420696E20756E62696E64696E67004E
S21403ABC0526F757465205461626C65202570307809
S21403ABD02558005A444F206D61746368206465737A
S21403ABE063207265712025780000000000000000D5
S21403ABF000443A2F4765636B6F2F6765636B6F5F20
S21403AC0073646B2F70726F746F636F6C2F7A6967E0
S21403AC106265652F6170702F6672616D65776F72FE
S21403AC206B2F636F6D6D6F6E2F7A69676265655FF5
S21403AC306170705F6672616D65776F726B5F636F6D
S21403AC406D6D6F6E2E6300457874656E6465642063
S21403AC50526573657420696E666F3A2030782532C4
S21403AC6058202825732900443A2F4765636B6F2FB6
S21403AC706765636B6F5F73646B2F70726F746F635C
S21403AC806F6C2F7A69676265652F6170702F6672C5
S21403AC90616D65776F726B2F636F6D6D6F6E2F7A55
S21403ACA069676265655F6170705F6672616D65771F
S21403ACB06F726B5F736C6565702E630079657300E6
S21403ACC06E6F0053746179206177616B65207768D6
S21403ACD0656E206E6F74206A6F696E65643A202510
S21403ACE07300466F726365642073746179206177BD
S21403ACF0616B653A20202020202020202020257309
S21403AD0000466F7263696E672064657669636520C3
S21403AD10746F2073746179206177616B6500416C91
S21403AD206C6F77696E672064657669636520746FF8
S21403AD3020676F20746F20736C6565700052583AF5
S21403AD40205265736574546F466163746F727944F9
S21403AD50656661756C747343616C6C6261636B00EA
S21403AD602575292025703A20257500536574746966
S21403AD706E67205468726573686F6C6420636F6DCA
S21403AD806D616E64003F3F3F004D61632052782043
S21403AD904263617374004D6163205478204263619B
S21403ADA07374004D61632052782055636173740099
S21403ADB04D6163205478205563617374004D61635D
S21403ADC02054782055636173742052657472790039
S21403ADD04D6163205478205563617374204661691E
S21403ADE06C004150532052782042636173740041D3
S21403ADF050532054782042636173740041505320AB
S21403AE005278205563617374004150532054782060
S21403AE1055636173742053756363657373004150A0
S21403AE205320547820556361737420526574727985
S21403AE300041505320547820556361737420466153
S21403AE40696C00526F757465204469736320496E9C
S21403AE5069746961746564004E65696768626F72D8
S21403AE60204164646564004E65696768626F72209A
S21403AE7052656D6F766564004E65696768626F72CA
S21403AE80205374616C65004A6F696E20496E64696D
S21403AE90636174696F6E004368696C64204D6F76F6
S21403AEA0656400415348204F766572666C6F770081
S21403AEB0415348204672616D65204572726F720079
S21403AEC0415348204F76657272756E204572726FD5
S21403AED072004E574B204643204661696C75726577
S21403AEE000415053204643204661696C75726500E5
S21403AEF041534820584F66660041505320556E61B3
S21403AF007574686F72697A6564204B6579004E576D
S21403AF104B2044656372797074204661696C757260
S21403AF2065730041505320446563727970742046FC
S21403AF3061696C75726573005061636B657420425A
S21403AF40756666657220416C6C6F63617465204636
S21403AF5061696C757265730052656C61796564200E
S21403AF6055636173740050687920746F204D4143B4
S21403AF70207175657565206C696D697420726561ED
S21403AF8063686564005061636B65742056616C6921
S21403AF90646174652064726F7020636F756E7400ED
S21403AFA04E574B207265747279206F766572666CA5
S21403AFB06F7700434341204661696C757265730081
S21403AFC042726F616463617374207461626C65209E
S21403AFD066756C6C00505441204C6F20507269208B
S21403AFE052657100505441204869205072692052BE
S21403AFF0657100505441204C6F205072692044659F
S21403B0006E69656400505441204869205072692077
S21403B01044656E69656400505441204C6F2050723D
S21403B0206920547820416272740050544120486964
S21403B030205072692054782041627274004164641F
S21403B0407265737320436F6E666C69637420536511
S21403B0506E74000D004465627567207072696E74C5
S21403B0602067726F75702025730A0057726F6E67BC
S21403B07020706172616D657465720A0065705B2588
S21403B080785D2069645B2532785D00436C65617288
S21403B090696E6720616C6C2067726F7570732E0023
S21403B0A04552523A204661696C656420746F20638A
S21403B0B072656174652062696E64696E6720283004
S21403B0C078257829004552523A2042696E64696EA3
S21403B0D067207461626C652069732066756C6C000A
S21403B0E04552523A2077726974696E67206E616DB5
S21403B0F06520737570706F72742025780052583A05
S21403B1002041646447726F75702030782532782C3E
S21403B11020220052583A205669657747726F757039
S21403B1202030782532780075767300766965775F08
S21403B13067726F75700047726F7570733A20666139
S21403B140696C656420746F2073656E6420257320B4
S21403B150726573706F6E73653A2030782578006772
S21403B16065745F67726F75705F6D656D6265727328
S21403B17068697020726573706F6E736500646566C8
S21403B18061756C745F726573706F6E736500525889
S21403B1903A2047657447726F75704D656D626572C8
S21403B1A07368697020307825782C00205B3078250A
S21403B1B032785D007575620047726F7570733A205A
S21403B1C06661696C656420746F2073656E64202500
S21403B1D0733A20307825780052583A2052656D6FBE
S21403B1E0766547726F757020307825327800455241
S21403B1F0523A204661696C656420746F2064656CFE
S21403B2006574652062696E64696E672028307825E8
S21403B21078290072656D6F76655F67726F7570006B
S21403B22052583A2052656D6F7665416C6C47726F63
S21403B2307570730052583A2041646447726F757094
S21403B24049664964656E74696679696E6720307805
S21403B2502532782C202200747275650066616C7343
S21403B2606500456E64706F696E74203078257820AB
S21403B2706973206964656E74696679696E673A20D6
S21403B2802570004552523A2072656164696E6720E4
S21403B2906964656E746966792074696D65202578BE
S21403B2A0004552523A2077726974696E6720696462
S21403B2B0656E746966792074696D65202578005219
S21403B2C058206964656E746966793A4944454E54F4
S21403B2D0494659203078253278004964656E74698A
S21403B2E066793A206661696C656420746F207365BD
S21403B2F06E6420257320726573706F6E73653A20D3
S21403B30030782578005258206964656E74696679CA
S21403B3103A5155455259004368616E6E656C206E0E
S21403B3206F742076616C69643A20256400507269F4
S21403B3306D617279002570206D61736B206E6F7777
S21403B340203078253458005365636F6E64617279D4
S21403B350004D61736B206E6F742076616C69643A7E
S21403B360202564007072696D617279007365636F7E
S21403B3706E646172790025703A20536574202570D7
S21403B380206D61736B20746F20307825345800531A
S21403B39074617475730025703A2025703A0043680B
S21403B3A0616E6E656C206D61736B3A002020202001
S21403B3B0283129203078253458205B00202020208F
S21403B3C0283229203078253458205B005374617462
S21403B3D0653A20307825582028257329004375724E
S21403B3E072656E74206368616E6E656C3A202564C0
S21403B3F000546F74616C20626561636F6E733A20EC
S21403B4002564004A6F696E20617474656D70747389
S21403B4103A202564004E6574776F726B20737461EF
S21403B42074653A20307825580053746F700025737E
S21403B4303A2025733A203078255800556E73757078
S21403B440706F7274656420666561747572652077C3
S21403B45068656E207573696E67206F7074696D69B1
S21403B4607A6564207363616E732E20546F20757340
S21403B47065206120636F6E66696775726564206B0D
S21403B4806579207768656E206A6F696E696E672CCA
S21403B4902061646420746865206B657920746F206E
S21403B4A0746865207472616E7369656E74206B656B
S21403B4B079207461626C65207573696E67207468A1
S21403B4C0652077696C64636172642045554920285A
S21403B4D0616C6C20464673292E0025702053746FCA
S21403B4E0702E2020436C65616E696E672075702E22
S21403B4F0004B657920766572696669636174696F66
S21403B5006E206661696C65642E204C656176696E93
S21403B51067206E6574776F726B0025703A2025700E
S21403B5200042726F616463617374696E672070654D
S21403B530726D6974206A6F696E0025703A202570F3
S21403B5403A20307825580054727573742063656EFC
S21403B550746572206C696E6B206B657920757064F8
S21403B560617465207374617475730025733A20578C
S21403B57041524E494E473A20656D62657253657473
S21403B580496E697469616C5365637572697479533E
S21403B59074617465206661696C65642E20436F6E02
S21403B5A074696E75696E6720776974686F75742041
S21403B5B0696E7374616C6C20636F64652E004572EC
S21403B5C0726F723A20696E7374616C6C20636F6479
S21403B5D065207365747570206661696C65642E20DA
S21403B5E0497320616E20696E7374616C6C20636F9F
S21403B5F0646520666C6173686564206F6E746F2083
S21403B600746865206465766963653F00D0D1D2D3DC
S21403B610D4D5D6D7D8D9DADBDCDDDEDF005A6967C6
S21403B620426565416C6C69616E6365303900FFFF86
S21403B630FFFFFFFFFFFF0025733A206973737569E9
S21403B6406E67207363616E206F6E202573206368B8
S21403B650616E6E656C7320286D61736B2030782580
S21403B66034582900257320697320616C7265616400
S21403B6707920696E2070726F6772657373005374F6
S21403B680617274004578616D696E696E67206265E4
S21403B69061636F6E206F6E206368616E6E656C20EB
S21403B6A0256420776974682070616E496420307859
S21403B6B0253258005468697320626561636F6E2093
S21403B6C06973206E6F742070617274206F662074C5
S21403B6D068652063757272656E74206368616E6E4A
S21403B6E0656C206D61736B20283078253458292EBD
S21403B6F02047657474696E67206E6578742062658A
S21403B70061636F6E2077686F7365206368616E6E22
S21403B710656C206269746D61736B20697320736551
S21403B720742E004572726F723A20257020636F750F
S21403B7306C64206E6F7420617474656D7074206A17
S21403B7406F696E3A2030782558004E6F2062656127
S21403B750636F6E73206C656674206F6E20637572FC
S21403B76072656E74206D61736B2E204D6F76696EF5
S21403B7706720746F206E6578742073746174650037
S21403B7802570206A6F696E696E6720307825327877
S21403B790206F6E206368616E6E656C2025640025DD
S21403B7A0702053746174653A202570004572726F79
S21403B7B0723A20257020636F756C64206E6F742058
S21403B7C073657475702073656375726974793A204E
S21403B7D030782558004572726F723A205363616E53
S21403B7E020636F6D706C6574652068616E646C654C
S21403B7F0722072657475726E656420307825580001
S21403B8002573207363616E20636F6D706C6574655A
S21403B8102E20426561636F6E732068656172643AB9
S21403B82020256400257320737461636B2073746131
S21403B8307475732030782558002570206E657477EC
S21403B8406F726B206A6F696E65642E0025702074B4
S21403B8507279696E67206E657874206E6574776F8B
S21403B860726B2E005A6967426565416C6C69616E3E
S21403B870636530394E574B205374656572696E673E
S21403B880004E6F6E65005363616E205072696D6182
S21403B8907279204368616E6E656C7320616E6420F6
S21403B8A075736520496E7374616C6C20436F6465B1
S21403B8B0005363616E205072696D6172792043682C
S21403B8C0616E6E656C7320616E64205573652043EC
S21403B8D0656E7472616C697A6564204B6579005392
S21403B8E063616E205072696D617279204368616E80
S21403B8F06E656C7320616E642055736520446973AE
S21403B9007472696275746564204B6579005363616C
S21403B9106E205365636F6E64617279204368616E4F
S21403B9206E656C7320616E642075736520496E7353
S21403B93074616C6C20436F6465005363616E2053BF
S21403B94065636F6E64617279204368616E6E656CC1
S21403B9507320616E64205573652043656E7472614F
S21403B9606C697A6564204B6579005363616E205376
S21403B97065636F6E64617279204368616E6E656C91
S21403B9807320616E6420557365204469737472690D
S21403B9906275746564204B6579005363616E20504D
S21403B9A072696D617279204368616E6E656C73208F
S21403B9B0616E642055736520416C6C204B6579730A
S21403B9C02028696E7374616C6C20636F64652C2029
S21403B9D063656E7472616C697A65642C206469733E
S21403B9E0747269627574656429005363616E2053CB
S21403B9F065636F6E64617279204368616E6E656C11
S21403BA007320616E642055736520416C6C204B6512
S21403BA1079732028696E7374616C6C20636F646538
S21403BA202C2063656E7472616C697A65642C20647D
S21403BA306973747269627574656429004F6E2F4F5B
S21403BA406666207365742076616C75653A20257882
S21403BA50202578004552523A2072656164696E6704
S21403BA60206F6E2F6F6666202578004F6E2F6F66E9
S21403BA706620616C72656164792073657420746FE7
S21403BA80206E65772076616C756500546F67676C0A
S21403BA9065206F6E2F6F66662066726F6D20257841
S21403BAA020746F202578004552523A2077726974C5
S21403BAB0696E67206F6E2F6F666620257800436C6D
S21403BAC0656172696E6720616C6C207363656E6571
S21403BAD0732E0077726974004552523A20257069B6
S21403BAE06E672025702030782578007363656E6551
S21403BAF020636F756E740063757272656E7420735F
S21403BB0063656E650063757272656E742067726F27
S21403BB107570007363656E652076616C6964007585
S21403BB2073696E672030782578206F7574206F668A
S21403BB302030782578207461626C6520736C6F748E
S21403BB40730025783A200065702025782067727088
S21403BB5020253278207363656E65202578207474FB
S21403BB602025640052583A2052656D6F76655363FC
S21403BB70656E652030782532782C2030782578005D
S21403BB807576750072656D6F76655F7363656E6552
S21403BB90005363656E65733A206661696C6564205D
S21403BBA0746F2073656E6420257320726573706FDF
S21403BBB06E73653A20307825780052583A205265DD
S21403BBC06D6F7665416C6C5363656E657320307874
S21403BBD02532780072656D6F76655F616C6C5F7396
S21403BBE063656E65730052583A2047657453636500
S21403BBF06E654D656D626572736869702030782571
S21403BC00327800757576006765745F7363656E6575
S21403BC105F6D656D6265727368697000456E686115
S21403BC206E6365640052583A20257041646453631A
S21403BC30656E652030782532782C20307825782C70
S21403BC402030782532782C202200222C20006164B4
S21403BC50645F7363656E650052583A2025705669B3
S21403BC6065775363656E652030782532782C2030EF
S21403BC7078257800766965775F7363656E65006F10
S21403BC806E2F6F66660052583A2053746F72655370
S21403BC9063656E652030782532782C2030782578D9
S21403BCA00073746F72655F7363656E650052583A0E
S21403BCB020526563616C6C5363656E65203078252E
S21403BCC032782C20307825782C203078253278006E
S21403BCD05363656E65733A206661696C65642074A8
S21403BCE06F2073656E642025733A203078257800BC
S21403BCF05374617274696E6720757064617465202D
S21403BD0074727573742063656E746572206C696EE5
S21403BD106B206B65792070726F6365737300557063
S21403BD2064617465205443204C696E6B204B6579BF
S21403BD3000204E6577206B65792065737461626CAD
S21403BD4069736865643A00204572726F723A0050F0
S21403BD506172746E65723A20005772697465732057
S21403BD60746865204964656E7469667954696D659F
S21403BD70206174747269627574652E00656E6470F2
S21403BD806F696E741F74696D651F0000C5D302006A
S21403BD9059BD0300DE67030000FF0000AFD30200B7
S21403BDA059BD03007CBD03000001FF5A434C2067C6
S21403BDB06C6F62616C20636C757374657220636F5D
S21403BDC06D6D616E647300646972656374696F6E2A
S21403BDD000646973632D636F6D2D67656E00646918
S21403BDE073632D636F6D2D7265630065787065638D
S21403BDF0742D7265706F72742D66726F6D2D6D651E
S21403BE0000757772697465006E777269746500727F
S21403BE1065706F72742D726561640073656E642D50
S21403BE206D652D612D7265706F7274004372656166
S21403BE30746573206120676C6F62616C206469733C
S21403BE40636F76657220636F6D6D616E6420666FD7
S21403BE507220746865206173736F636961746564C7
S21403BE602076616C7565732E00636C7573746572EA
S21403BE7049641F61747472696275746549641F6DE1
S21403BE8061784E756D626572546F5265706F727429
S21403BE901F0043726561746573206120676C6F626F
S21403BEA0616C2073656E64206D6520612072657019
S21403BEB06F727420636F6D6D616E6420666F72209F
S21403BEC0746865206173736F636961746564207653
S21403BED0616C7565732E00636C7573746572496463
S21403BEE01F61747472696275746549641F64617452
S21403BEF061547970651F6D696E5265706F72745404
S21403BF00696D651F6D61785265706F727454696DE3
S21403BF10651F7265706F727461626C654368616EEB
S21403BF2067651F0043726561746573206120676CE3
S21403BF306F62616C2072656164207265706F7274E3
S21403BF40696E6720636F6D6D616E6420666F722025
S21403BF50746865206173736F6369617465642063D5
S21403BF606C75737465722C2061747472696275746F
S21403BF706520616E64207365727665722F636C69E3
S21403BF80656E7420646972656374696F6E2E0063F0
S21403BF906C757374657249641F6174747269627533
S21403BFA0746549641F646972656374696F6E1F0004
S21403BFB0476C6F62616C207265706F7274696E672E
S21403BFC020636F6D6D616E6400656E64706F696E7D
S21403BFD0741F636C757374657249641F617474723D
S21403BFE0696275746549641F6D61736B1F004372E4
S21403BFF06561746573206120676C6F62616C207283
S21403C00065616420636F6D6D616E64206D65737327
S21403C01061676520746F20726561642066726F6D58
S21403C0202074686520636C757374657220616E6432
S21403C03020617474726962757465207370656369D0
S21403C040666965642E00636C757374657249641F54
S21403C05061747472696275746549641F004372651E
S21403C06061746573206120676C6F62616C20777200
S21403C07069746520636F6D6D616E64206D6573739F
S21403C08061676520746F20777269746520746F200A
S21403C09074686520636C757374657220616E6420C2
S21403C0A0617474726962757465207370656369661A
S21403C0B069656400636C757374657249641F6174A3
S21403C0C07472696275746549641F747970651F6458
S21403C0D06174611F00437265617465206120657831
S21403C0E0706563742D7265706F72742D66726F6DF2
S21403C0F02D6D65206D657373616765207769746858
S21403C100206173736F6369617465642076616C750F
S21403C11065732E00636C757374657249641F61746E
S21403C1207472696275746549641F74696D656F75A9
S21403C130741F0043726561746520612044697363EC
S21403C1406F76657220436F6D6D616E64732047650D
S21403C1506E65726174656420636F6D6D616E6420D5
S21403C16077697468206173736F63696174656420AB
S21403C17076616C7565732E00636C757374657249AE
S21403C180641F7374617274436F6D6D616E6449648A
S21403C1901F6D6178436F6D6D616E6449641F005354
S21403C1A06574732074686520646972656374696F67
S21403C1B06E20666F7220676C6F62616C20636F6DB2
S21403C1C06D616E64732C2065697468657220636C98
S21403C1D069656E7420746F20736572766572206F5E
S21403C1E0722073657276657220746F20636C69655E
S21403C1F06E742E0053657473206120666C6167202D
S21403C200736F207468617420746865206170706C45
S21403C21069636174696F6E206672616D65776F72AC
S21403C2206B2057494C4C204E4F5420726573706FE9
S21403C2306E6420746F20746865206E657874205A67
S21403C240434C206D65737361676520746861742061
S21403C250636F6D657320696E206F766572207468F0
S21403C26065206169722E0053657473206120666CC5
S21403C270616720736F207468617420746865206139
S21403C28070706C69636174696F6E206672616D6548
S21403C290776F726B2057494C4C20726573706F6EC4
S21403C2A06420746F20746865206E657874205A4322
S21403C2B04C206D65737361676520746861742063D1
S21403C2C06F6D657320696E206F766572207468657E
S21403C2D0206169722E005365747320746865204468
S21403C2E0697361626C652044656661756C7420527F
S21403C2F06573706F6E7365204672616D6520436F5C
S21403C3006E74726F6C2062697420746F2075736527
S21403C31020666F7220746865206E65787420636F7C
S21403C3206D6D616E642069662074686520636F6D49
S21403C3306D616E64206973206E6F7420616C726524
S21403C340616479206275696C742E00646973616236
S21403C3506C6544656661756C74526573706F6E7355
S21403C360651F00536574732074686520666C616787
S21403C37020746F207573652074686520696E637218
S21403C380656D656E7465642073657175656E63654A
S21403C390206E756D6265722066726F6D20746865B7
S21403C3A0206672616D65776F726B20666F7220749C
S21403C3B06865206E6578742072617720636F6D6D93
S21403C3C0616E642E007573654E657874536571757A
S21403C3D0656E63651F00436C6920636F6D6D616EE8
S21403C3E06420746F2063616C6C20656D62657241B6
S21403C3F06653657454696D652066756E6374696FFC
S21403C4006E20646F63756D656E74656420696E2057
S21403C41061662E680075746354696D651F00536505
S21403C4207473207468652074776F2062797465204E
S21403C4306D616E756661637475726572207370657F
S21403C4406369666963206964656E746966696572A3
S21403C45020746F2075736520666F7220746865207C
S21403C4606E65787420636F6D6D616E6420696620F7
S21403C47074686520636F6D6D616E64206973206EEA
S21403C4806F7420616C7265616479206275696C747F
S21403C4902E006D6667537065636966696349641F3A
S21403C4A000000000B4C40300ABBD0300A37B03007D
S21403C4B0FE000000C7BD030014C603000000000012
S21403C4C0D1BD030004C6030000000000DEBD030068
S21403C4D0F4C5030000000000EBBD0300E4C5030041
S21403C4E00000000009BE0300D0C5030000000000E2
S21403C4F001BE0300BCC503000000000008BE030025
S21403C500A8C503000000000016BE030098C503007C
S21403C5100000000025BE030084C5030000000000E1
S21403C5200FBE030074C50300000000001BBE03001B
S21403C53060C50300000000000FA2030050C50300FF
S21403C54000000000000000000000000000000000E3
S21403C550DDD302002CBE030069BE0300010100FF09
S21403C560418B000092BE0300D7BE03000101000109
S21403C5700107FF00FD8A000024BF03008FBF0300EE
S21403C580010100FF3D8A0000B0BF0300C9BF0300DE
S21403C59000010100FF000000EFD30200EEBF03001E
S21403C5A046C003000101FF00D7D302005DC00300AD
S21403C5B0B4C0030001010207FF000000D1D302004C
S21403C5C05DC00300B4C0030001010207FF000000C2
S21403C5D0CBD302005DC00300B4C003000101020711
S21403C5E0FF000000F1890000D5C0030014C103005A
S21403C5F0010101FF9189000033C1030078C10300E4
S21403C600010000FF4D89000033C1030078C1030019
S21403C610010000FFD58900009FC10300A5BF0300EA
S21403C62000FF0000A9D30200F4C10300D8510300A1
S21403C630FF000000A3D3020067C20300D851030023
S21403C640FF0000002D890000D6C203004BC3030081
S21403C65000FF00000589000063C30300C5C3030091
S21403C66000FF000095D30200D6C3030015C40300E1
S21403C67002FF0000CD8800001EC4030092C403001E
S21403C68001FF5258206964656E746966793A74725C
S21403C690696767657220656666656374203078250A
S21403C6A0782076617269616E74203078257800543C
S21403C6B0727573742043656E746572204A6F696E73
S21403C6C02048616E646C65723A2073746174757386
S21403C6D0203D2025702C206465636973696F6E2086
S21403C6E03D20257020282578292C2073686F7274C6
S21403C6F0696420307825327800554E736563757209
S21403C7006564206A6F696E00646576696365206C8C
S21403C71065667400554E736563757265642072654D
S21403C7206A6F696E0075736520707265636F6E66F7
S21403C730696775726564206B65790073656E64203E
S21403C7406B657920696E2074686520636C65617219
S21403C7500064656E79206A6F696E006E6F20616390
S21403C76074696F6E00616C6C6F772072656A6F69AF
S21403C7706E73206F6E6C790016C70300F9C603004C
S21403C78008C7030014C7030025C703003BC70300FD
S21403C79051C703005BC7030065C703006E6F7420B1
S21403C7A0004E4554574F524B5F0025702570555029
S21403C7B02030782532580054727573742043656EA2
S21403C7C07465722045554920686173202573636834
S21403C7D0616E6765642E0025702570444F574E00C2
S21403C7E05F4641494C45440025704A4F494E2570E3
S21403C7F000454D4245525F4E4554574F524B5F4F8F
S21403C80050454E45443A2025642073656300454DE4
S21403C8104245525F4E4554574F524B5F434C4F531E
S21403C82045440025703A2025703A20307825780054
S21403C83064697374726962757465640063656E74A3
S21403C84072616C697A656400466F726D0025706963
S21403C8506E67206F6E2063682025642C2070616EDF
S21403C8604964203078253258004572726F723A2038
S21403C87044657669636520646F6573206E6F742004
S21403C880737570706F7274202573206E6574776F7E
S21403C890726B20666F726D6174696F6E00496E7697
S21403C8A0616C69642053656375726974792050728C
S21403C8B06F66696C653A203078255800704A6F6950
S21403C8C06E20666F72202564207365633A20307885
S21403C8D02578004C696D6974696E672064757261AA
S21403C8E074696F6E206F66207065726D6974206A56
S21403C8F06F696E2066726F6D20666F7265766572FD
S21403C90020283235352920746F20323534005258AA
S21403C9103A205A444F2C20636F6D6D616E6420304D
S21403C920782532782C207374617475733A203078C6
S21403C93025580053696D706C650052583A2025706F
S21403C94020446573632052657370004D6174636899
S21403C950002C204D6174636865733A202564004497
S21403C960657669636520416E6E6F756E63653A2002
S21403C97030782532780052583A20494545452041BB
S21403C98064647265737320526573706F6E736500AB
S21403C99052583A20416374697665204550205265A3
S21403C9A073706F6E73652C20436F756E743A202513
S21403C9B064004E6F6465002C204D61746368657374
S21403C9C03A20307825327800737461636B2076657D
S21403C9D0722E205B25642E25642E25640020257088
S21403C9E0206275696C642025645D005A444F0053C9
S21403C9F04500484100436C757374657200476C6F5D
S21403CA0062616C00257074782025782C20005072A3
S21403CA106F66696C653A2025702028307825325871
S21403CA20292C20436C75737465723A20307825324E
S21403CA30582C2025642062797465732C00205A4391
S21403CA404C20257020436D642049443A2025640019
S21403CA505072652D52656C6561736500416C706834
S21403CA6061203100416C706861203200416C70684F
S21403CA706120330042657461203100426574612091
S21403CA803200426574612033004741000000000015
S21403CA9050CA0300110000005CCA03001200000025
S21403CAA064CA0300130000006CCA030021000000E0
S21403CAB074CA0300220000007BCA030023000000A0
S21403CAC082CA0300AA00000089CA0300FF00000010
S21403CAD000000000000001526573657420696E66ED
S21403CAE06F3A203078257820282570290064656CF5
S21403CAF06574652062696E64696E673A20257820DE
S21403CB00257800080109020A030B040C050D060E1E
S21403CB10070F081001180119021A031B041C051D30
S21403CB20061E071F082001210222032304240525CD
S21403CB300626072708280129022A032B042C052D7D
S21403CB40062E072F0830013102380239043A08E06E
S21403CB5004E104E204E802E902EA04F008F1100042
S21403CB60000000000000020570CB03000500120061
S21403CB7000000000D4CB03000900000040000000C2
S21403CB80000000000300000040CC03000200040085
S21403CB9040000000000000000400000058CC030022
S21403CBA00200030040000000000000000500000033
S21403CBB070CC0300060008004000000000000000E0
S21403CBC006000000B8CC030002000300400000008B
S21403CBD00000000000002001200000000800000004
S21403CBE001002001200000000000000002002001D8
S21403CBF020000000000000000300200120000000C9
S21403CC000000000004004221200000000000000095
S21403CC10050042212000000000000000060042112B
S21403CC202000000000000000070030012000000084
S21403CC3000000000FDFF21022000000003000000AA
S21403CC40000021020100000000000000FDFF210299
S21403CC5000000000020000000000180100000000B1
S21403CC6000000000FDFF210200000000030000009A
S21403CC700000200100000000000000000100200169
S21403CC800000000000000000020021020000000077
S21403CC900000000003001001000000000000000078
S21403CCA0040018010000000000000000FDFF210240
S21403CCB00000000003000000000010010000000058
S21403CCC000000000FDFF210200000000020000003B
S21403CCD00300000803000002030001080400000824
S21403CCE00400000204000108040001020400020814
S21403CCF004000202040003080400030204000408FC
S21403CD0004000508050000080500000205000108E8
S21403CD1005000102050002080500020205000308DB
S21403CD2005000302050004080500040205000508C3
S21403CD3005000608050006020600000806000108AE
S21403CD400600020804004100E59B000003004100C2
S21403CD50F9DB0200030042001FDC0200060041006C
S21403CD6057DC020005004100CDB000000080000043
S21403CD70000000005752495445204552523A2000BD
S21403CD802570657020257820636C757320253278AE
S21403CD90206174747220253278206E6F7420737548
S21403CDA070706F72746564002570696E76616C6965
S21403CDB06420646174612074797065002570617401
S21403CDC07472206E6F74207772697461626C65008A
S21403CDD057524954453A206E6F2077726974652C12
S21403CDE0206A75737420612074657374005245411C
S21403CDF0443A206174747269627574652073697A43
S21403CE006520746F6F206C6172676520666F722091
S21403CE1063616C6C657200636C6E74007372767219
S21403CE2000525700524F00202052414D2020002030
S21403CE30746F6B656E200065787465726E200045AE
S21403CE404E44504F494E5420257800636C7573202A
S21403CE502F2073696465202F2061747472202F203D
S21403CE606D666720202F74797065286C656E292F90
S21403CE70207277202F2073746F72616765202F20CE
S21403CE806461746120287261772900253278202F27
S21403CE90202570202F20253278202F20002D2D2DA1
S21403CEA02D00202F2025782028257829202F20259F
S21403CEB070202F202570202F2000556E73757070FC
S21403CEC06F72746564004F544120524541443A20C2
S21403CED065703A2578206369643A25327820617450
S21403CEE07469643A253278206D736B3A2578206D21
S21403CEF066636F64653A25327800524541443A20AA
S21403CF00636C7573202532782C2061747472202527
S21403CF103278206661696C65642025780052454145
S21403CF20443A20636C7573202532782C2061747420
S21403CF3072202532782C20646174614C656E3A2029
S21403CF4025782C204F4B002578200028256329259B
S21403CF505825582558255825582558255825580006
S21403CF602570642C2064726F7070696E672065701C
S21403CF70203078257820636C7573203078253278D6
S21403CF8020636D6420307825780047656E6572618E
S21403CF907465640052656365697665640044697305
S21403CFA0636F76657220436F6D6D616E6473207276
S21403CFB06573706F6E73652028636F6D706C657430
S21403CFC0653A202563292C202573204944733A208B
S21403CFD000307825582000524541445F415454524E
S21403CFE00057524954453A20636C757320253278AE
S21403CFF020617474722025327820004641494C2003
S21403D00025780057524954453A20746F6F20736849
S21403D0106F727400444953435F4154545200257061
S21403D02025703A20636C757320253278005F455867
S21403D030540053766320446973633A20002570577F
S21403D040616974696E672025642073656320666F63
S21403D0507220646973636F7665727920746F2063D8
S21403D0606F6D706C65746500537461746520636FCF
S21403D07072726573706F6E64696E6720746F207466
S21403D0806865207468652072657175657374206EB3
S21403D0906F7420666F756E640A002570636F6D701B
S21403D0A06C6574652E0A0025705365727669636530
S21403D0B020446973636F766572792053746174656F
S21403D0C0206C696D69747320726561636865640AB0
S21403D0D0002570496C6C6567616C2062726F6164D1
S21403D0E06361737420616464726573732C20726564
S21403D0F06D617070696E6720746F2076616C696409
S21403D100206F6E652E0025704661696C6564207419
S21403D1106F2073656E64206D617463682064697341
S21403D120636F766572793A203078257800257053D8
S21403D13074617274696E6720646973636F7665726F
S21403D1407920666F7220636C75737465722030780D
S21403D1502532780025704661696C656420746F20FB
S21403D16073656E6420494545452061646472657342
S21403D1707320726571756573743A2030782578006C
S21403D18025704661696C656420746F2073656E64F0
S21403D190204E574B20616464726573732072657109
S21403D1A0756573743A2030782578004572726F720D
S21403D1B03A202570206261642073696D706C652067
S21403D1C064657363726970746F72206C656E6774DE
S21403D1D0682E0025704D65737361676520746F6FE5
S21403D1E02073686F72740025704D6573736167658D
S21403D1F020746F6F2073686F727420666F72206E70
S21403D200756D2E20656E64706F696E74730025707D
S21403D2104D61746368257020666F756E6420667250
S21403D2206F6D2030782532782E004572726F723A11
S21403D23020257020696E76616C6964206C656E6764
S21403D24074682028256420213D2025642920666FE4
S21403D250722041637469766520456E64706F696EEB
S21403D2607420726573706F6E7365002570676F74D4
S21403D2702061637469766520455020726573706F0C
S21403D2806E7365005554432074696D653A202564B2
S21403D2902F25642F25642025643A25643A256420C7
S21403D2A02825347829001F1C1F1E1F1E1F1F1E1F24
S21403D2B01E1F28556E6B6E6F776E20636C75732E0C
S21403D2C0205B30782532785D29000D0A54253478A2
S21403D2D03A005258206C656E2025642C2065702019
S21403D2E025782C20636C75732030782532782000DF
S21403D2F0206D666749642025327800204643202542
S21403D300782073657120257820636D642025782046
S21403D3107061796C6F61645B0007021F012F003731
S21403D320013F005701DF02E700FF02000000000094
S21403D33000000000000000000000000000000000E5
S21403D3400000000000000000000000004261736956
S21403D35063004F6E2F6F666600000000000000003B
S21403D3604CD30300040000002DB2030003000000AA
S21403D370328003000600000052D3030005000000BD
S21403D380A47E0300FFFF0000000000002570525833
S21403D39020706B7420746F6F2073686F72743A20FA
S21403D3A02564203C202564002570525820706B7439
S21403D3B0206D616C666F726D65643A202564203C4F
S21403D3C0202564002020456E61626C656400202081
S21403D3D044697361626C6564004572726F72207291
S21403D3E0657472696576696E6720696E666F206616
S21403D3F06F72206C696272617279204944202564D9
S21403D400002573206C6962726172792573207072CD
S21403D4106573656E740020204861766520526F75CB
S21403D42074657220537570706F7274002020456E99
S21403D4306420446576696365204F6E6C79005A698B
S21403D440676265652050726F0042696E64696E6735
S21403D45000536563757269747920436F7265005370
S21403D46065637572697479204C696E6B204B6579B8
S21403D470730043424B45203136334B310043424B16
S21403D4804520445341205369676E00454343004398
S21403D490424B4520445341205665726966790050D5
S21403D4A061636B65742056616C6964617465005AC8
S21403D4B04C4C0043424B45203238334B31004543F6
S21403D4C043203238334B310043424B4520636F725F
S21403D4D065004E4350004D756C7469206E65747715
S21403D4E06F726B00456E68616E63656420426561AA
S21403D4F0636F6E205265710043424B4520323833CA
S21403D5004B312044534120566572696679004D7548
S21403D5106C74692D50414E003ED4030049D4030079
S21403D520A37B030051D403005FD40300A37B030053
S21403D53072D403007DD403008BD403008FD403007E
S21403D5409FD403002DB90300AFD40300B3D4030064
S21403D550BED40300C8D40300D2D40300D6D4030039
S21403D560E4D40300F8D403000ED5030060090000DA
S21403D5700080000000000000000000443A2F4765CA
S21403D580636B6F2F6765636B6F5F73646B2F70726C
S21403D5906F746F636F6C2F7A69676265652F737438
S21403D5A061636B2F73656375726974792F7A696724
S21403D5B06265652D73656375726974792D6D616E29
S21403D5C0616765722D6E6F2D7661756C742E6300C0
S21403D5D00000666E692B00666E69006E616E0066FB
S21403D5E06E692D0000000000000000000000F03F00
S21403D5F00000000000002440000000000000594026
S21403D6000000000000408F40000000000088C34078
S21403D61000000000006AF8400000000080842E41ED
S21403D62000000000D01263410000000084D7974139
S21403D6300000000065CDCD4102020300000000009B
S21403D6400000020800000000FFFFFFFFFFFFFFFFD0
S21403D650FFFFFFFF000000000000000000000000C6
S21403D6600000000000000000000000005241494C8A
S21403D67000000000A0000000391801005000000060
S21403D68019190100FA04FA000033330A0A0A0304DC
S21403D69004080808080808400021000000010000EC
S21403D6A0010100010101000000000000000000006D
S21403D6B0A806000048704C0D4470D80C30706412F5
S21403D6C03C70AE163870340D34705A0D30700A0F35
S21403D6D02C700A0F2870DC102470F41020703E0D96
S21403D6E01C7080111870F21114703A0DB110076097
S21403D6F001D80A7108B87F78020C7E78641000C6D9
S21403D700A01F00218CB8707801B007680F305CB397
S21403D7100F330111C04806984A022FB006D80C7181
S21403D72009DD087100B853A809BB11100768016822
S21403D7302148076004100112FF3221500760514848
S21403D740076000880698441300C4401F002103DDC9
S21403D750087214BA281400A000BA03DF107109DF98
S21403D7600672029860058CB8507800A044132814FB
S21403D77041158110076002D81471108806982E1878
S21403D78000C00C70084006987C1A00910698600248
S21403D7900060B83020D8067190BC637C784D541274
S21403D7A0F03240DE0472404804DB08720DDD0C7272
S21403D7B0044BEF3014480698FC0600C4E0100840FB
S21403D7C04412076201322140084C287C811140D95B
S21403D7D01C72B1123032CF4A013AB1DA107208D84D
S21403D7E0067104D80871B04C237C4070684C441210
S21403D7F0FF328722047580B8D84C81D8327140D95D
S21403D8000472237C084B0698FC0604BA88B976791A
S21403D81000C1186008403579E049007906B904A9C3
S21403D82001D86E72227CBC4C307C0298320208D837
S21403D8303C7100C14C000840141110D93071104CD3
S21403D84000C11400084014111814076100C52060B5
S21403D85008405415FF35047110491814A84C441297
S21403D86007620132067102981201B84C08D80C718F
S21403D87007BA24D8047106BA187004D80C7101BA12
S21403D88040D80E7102BA0A7005BA20D8047203BAD9
S21403D890227C604C4411404C1814076118149111F3
S21403D8A0383111429111076910D90472EF3200C161
S21403D8B00060084014111031016911422814A111A7
S21403D8C0076118140698621A181400C1006008400D
S21403D8D014110769FF31181400C13C3008401411B5
S21403D8E0181407611814308802480698C005009378
S21403D8F008DB047101F800A05CB00F3000A01088AC
S21403D900B111076980D90A7100C180000840081167
S21403D910009100A000C400010840441000A000C00D
S21403D92020300E40041104101050F47200A0541559
S21403D93050451271069806070698960618B870782A
S21403D94000B841780698400390BA5B7A5C7A5D7AB1
S21403D95000C218500840241200C1501F002128118D
S21403D960069838182088008800C5441F00215415DF
S21403D9705112FF350762FF3206986A020159512990
S21403D9800475115900902129207506988604069877
S21403D990A2040698FA02009203D80C72811107615A
S21403D9A002D90472FF0FBA7018B8727800F804D858
S21403D9B042710088308800C0FC1F0021041000C19B
S21403D9C0501F00211412012A215A00C31850084080
S21403D9D03413312A1A7500C000600840041007305B
S21403D9E0FE200C76381108B87F78020C7E780093F8
S21403D9F0009000A000C0F41F0021041000BB1DB45B
S21403DA0000A000C1DC1F002114111088FF3100C5DF
S21403DA10FFFF0000311207620762513A513B0E7254
S21403DA200698720C1159011201131E7031140088E6
S21403DA3031100698720C1159415C41280698740CF3
S21403DA40513801130090012B0090208807600114C1
S21403DA500760FF30215D411207620762312D0876A9
S21403DA60FF34415C4128015D31100698740CFF3089
S21403DA703088011300C0E01F00210410512B0C76E0
S21403DA80076801150768FF356070315BFF32212B8D
S21403DA900C75076001150760FF354E7000C5E41F5F
S21403DAA000215415076507655112FF35FF30012B1A
S21403DAB0087521100760327021100768FF30012BAC
S21403DAC00A75211007600760207000C2E81F002156
S21403DAD02412211007600760FF30012B0875211000
S21403DAE00768067021100760FF300093009200C19C
S21403DAF00060084014142C490734FE242A761415B3
S21403DB00F0BC076C513C076803680154107100C4ED
S21403DB10FF0FFFFF513C01444811311200C5E81FB7
S21403DB2000215415FF350762076221435449141236
S21403DB302155FF355152281100A001D818710088CD
S21403DB4000C00470084004108020FF300671069859
S21403DB504E03009000A002D8047200A00088069826
S21403DB6096061DB428B9112C408800C3EC1F00216B
S21403DB70341440445A71441306982005411500C0D6
S21403DB800060084004100730FD20447500C208708A
S21403DB90084024100760FF3080DC34710698AE0C12
S21403DBA001591C4A241007600260FF300698AE0C29
S21403DBB00158B2200129541331100698AE0C1128CF
S21403DBC00A75042554155045EE72069820050094F0
S21403DBD0009000A07FB9066100C01C60084006984C
S21403DBE04A1304155153113B3155581002984413E8
S21403DBF0EBBD00C0401F00210411113D10D9127166
S21403DC00FF33076B00C190400846381118B9747982
S21403DC10581000A0069860028024E4240D30047295
S21403DC20044800C11C510840141100C3DC1E002127
S21403DC30911504351A72181388BB08D804716C7BC7
S21403DC4004D804716A7B8CBB2F7C5B7B16703C4BC1
S21403DC50181388BB08D804716F7B04D804716D7BD6
S21403DC60217C0C300160069882060698680B06989D
S21403DC70320700B8B111076940D9067202986606E2
S21403DC8001BC00C20060084000DC0A71241501656F
S21403DC90604A0A701C4A241507657C4A043508D96D
S21403DCA020712024512A241200C180000840320C1F
S21403DCB02811076228110762281107622811500CE1
S21403DCC000C1381F0021141200DC1A7120D8067117
S21403DCD001B80C70F0DA0C720CDB087102B8069807
S21403DCE08A0648240449141100C380000840FFB87C
S21403DCF0012011410871014118130824014200C193
S21403DD002000084014110141036D5141911520353F
S21403DD10016D514118132813481300C37C000840B3
S21403DD20341003D80C71073005DC0671084B227BD0
S21403DD308CB8507800B800C1381F0021141203684D
S21403DD402150F0300152281100A04024066400C080
S21403DD50FFFF0100013C1DB0022001584028067554
S21403DD601EAC01EC00A0208800C018500840041226
S21403DD701DB4211304123052F871066C402400C3FC
S21403DD80741F0021341014110698C00C0669009203
S21403DD9011592129067600BB11590698960C80B8AE
S21403DDA00158013A0662313B0472215A412A00A007
S21403DDB000C200010840317A00A0308880B90769A4
S21403DDC000C30000C0FF3110312800BC002D0C75C5
S21403DDD011541EAC01EC312DF470066C51134155F1
S21403DDE0312C009300A000C028400E40041331518C
S21403DDF007610C3107691153381000A006984A08CA
S21403DE0000C0F41F0021041106983207217A237AF2
S21403DE1000C3000010000698720700C0581F0021B8
S21403DE201DB1181000A000C0541F00211DB118100A
S21403DE3000C09C1F00210410002D067500B826A8FC
S21403DE400698060700C09C1F00210410012C0675C7
S21403DE500698960628B010B9115911380EB9114014
S21403DE6028A880B800C144300840081100C1F01F3C
S21403DE7000211410303B06710760076000C40830A9
S21403DE80084044111150FF30015118146FB8076849
S21403DE9026A8217A050C21102048267800C063EFB7
S21403DEA00000314026A8050C20ECB11140D90872B9
S21403DEB0247A20EC217A184826A828B00AB90151FA
S21403DEC00F31115028A8050C207A20EC0F0C98B8B7
S21403DED04678417806986A0200C2441F002124103F
S21403DEE00151FF311150081200A006984A0800B8E5
S21403DEF026A800C05C1F00211DB1181000A030B872
S21403DF0040780DB101D9FC72427800C074300E40DF
S21403DF1004114CBA407A1810144804115C7A18108D
S21403DF20A4BB707B4E7B4F7B00C20430084000A02E
S21403DF3006984A08217A227A00BB0698720700C020
S21403DF40681F00211DB11810A4BB00C040300E404E
S21403DF500411033101492872B1120762076230487F
S21403DF60041121510F3118726E7B6F7B1048041118
S21403DF704CBA7C7A181014480411607A1810B11041
S21403DF8002D81071707B30B8627860780DB001D813
S21403DF90FC7100C0F8600840041101D90C7100C080
S21403DFA01800084002B9181008B86E780EB84EB1BB
S21403DFB010D90C723EA8140C0FB83EA8107044A8D3
S21403DFC0140C01B800C1B0300E40081100C07780B1
S21403DFD01F003DB201423DAA00C0FFFFFFFC013A0D
S21403DFE03DAA140C00C077E01F0001423DAAFFB80B
S21403DFF045207D7808B87E7800C124600840141157
S21403E00007610631087100B906985A1006984A1334
S21403E010B11101D90E710698881A02D906720698AC
S21403E020AE0B06984413511406989606F4B8457832
S21403E0300A0C00C0641F00211DB11810029834108A
S21403E040FFB845205D7803B8076044A83EA800C122
S21403E050B0300E40081110B807683DB101393DA92C
S21403E06008B86F7800A046A800C0FFFF0000013B79
S21403E070076356AB94BA437A01D91471013C47B38C
S21403E08000C0FE20FFFF013B314447AC637AFFB874
S21403E0902120407802D90471607800A0C8BC066CC1
S21403E0A0415C512C06750698960606986E0DB110BF
S21403E0B0076805D8347140BA06981A1308B8657805
S21403E0C0911004D8187188B86E78577800C0640029
S21403E0D0084021780698821001400A728CB842786C
S21403E0E0069856130298400B08B86C7820B85978EF
S21403E0F05B7800C0F44008407878797800C1C81F80
S21403E1000021141040A81849141304494088141415
S21403E1100C4914118112076A006A01DA187188B86B
S21403E120577800C0CC1F0021041001610763076302
S21403E130076407640698B20900944EB010D842727A
S21403E1404DB161B80158113840B102D90A7260481E
S21403E15004BB41540870204802BB02BC4DA8F8B863
S21403E1607078190C3EB141413EA9F4B973797378BE
S21403E170717800C4F840084000C20041084022708D
S21403E18000C20000010044AA230C00C200000B00DA
S21403E19044AA00C41041084000C21841084004BB0A
S21403E1A0587C050C597C0C240F0C2FAB050CB110B6
S21403E1B008D81471647A657A1CB879787B7820B8A5
S21403E1C079787B78607CF42441130698FC06511416
S21403E1D04044067506989606727BFFB84D20050CDC
S21403E1E0687840EC00C0601F00211DB11810911024
S21403E1F004D8147100C0BC1E0021041080D8067118
S21403E2001CB8737800F818B800C1D81E002100C2E5
S21403E2101850084024122811767800F800C0B86019
S21403E220084004110761076180D9047240EC00C4FA
S21403E230F84008404EB010D80471182441130C233C
S21403E240527C407B11512FA9050C797C0A0C00C027
S21403E250000001020814787C050C507C08B86D7821
S21403E26000A000C0287008400411108800C10018E0
S21403E2700040181044480411108878480411108888
S21403E28000884CBA757A18103DB11088F4B84278F5
S21403E2904420727828487378F8B873784FB200C46D
S21403E2A0FFFF8080413A4FAA01BC01644113076314
S21403E2B000C06C70084003B918100110011001B9B2
S21403E2C018100110011001100110684804110761AD
S21403E2D001B80160003A0471044904D9047241523A
S21403E2E00760003A0471084908D904723152046081
S21403E2F0003B0E7200630064314241424FAAB27083
S21403E3004FAAF8B8537818205378284852780091C3
S21403E3103DA90090009118100091784818100091BC
S21403E3204448181000A0115910D9067107600760F9
S21403E33008D90471076004D90471036002D9047113
S21403E340016001D90471006000A000BA01D806710B
S21403E3500148112A0069006001D8F6720138F67286
S21403E36000A08020FF30FF48812000A000C2185084
S21403E3700840241211592129127300210E7100C27C
S21403E3803050084024120121212900A006984A088B
S21403E39088B8577800C57C1F00215088044D88BC78
S21403E3A000C0C81E0021811101D91E71407C009552
S21403E3B00115044D50881C4DFFBB076B315B0411E0
S21403E3C00698B80C3129F8750698761954150698E8
S21403E3D0881A01D9087206987C0806700698DE0823
S21403E3E088BB547B009500F806988C090E70069837
S21403E3F0680B06988C0906986011069836089112E1
S21403E400211900C0246008400A78097800F810B97A
S21403E41001BA069810130698341000C57C1F002115
S21403E42000F89112033288B900C3BC1E00213413CE
S21403E43000C4A81008408CB84278707903DE0671D1
S21403E44044786E707179A11020D806710298160F61
S21403E45080DB507102D84C7205B8308807630763B7
S21403E46002DB2A7100C3AC0008403413066380DB6A
S21403E4700472804800C3102008403413315B0472D2
S21403E48040483128312802600814076800930814AE
S21403E490A11010300248081400B808149110076041
S21403E4A008148CB86278A11000DC0676517900BA9D
S21403E4B080DB587100C000000200003B4E7150889C
S21403E4C04110344803DE04719048041508200411F3
S21403E4D0F82058101C2021780698AE0E00C0A40021
S21403E4E008400E7810D91C7151451A7100C53400C6
S21403E4F0084407B8081500C53400084604B80815CC
S21403E50004702E78069874160095911120310269CE
S21403E510911004D80E7200C14C1F0021141101D9AA
S21403E5200A71208806985A10009200C11800084005
S21403E5300533054B1872184C03DE0471904C4414D3
S21403E54000C3FF1F0000413BFF233811B849076A89
S21403E5500698A20E04490879097914102140081177
S21403E56000A000C55400084054155145507110884A
S21403E57000C13400084407B8081101B83088076B97
S21403E58040DB247100C0370C00000811364800C574
S21403E590D01E0021541102D90E72104801D90871F9
S21403E5A000C01104000000C134000846081100C171
S21403E5B034000840141530350093009100A000BDC8
S21403E5C00698440210B903DC047100B901BA069830
S21403E5D0101302D9067100404E7201B107690F315C
S21403E5E006988210FFD82872811008D8187106DDA5
S21403E5F00A710698440203DC0C720698C810069843
S21403E60056130C7006DD10710698CE10487020B8AD
S21403E61002A806DD107206988C090698360801F8DB
S21403E62040B802A800F800C0BC1E0021041307630C
S21403E63001DB227191100111076911388CB910D8CA
S21403E640087144790298160F02DBFA72A11328DBCD
S21403E650F47203BD0698281006988C098CBA7F7A44
S21403E6600698FC0600C5801F00210698440200BADF
S21403E67003DC3272044DA11002D804710C4D00C0A5
S21403E680140008400410026800C3701F00213411F0
S21403E6901128FC2334110698960C00C10C5108402F
S21403E6A00698B2065415212D00C0F86008400411E0
S21403E6B001D9227100C03C1F00210410033001DC85
S21403E6C0147200C0140008400411FD21087602BA33
S21403E6D0076A212D069848070298E8099110015504
S21403E6E003355150011900A000C1481F0021141022
S21403E6F001D8427101480760FE200E75811020D8AC
S21403E700087100C14C1F0021141101D9287100C0E3
S21403E710246008400412215107610F310769115222
S21403E720281000C0006008400411911221512031C6
S21403E7301152211900A0811380DB067201B800A0D4
S21403E74000C30C5008403410063030727C4B341231
S21403E7502C4B34100760076040302072811080D83D
S21403E760DC713410014A07620360803021508C4804
S21403E7700A717F2355233410013000A000BD06988C
S21403E780281088B847784578437800B8447800A0BE
S21403E79006988C090698C81000C58C1F00215415CE
S21403E7A0069848070298E80900C374000840027BED
S21403E7B006984A1350BA06981A1306988210FFD87A
S21403E7C04A71911004D84872811007601CD84072B1
S21403E7D020D938721112FF322151347180218021E1
S21403E7E0111400C0E41E00210413FFBA3151113A7C
S21403E7F0215111538CB938107B7940440E7200B9FD
S21403E80000C2C41E00211812067008B86078069865
S21403E810441300F800B900C29C1008401812244A9A
S21403E8200AB9181288BA507A517A577A8CB942794B
S21403E8305F7900A00698440207DC1072911000204E
S21403E8400A75069860110298660D0698360801B98F
S21403E850911004D8047100B910BA0698101300BAC0
S21403E86000402A7100C0BC1E00210411076101D9B3
S21403E870127104D9E2728110076001D8DA718CB87C
S21403E880647800C11C5108400698B20606986011C9
S21403E89000C5901F00215415212D06987C0800C53D
S21403E8A0941F002100F800BC811108D9167280D984
S21403E8B0207201B910BA0698101300400E7101BCFD
S21403E8C010700698C8100698561320B802A800F8C9
S21403E8D00698601181110231127100B900C20C1042
S21403E8E008401812244A02B918120698C81000C520
S21403E8F0981F002154150698001A0298E809041177
S21403E9000121147188BA737A042004122811042092
S21403E91004110121F47200A00698FC0601F8911078
S21403E92010D8347106984003069886040698A20405
S21403E93000C51C51084054110698B80C00C5D41ED7
S21403E940002154155129E27518B875788CB84478A7
S21403E95001B802A800F8B110076810D82E7100C0DD
S21403E9604810084000C3000008403114884C441186
S21403E9703411076101D9FA7144122810076228106E
S21403E9800762281007622810E87000C1BC1E002129
S21403E990141080D82C7100C1540008401411114182
S21403E9A0207100C1000002401038167100C0340008
S21403E9B0084407B9181000C03400084601B91810F7
S21403E9C002987A020698600211380472016A00BB44
S21403E9D000C1E41E0021141120390C72911210DAC2
S21403E9E00672417B00A006984A1300C2BC1E002193
S21403E9F0241220DA0472617B88BA527A00A088BA9D
S21403EA00727A811204DAFC7200A088B86B785778A1
S21403EA1000C0640008402F7800A006986E100763B5
S21403EA20076390B9637900B902DB36713112076266
S21403EA3040DA2E7200C254000840241001402272AD
S21403EA4002EC00C909B801D9507200C2AC000840F4
S21403EA500E7A10D904722E7A06987416E03107617E
S21403EA6002EC00CD114502EC00CC01DB087100BBC3
S21403EA700298CA1703B841110731FA211C760621FA
S21403EA80911210DA087102DD10721E7020B8069813
S21403EA90720C3038147208B80698820600C0240038
S21403EAA008402978207800F8046020D80671029878
S21403EAB02C1502EC00CA05B823DA187104DBDA71E8
S21403EAC020DAD67110DAD27290B8617800B801DA1B
S21403EAD0067202EC00C8911110D9267100C1CC1E33
S21403EAE0002114111150FF300C720661A110115051
S21403EAF002300A7180DB0A720AB89E708CB97C7980
S21403EB000768911111402111C0311140011990B8C5
S21403EB10411108D90471667820D904726578A1106A
S21403EB2002D80672C0DA1E7190B8273123DD087248
S21403EB3010DB1072607825DD0A7121DD087208DBB0
S21403EB400471627803B8411107310872A1152035A4
S21403EB50AA7102DD3272A11120D9A07102D92872DE
S21403EB60CCDA9872411140D9927206B802DB107162
S21403EB70046500C1102008401411112D112D054DF8
S21403EB805C720298BA1321114049C0D94E71A03164
S21403EB9041154035016551410361076308DA1E726A
S21403EBA004DA38721049A1150235067110DB0E72AD
S21403EBB001340A7108DB247190B86778CC321110DF
S21403EBC01A300ADC0872CCDE0471FD3100C00D0F6A
S21403EBD00C0D0698740C01D8607207B80298E413FB
S21403EBE000BA411108D90C7102EC00CA05B830DA34
S21403EBF0EC720734F031026101DA0471014900C096
S21403EC00F300A3E30698740C01D8D07100C09814DF
S21403EC1040680698740C4030014440DA0471204C76
S21403EC2004320162204A111006300068014218318E
S21403EC300269114202980214204A00C005170850C0
S21403EC400698740C113001422088FFBB0DDA507110
S21403EC5000C1DE1B250180BC04DA107208DA0A72D2
S21403EC6000C120841000E024A0240763414301640C
S21403EC7001DA06711E49024B00C02C1F00210763F0
S21403EC803810BC2002DA127101B91159A11380DBC6
S21403EC90087100C100FCFF0118100298561700C443
S21403ECA0BC1E0021441080D87C710092D0DA067115
S21403ECB00DDA0C7190BD437DEFBD06983E050362E9
S21403ECC00DDA8672A11105D95C7100C238100840AE
S21403ECD024120C24281401D9067202D9327140D9A1
S21403ECE01E7102EC00CA211018320471FA2220D8D1
S21403ECF004720822FE22087502EC00C8F87001D9D7
S21403ED000E7102EC00C802D9067204DC187200C049
S21403ED10BC1E00210410026801D8067190B86478FE
S21403ED2018B873780298CA1700C50020084000C0B8
S21403ED300417000008D904720A480815104D00B8D5
S21403ED4008D90472FF200815084D00C00884000087
S21403ED5008D9087200C02083B8ED0815104D207D31
S21403ED6000A000B8011A00C0740008400278911091
S21403ED701030011905BA06981A1302D9067101B89C
S21403ED8002A800C0BC1E0021041380DB0671029893
S21403ED9066138CBA7C7A01DB6C7100C2301F0021CB
S21403EDA024111114FF3402EC00C8FF24FA7607611D
S21403EDB00698820C036111380F3003611114011198
S21403EDC041100698820C01D8087203B80298E4131F
S21403EDD0044A02DB2471241011281128041202307D
S21403EDE006710762076200C0FFFF0000213800C2F9
S21403EDF018000840FF200812411007600698820C8E
S21403EE0001D87C7120BC1033767100BB00C12C1F67
S21403EE1000211415C021112C5112076A0F320E71EE
S21403EE20408851140698FA17414300945112076517
S21403EE30036A0F320E71411151140698FA17036CC8
S21403EE4041430765513B00C1E81E0021141111120E
S21403EE5031100F30127100BA046101D804711142E7
S21403EE6000600FD8F472311002601E30047201B8CD
S21403EE70003A087204B80298E4130298EA1500C030
S21403EE80381F002104110F3103DD1A7200C0006021
S21403EE900840041007D80E7200C01040084004B99A
S21403EEA0181000F806986E1006983C0500F830888F
S21403EEB05088FF34087102ECFF24F87002EC00CD92
S21403EEC0141001BB5150FFD8047131440760006B26
S21403EED010DBF2710421FF22E4720F4C00950093BD
S21403EEE000A000C1C01E0021141100A0308806989F
S21403EEF0381A8111076102D906720298141988BB61
S21403EF00557B076120D90671029804190088A11061
S21403EF10076806982E1808211415FC2590BB5C7B01
S21403EF205D7B00C10060084014110731FE21307676
S21403EF3008D82A725113FC23341304DB2071076BA1
S21403EF40FF33315B00C10870084014110761804924
S21403EF500C71FF313029547590BB7B7B10707B7B23
S21403EF607C7B00DD04717D7B01BB3815EC255413D7
S21403EF7000DF5471042505DF5471541521112088D0
S21403EF800698B80C009251293E7500C100600840EF
S21403EF90141102DB0C710731315B31292A760C70B0
S21403EFA004DF0872006180D91E7206982E1800C00E
S21403EFB00870084006987C1A06982E181411FFD974
S21403EFC0607202985A190090009300A05415A1117C
S21403EFD0076910D9A672082508D8A071082510D885
S21403EFE09A71208821110698B80CFC255412112A10
S21403EFF0F82554110C2520D80871F0255411102536
S21403F000202904762159181500920298C61818B9B3
S21403F0107179811010D80A7188B8447800B841789D
S21403F02088B9747908B9677900F88110A0D808718F
S21403F03088B9497900A0076002D8FA7106982E1895
S21403F040108806984A130762076210DA08710821C7
S21403F0501415F025541100C20020FEFF2029127556
S21403F0600698881A01D90A7206988C0906983608F3
S21403F07000941CBB41100C2006984A12411108212B
S21403F080141006984A123128441111120761FF31F1
S21403F090FF32012210521072076918140424441315
S21403F0A0042438140C700769214118140824081422
S21403F0B0029844134044147100C1C41E0021141561
S21403F0C05113036B0FDB0C72066D0698060741158A
S21403F0D000A00698360806984A1308BB51140698EB
S21403F0E0C0194415FC2554150298480788B900C36F
S21403F0F0BC1E00213413076308DB1A718113A0DBDF
S21403F1000671497910706979076302DB087208B9DA
S21403F110677900F800A08111076102D9107188B9D8
S21403F120757906982E181411FF3100A0FFB900A0B8
S21403F130041008211411F421081100A0811107619D
S21403F140076110310E7106982E1808211411F82144
S21403F150141100A059500100115001001D50010068
S21403F160F15001003B0D03006B1003006F1003000A
S21403F1707B100300731003007710030000000000E9
S21403F180480100008817002094F1030000000000E7
S21403F1900000000050F2030000000000ACF1030082
S21403F1A0010000000000000000000000D0F1030092
S21403F1B04063598F404B4C000B000B001A00FF7F37
S21403F1C0C412002000000000000000000000000041
S21403F1D0F81F0101F4F30300DC1F040102006206BA
S21403F1E009C805780704DC0678070607F41F01013B
S21403F1F001000000FC1F01010000000038000200AF
S21403F20000000000000000002C6002000050010F08
S21403F21040B80040786001005063820BE86001004C
S21403F220590B00001470011000F807001470013029
S21403F230F50000001870010000180000707003004D
S21403F240030101000F9C030006E04900FFFFFFFFD8
S21403F250F01F01013F003700040002000180140084
S21403F2607F000000180002000000000000000000FD
S21403F270280004000000000000000000000000005A
S21403F2800000000040000100A00700004800010045
S21403F2900000000054000200000000000000000010
S21403F2A0A000040000400000FF4C000000410000E6
S21403F2B0FF4D00000020010004070000102001009D
S21403F2C00000000018200100088400000830010038
S21403F2D013AC000130300200244910000100000086
S21403F2E04030010000000000A04001007A27000F14
S21403F2F0B840010000C0A300F44001002010000045
S21403F3003441020080080000E68700004041020006
S21403F3106D008800C0E6524D604104000000000006
S21403F320000000000600000006000000146006004F
S21403F3301000000020F913040B0072006070000038
S21403F340008000000000000350600600FC00690017
S21403F3504108000001000000B0070700700A000023
S21403F360000000007C600B009BC34A74F00300009F
S21403F37003800000BE0A00000101103050707F7F3A
S21403F3800000000000000000000000000000000075
S21403F39000000000E46001008000D78BEC600500ED
S21403F3A0640483078813C83A9C2006000061200083
S21403F3B0B756852004610300383E12002030000053
S21403F3C088BB000020610100001E00001C700500C1
S21403F3D060000505030050AB8200000000008001BA
S21403F3E0D5000000487002003C3D0000BC19000038
S21403F3F0FFFFFFFF0D000000D754030000000000CE
S21403F40048F4030040F4030000000000001A9A00CA
S21403F410005A620280841E00042000002449000271
S21403F42000000000000000000000000000000000D4
S21403F43000000000D1841E00000000000000000051
S21403F440ED17000000000000193F0106041001003C
S21403F450000101060010270000090000000000005C
S21403F46000006C6F7765722D6D61632D7261696C38
S21403F4702D3830322E31352E342E63006C6962728D
S21403F48061696C2E610000010304756E636C61692B
S21403F4906D6564006275666665722D6D616E616783
S21403F4A0656D656E742E63006C65676163792D7098
S21403F4B061636B65742D6275666665722E6300659F
S21403F4C076656E742D71756575652E63000007008D
S21403F4D0100008001A0006001100020011000400C4
S21403F4E0040001000400090008000A000A000B00DB
S21403F4F00200000000000000EEF6030085F603009D
S21403F50000000000EFF60300D0D503000000000063
S21403F51075D5030077D503000000000079D50300F6
S21403F5205DF6030004F70300D1D5030076D5030088
S21403F530000000007AD503004CF5030072D50300E3
S21403F54074D5030078D5030073D5030000020304C3
S21403F5500508090A0B0001020304051D200000002C
S21403F56007050100AA000000BD6A0200E58B010042
S21403F57025BB0100B59B020035BE0100291D030013
S21403F5802B1D03002F1D0300311D03002D1D03003B
S21403F5900D340200FD0A02006D520200A18901002B
S21403F5A0DDAA0100251D0300690F02007189020010
S21403F5B07DA00100271D03006BFC020031970200AB
S21403F5C0D9D50200000000007A69676265652D756B
S21403F5D0707065722D6D61632E63006E6569676872
S21403F5E0626F722E63006173736F63696174696F10
S21403F5F06E2E6300001300000000000000000000F1
S21403F6000000000001000000411302000200000099
S21403F610772E030003000000991202000400000086
S21403F620F12D03000500000039120200000000005F
S21403F630000000000023001B2200FF000000000063
S21403F6400C090202000000001C1A0B0303FF060845
S21403F6500402020204020A0B030302030480FF02ED
S21403F66004FF010101010800000000000000003152
S21403F67038323173005A6967426565416C6C69615B
S21403F6806E63653039803131313100313432323195
S21403F69000313231003273003132323131320031CF
S21403F6A032323131003238310038313100313832BC
S21403F6B0313100313231313132313232323173004D
S21403F6C031323200313231313232310032323800A7
S21403F6D00000183810300000000000008F8E8C8069
S21403F6E0726F7574652D7461626C652E630081811B
S21403F6F05A6967426565416C6C69616E636530394A
S21403F70006080C10806D61632D6D756C74692D6E23
S21403F7106574776F726B2E630000FFFFFFFFFFFFBA
S21403F720FFFFFFFF00202020202020202020282865
S21403F73028282820202020202020202020202020A9
S21403F74020202020208810101010101010101010E9
S21403F7501010101010040404040404040404041019
S21403F76010101010101041414141414101010101A7
S21403F7700101010101010101010101010101010171
S21403F780101010101010424242424242020202027D
S21403F7900202020202020202020202020202020241
S21403F7A010101010200000000000000000000000F1
S21403F7B00000000000000000000000000000000041
S21403F7C00000000000000000000000000000000031
S21403F7D00000000000000000000000000000000021
S21403F7E00000000000000000000000000000000011
S21403F7F00000000000000000000000000000000001
S21403F80000000000000000000000000000000000F0
S21403F81000000000000000000000000000000000E0
S20C03F8200000000000000000D8
S20C03F828B811FC7F010000008B
S21003F8303CF8030098100020780100004C
S21403F83C0000000000000000D4680300A01900209C
S21403F84CB01C002002000000910D000008110020DF
S21403F85CEC100020D0100020008001401027000080
S21403F86C0001000000000000000000000000000083
S21403F87C02030D13FF000000008001401027000058
S21403F88C00010000000000000000000001030C1340
S21403F89CFF0000000080014010270000000100005C
S21403F8AC000000000000000000030B13FF00000024
S21403F8BC008001401027000000010000000000003B
S21403F8CC00000000D0820300E8820300AC7B030038
S21403F8DCA37B0300FE000000C0EA2101C0EA21015D
S21403F8EC0080000000F049025411002000700F0045
S21403F8FC009000005C200020C8000000FE00000002
S21403F90C00000000DC87030078160020C0EA210103
S21403F91C34990300330000006D95000085AD030099
S21403F92C89AD030096AD0300A3AD0300B0AD030091
S21403F93CBDAD0300D0AD0300E2AD0300EFAD030095
S21403F94CFCAD030009AE03001EAE030031AE03008C
S21403F95C43AE030058AE030067AE030078AE030055
S21403F96C87AE030097AE0300A3AE0300B0AE03004E
S21403F97CC0AE0300D2AE0300E1AE0300F0AE03004C
S21403F98CF9AE03000EAF030023AF030038AF03003A
S21403F99C58AF030066AF030085AF0300A0AF0300A8
S21403F9ACB3AF0300C0AF0300D5AF0300E4AF03004F
S21403F9BCF3AF030005B0030017B003002AB003002F
S21403F9CC3DB00300000000000F0000000030E70409
S21403F9DC00C8180381B8030086B80300B1B8030047
S21403F9ECDFB803000DB903003AB903006AB9030084
S21403F9FC9AB90300EAB90300005C260568120020D6
S21403FA0C060000009C7A03000000000001000300BF
S21403FA1C00000000C42900200100060000000000BE
S21403FA2CA4290020A30A03009F0A0300FFFFFFFF7D
S21403FA3C292B0100FFFFFFFFFFFFFFFFFFFFFFFF69
S21403FA4CFFFFFFFFBD3F0100FFFFFFFF6D0C030031
S21403FA5CC71003007CF10300FFFFFFFFFFFFFFFF50
S21403FA6C000000006400000020A107000000000056
S21403FA7C85740100000000006245002000000000B1
S21403FA8C2C3B002001720100299E0100A37B03007E
S21403FA9C0000000000000000000000000000000052
S21403FAAC2C3B00205D7F010000000000A37B0300BD
S21403FABC0000000000000000000000000000000032
S21403FACC8F1703002C3B0020098A0100299E010096
S21403FADCA37B0300000000000000000000000000F1
S21403FAEC000000002C3B0020F1920100299E01002F
S21403FAFCA37B0300000000000000000000000000D1
S21403FB0C000000008AF403002C3B002065B40100BF
S21403FB1C00000000A37B03000000000000000000B0
S21403FB2C00000000000000002C3B0020D9B90100A7
S21403FB3C00000000A37B0300000000000000000090
S21403FB4C00000000000000002C3B002039CE010012
S21403FB5C00000000A37B0300000000000000000070
S21403FB6C0000000000000000B80B00002C3B002037
S21403FB7CADD3010000000000A37B030000000000CF
S21403FB8C0000000000000000000000002C3B0020DA
S21403FB9C4DDF010000000000A37B03000000000003
S21403FBAC0000000000000000000000002C3B0020BA
S21403FBBC05E1010000000000A37B03000000000029
S21403FBCC0000000000000000000000002C3B00209A
S21403FBDCCF23030000000000A37B030000000000FB
S21403FBEC0000000000000000000000002C3B00207A
S21403FBFC21E7010000000000A37B030000000000C7
S21403FC0C0000000000000000000000002C3B002059
S21403FC1C45ED010000000000A37B0300000000007C
S21403FC2C0000000000000000000000002C3B002039
S21403FC3C9B30030000000000A37B030000000000C1
S21403FC4C0000000000000000000000002C3B002019
S21403FC5C1D52020000000000A37B030000000000FE
S21403FC6C0000000000000000000000002C3B0020F9
S21403FC7CE169020000000000A37B03000000000003
S21403FC8C0000000000000000000000002C3B0020D9
S21403FC9C9193020000000000A37B03000000000009
S21403FCAC0000000000000000000000002C3B0020B9
S21403FCBC859C020000000000A37B030000000000EC
S21403FCCC00000000000000000000000038150020B3
S21403FCDC000000007C3B0020E43B00204C3C002052
S21403FCEC0000000000000000000000000000000000
S21403FCFC00000000000000000000000000000000F0
S21403FD0C00000000000000000000000000000000DF
S21403FD1C00000000000000000000000000000000CF
S21403FD2C030F020000000000030E0200FFFFFFFF9C
S21403FD3CCEFAEFBEFDFF02002C01001E2C0140067E
S21403FD4C1027FFFF0E000000000004F8FFFFFDFF66
S21403FD5C2C019C000000FFFFFDFFFFFFFFFF60EA86
S21403FD6C8000800010C1CDAB0000400003090103E6
S21403FD7C08010101FFFFFFFFFFFFFFFFFFFFFFFF70
S21403FD8CFFFFFFFFFFFFFFFFFFFFFFFFFFFFFFFF6F
S21403FD9CFFFFFFFF0101FFFF0201FF0F0102080334
S21403FDAC1E0605021601010A0C050A0705101001AA
S21403FDBC0F08041001060101040301FF0EFE01FFE8
S21403FDCC7F0150403000FFFFFF0B03FF64FF01FF72
S21403FDDC050B0101FF03010305020201FFFFFFFFF1
S21403FDECFFFFFFFF010102FFFFFF40FF01000000C2
S21403FDFC30BF4223013BFDD1024A5368DB00FCD4DF
S21403FE0C704700BF00300E40BD0900009509000086
S804001111D9
